date,value
1981-01-02,1.534100
1981-01-05,1.541800
1981-01-06,1.526400
1981-01-07,1.526400
1981-01-08,1.526400
1981-01-09,1.537100
1981-01-12,1.537100
1981-01-13,1.544900
1981-01-14,1.544900
1981-01-15,1.544900
1981-01-16,1.555700
1981-01-19,1.555700
1981-01-20,1.555700
1981-01-21,1.555700
1981-01-22,1.551000
1981-01-23,1.551000
1981-01-26,1.563400
1981-01-27,1.575900
1981-01-28,1.582200
1981-01-29,1.588600
1981-01-30,1.588600
1981-02-02,1.610800
1981-02-03,1.610800
1981-02-04,1.602800
1981-02-05,1.602800
1981-02-06,1.602800
1981-02-09,1.605900
1981-02-10,1.605900
1981-02-11,1.605900
1981-02-13,1.628500
1981-02-17,1.657900
1981-02-18,1.629800
1981-02-19,1.629800
1981-02-20,1.602100
1981-02-23,1.590900
1981-02-24,1.609900
1981-02-25,1.603500
1981-02-26,1.617900
1981-02-27,1.617900
1981-03-02,1.629300
1981-03-03,1.645600
1981-03-04,1.637400
1981-03-05,1.645600
1981-03-06,1.645600
1981-03-09,1.645600
1981-03-10,1.640700
1981-03-11,1.640700
1981-03-12,1.640700
1981-03-13,1.640700
1981-03-16,1.640200
1981-03-17,1.630900
1981-03-18,1.622700
1981-03-19,1.604900
1981-03-20,1.612900
1981-03-23,1.612900
1981-03-24,1.620900
1981-03-25,1.620900
1981-03-26,1.620900
1981-03-27,1.637200
1981-03-30,1.637200
1981-03-31,1.616500
1981-04-01,1.633700
1981-04-02,1.633700
1981-04-03,1.641800
1981-04-06,1.650000
1981-04-07,1.659900
1981-04-08,1.648300
1981-04-09,1.648300
1981-04-10,1.656500
1981-04-13,1.656500
1981-04-14,1.668200
1981-04-15,1.668200
1981-04-16,1.679800
1981-04-17,1.679800
1981-04-20,1.679800
1981-04-21,1.679800
1981-04-22,1.679800
1981-04-23,1.679800
1981-04-24,1.679800
1981-04-27,1.679800
1981-04-28,1.679800
1981-04-29,1.679800
1981-04-30,1.688200
1981-05-01,1.688200
1981-05-04,1.688200
1981-05-05,1.708500
1981-05-06,1.717000
1981-05-07,1.717000
1981-05-08,1.717000
1981-05-11,1.717000
1981-05-12,1.727300
1981-05-13,1.727300
1981-05-14,1.735900
1981-05-15,1.735900
1981-05-18,1.735900
1981-05-19,1.735900
1981-05-20,1.735900
1981-05-21,1.727200
1981-05-22,1.742900
1981-05-26,1.739200
1981-05-27,1.748000
1981-05-28,1.748000
1981-05-29,1.748000
1981-06-01,1.748000
1981-06-02,1.756700
1981-06-03,1.756700
1981-06-04,1.767200
1981-06-05,1.781300
1981-06-08,1.781300
1981-06-09,1.781300
1981-06-10,1.774200
1981-06-11,1.781300
1981-06-12,1.772400
1981-06-15,1.751200
1981-06-16,1.751200
1981-06-17,1.751200
1981-06-18,1.759900
1981-06-19,1.759900
1981-06-22,1.751100
1981-06-23,1.751100
1981-06-24,1.751100
1981-06-25,1.751100
1981-06-26,1.751100
1981-06-29,1.751100
1981-06-30,1.751100
1981-07-01,1.751100
1981-07-02,1.761600
1981-07-03,1.761600
1981-07-06,1.761600
1981-07-07,1.768600
1981-07-08,1.768600
1981-07-09,1.768600
1981-07-10,1.768600
1981-07-13,1.759800
1981-07-14,1.751000
1981-07-15,1.759800
1981-07-16,1.751000
1981-07-17,1.751000
1981-07-20,1.759700
1981-07-21,1.766700
1981-07-22,1.766700
1981-07-23,1.766700
1981-07-24,1.766700
1981-07-27,1.766700
1981-07-28,1.775500
1981-07-29,1.775500
1981-07-30,1.775500
1981-07-31,1.784500
1981-08-03,1.793400
1981-08-04,1.811300
1981-08-05,1.811300
1981-08-06,1.804100
1981-08-07,1.814900
1981-08-10,1.836700
1981-08-11,1.836700
1981-08-12,1.809200
1981-08-13,1.809200
1981-08-14,1.821800
1981-08-17,1.800000
1981-08-18,1.800000
1981-08-19,1.791000
1981-08-20,1.791000
1981-08-21,1.773000
1981-08-24,1.787200
1981-08-25,1.799700
1981-08-26,1.785300
1981-08-27,1.785300
1981-08-28,1.772700
1981-08-31,1.772700
1981-09-01,1.781500
1981-09-02,1.781500
1981-09-03,1.767300
1981-09-04,1.767300
1981-09-08,1.767300
1981-09-09,1.779600
1981-09-10,1.768600
1981-09-11,1.768900
1981-09-14,1.756500
1981-09-15,1.731900
1981-09-16,1.731900
1981-09-17,1.723300
1981-09-18,1.723300
1981-09-21,1.723300
1981-09-22,1.718100
1981-09-23,1.740400
1981-09-24,1.749200
1981-09-25,1.757900
1981-09-28,1.766700
1981-09-29,1.761400
1981-09-30,1.771900
1981-10-01,1.771900
1981-10-02,1.771900
1981-10-05,1.752500
1981-10-06,1.752500
1981-10-07,1.750700
1981-10-08,1.736600
1981-10-09,1.729700
1981-10-13,1.729700
1981-10-14,1.738300
1981-10-15,1.738300
1981-10-16,1.750600
1981-10-19,1.750500
1981-10-20,1.750500
1981-10-21,1.757500
1981-10-22,1.768000
1981-10-23,1.768000
1981-10-26,1.768000
1981-10-27,1.785700
1981-10-28,1.785700
1981-10-29,1.785700
1981-10-30,1.767800
1981-11-02,1.750200
1981-11-04,1.750200
1981-11-05,1.750200
1981-11-06,1.750200
1981-11-09,1.741400
1981-11-10,1.741400
1981-11-12,1.748400
1981-11-13,1.734300
1981-11-16,1.734300
1981-11-17,1.743000
1981-11-18,1.743000
1981-11-19,1.732600
1981-11-20,1.743000
1981-11-23,1.743000
1981-11-24,1.743000
1981-11-25,1.743000
1981-11-27,1.727400
1981-11-30,1.717100
1981-12-01,1.717100
1981-12-02,1.724000
1981-12-03,1.724000
1981-12-04,1.724000
1981-12-07,1.724000
1981-12-08,1.724000
1981-12-09,1.736000
1981-12-10,1.736000
1981-12-11,1.736000
1981-12-14,1.751700
1981-12-15,1.751700
1981-12-16,1.742900
1981-12-17,1.742900
1981-12-18,1.742900
1981-12-21,1.756900
1981-12-22,1.756900
1981-12-23,1.749900
1981-12-24,1.749900
1981-12-28,1.749900
1981-12-29,1.749900
1981-12-30,1.749900
1981-12-31,1.749900
1982-01-04,1.749900
1982-01-05,1.739300
1982-01-06,1.748100
1982-01-07,1.748100
1982-01-08,1.748100
1982-01-11,1.748100
1982-01-12,1.765500
1982-01-13,1.765500
1982-01-14,1.765500
1982-01-15,1.776100
1982-01-18,1.786800
1982-01-19,1.779600
1982-01-20,1.779600
1982-01-21,1.779600
1982-01-22,1.779600
1982-01-25,1.790400
1982-01-26,1.790400
1982-01-27,1.790400
1982-01-28,1.797500
1982-01-29,1.797500
1982-02-01,1.789500
1982-02-02,1.808300
1982-02-03,1.815500
1982-02-04,1.815500
1982-02-05,1.815500
1982-02-08,1.815500
1982-02-09,1.824700
1982-02-10,1.824700
1982-02-11,1.825000
1982-02-16,1.824700
1982-02-17,1.824700
1982-02-18,1.833800
1982-02-19,1.822700
1982-02-22,1.813600
1982-02-23,1.813600
1982-02-24,1.828200
1982-02-25,1.828200
1982-02-26,1.835500
1982-03-01,1.844700
1982-03-02,1.844700
1982-03-03,1.835500
1982-03-04,1.833500
1982-03-05,1.826300
1982-03-08,1.817100
1982-03-09,1.817100
1982-03-10,1.829900
1982-03-11,1.822900
1982-03-12,1.833500
1982-03-15,1.833500
1982-03-16,1.833500
1982-03-17,1.842600
1982-03-18,1.842600
1982-03-19,1.842600
1982-03-22,1.851800
1982-03-23,1.861000
1982-03-24,1.851700
1982-03-25,1.851700
1982-03-26,1.862800
1982-03-29,1.862800
1982-03-30,1.872200
1982-03-31,1.872200
1982-04-01,1.872200
1982-04-02,1.852800
1982-04-05,1.862800
1982-04-06,1.862800
1982-04-07,1.862800
1982-04-08,1.862800
1982-04-09,1.862800
1982-04-12,1.862800
1982-04-13,1.862800
1982-04-14,1.862800
1982-04-15,1.862800
1982-04-16,1.872200
1982-04-19,1.862800
1982-04-20,1.862800
1982-04-21,1.862800
1982-04-22,1.851700
1982-04-23,1.851700
1982-04-26,1.844300
1982-04-27,1.844300
1982-04-28,1.833300
1982-04-29,1.833300
1982-04-30,1.833300
1982-05-03,1.822200
1982-05-04,1.822200
1982-05-05,1.822200
1982-05-06,1.813100
1982-05-07,1.798600
1982-05-10,1.798600
1982-05-11,1.798600
1982-05-12,1.798600
1982-05-13,1.798600
1982-05-14,1.813000
1982-05-17,1.813000
1982-05-18,1.813000
1982-05-19,1.813000
1982-05-20,1.813000
1982-05-21,1.813000
1982-05-24,1.813000
1982-05-25,1.813000
1982-05-26,1.813000
1982-05-27,1.823900
1982-05-28,1.833100
1982-06-01,1.833100
1982-06-02,1.851400
1982-06-03,1.851400
1982-06-04,1.851400
1982-06-07,1.851400
1982-06-08,1.862500
1982-06-09,1.875600
1982-06-10,1.875600
1982-06-11,1.886800
1982-06-14,1.875500
1982-06-15,1.907400
1982-06-16,1.907400
1982-06-17,1.922600
1982-06-18,1.932200
1982-06-21,1.932200
1982-06-22,1.947700
1982-06-23,1.947700
1982-06-24,1.939800
1982-06-25,1.939800
1982-06-28,1.951500
1982-06-29,1.951500
1982-06-30,1.935800
1982-07-01,1.935800
1982-07-02,1.935800
1982-07-06,1.935800
1982-07-07,1.955200
1982-07-08,1.955200
1982-07-09,1.955200
1982-07-12,1.939500
1982-07-13,1.939500
1982-07-14,1.939500
1982-07-15,1.939500
1982-07-16,1.939500
1982-07-19,1.929800
1982-07-20,1.929800
1982-07-21,1.929800
1982-07-22,1.908600
1982-07-23,1.908600
1982-07-26,1.885700
1982-07-27,1.902600
1982-07-28,1.902600
1982-07-29,1.931200
1982-07-30,1.931200
1982-08-02,1.931200
1982-08-03,1.919600
1982-08-04,1.929200
1982-08-05,1.944600
1982-08-06,1.952500
1982-08-09,1.966100
1982-08-10,1.966100
1982-08-11,1.966100
1982-08-12,1.966100
1982-08-13,1.966100
1982-08-16,1.966100
1982-08-17,1.966100
1982-08-18,1.966100
1982-08-19,1.948400
1982-08-20,1.932800
1982-08-23,1.919300
1982-08-24,1.919300
1982-08-25,1.907800
1982-08-26,1.917300
1982-08-27,1.917300
1982-08-30,1.932600
1982-08-31,1.950100
1982-09-01,1.950100
1982-09-02,1.950100
1982-09-03,1.930500
1982-09-07,1.944000
1982-09-08,1.944000
1982-09-09,1.944000
1982-09-10,1.944000
1982-09-13,1.957700
1982-09-14,1.957700
1982-09-15,1.957700
1982-09-16,1.957700
1982-09-17,1.957700
1982-09-20,1.957700
1982-09-21,1.957700
1982-09-22,1.947900
1982-09-23,1.957700
1982-09-24,1.967500
1982-09-27,1.967500
1982-09-28,1.983200
1982-09-29,1.983200
1982-09-30,1.973300
1982-10-01,1.973300
1982-10-04,1.975300
1982-10-05,1.993100
1982-10-06,1.993100
1982-10-07,1.993100
1982-10-08,1.963200
1982-10-12,1.961200
1982-10-13,1.961200
1982-10-14,1.972900
1982-10-15,1.982700
1982-10-18,1.982700
1982-10-19,1.994700
1982-10-20,1.994700
1982-10-21,2.004600
1982-10-22,2.004600
1982-10-25,2.004600
1982-10-26,2.004600
1982-10-27,2.004600
1982-10-28,2.004600
1982-10-29,2.004600
1982-11-01,2.004600
1982-11-03,2.004600
1982-11-04,2.004600
1982-11-05,2.004600
1982-11-08,2.004600
1982-11-09,2.004600
1982-11-10,2.004600
1982-11-12,2.004600
1982-11-15,2.004600
1982-11-16,2.004600
1982-11-17,2.004600
1982-11-18,2.004600
1982-11-19,2.004600
1982-11-22,1.990600
1982-11-23,1.990600
1982-11-24,1.990600
1982-11-26,1.990600
1982-11-29,1.990600
1982-11-30,1.990600
1982-12-01,1.968700
1982-12-02,1.968700
1982-12-03,1.956900
1982-12-06,1.956900
1982-12-07,1.941200
1982-12-08,1.941200
1982-12-09,1.941200
1982-12-10,1.951000
1982-12-13,1.951000
1982-12-14,1.964600
1982-12-15,1.950900
1982-12-16,1.950900
1982-12-17,1.937200
1982-12-20,1.937200
1982-12-21,1.937200
1982-12-22,1.937200
1982-12-23,1.937200
1982-12-24,1.937200
1982-12-27,1.937200
1982-12-28,1.937200
1982-12-29,1.927500
1982-12-30,1.927500
1982-12-31,1.927500
1983-01-03,1.927500
1983-01-04,1.914000
1983-01-05,1.914000
1983-01-06,1.904400
1983-01-07,1.904400
1983-01-10,1.904400
1983-01-11,1.894900
1983-01-12,1.908200
1983-01-13,1.908200
1983-01-14,1.908200
1983-01-17,1.908200
1983-01-18,1.908200
1983-01-19,1.923400
1983-01-20,1.936800
1983-01-21,1.936800
1983-01-24,1.950400
1983-01-25,1.962100
1983-01-26,1.946400
1983-01-27,1.946400
1983-01-28,1.946400
1983-01-31,1.946400
1983-02-01,1.963900
1983-02-02,1.971700
1983-02-03,1.971700
1983-02-04,1.979600
1983-02-07,1.979600
1983-02-08,1.965800
1983-02-09,1.965800
1983-02-10,1.956000
1983-02-11,1.956000
1983-02-14,1.956000
1983-02-15,1.956000
1983-02-16,1.956000
1983-02-17,1.956000
1983-02-18,1.956000
1983-02-22,1.956000
1983-02-23,1.973500
1983-02-24,1.973600
1983-02-25,1.973600
1983-02-28,1.973600
1983-03-01,1.991400
1983-03-02,1.991400
1983-03-03,1.981400
1983-03-04,1.981400
1983-03-07,1.967600
1983-03-08,1.967600
1983-03-09,1.977400
1983-03-10,1.977400
1983-03-11,1.967500
1983-03-14,1.981200
1983-03-15,1.967400
1983-03-16,1.967400
1983-03-17,1.967400
1983-03-18,1.979200
1983-03-21,1.979200
1983-03-22,1.989200
1983-03-23,1.989200
1983-03-24,1.999100
1983-03-25,1.999100
1983-03-28,1.999100
1983-03-29,1.999100
1983-03-30,1.999100
1983-03-31,1.999100
1983-04-01,1.999100
1983-04-04,1.999100
1983-04-05,1.999100
1983-04-06,1.999100
1983-04-07,1.999100
1983-04-08,1.997000
1983-04-11,1.997000
1983-04-12,1.997000
1983-04-13,1.997000
1983-04-14,1.997000
1983-04-15,1.997000
1983-04-18,1.989000
1983-04-19,1.996900
1983-04-20,1.990900
1983-04-21,1.990900
1983-04-22,1.990900
1983-04-25,1.980900
1983-04-26,1.980900
1983-04-27,1.990900
1983-04-28,1.990900
1983-04-29,1.990900
1983-05-02,1.990900
1983-05-03,1.990900
1983-05-04,1.990900
1983-05-05,1.982900
1983-05-06,1.982900
1983-05-09,1.982900
1983-05-10,1.982900
1983-05-11,1.973100
1983-05-12,1.982900
1983-05-13,1.982900
1983-05-16,1.982900
1983-05-17,1.992900
1983-05-18,1.992900
1983-05-19,1.992900
1983-05-20,1.992900
1983-05-23,1.992900
1983-05-24,1.992900
1983-05-25,1.998900
1983-05-26,1.998900
1983-05-27,1.998900
1983-05-31,1.998900
1983-06-01,1.998900
1983-06-02,1.998900
1983-06-03,1.998900
1983-06-06,1.998900
1983-06-07,1.998900
1983-06-08,1.998900
1983-06-09,1.998900
1983-06-10,1.998900
1983-06-13,1.998900
1983-06-14,1.998900
1983-06-15,1.998900
1983-06-16,1.998900
1983-06-17,1.998900
1983-06-20,1.998900
1983-06-21,1.998900
1983-06-22,1.986900
1983-06-23,1.986900
1983-06-24,1.986900
1983-06-27,1.976900
1983-06-28,1.988800
1983-06-29,1.988800
1983-06-30,1.988800
1983-07-01,1.988800
1983-07-05,1.988800
1983-07-06,1.998700
1983-07-07,1.998700
1983-07-08,1.998700
1983-07-11,1.988700
1983-07-12,1.998600
1983-07-13,1.998600
1983-07-14,1.998600
1983-07-15,1.998600
1983-07-18,1.998600
1983-07-19,1.998600
1983-07-20,1.998600
1983-07-21,1.998600
1983-07-22,1.998600
1983-07-25,1.988600
1983-07-26,1.998500
1983-07-27,1.998500
1983-07-28,1.998500
1983-07-29,1.998500
1983-08-01,1.998500
1983-08-02,1.998500
1983-08-03,1.998500
1983-08-04,1.998500
1983-08-05,1.998500
1983-08-08,1.998500
1983-08-09,1.998500
1983-08-10,1.998500
1983-08-11,1.998500
1983-08-12,1.998500
1983-08-15,1.998500
1983-08-16,1.980500
1983-08-17,1.980500
1983-08-18,1.950900
1983-08-19,1.960600
1983-08-22,1.960600
1983-08-23,1.960600
1983-08-24,1.960600
1983-08-25,1.960600
1983-08-26,1.970400
1983-08-29,1.990200
1983-08-30,1.990200
1983-08-31,1.990200
1983-09-01,1.990200
1983-09-02,1.990200
1983-09-06,1.990200
1983-09-07,1.990200
1983-09-08,1.990200
1983-09-09,1.990200
1983-09-12,1.980200
1983-09-13,1.980200
1983-09-14,1.990200
1983-09-15,1.990200
1983-09-16,1.990200
1983-09-19,1.990200
1983-09-20,1.980200
1983-09-21,1.992200
1983-09-22,1.992200
1983-09-23,1.992200
1983-09-26,1.980200
1983-09-27,1.980200
1983-09-28,1.980200
1983-09-29,1.980200
1983-09-30,1.980200
1983-10-03,1.970300
1983-10-04,1.970300
1983-10-05,1.970300
1983-10-06,1.960500
1983-10-07,1.960500
1983-10-11,1.952700
1983-10-12,1.952700
1983-10-13,1.962400
1983-10-14,1.962400
1983-10-17,1.962400
1983-10-18,1.962400
1983-10-19,1.962400
1983-10-20,1.962400
1983-10-21,1.972200
1983-10-24,1.972200
1983-10-25,1.972200
1983-10-26,1.972200
1983-10-27,1.972200
1983-10-28,1.972200
1983-10-31,1.984000
1983-11-01,1.994000
1983-11-02,1.994000
1983-11-03,1.994000
1983-11-04,1.994000
1983-11-07,1.994000
1983-11-09,1.994000
1983-11-10,1.994000
1983-11-14,1.994000
1983-11-15,1.994000
1983-11-16,1.994000
1983-11-17,1.994000
1983-11-18,1.994000
1983-11-21,1.994000
1983-11-22,1.994000
1983-11-23,1.994000
1983-11-25,1.994000
1983-11-28,1.994000
1983-11-29,1.994000
1983-11-30,1.994000
1983-12-01,1.986000
1983-12-02,1.986000
1983-12-05,1.986000
1983-12-06,1.993900
1983-12-07,1.993900
1983-12-08,1.993900
1983-12-09,1.993900
1983-12-12,1.993900
1983-12-13,1.993900
1983-12-14,1.993900
1983-12-15,1.993900
1983-12-16,1.993900
1983-12-19,1.993900
1983-12-20,1.993900
1983-12-21,1.993900
1983-12-22,1.993900
1983-12-23,1.993900
1983-12-27,1.993900
1983-12-28,1.993900
1983-12-29,1.985900
1983-12-30,1.985900
1984-01-03,1.985900
1984-01-04,2.005700
1984-01-05,2.015700
1984-01-06,2.025900
1984-01-09,2.025900
1984-01-10,2.046100
1984-01-11,2.046100
1984-01-12,2.046100
1984-01-13,2.046100
1984-01-16,2.046100
1984-01-17,2.046100
1984-01-18,2.056300
1984-01-19,2.056300
1984-01-20,2.056300
1984-01-23,2.066700
1984-01-24,2.077000
1984-01-25,2.077000
1984-01-26,2.066600
1984-01-27,2.079000
1984-01-30,2.079000
1984-01-31,2.079000
1984-02-01,2.079000
1984-02-02,2.079000
1984-02-03,2.062300
1984-02-06,2.062300
1984-02-07,2.076800
1984-02-08,2.076800
1984-02-09,2.076800
1984-02-10,2.076800
1984-02-14,2.076800
1984-02-15,2.060100
1984-02-16,2.051900
1984-02-17,2.051900
1984-02-21,2.051900
1984-02-22,2.051900
1984-02-23,2.051900
1984-02-24,2.051900
1984-02-27,2.051900
1984-02-28,2.051900
1984-02-29,2.051900
1984-03-01,2.051900
1984-03-02,2.051900
1984-03-05,2.051900
1984-03-06,2.041700
1984-03-07,2.041700
1984-03-08,2.049800
1984-03-09,2.049800
1984-03-12,2.068300
1984-03-13,2.068300
1984-03-14,2.057900
1984-03-15,2.057900
1984-03-16,2.066200
1984-03-19,2.074400
1984-03-20,2.074400
1984-03-21,2.084700
1984-03-22,2.084700
1984-03-23,2.084700
1984-03-26,2.084700
1984-03-27,2.074300
1984-03-28,2.074300
1984-03-29,2.063900
1984-03-30,2.063900
1984-04-02,2.063900
1984-04-03,2.074300
1984-04-04,2.074300
1984-04-05,2.074300
1984-04-06,2.084600
1984-04-09,2.084600
1984-04-10,2.084600
1984-04-11,2.084600
1984-04-12,2.084600
1984-04-13,2.084600
1984-04-16,2.084600
1984-04-17,2.084600
1984-04-18,2.084600
1984-04-19,2.084600
1984-04-20,2.105500
1984-04-23,2.105500
1984-04-24,2.105500
1984-04-25,2.118100
1984-04-26,2.118100
1984-04-27,2.132900
1984-04-30,2.132900
1984-05-01,2.132900
1984-05-02,2.145800
1984-05-03,2.145800
1984-05-04,2.141400
1984-05-07,2.162900
1984-05-08,2.184500
1984-05-09,2.184500
1984-05-10,2.184500
1984-05-11,2.184500
1984-05-14,2.184500
1984-05-15,2.184500
1984-05-16,2.184500
1984-05-17,2.184500
1984-05-18,2.204200
1984-05-21,2.204200
1984-05-22,2.204200
1984-05-23,2.204200
1984-05-24,2.221800
1984-05-25,2.206300
1984-05-29,2.221800
1984-05-30,2.217300
1984-05-31,2.217300
1984-06-01,2.217300
1984-06-04,2.193000
1984-06-05,2.193000
1984-06-06,2.193000
1984-06-07,2.193000
1984-06-08,2.193000
1984-06-11,2.193000
1984-06-12,2.201800
1984-06-13,2.201800
1984-06-14,2.201800
1984-06-15,2.208500
1984-06-18,2.219400
1984-06-19,2.208400
1984-06-20,2.230600
1984-06-21,2.230600
1984-06-22,2.241700
1984-06-25,2.241700
1984-06-26,2.252900
1984-06-27,2.252900
1984-06-28,2.252900
1984-06-29,2.252900
1984-07-02,2.252900
1984-07-03,2.252900
1984-07-05,2.271000
1984-07-06,2.286900
1984-07-09,2.286900
1984-07-10,2.286900
1984-07-11,2.286900
1984-07-12,2.286900
1984-07-13,2.298300
1984-07-16,2.298300
1984-07-17,2.291400
1984-07-18,2.302800
1984-07-19,2.302800
1984-07-20,2.302800
1984-07-23,2.314400
1984-07-24,2.325900
1984-07-25,2.325900
1984-07-26,2.316600
1984-07-27,2.325800
1984-07-30,2.337400
1984-07-31,2.337400
1984-08-01,2.344400
1984-08-02,2.332700
1984-08-03,2.332700
1984-08-06,2.321100
1984-08-07,2.321100
1984-08-08,2.355900
1984-08-09,2.344100
1984-08-10,2.330600
1984-08-13,2.376700
1984-08-14,2.362500
1984-08-15,2.362500
1984-08-16,2.362500
1984-08-17,2.362500
1984-08-20,2.362500
1984-08-21,2.383700
1984-08-22,2.408800
1984-08-23,2.402800
1984-08-24,2.402800
1984-08-27,2.402800
1984-08-28,2.419600
1984-08-29,2.419600
1984-08-30,2.419600
1984-08-31,2.419600
1984-09-04,2.441400
1984-09-05,2.473200
1984-09-06,2.488000
1984-09-07,2.488000
1984-09-10,2.521600
1984-09-11,2.534200
1984-09-12,2.519000
1984-09-13,2.534100
1984-09-14,2.549400
1984-09-17,2.562100
1984-09-18,2.601800
1984-09-19,2.601800
1984-09-20,2.610900
1984-09-21,2.633100
1984-09-24,2.569900
1984-09-25,2.539000
1984-09-26,2.574600
1984-09-27,2.574600
1984-09-28,2.574600
1984-10-01,2.605500
1984-10-02,2.605500
1984-10-03,2.582000
1984-10-04,2.607900
1984-10-05,2.607900
1984-10-09,2.614100
1984-10-10,2.650700
1984-10-11,2.650700
1984-10-12,2.672000
1984-10-15,2.672000
1984-10-16,2.714700
1984-10-17,2.714700
1984-10-18,2.714700
1984-10-19,2.698400
1984-10-22,2.674200
1984-10-23,2.674200
1984-10-24,2.631400
1984-10-25,2.612900
1984-10-26,2.612900
1984-10-29,2.636500
1984-10-30,2.673400
1984-10-31,2.646600
1984-11-01,2.633400
1984-11-02,2.593900
1984-11-05,2.565300
1984-11-07,2.581900
1984-11-08,2.574200
1984-11-09,2.605100
1984-11-13,2.623300
1984-11-14,2.647000
1984-11-15,2.647000
1984-11-16,2.668200
1984-11-19,2.668200
1984-11-20,2.700100
1984-11-21,2.721700
1984-11-23,2.721700
1984-11-26,2.762500
1984-11-27,2.794300
1984-11-28,2.794300
1984-11-29,2.794300
1984-11-30,2.795300
1984-12-03,2.794300
1984-12-04,2.794300
1984-12-05,2.783100
1984-12-06,2.783100
1984-12-07,2.783100
1984-12-10,2.797100
1984-12-11,2.797100
1984-12-12,2.797100
1984-12-13,2.797100
1984-12-14,2.797100
1984-12-17,2.797100
1984-12-18,2.797100
1984-12-19,2.797100
1984-12-20,2.797100
1984-12-21,2.797100
1984-12-24,2.797100
1984-12-26,2.797100
1984-12-27,2.797100
1984-12-28,2.802700
1984-12-31,2.802700
1985-01-02,2.802700
1985-01-03,2.816700
1985-01-04,2.816700
1985-01-07,2.816700
1985-01-08,2.816700
1985-01-09,2.816700
1985-01-10,2.816700
1985-01-11,2.816700
1985-01-14,2.816700
1985-01-15,2.816700
1985-01-16,2.816700
1985-01-17,2.816700
1985-01-18,2.816700
1985-01-22,2.816700
1985-01-23,2.816700
1985-01-24,2.816700
1985-01-25,2.816700
1985-01-28,2.816700
1985-01-29,2.816700
1985-01-30,2.816700
1985-01-31,2.816700
1985-02-01,2.816700
1985-02-04,2.816700
1985-02-05,2.816700
1985-02-06,2.816700
1985-02-07,2.816700
1985-02-08,2.816700
1985-02-11,2.816700
1985-02-13,2.858900
1985-02-14,2.858900
1985-02-15,2.847500
1985-02-19,2.830500
1985-02-20,2.830500
1985-02-21,2.830500
1985-02-22,2.841800
1985-02-25,2.850300
1985-02-26,2.858800
1985-02-27,2.858800
1985-02-28,2.841700
1985-03-01,2.855900
1985-03-04,2.855900
1985-03-05,2.864400
1985-03-06,2.881600
1985-03-07,2.867100
1985-03-08,2.875800
1985-03-11,2.875800
1985-03-12,2.855600
1985-03-13,2.864100
1985-03-14,2.864100
1985-03-15,2.864100
1985-03-18,2.864100
1985-03-19,2.847000
1985-03-20,2.835600
1985-03-21,2.846900
1985-03-22,2.838500
1985-03-25,2.838400
1985-03-26,2.838400
1985-03-27,2.832700
1985-03-28,2.826900
1985-03-29,2.826900
1985-04-01,2.826900
1985-04-02,2.843900
1985-04-03,2.843900
1985-04-04,2.855200
1985-04-05,2.858000
1985-04-08,2.858000
1985-04-09,2.858000
1985-04-10,2.852300
1985-04-11,2.852300
1985-04-12,2.838100
1985-04-15,2.838100
1985-04-16,2.833900
1985-04-17,2.833900
1985-04-18,2.845200
1985-04-19,2.831000
1985-04-22,2.831000
1985-04-23,2.845100
1985-04-24,2.856500
1985-04-25,2.859300
1985-04-26,2.868000
1985-04-29,2.868000
1985-04-30,2.859300
1985-05-01,2.859300
1985-05-02,2.859300
1985-05-03,2.859300
1985-05-06,2.873700
1985-05-07,2.873700
1985-05-08,2.859300
1985-05-09,2.859300
1985-05-10,2.859300
1985-05-13,2.853600
1985-05-14,2.845100
1985-05-15,2.845100
1985-05-16,2.868000
1985-05-17,2.845100
1985-05-20,2.845100
1985-05-21,2.845100
1985-05-22,2.845100
1985-05-23,2.868000
1985-05-24,2.845100
1985-05-28,2.856500
1985-05-29,2.856500
1985-05-30,2.850800
1985-05-31,2.850800
1985-06-03,2.850800
1985-06-04,2.850800
1985-06-05,2.865000
1985-06-06,2.865000
1985-06-07,2.865000
1985-06-10,2.865000
1985-06-11,2.865000
1985-06-12,2.865000
1985-06-13,2.865000
1985-06-14,2.865000
1985-06-17,2.865000
1985-06-18,2.865000
1985-06-19,2.853600
1985-06-20,2.870800
1985-06-21,2.885100
1985-06-24,2.885100
1985-06-25,2.885100
1985-06-26,2.885100
1985-06-27,2.885100
1985-06-28,2.885100
1985-07-01,2.885100
1985-07-02,2.885100
1985-07-03,2.885100
1985-07-05,2.885100
1985-07-08,2.879300
1985-07-09,2.879300
1985-07-10,2.879300
1985-07-11,2.879300
1985-07-12,2.879300
1985-07-15,2.873600
1985-07-16,2.873600
1985-07-17,2.873600
1985-07-18,2.864900
1985-07-19,2.876400
1985-07-22,2.885000
1985-07-23,2.885000
1985-07-24,2.885000
1985-07-25,2.885000
1985-07-26,2.885000
1985-07-29,2.885000
1985-07-30,2.885000
1985-07-31,2.885000
1985-08-01,2.885000
1985-08-02,2.905100
1985-08-05,2.899300
1985-08-06,2.899300
1985-08-07,2.908100
1985-08-08,2.908100
1985-08-09,2.908100
1985-08-12,2.908100
1985-08-13,2.908100
1985-08-14,2.908100
1985-08-15,2.908100
1985-08-16,2.908100
1985-08-19,2.908100
1985-08-20,2.908100
1985-08-21,2.916800
1985-08-22,2.916800
1985-08-23,2.916800
1985-08-26,2.916800
1985-08-27,2.916800
1985-08-28,2.916800
1985-08-29,2.916800
1985-08-30,2.916800
1985-09-03,2.937200
1985-09-04,2.949000
1985-09-05,2.949000
1985-09-06,2.960800
1985-09-09,2.969700
1985-09-10,2.978600
1985-09-11,2.978600
1985-09-12,2.978600
1985-09-13,2.978600
1985-09-16,2.969700
1985-09-17,2.969700
1985-09-18,2.981500
1985-09-19,2.990500
1985-09-20,2.990500
1985-09-23,2.984400
1985-09-24,2.975500
1985-09-25,2.975500
1985-09-26,2.975500
1985-09-27,2.975500
1985-09-30,2.975500
1985-10-01,2.987400
1985-10-02,2.987400
1985-10-03,3.008300
1985-10-04,3.002300
1985-10-07,3.002300
1985-10-08,3.029400
1985-10-09,3.041500
1985-10-10,3.053600
1985-10-11,3.053600
1985-10-15,3.053600
1985-10-16,3.065800
1985-10-17,3.065800
1985-10-18,3.062700
1985-10-21,3.062700
1985-10-22,3.084200
1985-10-23,3.105700
1985-10-24,3.127500
1985-10-25,3.158800
1985-10-28,3.158800
1985-10-29,3.190400
1985-10-30,3.209500
1985-10-31,3.209500
1985-11-01,3.209500
1985-11-04,3.209500
1985-11-05,3.209500
1985-11-06,3.209500
1985-11-07,3.209500
1985-11-08,3.209500
1985-11-12,3.209500
1985-11-13,3.209500
1985-11-14,3.209500
1985-11-15,3.209500
1985-11-18,3.192000
1985-11-19,3.209500
1985-11-20,3.209500
1985-11-21,3.209500
1985-11-22,3.209500
1985-11-25,3.209500
1985-11-26,3.209500
1985-11-27,3.209500
1985-11-29,3.209500
1985-12-02,3.209500
1985-12-03,3.209500
1985-12-04,3.209500
1985-12-05,3.209500
1985-12-06,3.209500
1985-12-09,3.209500
1985-12-10,3.209500
1985-12-11,3.209500
1985-12-12,3.209500
1985-12-13,3.209500
1985-12-16,3.209500
1985-12-17,3.209500
1985-12-18,3.209500
1985-12-19,3.209500
1985-12-20,3.209500
1985-12-23,3.209500
1985-12-24,3.209500
1985-12-26,3.209500
1985-12-27,3.209500
1985-12-30,3.209500
1985-12-31,3.209500
1986-01-02,3.209500
1986-01-03,3.209500
1986-01-06,3.209500
1986-01-07,3.209500
1986-01-08,3.209500
1986-01-09,3.209500
1986-01-10,3.209500
1986-01-13,3.209500
1986-01-14,3.209500
1986-01-15,3.209500
1986-01-16,3.209500
1986-01-17,3.209500
1986-01-21,3.209500
1986-01-22,3.209500
1986-01-23,3.209500
1986-01-24,3.209500
1986-01-27,3.209500
1986-01-28,3.209500
1986-01-29,3.209500
1986-01-30,3.209500
1986-01-31,3.209500
1986-02-03,3.209500
1986-02-04,3.209500
1986-02-05,3.215900
1986-02-06,3.215900
1986-02-07,3.215900
1986-02-10,3.215900
1986-02-11,3.215900
1986-02-12,3.215900
1986-02-13,3.215900
1986-02-14,3.215900
1986-02-18,3.215900
1986-02-19,3.215900
1986-02-20,3.215900
1986-02-21,3.215900
1986-02-24,3.215900
1986-02-25,3.215900
1986-02-26,3.215900
1986-02-27,3.215900
1986-02-28,3.215900
1986-03-03,3.215900
1986-03-04,3.215900
1986-03-05,3.215900
1986-03-06,3.215900
1986-03-07,3.215900
1986-03-10,3.215900
1986-03-11,3.215900
1986-03-12,3.215900
1986-03-13,3.219100
1986-03-14,3.219100
1986-03-17,3.219100
1986-03-18,3.219100
1986-03-19,3.219100
1986-03-20,3.219100
1986-03-21,3.219100
1986-03-24,3.219100
1986-03-25,3.228800
1986-03-26,3.228800
1986-03-27,3.228800
1986-03-28,3.230000
1986-03-31,3.228800
1986-04-01,3.228800
1986-04-02,3.228800
1986-04-03,3.228800
1986-04-04,3.228800
1986-04-07,3.228800
1986-04-08,3.228800
1986-04-09,3.222300
1986-04-10,3.222300
1986-04-11,3.215900
1986-04-14,3.215900
1986-04-15,3.215900
1986-04-16,3.215900
1986-04-17,3.209500
1986-04-18,3.209500
1986-04-21,3.209500
1986-04-22,3.203100
1986-04-23,3.203100
1986-04-24,3.199900
1986-04-25,3.199900
1986-04-28,3.199900
1986-04-29,3.199900
1986-04-30,3.199900
1986-05-01,3.199900
1986-05-02,3.203100
1986-05-05,3.203100
1986-05-06,3.196700
1986-05-07,3.196700
1986-05-08,3.196700
1986-05-09,3.196700
1986-05-12,3.193500
1986-05-13,3.193500
1986-05-14,3.193500
1986-05-15,3.193500
1986-05-16,3.193500
1986-05-19,3.199900
1986-05-20,3.199900
1986-05-21,3.206300
1986-05-22,3.206300
1986-05-23,3.209500
1986-05-27,3.209500
1986-05-28,3.209500
1986-05-29,3.209500
1986-05-30,3.219100
1986-06-02,3.222300
1986-06-03,3.223300
1986-06-04,3.215900
1986-06-05,3.215900
1986-06-06,3.209500
1986-06-09,3.209500
1986-06-10,3.209500
1986-06-11,3.209500
1986-06-12,3.202500
1986-06-13,3.209500
1986-06-16,3.209500
1986-06-17,3.209500
1986-06-18,3.212700
1986-06-19,3.212700
1986-06-20,3.212700
1986-06-23,3.212700
1986-06-24,3.209500
1986-06-25,3.209500
1986-06-26,3.209500
1986-06-27,3.209500
1986-06-30,3.206300
1986-07-01,3.203100
1986-07-02,3.203100
1986-07-03,3.206300
1986-07-07,3.712900
1986-07-08,3.712900
1986-07-09,3.712900
1986-07-10,3.712900
1986-07-11,3.712900
1986-07-14,3.712900
1986-07-15,3.712900
1986-07-16,3.712900
1986-07-17,3.712900
1986-07-18,3.712900
1986-07-21,3.712900
1986-07-22,3.712900
1986-07-23,3.712900
1986-07-24,3.712900
1986-07-25,3.712900
1986-07-28,3.712900
1986-07-29,3.712900
1986-07-30,3.712900
1986-07-31,3.712900
1986-08-01,3.712900
1986-08-04,3.712900
1986-08-05,3.712900
1986-08-06,3.712900
1986-08-07,3.712900
1986-08-08,3.712900
1986-08-11,3.712900
1986-08-12,3.712900
1986-08-13,3.712900
1986-08-14,3.712900
1986-08-15,3.712900
1986-08-18,3.712900
1986-08-19,3.712900
1986-08-20,3.712900
1986-08-21,3.712900
1986-08-22,3.712900
1986-08-25,3.712900
1986-08-26,3.712900
1986-08-27,3.712900
1986-08-28,3.712900
1986-08-29,3.712900
1986-09-02,3.712900
1986-09-03,3.712900
1986-09-04,3.712900
1986-09-05,3.712900
1986-09-08,3.712900
1986-09-09,3.712900
1986-09-10,3.712900
1986-09-11,3.712900
1986-09-12,3.712900
1986-09-15,3.712900
1986-09-16,3.712900
1986-09-17,3.712900
1986-09-18,3.712900
1986-09-19,3.712900
1986-09-22,3.712900
1986-09-23,3.712900
1986-09-24,3.712900
1986-09-25,3.724000
1986-09-26,3.724000
1986-09-29,3.724000
1986-09-30,3.724000
1986-10-01,3.724000
1986-10-02,3.724000
1986-10-03,3.724000
1986-10-06,3.724000
1986-10-07,3.724000
1986-10-08,3.724000
1986-10-09,3.724000
1986-10-10,3.724000
1986-10-14,3.724000
1986-10-15,3.724000
1986-10-16,3.724000
1986-10-17,3.724000
1986-10-20,3.724000
1986-10-21,3.724000
1986-10-22,3.724000
1986-10-23,3.724000
1986-10-24,3.724000
1986-10-27,3.731400
1986-10-28,3.731400
1986-10-29,3.731400
1986-10-30,3.731400
1986-10-31,3.731400
1986-11-03,3.731400
1986-11-04,3.731400
1986-11-05,3.731400
1986-11-06,3.731400
1986-11-07,3.731400
1986-11-10,3.731400
1986-11-12,3.731400
1986-11-13,3.731400
1986-11-14,3.731400
1986-11-17,3.731400
1986-11-18,3.731400
1986-11-19,3.731400
1986-11-20,3.731400
1986-11-21,3.731400
1986-11-24,3.731400
1986-11-25,3.731400
1986-11-26,3.731400
1986-11-28,3.731400
1986-12-01,3.731400
1986-12-02,3.731400
1986-12-03,3.731400
1986-12-04,3.731400
1986-12-05,3.731400
1986-12-08,3.731400
1986-12-09,3.731400
1986-12-10,3.731400
1986-12-11,3.731400
1986-12-12,3.731400
1986-12-15,3.731400
1986-12-16,3.731400
1986-12-17,3.731400
1986-12-18,3.731400
1986-12-19,3.731400
1986-12-22,3.731400
1986-12-23,3.731400
1986-12-24,3.731400
1986-12-26,3.731400
1986-12-29,3.731400
1986-12-30,3.731400
1986-12-31,3.731400
1987-01-02,3.731400
1987-01-05,3.731400
1987-01-06,3.731400
1987-01-07,3.731400
1987-01-08,3.731400
1987-01-09,3.731400
1987-01-12,3.731400
1987-01-13,3.731400
1987-01-14,3.731400
1987-01-15,3.731400
1987-01-16,3.731400
1987-01-20,3.731400
1987-01-21,3.731400
1987-01-22,3.731400
1987-01-23,3.731400
1987-01-26,3.731400
1987-01-27,3.731400
1987-01-28,3.731400
1987-01-29,3.731400
1987-01-30,3.731400
1987-02-02,3.731400
1987-02-03,3.731400
1987-02-04,3.731400
1987-02-05,3.731400
1987-02-06,3.731400
1987-02-09,3.731400
1987-02-10,3.731400
1987-02-11,3.731400
1987-02-12,3.731400
1987-02-13,3.731400
1987-02-17,3.731400
1987-02-18,3.731400
1987-02-19,3.731400
1987-02-20,3.731400
1987-02-23,3.731400
1987-02-24,3.731400
1987-02-25,3.731400
1987-02-26,3.731400
1987-02-27,3.731400
1987-03-02,3.731400
1987-03-03,3.731400
1987-03-04,3.731400
1987-03-05,3.731400
1987-03-06,3.731400
1987-03-09,3.731400
1987-03-10,3.731400
1987-03-11,3.731400
1987-03-12,3.731400
1987-03-13,3.731400
1987-03-16,3.731400
1987-03-17,3.731400
1987-03-18,3.731400
1987-03-19,3.731400
1987-03-20,3.731400
1987-03-23,3.731400
1987-03-24,3.731400
1987-03-25,3.731400
1987-03-26,3.731400
1987-03-27,3.731400
1987-03-30,3.731400
1987-03-31,3.731400
1987-04-01,3.731400
1987-04-02,3.731400
1987-04-03,3.731400
1987-04-06,3.731400
1987-04-07,3.731400
1987-04-08,3.731400
1987-04-09,3.731400
1987-04-10,3.731400
1987-04-13,3.731400
1987-04-14,3.731400
1987-04-15,3.731400
1987-04-16,3.731400
1987-04-17,3.731400
1987-04-20,3.731400
1987-04-21,3.731400
1987-04-22,3.731400
1987-04-23,3.731400
1987-04-24,3.731400
1987-04-27,3.731400
1987-04-28,3.731400
1987-04-29,3.731400
1987-04-30,3.731400
1987-05-01,3.731400
1987-05-04,3.731400
1987-05-05,3.731400
1987-05-06,3.731400
1987-05-07,3.731400
1987-05-08,3.731400
1987-05-11,3.731400
1987-05-12,3.731400
1987-05-13,3.731400
1987-05-14,3.731400
1987-05-15,3.731400
1987-05-18,3.731400
1987-05-19,3.731400
1987-05-20,3.731400
1987-05-21,3.731400
1987-05-22,3.731400
1987-05-26,3.731400
1987-05-27,3.731400
1987-05-28,3.731400
1987-05-29,3.731400
1987-06-01,3.731400
1987-06-02,3.731400
1987-06-03,3.731400
1987-06-04,3.731400
1987-06-05,3.731400
1987-06-08,3.731400
1987-06-09,3.731400
1987-06-10,3.731400
1987-06-11,3.731400
1987-06-12,3.731400
1987-06-15,3.731400
1987-06-16,3.731400
1987-06-17,3.731400
1987-06-18,3.731400
1987-06-19,3.731400
1987-06-22,3.731400
1987-06-23,3.731400
1987-06-24,3.731400
1987-06-25,3.731400
1987-06-26,3.731400
1987-06-29,3.731400
1987-06-30,3.731400
1987-07-01,3.731400
1987-07-02,3.731400
1987-07-03,3.731400
1987-07-06,3.731400
1987-07-07,3.731400
1987-07-08,3.731400
1987-07-09,3.731400
1987-07-10,3.731400
1987-07-13,3.731400
1987-07-14,3.731400
1987-07-15,3.731400
1987-07-16,3.731400
1987-07-17,3.731400
1987-07-20,3.731400
1987-07-21,3.731400
1987-07-22,3.731400
1987-07-23,3.731400
1987-07-24,3.731400
1987-07-27,3.731400
1987-07-28,3.731400
1987-07-29,3.731400
1987-07-30,3.731400
1987-07-31,3.731400
1987-08-03,3.731400
1987-08-04,3.731400
1987-08-05,3.731400
1987-08-06,3.731400
1987-08-07,3.731400
1987-08-10,3.731400
1987-08-11,3.731400
1987-08-12,3.731400
1987-08-13,3.731400
1987-08-14,3.731400
1987-08-17,3.731400
1987-08-18,3.731400
1987-08-19,3.731400
1987-08-20,3.731400
1987-08-21,3.731400
1987-08-24,3.731400
1987-08-25,3.731400
1987-08-26,3.731400
1987-08-27,3.731400
1987-08-28,3.731400
1987-08-31,3.731400
1987-09-01,3.731400
1987-09-02,3.731400
1987-09-03,3.731400
1987-09-04,3.731400
1987-09-08,3.731400
1987-09-09,3.731400
1987-09-10,3.731400
1987-09-11,3.731400
1987-09-14,3.731400
1987-09-15,3.731400
1987-09-16,3.731400
1987-09-17,3.731400
1987-09-18,3.731400
1987-09-21,3.731400
1987-09-22,3.731400
1987-09-23,3.731400
1987-09-24,3.731400
1987-09-25,3.731400
1987-09-28,3.731400
1987-09-29,3.731400
1987-09-30,3.731400
1987-10-01,3.731400
1987-10-02,3.731400
1987-10-05,3.731400
1987-10-06,3.731400
1987-10-07,3.731400
1987-10-08,3.731400
1987-10-09,3.731400
1987-10-13,3.731400
1987-10-14,3.731400
1987-10-15,3.731400
1987-10-16,3.731400
1987-10-19,3.731400
1987-10-20,3.731400
1987-10-21,3.731400
1987-10-22,3.731400
1987-10-23,3.731400
1987-10-26,3.731400
1987-10-27,3.731400
1987-10-28,3.731400
1987-10-29,3.731400
1987-10-30,3.731400
1987-11-02,3.731400
1987-11-03,3.731400
1987-11-04,3.731400
1987-11-05,3.731400
1987-11-06,3.731400
1987-11-09,3.731400
1987-11-10,3.731400
1987-11-12,3.731400
1987-11-13,3.731400
1987-11-16,3.731400
1987-11-17,3.731400
1987-11-18,3.731400
1987-11-19,3.731400
1987-11-20,3.731400
1987-11-23,3.731400
1987-11-24,3.731400
1987-11-25,3.731400
1987-11-27,3.731400
1987-11-30,3.731400
1987-12-01,3.731400
1987-12-02,3.731400
1987-12-03,3.731400
1987-12-04,3.731400
1987-12-07,3.731400
1987-12-08,3.731400
1987-12-09,3.731400
1987-12-10,3.731400
1987-12-11,3.731400
1987-12-14,3.731400
1987-12-15,3.731400
1987-12-16,3.731400
1987-12-17,3.731400
1987-12-18,3.731400
1987-12-21,3.731400
1987-12-22,3.731400
1987-12-23,3.731400
1987-12-24,3.731400
1987-12-28,3.731400
1987-12-29,3.731400
1987-12-30,3.731400
1987-12-31,3.731400
1988-01-04,3.731400
1988-01-05,3.731400
1988-01-06,3.731400
1988-01-07,3.731400
1988-01-08,3.731400
1988-01-11,3.731400
1988-01-12,3.731400
1988-01-13,3.731400
1988-01-14,3.731400
1988-01-15,3.731400
1988-01-19,3.731400
1988-01-20,3.731400
1988-01-21,3.731400
1988-01-22,3.731400
1988-01-25,3.731400
1988-01-26,3.731400
1988-01-27,3.731400
1988-01-28,3.731400
1988-01-29,3.731400
1988-02-01,3.731400
1988-02-02,3.731400
1988-02-03,3.731400
1988-02-04,3.731400
1988-02-05,3.731400
1988-02-08,3.731400
1988-02-09,3.731400
1988-02-10,3.731400
1988-02-11,3.731400
1988-02-12,3.731400
1988-02-16,3.731400
1988-02-17,3.731400
1988-02-18,3.731400
1988-02-19,3.731400
1988-02-22,3.731400
1988-02-23,3.731400
1988-02-24,3.731400
1988-02-25,3.731400
1988-02-26,3.731400
1988-02-29,3.731400
1988-03-01,3.731400
1988-03-02,3.731400
1988-03-03,3.731400
1988-03-04,3.731400
1988-03-07,3.731400
1988-03-08,3.731400
1988-03-09,3.731400
1988-03-10,3.731400
1988-03-11,3.731400
1988-03-14,3.731400
1988-03-15,3.731400
1988-03-16,3.731400
1988-03-17,3.731400
1988-03-18,3.731400
1988-03-21,3.731400
1988-03-22,3.731400
1988-03-23,3.731400
1988-03-24,3.731400
1988-03-25,3.731400
1988-03-28,3.731400
1988-03-29,3.731400
1988-03-30,3.731400
1988-03-31,3.731400
1988-04-01,3.731400
1988-04-04,3.731400
1988-04-05,3.731400
1988-04-06,3.731400
1988-04-07,3.731400
1988-04-08,3.731400
1988-04-11,3.731400
1988-04-12,3.731400
1988-04-13,3.731400
1988-04-14,3.731400
1988-04-15,3.731400
1988-04-18,3.731400
1988-04-19,3.731400
1988-04-20,3.731400
1988-04-21,3.731400
1988-04-22,3.731400
1988-04-25,3.731400
1988-04-26,3.731400
1988-04-27,3.731400
1988-04-28,3.731400
1988-04-29,3.731400
1988-05-02,3.731400
1988-05-03,3.731400
1988-05-04,3.731400
1988-05-05,3.731400
1988-05-06,3.731400
1988-05-09,3.731400
1988-05-10,3.731400
1988-05-11,3.731400
1988-05-12,3.731400
1988-05-13,3.731400
1988-05-16,3.731400
1988-05-17,3.731400
1988-05-18,3.731400
1988-05-19,3.731400
1988-05-20,3.731400
1988-05-23,3.731400
1988-05-24,3.731400
1988-05-25,3.731400
1988-05-26,3.731400
1988-05-27,3.731400
1988-05-31,3.731400
1988-06-01,3.731400
1988-06-02,3.731400
1988-06-03,3.731400
1988-06-06,3.731400
1988-06-07,3.731400
1988-06-08,3.731400
1988-06-09,3.731400
1988-06-10,3.731400
1988-06-13,3.731400
1988-06-14,3.731400
1988-06-15,3.731400
1988-06-16,3.731400
1988-06-17,3.731400
1988-06-20,3.731400
1988-06-21,3.731400
1988-06-22,3.731400
1988-06-23,3.731400
1988-06-24,3.731400
1988-06-27,3.731400
1988-06-28,3.731400
1988-06-29,3.731400
1988-06-30,3.731400
1988-07-01,3.731400
1988-07-05,3.731400
1988-07-06,3.731400
1988-07-07,3.731400
1988-07-08,3.731400
1988-07-11,3.731400
1988-07-12,3.731400
1988-07-13,3.731400
1988-07-14,3.731400
1988-07-15,3.731400
1988-07-18,3.731400
1988-07-19,3.731400
1988-07-20,3.731400
1988-07-21,3.731400
1988-07-22,3.731400
1988-07-25,3.731400
1988-07-26,3.731400
1988-07-27,3.731400
1988-07-28,3.731400
1988-07-29,3.731400
1988-08-01,3.731400
1988-08-02,3.731400
1988-08-03,3.731400
1988-08-04,3.731400
1988-08-05,3.731400
1988-08-08,3.731400
1988-08-09,3.731400
1988-08-10,3.731400
1988-08-11,3.731400
1988-08-12,3.731400
1988-08-15,3.731400
1988-08-16,3.731400
1988-08-17,3.731400
1988-08-18,3.731400
1988-08-19,3.731400
1988-08-22,3.731400
1988-08-23,3.731400
1988-08-24,3.731400
1988-08-25,3.731400
1988-08-26,3.731400
1988-08-29,3.731400
1988-08-30,3.731400
1988-08-31,3.731400
1988-09-01,3.731400
1988-09-02,3.731400
1988-09-06,3.731400
1988-09-07,3.731400
1988-09-08,3.731400
1988-09-09,3.731400
1988-09-12,3.731400
1988-09-13,3.731400
1988-09-14,3.731400
1988-09-15,3.731400
1988-09-16,3.731400
1988-09-19,3.731400
1988-09-20,3.731400
1988-09-21,3.731400
1988-09-22,3.731400
1988-09-23,3.731400
1988-09-26,3.731400
1988-09-27,3.731400
1988-09-28,3.731400
1988-09-29,3.731400
1988-09-30,3.731400
1988-10-03,3.731400
1988-10-04,3.731400
1988-10-05,3.731400
1988-10-06,3.731400
1988-10-07,3.731400
1988-10-11,3.731400
1988-10-12,3.731400
1988-10-13,3.731400
1988-10-14,3.731400
1988-10-17,3.731400
1988-10-18,3.731400
1988-10-19,3.731400
1988-10-20,3.731400
1988-10-21,3.731400
1988-10-24,3.731400
1988-10-25,3.731400
1988-10-26,3.731400
1988-10-27,3.731400
1988-10-28,3.731400
1988-10-31,3.731400
1988-11-01,3.731400
1988-11-02,3.731400
1988-11-03,3.731400
1988-11-04,3.731400
1988-11-07,3.731400
1988-11-08,3.731400
1988-11-09,3.731400
1988-11-10,3.731400
1988-11-14,3.731400
1988-11-15,3.731400
1988-11-16,3.731400
1988-11-17,3.731400
1988-11-18,3.731400
1988-11-21,3.731400
1988-11-22,3.731400
1988-11-23,3.731400
1988-11-25,3.731400
1988-11-28,3.731400
1988-11-29,3.731400
1988-11-30,3.731400
1988-12-01,3.731400
1988-12-02,3.731400
1988-12-05,3.731400
1988-12-06,3.731400
1988-12-07,3.731400
1988-12-08,3.731400
1988-12-09,3.731400
1988-12-12,3.731400
1988-12-13,3.731400
1988-12-14,3.731400
1988-12-15,3.731400
1988-12-16,3.731400
1988-12-19,3.731400
1988-12-20,3.731400
1988-12-21,3.731400
1988-12-22,3.731400
1988-12-23,3.731400
1988-12-27,3.731400
1988-12-28,3.731400
1988-12-29,3.731400
1988-12-30,3.731400
1989-01-03,3.731400
1989-01-04,3.731400
1989-01-05,3.731400
1989-01-06,3.731400
1989-01-09,3.731400
1989-01-10,3.731400
1989-01-11,3.731400
1989-01-12,3.731400
1989-01-13,3.731400
1989-01-17,3.731400
1989-01-18,3.731400
1989-01-19,3.731400
1989-01-20,3.731400
1989-01-23,3.731400
1989-01-24,3.731400
1989-01-25,3.731400
1989-01-26,3.731400
1989-01-27,3.731400
1989-01-30,3.731400
1989-01-31,3.731400
1989-02-01,3.731400
1989-02-02,3.731400
1989-02-03,3.731400
1989-02-06,3.731400
1989-02-07,3.731400
1989-02-08,3.731400
1989-02-09,3.731400
1989-02-10,3.731400
1989-02-13,3.731400
1989-02-14,3.731400
1989-02-15,3.731400
1989-02-16,3.731400
1989-02-17,3.731400
1989-02-21,3.731400
1989-02-22,3.731400
1989-02-23,3.731400
1989-02-24,3.731400
1989-02-27,3.731400
1989-02-28,3.731400
1989-03-01,3.731400
1989-03-02,3.731400
1989-03-03,3.731400
1989-03-06,3.731400
1989-03-07,3.731400
1989-03-08,3.731400
1989-03-09,3.731400
1989-03-10,3.731400
1989-03-13,3.731400
1989-03-14,3.731400
1989-03-15,3.731400
1989-03-16,3.731400
1989-03-17,3.731400
1989-03-20,3.731400
1989-03-21,3.731400
1989-03-22,3.731400
1989-03-23,3.731400
1989-03-24,3.731400
1989-03-27,3.731400
1989-03-28,3.731400
1989-03-29,3.731400
1989-03-30,3.731400
1989-03-31,3.731400
1989-04-03,3.731400
1989-04-04,3.731400
1989-04-05,3.731400
1989-04-06,3.731400
1989-04-07,3.731400
1989-04-10,3.731400
1989-04-11,3.731400
1989-04-12,3.731400
1989-04-13,3.731400
1989-04-14,3.731400
1989-04-17,3.731400
1989-04-18,3.731400
1989-04-19,3.731400
1989-04-20,3.731400
1989-04-21,3.731400
1989-04-24,3.731400
1989-04-25,3.731400
1989-04-26,3.731400
1989-04-27,3.731400
1989-04-28,3.731400
1989-05-01,3.731400
1989-05-02,3.731400
1989-05-03,3.731400
1989-05-04,3.731400
1989-05-05,3.731400
1989-05-08,3.731400
1989-05-09,3.731400
1989-05-10,3.731400
1989-05-11,3.731400
1989-05-12,3.731400
1989-05-15,3.731400
1989-05-16,3.731400
1989-05-17,3.731400
1989-05-18,3.731400
1989-05-19,3.731400
1989-05-22,3.731400
1989-05-23,3.731400
1989-05-24,3.731400
1989-05-25,3.731400
1989-05-26,3.731400
1989-05-30,3.731400
1989-05-31,3.731400
1989-06-01,3.731400
1989-06-02,3.731400
1989-06-05,3.731400
1989-06-06,3.731400
1989-06-07,3.731400
1989-06-08,3.731400
1989-06-09,3.731400
1989-06-12,3.731400
1989-06-13,3.731400
1989-06-14,3.731400
1989-06-15,3.731400
1989-06-16,3.731400
1989-06-19,3.731400
1989-06-20,3.731400
1989-06-21,3.731400
1989-06-22,3.731400
1989-06-23,3.731800
1989-06-26,3.731400
1989-06-27,3.731400
1989-06-28,3.731400
1989-06-29,3.731400
1989-06-30,3.731400
1989-07-03,3.731400
1989-07-05,3.731400
1989-07-06,3.731400
1989-07-07,3.731400
1989-07-10,3.731400
1989-07-11,3.731400
1989-07-12,3.731400
1989-07-13,3.731400
1989-07-14,3.731400
1989-07-17,3.731400
1989-07-18,3.731400
1989-07-19,3.731400
1989-07-20,3.731400
1989-07-21,3.731400
1989-07-24,3.731400
1989-07-25,3.731400
1989-07-26,3.731400
1989-07-27,3.731400
1989-07-28,3.731400
1989-07-31,3.731400
1989-08-01,3.731400
1989-08-02,3.731400
1989-08-03,3.731400
1989-08-04,3.731400
1989-08-07,3.731400
1989-08-08,3.731400
1989-08-09,3.731400
1989-08-10,3.731400
1989-08-11,3.731400
1989-08-14,3.731400
1989-08-15,3.731400
1989-08-16,3.731400
1989-08-17,3.731400
1989-08-18,3.731400
1989-08-21,3.731400
1989-08-22,3.731400
1989-08-23,3.731400
1989-08-24,3.731400
1989-08-25,3.731400
1989-08-28,3.731400
1989-08-29,3.731400
1989-08-30,3.731400
1989-08-31,3.731400
1989-09-01,3.731400
1989-09-05,3.731400
1989-09-06,3.731400
1989-09-07,3.731400
1989-09-08,3.731400
1989-09-11,3.731400
1989-09-12,3.731400
1989-09-13,3.731400
1989-09-14,3.731400
1989-09-15,3.731400
1989-09-18,3.731400
1989-09-19,3.731400
1989-09-20,3.731400
1989-09-21,3.731400
1989-09-22,3.731400
1989-09-25,3.731400
1989-09-26,3.731400
1989-09-27,3.731400
1989-09-28,3.731400
1989-09-29,3.731400
1989-10-02,3.731400
1989-10-03,3.731400
1989-10-04,3.731400
1989-10-05,3.731400
1989-10-06,3.731400
1989-10-10,3.731400
1989-10-11,3.731400
1989-10-12,3.731400
1989-10-13,3.731400
1989-10-16,3.731400
1989-10-17,3.731400
1989-10-18,3.731400
1989-10-19,3.731400
1989-10-20,3.731400
1989-10-23,3.731400
1989-10-24,3.731400
1989-10-25,3.731400
1989-10-26,3.731400
1989-10-27,3.731400
1989-10-30,3.731400
1989-10-31,3.731400
1989-11-01,3.731400
1989-11-02,3.731400
1989-11-03,3.731400
1989-11-06,3.731400
1989-11-07,3.731400
1989-11-08,3.731400
1989-11-09,3.731400
1989-11-10,3.731400
1989-11-13,3.731400
1989-11-14,3.731400
1989-11-15,3.731400
1989-11-16,3.731400
1989-11-17,3.731400
1989-11-20,3.731400
1989-11-21,3.731400
1989-11-22,3.731400
1989-11-24,3.731400
1989-11-27,3.731400
1989-11-28,3.731400
1989-11-29,3.731400
1989-11-30,3.731400
1989-12-01,3.731400
1989-12-04,3.731400
1989-12-05,3.731400
1989-12-06,3.731400
1989-12-07,3.731400
1989-12-08,3.731400
1989-12-11,3.731400
1989-12-12,3.731400
1989-12-13,3.731400
1989-12-14,3.731400
1989-12-15,3.731400
1989-12-18,4.733900
1989-12-19,4.733900
1989-12-20,4.733900
1989-12-21,4.733900
1989-12-22,4.733900
1989-12-26,4.733900
1989-12-27,4.733900
1989-12-28,4.733900
1989-12-29,4.733900
1990-01-02,4.733900
1990-01-03,4.733900
1990-01-04,4.733900
1990-01-05,4.733900
1990-01-08,4.733900
1990-01-09,4.733900
1990-01-10,4.733900
1990-01-11,4.733900
1990-01-12,4.733900
1990-01-16,4.733900
1990-01-17,4.733900
1990-01-18,4.733900
1990-01-19,4.733900
1990-01-22,4.733900
1990-01-23,4.733900
1990-01-24,4.733900
1990-01-25,4.733900
1990-01-26,4.733900
1990-01-29,4.733900
1990-01-30,4.733900
1990-01-31,4.733900
1990-02-01,4.733900
1990-02-02,4.733900
1990-02-05,4.733900
1990-02-06,4.733900
1990-02-07,4.733900
1990-02-08,4.733900
1990-02-09,4.733900
1990-02-12,4.733900
1990-02-13,4.733900
1990-02-14,4.733900
1990-02-15,4.733900
1990-02-16,4.733900
1990-02-20,4.733900
1990-02-21,4.733900
1990-02-22,4.733900
1990-02-23,4.733900
1990-02-26,4.733900
1990-02-27,4.733900
1990-02-28,4.733900
1990-03-01,4.733900
1990-03-02,4.733900
1990-03-05,4.733900
1990-03-06,4.733900
1990-03-07,4.733900
1990-03-08,4.733900
1990-03-09,4.733900
1990-03-12,4.733900
1990-03-13,4.733900
1990-03-14,4.733900
1990-03-15,4.733900
1990-03-16,4.733900
1990-03-19,4.733900
1990-03-20,4.733900
1990-03-21,4.733900
1990-03-22,4.733900
1990-03-23,4.733900
1990-03-26,4.733900
1990-03-27,4.733900
1990-03-28,4.733900
1990-03-29,4.733900
1990-03-30,4.733900
1990-04-02,4.733400
1990-04-03,4.733400
1990-04-04,4.733900
1990-04-05,4.733900
1990-04-06,4.733900
1990-04-09,4.733900
1990-04-10,4.733900
1990-04-11,4.733900
1990-04-12,4.733900
1990-04-13,4.733900
1990-04-16,4.733900
1990-04-17,4.733900
1990-04-18,4.733900
1990-04-19,4.733900
1990-04-20,4.733900
1990-04-23,4.733900
1990-04-24,4.733900
1990-04-25,4.733900
1990-04-26,4.733900
1990-04-27,4.733900
1990-04-30,4.733900
1990-05-01,4.733900
1990-05-02,4.733900
1990-05-03,4.733900
1990-05-04,4.733900
1990-05-07,4.733900
1990-05-08,4.733900
1990-05-09,4.733900
1990-05-10,4.733900
1990-05-11,4.733900
1990-05-14,4.733900
1990-05-15,4.733900
1990-05-16,4.733900
1990-05-17,4.733900
1990-05-18,4.733900
1990-05-21,4.733900
1990-05-22,4.733900
1990-05-23,4.733900
1990-05-24,4.733900
1990-05-25,4.733900
1990-05-29,4.733900
1990-05-30,4.733900
1990-05-31,4.733900
1990-06-01,4.733900
1990-06-04,4.733900
1990-06-05,4.733900
1990-06-06,4.733900
1990-06-07,4.733900
1990-06-08,4.733900
1990-06-11,4.733900
1990-06-12,4.733900
1990-06-13,4.733900
1990-06-14,4.733900
1990-06-15,4.733900
1990-06-18,4.733900
1990-06-19,4.733400
1990-06-20,4.733900
1990-06-21,4.733900
1990-06-22,4.733900
1990-06-25,4.733900
1990-06-26,4.733900
1990-06-27,4.733900
1990-06-28,4.733900
1990-06-29,4.733900
1990-07-02,4.733900
1990-07-03,4.733900
1990-07-05,4.733900
1990-07-06,4.733900
1990-07-09,4.733900
1990-07-10,4.733900
1990-07-11,4.733900
1990-07-12,4.733900
1990-07-13,4.733900
1990-07-16,4.733900
1990-07-17,4.733900
1990-07-18,4.733900
1990-07-19,4.733900
1990-07-20,4.733900
1990-07-23,4.733900
1990-07-24,4.733900
1990-07-25,4.733900
1990-07-26,4.733900
1990-07-27,4.733900
1990-07-30,4.733900
1990-07-31,4.733900
1990-08-01,4.733900
1990-08-02,4.733900
1990-08-03,4.733900
1990-08-06,4.733900
1990-08-07,4.733900
1990-08-08,4.733900
1990-08-09,4.733900
1990-08-10,4.733900
1990-08-13,4.733900
1990-08-14,4.733900
1990-08-15,4.733900
1990-08-16,4.733900
1990-08-17,4.733900
1990-08-20,4.733900
1990-08-21,4.733900
1990-08-22,4.733900
1990-08-23,4.733900
1990-08-24,4.733900
1990-08-27,4.733900
1990-08-28,4.733900
1990-08-29,4.733900
1990-08-30,4.733900
1990-08-31,4.733900
1990-09-04,4.733900
1990-09-05,4.733900
1990-09-06,4.733900
1990-09-07,4.733900
1990-09-10,4.733900
1990-09-11,4.733900
1990-09-12,4.733900
1990-09-13,4.733900
1990-09-14,4.733900
1990-09-17,4.733900
1990-09-18,4.739900
1990-09-19,4.733900
1990-09-20,4.733900
1990-09-21,4.733900
1990-09-24,4.733900
1990-09-25,4.733900
1990-09-26,4.733900
1990-09-27,4.733900
1990-09-28,4.733900
1990-10-01,4.733900
1990-10-02,4.733900
1990-10-03,4.733900
1990-10-04,4.733900
1990-10-05,4.733900
1990-10-09,4.733900
1990-10-10,4.733900
1990-10-11,4.733900
1990-10-12,4.733900
1990-10-15,4.733900
1990-10-16,4.733900
1990-10-17,4.733900
1990-10-18,4.733900
1990-10-19,4.733900
1990-10-22,4.733900
1990-10-23,4.733900
1990-10-24,4.733900
1990-10-25,4.733900
1990-10-26,4.733900
1990-10-29,4.733900
1990-10-30,4.733900
1990-10-31,4.733900
1990-11-01,4.733900
1990-11-02,4.733900
1990-11-05,4.733900
1990-11-06,4.733900
1990-11-07,4.733900
1990-11-08,4.733900
1990-11-09,4.733900
1990-11-13,4.733900
1990-11-14,4.733900
1990-11-15,4.733900
1990-11-19,5.235200
1990-11-20,5.235200
1990-11-21,5.235200
1990-11-23,5.235200
1990-11-26,5.235200
1990-11-27,5.235200
1990-11-28,5.235200
1990-11-29,5.235200
1990-11-30,5.235200
1990-12-03,5.235200
1990-12-04,5.235200
1990-12-05,5.235200
1990-12-06,5.235200
1990-12-07,5.235200
1990-12-10,5.235200
1990-12-11,5.235200
1990-12-12,5.235200
1990-12-13,5.235200
1990-12-14,5.235200
1990-12-17,5.235200
1990-12-18,5.235200
1990-12-19,5.235200
1990-12-20,5.235200
1990-12-21,5.235200
1990-12-24,5.235200
1990-12-26,5.235200
1990-12-27,5.235200
1990-12-28,5.235200
1990-12-31,5.235200
1991-01-02,5.235200
1991-01-03,5.235200
1991-01-04,5.235200
1991-01-07,5.235200
1991-01-08,5.235200
1991-01-09,5.235200
1991-01-10,5.235200
1991-01-11,5.235200
1991-01-14,5.235200
1991-01-15,5.235200
1991-01-16,5.235200
1991-01-17,5.235200
1991-01-18,5.235200
1991-01-22,5.235200
1991-01-23,5.235200
1991-01-24,5.235200
1991-01-25,5.235200
1991-01-28,5.235200
1991-01-29,5.235200
1991-01-30,5.235200
1991-01-31,5.235200
1991-02-01,5.235200
1991-02-04,5.235200
1991-02-05,5.235200
1991-02-06,5.235200
1991-02-07,5.235200
1991-02-08,5.235200
1991-02-11,5.235200
1991-02-12,5.235200
1991-02-13,5.235200
1991-02-14,5.235200
1991-02-15,5.235200
1991-02-19,5.235200
1991-02-20,5.235200
1991-02-21,5.235200
1991-02-22,5.235200
1991-02-25,5.235200
1991-02-26,5.235200
1991-02-27,5.235200
1991-02-28,5.235200
1991-03-01,5.235200
1991-03-04,5.235200
1991-03-05,5.235200
1991-03-11,5.235200
1991-03-12,5.235200
1991-03-13,5.235200
1991-03-14,5.235200
1991-03-15,5.235200
1991-03-18,5.235200
1991-03-19,5.235200
1991-03-20,5.235200
1991-03-21,5.235200
1991-03-22,5.235200
1991-03-25,5.235200
1991-03-26,5.235200
1991-03-27,5.235200
1991-03-28,5.235200
1991-03-29,5.235200
1991-04-01,5.235200
1991-04-02,5.235200
1991-04-03,5.235200
1991-04-04,5.235200
1991-04-05,5.235200
1991-04-08,5.235200
1991-04-09,5.285300
1991-04-10,5.285300
1991-04-11,5.285300
1991-04-12,5.282700
1991-04-15,5.282700
1991-04-16,5.282700
1991-04-17,5.282700
1991-04-18,5.289000
1991-04-19,5.297900
1991-04-22,5.308300
1991-04-23,5.303600
1991-04-24,5.303600
1991-04-25,5.303600
1991-04-26,5.303600
1991-04-29,5.303600
1991-05-01,5.300700
1991-05-02,5.300700
1991-05-03,5.300700
1991-05-06,5.320100
1991-05-07,5.320100
1991-05-08,5.320100
1991-05-09,5.326400
1991-05-10,5.326400
1991-05-13,5.326400
1991-05-14,5.326400
1991-05-15,5.320100
1991-05-16,5.320100
1991-05-17,5.320100
1991-05-20,5.333200
1991-05-21,5.333200
1991-05-22,5.329600
1991-05-23,5.335900
1991-05-24,5.335900
1991-05-28,5.335900
1991-05-29,5.335900
1991-05-30,5.349000
1991-05-31,5.349000
1991-06-03,5.353700
1991-06-04,5.358500
1991-06-05,5.358500
1991-06-06,5.358500
1991-06-07,5.358500
1991-06-10,5.367400
1991-06-11,5.367400
1991-06-12,5.367400
1991-06-13,5.373700
1991-06-17,5.373700
1991-06-18,5.373700
1991-06-19,5.373700
1991-06-20,5.369000
1991-06-21,5.369000
1991-06-24,5.369000
1991-06-25,5.369000
1991-06-26,5.369000
1991-06-27,5.369000
1991-06-28,5.369000
1991-07-01,5.369000
1991-07-02,5.378400
1991-07-03,5.384700
1991-07-05,5.384700
1991-07-08,5.378900
1991-07-09,5.374200
1991-07-10,5.374200
1991-07-11,5.374200
1991-07-12,5.374200
1991-07-15,5.367900
1991-07-16,5.367900
1991-07-17,5.367900
1991-07-18,5.367900
1991-07-19,5.367900
1991-07-22,5.360500
1991-07-23,5.360500
1991-07-24,5.360500
1991-07-26,5.360500
1991-07-29,5.360500
1991-07-30,5.360500
1991-07-31,5.360500
1991-08-01,5.360500
1991-08-02,5.360500
1991-08-05,5.360500
1991-08-06,5.356800
1991-08-07,5.356800
1991-08-08,5.356800
1991-08-09,5.361800
1991-08-12,5.361800
1991-08-13,5.361800
1991-08-14,5.361800
1991-08-15,5.361800
1991-08-16,5.369600
1991-08-19,5.378500
1991-08-20,5.393600
1991-08-21,5.388800
1991-08-22,5.386200
1991-08-23,5.386200
1991-08-26,5.386200
1991-08-27,5.386200
1991-08-28,5.386200
1991-08-29,5.386200
1991-08-30,5.386200
1991-09-03,5.386200
1991-09-04,5.386200
1991-09-05,5.386200
1991-09-06,5.386200
1991-09-09,5.386200
1991-09-10,5.383500
1991-09-11,5.383500
1991-09-12,5.383500
1991-09-13,5.383500
1991-09-17,5.383500
1991-09-19,5.389900
1991-09-20,5.389900
1991-09-23,5.389900
1991-09-24,5.389900
1991-09-25,5.389900
1991-09-26,5.389900
1991-09-27,5.389900
1991-10-01,5.389900
1991-10-02,5.389900
1991-10-03,5.389900
1991-10-04,5.385400
1991-10-07,5.385400
1991-10-08,5.385400
1991-10-09,5.394400
1991-10-10,5.394400
1991-10-11,5.394400
1991-10-15,5.394400
1991-10-16,5.394400
1991-10-18,5.394400
1991-10-21,5.394400
1991-10-22,5.394400
1991-10-23,5.394400
1991-10-24,5.394400
1991-10-25,5.394400
1991-10-29,5.380700
1991-10-30,5.394400
1991-10-31,5.394400
1991-11-04,5.394400
1991-11-05,5.394400
1991-11-08,5.397500
1991-11-14,5.400200
1991-11-15,5.397600
1991-11-18,5.397600
1991-11-19,5.397600
1991-11-20,5.397600
1991-11-21,5.395500
1991-11-22,5.402000
1991-11-25,5.402000
1991-11-26,5.402000
1991-11-27,5.402000
1991-11-29,5.411500
1991-12-02,5.411500
1991-12-03,5.411500
1991-12-04,5.411500
1991-12-05,5.411500
1991-12-06,5.411500
1991-12-09,5.411500
1991-12-10,5.411500
1991-12-11,5.420700
1991-12-12,5.420700
1991-12-13,5.420700
1991-12-16,5.429900
1991-12-17,5.426100
1991-12-18,5.426100
1991-12-19,5.426100
1991-12-20,5.426100
1991-12-23,5.426100
1991-12-24,5.429200
1991-12-26,5.429200
1991-12-27,5.429200
1991-12-30,5.447800
1991-12-31,5.447800
1992-01-02,5.447800
1992-01-03,5.455900
1992-01-06,5.455900
1992-01-07,5.449400
1992-01-08,5.449400
1992-01-09,5.449400
1992-01-10,5.459100
1992-01-13,5.464600
1992-01-14,5.464600
1992-01-15,5.464600
1992-01-16,5.468600
1992-01-17,5.468600
1992-01-21,5.464100
1992-01-22,5.464100
1992-01-23,5.464100
1992-01-24,5.466800
1992-01-27,5.466800
1992-01-28,5.468600
1992-01-29,5.468600
1992-01-30,5.468600
1992-01-31,5.468600
1992-02-03,5.468600
1992-02-04,5.468600
1992-02-05,5.468600
1992-02-06,5.468600
1992-02-07,5.468600
1992-02-10,5.461600
1992-02-11,5.470900
1992-02-12,5.480200
1992-02-13,5.483700
1992-02-14,5.483700
1992-02-18,5.483700
1992-02-19,5.483700
1992-02-20,5.483700
1992-02-21,5.483700
1992-02-24,5.483700
1992-02-25,5.483700
1992-02-26,5.483700
1992-02-27,5.483000
1992-02-28,5.483000
1992-03-02,5.483000
1992-03-03,5.483000
1992-03-04,5.488700
1992-03-05,5.488700
1992-03-06,5.488700
1992-03-09,5.488700
1992-03-10,5.488700
1992-03-11,5.488700
1992-03-12,5.486400
1992-03-13,5.489200
1992-03-16,5.489200
1992-03-17,5.489200
1992-03-18,5.483700
1992-03-19,5.483700
1992-03-20,5.492900
1992-03-23,5.492900
1992-03-24,5.492900
1992-03-25,5.488700
1992-03-26,5.483700
1992-03-27,5.483700
1992-03-30,5.481200
1992-03-31,5.481200
1992-04-01,5.481200
1992-04-02,5.481200
1992-04-03,5.481200
1992-04-06,5.481200
1992-04-07,5.481200
1992-04-08,5.481200
1992-04-09,5.479200
1992-04-10,5.479200
1992-04-13,5.507700
1992-04-14,5.507700
1992-04-15,5.532800
1992-04-16,5.532800
1992-04-17,5.532800
1992-04-20,5.532800
1992-04-21,5.532800
1992-04-22,5.532800
1992-04-23,5.532800
1992-04-24,5.525400
1992-04-27,5.525400
1992-04-28,5.525400
1992-04-29,5.523900
1992-04-30,5.523900
1992-05-04,5.523900
1992-05-05,5.523900
1992-05-06,5.538800
1992-05-07,5.533800
1992-05-08,5.533800
1992-05-11,5.528800
1992-05-12,5.528800
1992-05-13,5.513800
1992-05-14,5.513800
1992-05-15,5.513800
1992-05-18,5.513800
1992-05-19,5.513800
1992-05-20,5.513800
1992-05-21,5.513800
1992-05-22,5.513800
1992-05-26,5.508700
1992-05-27,5.504800
1992-05-28,5.504800
1992-05-29,5.504800
1992-06-01,5.500300
1992-06-02,5.493700
1992-06-03,5.493700
1992-06-04,5.498700
1992-06-05,5.498700
1992-06-08,5.493700
1992-06-09,5.493700
1992-06-10,5.493700
1992-06-11,5.493700
1992-06-12,5.493700
1992-06-15,5.493700
1992-06-16,5.488400
1992-06-17,5.488400
1992-06-18,5.488400
1992-06-19,5.488400
1992-06-22,5.488400
1992-06-23,5.488400
1992-06-24,5.483700
1992-06-25,5.475800
1992-06-26,5.475800
1992-06-29,5.475800
1992-06-30,5.475800
1992-07-01,5.475800
1992-07-02,5.475800
1992-07-03,5.475800
1992-07-06,5.475800
1992-07-07,5.475800
1992-07-08,5.475800
1992-07-09,5.463600
1992-07-10,5.472000
1992-07-13,5.472100
1992-07-14,5.472100
1992-07-15,5.472100
1992-07-16,5.472100
1992-07-17,5.442100
1992-07-20,5.447100
1992-07-21,5.447100
1992-07-22,5.442100
1992-07-23,5.438300
1992-07-24,5.433500
1992-07-27,5.433500
1992-07-28,5.433500
1992-07-29,5.433500
1992-07-30,5.433500
1992-07-31,5.433500
1992-08-03,5.433500
1992-08-04,5.448300
1992-08-05,5.448300
1992-08-06,5.462200
1992-08-11,5.458700
1992-08-12,5.458700
1992-08-13,5.458700
1992-08-14,5.454800
1992-08-18,5.454800
1992-08-19,5.454800
1992-08-20,5.454800
1992-08-21,5.443600
1992-08-24,5.419900
1992-08-25,5.419900
1992-08-26,5.419900
1992-08-27,5.419900
1992-08-28,5.419900
1992-08-31,5.419900
1992-09-01,5.419900
1992-09-02,5.412400
1992-09-03,5.443700
1992-09-04,5.478800
1992-09-08,5.478800
1992-09-09,5.478800
1992-09-10,5.512500
1992-09-11,5.516600
1992-09-14,5.523600
1992-09-15,5.523600
1992-09-16,5.533800
1992-09-17,5.539100
1992-09-18,5.528800
1992-09-22,5.534800
1992-09-23,5.534800
1992-09-24,5.532800
1992-09-25,5.532800
1992-09-28,5.532800
1992-09-29,5.522700
1992-09-30,5.514000
1992-10-01,5.514000
1992-10-02,5.514000
1992-10-05,5.514000
1992-10-07,5.541600
1992-10-08,5.545600
1992-10-09,5.553900
1992-10-13,5.553900
1992-10-14,5.553900
1992-10-15,5.553900
1992-10-16,5.553900
1992-10-19,5.553900
1992-10-20,5.563400
1992-10-21,5.565400
1992-10-22,5.565400
1992-10-23,5.565400
1992-10-26,5.565400
1992-11-02,5.568400
1992-11-03,5.578900
1992-11-04,5.578900
1992-11-05,5.578900
1992-11-10,5.594200
1992-11-12,5.594200
1992-11-13,5.588100
1992-11-16,5.588100
1992-11-17,5.588100
1992-11-18,5.588100
1992-11-19,5.624000
1992-11-20,5.674100
1992-11-27,5.709700
1992-11-30,5.734100
1992-12-01,5.753100
1992-12-02,5.753100
1992-12-03,5.753100
1992-12-04,5.801900
1992-12-07,5.801900
1992-12-08,5.839600
1992-12-09,5.839600
1992-12-11,5.859600
1992-12-14,5.859600
1992-12-15,5.900700
1992-12-17,5.900700
1992-12-18,5.864600
1992-12-22,5.799500
1992-12-23,5.799500
1992-12-28,5.766200
1992-12-29,5.766200
1992-12-30,5.766200
1992-12-31,5.766200
1993-01-04,5.766200
1993-01-05,5.766200
1993-01-06,5.774400
1993-01-07,5.774400
1993-01-08,5.774400
1993-01-11,5.774400
1993-01-12,5.774400
1993-01-14,5.774400
1993-01-19,5.774400
1993-01-20,5.774400
1993-01-21,5.789400
1993-01-22,5.789400
1993-01-25,5.789400
1993-01-26,5.789400
1993-01-27,5.789400
1993-01-28,5.789400
1993-01-29,5.789400
1993-02-01,5.789400
1993-02-02,5.789400
1993-02-05,5.800000
1993-02-08,5.800000
1993-02-09,5.800000
1993-02-10,5.800000
1993-02-11,5.800000
1993-02-12,5.800000
1993-02-16,5.800000
1993-02-17,5.800000
1993-02-18,5.799500
1993-02-19,5.769400
1993-02-24,5.754600
1993-02-25,5.754600
1993-02-26,5.754600
1993-03-01,5.754600
1993-03-02,5.754600
1993-03-03,5.744300
1993-03-04,5.744300
1993-03-05,5.744300
1993-03-08,5.744300
1993-03-09,5.744300
1993-03-10,5.744300
1993-03-11,5.744300
1993-03-12,5.744300
1993-03-15,5.762400
1993-03-16,5.762400
1993-03-17,5.762400
1993-03-18,5.762400
1993-03-19,5.744200
1993-03-22,5.744200
1993-03-23,5.744200
1993-03-24,5.733300
1993-03-25,5.733300
1993-03-26,5.733300
1993-03-29,5.733300
1993-03-30,5.733300
1993-03-31,5.733300
1993-04-01,5.733300
1993-04-02,5.733300
1993-04-08,5.733300
1993-04-09,5.733300
1993-04-12,5.733300
1993-04-13,5.716300
1993-04-14,5.716300
1993-04-15,5.716300
1993-04-16,5.716500
1993-04-19,5.707600
1993-04-20,5.707600
1993-04-23,5.707600
1993-04-26,5.707600
1993-05-04,5.722700
1993-05-10,5.722700
1993-05-11,5.733100
1993-05-12,5.733100
1993-05-13,5.743300
1993-05-14,5.743300
1993-05-17,5.743300
1993-05-18,5.743300
1993-05-19,5.743300
1993-05-20,5.743300
1993-05-21,5.743300
1993-05-24,5.743300
1993-05-25,5.743300
1993-05-26,5.743300
1993-05-28,5.743300
1993-06-02,5.743300
1993-06-03,5.743300
1993-06-04,5.724300
1993-06-07,5.724300
1993-06-08,5.724300
1993-06-09,5.724300
1993-06-10,5.724300
1993-06-11,5.724300
1993-06-14,5.724300
1993-06-15,5.752900
1993-06-16,5.764600
1993-06-17,5.764600
1993-06-18,5.764600
1993-06-23,5.775600
1993-06-24,5.775600
1993-06-25,5.775600
1993-06-28,5.775600
1993-06-29,5.775600
1993-06-30,5.775600
1993-07-01,5.775600
1993-07-02,5.775600
1993-07-06,5.775600
1993-07-07,5.775600
1993-07-08,5.775600
1993-07-09,5.775600
1993-07-12,5.775600
1993-07-13,5.775600
1993-07-14,5.775600
1993-07-15,5.775600
1993-07-16,5.775600
1993-07-19,5.775600
1993-07-20,5.775600
1993-07-21,5.775600
1993-07-22,5.775600
1993-07-23,5.775600
1993-07-26,5.775600
1993-07-27,5.775600
1993-07-28,5.775600
1993-07-29,5.775600
1993-07-30,5.775600
1993-08-02,5.775600
1993-08-03,5.775600
1993-08-04,5.775600
1993-08-05,5.775600
1993-08-06,5.775600
1993-08-09,5.775600
1993-08-10,5.775600
1993-08-11,5.796300
1993-08-12,5.796300
1993-08-13,5.796300
1993-08-16,5.796300
1993-08-17,5.796300
1993-08-18,5.796300
1993-08-19,5.796300
1993-08-20,5.796300
1993-08-23,5.796300
1993-08-24,5.796300
1993-08-25,5.796300
1993-08-26,5.796300
1993-08-27,5.796300
1993-08-30,5.806300
1993-08-31,5.806300
1993-09-01,5.806300
1993-09-02,5.801300
1993-09-03,5.801300
1993-09-07,5.801300
1993-09-08,5.801300
1993-09-09,5.801300
1993-09-10,5.801300
1993-09-13,5.801300
1993-09-14,5.801300
1993-09-15,5.801300
1993-09-16,5.801300
1993-09-17,5.801300
1993-09-20,5.801300
1993-09-21,5.801300
1993-09-22,5.801300
1993-09-23,5.801300
1993-09-24,5.801300
1993-09-27,5.801300
1993-09-28,5.801300
1993-09-29,5.801300
1993-09-30,5.801300
1993-10-01,5.801300
1993-10-04,5.801300
1993-10-05,5.801300
1993-10-06,5.801300
1993-10-07,5.801300
1993-10-08,5.801300
1993-10-12,5.801300
1993-10-13,5.801300
1993-10-14,5.801300
1993-10-15,5.801300
1993-10-18,5.801300
1993-10-19,5.801300
1993-10-20,5.801300
1993-10-21,5.801300
1993-10-22,5.801300
1993-10-25,5.801300
1993-10-26,5.801300
1993-10-27,5.801300
1993-10-28,5.801300
1993-10-29,5.801300
1993-11-01,5.801300
1993-11-02,5.801300
1993-11-03,5.801300
1993-11-04,5.801300
1993-11-05,5.801300
1993-11-08,5.801300
1993-11-09,5.801300
1993-11-10,5.801300
1993-11-12,5.801300
1993-11-15,5.801300
1993-11-16,5.801300
1993-11-17,5.801300
1993-11-18,5.819500
1993-11-19,5.819500
1993-11-22,5.819500
1993-11-23,5.819500
1993-11-24,5.819500
1993-11-26,5.819500
1993-11-29,5.819500
1993-11-30,5.819500
1993-12-01,5.819500
1993-12-02,5.819500
1993-12-03,5.819500
1993-12-06,5.819500
1993-12-07,5.819500
1993-12-08,5.819500
1993-12-09,5.819500
1993-12-10,5.819500
1993-12-13,5.819500
1993-12-14,5.819500
1993-12-15,5.824500
1993-12-16,5.824500
1993-12-17,5.824500
1993-12-20,5.824500
1993-12-21,5.824500
1993-12-22,5.824500
1993-12-23,5.824200
1993-12-24,5.824500
1993-12-27,5.824500
1993-12-28,5.824500
1993-12-29,5.814500
1993-12-30,5.814500
1993-12-31,5.814500
1994-01-03,8.721700
1994-01-04,8.721700
1994-01-05,8.721700
1994-01-06,8.721700
1994-01-07,8.711700
1994-01-10,8.721700
1994-01-11,8.721700
1994-01-12,8.721700
1994-01-13,8.721700
1994-01-14,8.721700
1994-01-18,8.721700
1994-01-19,8.721700
1994-01-20,8.721700
1994-01-21,8.725700
1994-01-24,8.721700
1994-01-25,8.731800
1994-01-26,8.721700
1994-01-27,8.721700
1994-01-28,8.721700
1994-01-31,8.721700
1994-02-01,8.721100
1994-02-02,8.722800
1994-02-03,8.725200
1994-02-04,8.722800
1994-02-07,8.722300
1994-02-08,8.729200
1994-02-09,8.729200
1994-02-10,8.729200
1994-02-11,8.729200
1994-02-14,8.729200
1994-02-15,8.729900
1994-02-16,8.724200
1994-02-17,8.728300
1994-02-18,8.723800
1994-02-22,8.721200
1994-02-23,8.718300
1994-02-24,8.724000
1994-02-25,8.716400
1994-02-28,8.726200
1994-03-01,8.723800
1994-03-02,8.726800
1994-03-03,8.727800
1994-03-04,8.728000
1994-03-07,8.728400
1994-03-08,8.726800
1994-03-09,8.725600
1994-03-10,8.722100
1994-03-11,8.725600
1994-03-14,8.722300
1994-03-15,8.721700
1994-03-16,8.722500
1994-03-17,8.721900
1994-03-18,8.720800
1994-03-21,8.720900
1994-03-22,8.719500
1994-03-23,8.721000
1994-03-24,8.727300
1994-03-25,8.723000
1994-03-28,8.723400
1994-03-29,8.724200
1994-03-30,8.721900
1994-03-31,8.729800
1994-04-05,8.729800
1994-04-06,8.729800
1994-04-07,8.729800
1994-04-08,8.729800
1994-04-11,8.729800
1994-04-12,8.729800
1994-04-13,8.729800
1994-04-14,8.729800
1994-04-15,8.739800
1994-04-18,8.715200
1994-04-19,8.714500
1994-04-20,8.713700
1994-04-21,8.712500
1994-04-22,8.712500
1994-04-25,8.740900
1994-04-26,8.709400
1994-04-27,8.727700
1994-04-28,8.727200
1994-04-29,8.724700
1994-05-02,8.709700
1994-05-03,8.698400
1994-05-04,8.693600
1994-05-05,8.688200
1994-05-06,8.686400
1994-05-09,8.685300
1994-05-10,8.684000
1994-05-11,8.682900
1994-05-12,8.712000
1994-05-13,8.681000
1994-05-16,8.680600
1994-05-17,8.680700
1994-05-18,8.680500
1994-05-19,8.680400
1994-05-20,8.680200
1994-05-23,8.680400
1994-05-24,8.680200
1994-05-25,8.680200
1994-05-26,8.680000
1994-05-27,8.679800
1994-05-31,8.679600
1994-06-01,8.679400
1994-06-02,8.679100
1994-06-03,8.709000
1994-06-06,8.679000
1994-06-07,8.709000
1994-06-08,8.708800
1994-06-09,8.708500
1994-06-10,8.708300
1994-06-13,8.678100
1994-06-14,8.677900
1994-06-15,8.677500
1994-06-16,8.677300
1994-06-17,8.677100
1994-06-20,8.676900
1994-06-21,8.676400
1994-06-22,8.675700
1994-06-23,8.675000
1994-06-24,8.674400
1994-06-27,8.673900
1994-06-28,8.673300
1994-06-29,8.672600
1994-06-30,8.671700
1994-07-01,8.700100
1994-07-05,8.669600
1994-07-06,8.669000
1994-07-07,8.668100
1994-07-08,8.667400
1994-07-11,8.666600
1994-07-12,8.665800
1994-07-13,8.664700
1994-07-14,8.663700
1994-07-15,8.662900
1994-07-18,8.661800
1994-07-19,8.660800
1994-07-20,8.658900
1994-07-21,8.656400
1994-07-22,8.653500
1994-07-25,8.649500
1994-07-26,8.646400
1994-07-27,8.643800
1994-07-28,8.641400
1994-07-29,8.639700
1994-08-01,8.636900
1994-08-02,8.634100
1994-08-03,8.631400
1994-08-04,8.628800
1994-08-05,8.625500
1994-08-08,8.622300
1994-08-09,8.620300
1994-08-10,8.618200
1994-08-11,8.616200
1994-08-12,8.613800
1994-08-15,8.611200
1994-08-16,8.608700
1994-08-17,8.605600
1994-08-18,8.603100
1994-08-19,8.600100
1994-08-22,8.597400
1994-08-23,8.595800
1994-08-24,8.593500
1994-08-25,8.590800
1994-08-26,8.567500
1994-08-29,8.584300
1994-08-30,8.581600
1994-08-31,8.579100
1994-09-01,8.576500
1994-09-02,8.574000
1994-09-06,8.569100
1994-09-07,8.567000
1994-09-08,8.564800
1994-09-09,8.562200
1994-09-12,8.560700
1994-09-13,8.559600
1994-09-14,8.558100
1994-09-15,8.556500
1994-09-16,8.555200
1994-09-19,8.554000
1994-09-20,8.553700
1994-09-21,8.553300
1994-09-22,8.552500
1994-09-23,8.552000
1994-09-26,8.551100
1994-09-27,8.550300
1994-09-28,8.550300
1994-09-29,8.550100
1994-09-30,8.550000
1994-10-03,8.550000
1994-10-04,8.550000
1994-10-05,8.550100
1994-10-06,8.550000
1994-10-07,8.550000
1994-10-11,8.550000
1994-10-12,8.550000
1994-10-13,8.549700
1994-10-14,8.549700
1994-10-17,8.549700
1994-10-18,8.549600
1994-10-19,8.549600
1994-10-20,8.549600
1994-10-21,8.549500
1994-10-24,8.549000
1994-10-25,8.548500
1994-10-26,8.548500
1994-10-27,8.547300
1994-10-28,8.546600
1994-10-31,8.546000
1994-11-01,8.545400
1994-11-02,8.545400
1994-11-03,8.543800
1994-11-04,8.543800
1994-11-07,8.543800
1994-11-08,8.543800
1994-11-09,8.540000
1994-11-10,8.539000
1994-11-14,8.537400
1994-11-15,8.537400
1994-11-16,8.535300
1994-11-17,8.534000
1994-11-18,8.533600
1994-11-21,8.533600
1994-11-22,8.532600
1994-11-23,8.532600
1994-11-25,8.530500
1994-11-28,8.530100
1994-11-29,8.529300
1994-11-30,8.529000
1994-12-01,8.528400
1994-12-02,8.527900
1994-12-05,8.527400
1994-12-06,8.527000
1994-12-07,8.524100
1994-12-08,8.522500
1994-12-09,8.519200
1994-12-12,8.516000
1994-12-13,8.513000
1994-12-14,8.510100
1994-12-15,8.507400
1994-12-16,8.503500
1994-12-19,8.500100
1994-12-20,8.495400
1994-12-21,8.492000
1994-12-22,8.487700
1994-12-23,8.482600
1994-12-27,8.478800
1994-12-28,8.471800
1994-12-29,8.469100
1994-12-30,8.466200
1995-01-03,8.464700
1995-01-04,8.464700
1995-01-05,8.463000
1995-01-06,8.462600
1995-01-09,8.462200
1995-01-10,8.461700
1995-01-11,8.461500
1995-01-12,8.461200
1995-01-13,8.461100
1995-01-17,8.460700
1995-01-18,8.460500
1995-01-19,8.460200
1995-01-20,8.460000
1995-01-23,8.459700
1995-01-24,8.459400
1995-01-25,8.459000
1995-01-26,8.458700
1995-01-27,8.458400
1995-01-30,8.458400
1995-01-31,8.458400
1995-02-01,8.458500
1995-02-02,8.458400
1995-02-03,8.458400
1995-02-06,8.458000
1995-02-07,8.457500
1995-02-08,8.457000
1995-02-09,8.456400
1995-02-10,8.456000
1995-02-13,8.455500
1995-02-14,8.455200
1995-02-15,8.455100
1995-02-16,8.455200
1995-02-17,8.455200
1995-02-21,8.453700
1995-02-22,8.452900
1995-02-23,8.452400
1995-02-24,8.452000
1995-02-27,8.451600
1995-02-28,8.451100
1995-03-01,8.450800
1995-03-02,8.459900
1995-03-03,8.459400
1995-03-06,8.448200
1995-03-07,8.447300
1995-03-08,8.446500
1995-03-09,8.445900
1995-03-10,8.446100
1995-03-13,8.446400
1995-03-14,8.446500
1995-03-15,8.447400
1995-03-16,8.448000
1995-03-17,8.447300
1995-03-20,8.447000
1995-03-21,8.446200
1995-03-22,8.446800
1995-03-23,8.447200
1995-03-24,8.447600
1995-03-27,8.447700
1995-03-28,8.447700
1995-03-29,8.447500
1995-03-30,8.446900
1995-03-31,8.446400
1995-04-03,8.446000
1995-04-04,8.445700
1995-04-05,8.445600
1995-04-06,8.445200
1995-04-07,8.445100
1995-04-10,8.445200
1995-04-11,8.445000
1995-04-12,8.444600
1995-04-13,8.444200
1995-04-14,8.444100
1995-04-17,8.443800
1995-04-18,8.443600
1995-04-19,8.443400
1995-04-20,8.443200
1995-04-21,8.443000
1995-04-24,8.442700
1995-04-25,8.440500
1995-04-26,8.433800
1995-04-27,8.430200
1995-04-28,8.427400
1995-05-01,8.427400
1995-05-02,8.415200
1995-05-03,8.399400
1995-05-04,8.384800
1995-05-05,8.364200
1995-05-08,8.354700
1995-05-09,8.344700
1995-05-10,8.325300
1995-05-11,8.315000
1995-05-12,8.302800
1995-05-15,8.291600
1995-05-16,8.298200
1995-05-17,8.306300
1995-05-18,8.310700
1995-05-19,8.313200
1995-05-22,8.315900
1995-05-23,8.318800
1995-05-24,8.322200
1995-05-25,8.324100
1995-05-26,8.326300
1995-05-30,8.327700
1995-05-31,8.325500
1995-06-01,8.323600
1995-06-02,8.321800
1995-06-05,8.319800
1995-06-06,8.320400
1995-06-07,8.318300
1995-06-08,8.316600
1995-06-09,8.320000
1995-06-12,8.320800
1995-06-13,8.320300
1995-06-14,8.320000
1995-06-15,8.321900
1995-06-16,8.320400
1995-06-19,8.320200
1995-06-20,8.320000
1995-06-21,8.320900
1995-06-22,8.321800
1995-06-23,8.321500
1995-06-26,8.321300
1995-06-27,8.320700
1995-06-28,8.320700
1995-06-29,8.321000
1995-06-30,8.321100
1995-07-03,8.320700
1995-07-05,8.320100
1995-07-06,8.320000
1995-07-07,8.320000
1995-07-10,8.322300
1995-07-11,8.322000
1995-07-12,8.321700
1995-07-13,8.321400
1995-07-14,8.321100
1995-07-17,8.320900
1995-07-18,8.321300
1995-07-19,8.321100
1995-07-20,8.320400
1995-07-21,8.320200
1995-07-24,8.320400
1995-07-25,8.320300
1995-07-26,8.320200
1995-07-27,8.320200
1995-07-28,8.320300
1995-07-31,8.320300
1995-08-01,8.320000
1995-08-02,8.320200
1995-08-03,8.320200
1995-08-04,8.300000
1995-08-07,8.320000
1995-08-08,8.321400
1995-08-09,8.321600
1995-08-10,8.322300
1995-08-11,8.322500
1995-08-14,8.323800
1995-08-15,8.325700
1995-08-16,8.329400
1995-08-17,8.320600
1995-08-18,8.321700
1995-08-21,8.332200
1995-08-22,8.332500
1995-08-23,8.333300
1995-08-24,8.334800
1995-08-25,8.335300
1995-08-28,8.336500
1995-08-29,8.328200
1995-08-30,8.329300
1995-08-31,8.329800
1995-09-01,8.329200
1995-09-05,8.338100
1995-09-06,8.337800
1995-09-07,8.337500
1995-09-08,8.337500
1995-09-11,8.337700
1995-09-12,8.338000
1995-09-13,8.338400
1995-09-14,8.339000
1995-09-15,8.339400
1995-09-18,8.339700
1995-09-19,8.332900
1995-09-20,8.339800
1995-09-21,8.329400
1995-09-22,8.339400
1995-09-25,8.339400
1995-09-26,8.339200
1995-09-27,8.339000
1995-09-28,8.338900
1995-09-29,8.338500
1995-10-02,8.338500
1995-10-03,8.338500
1995-10-04,8.338500
1995-10-05,8.338000
1995-10-06,8.337400
1995-10-10,8.335800
1995-10-11,8.335000
1995-10-12,8.334400
1995-10-13,8.334200
1995-10-16,8.334800
1995-10-17,8.334800
1995-10-18,8.334100
1995-10-19,8.334200
1995-10-20,8.334400
1995-10-23,8.333900
1995-10-24,8.333600
1995-10-25,8.333700
1995-10-26,8.334300
1995-10-27,8.334400
1995-10-30,8.334900
1995-10-31,8.334900
1995-11-01,8.334600
1995-11-02,8.334800
1995-11-03,8.334700
1995-11-06,8.334700
1995-11-07,8.334900
1995-11-08,8.334800
1995-11-09,8.334600
1995-11-10,8.334000
1995-11-13,8.333900
1995-11-14,8.333600
1995-11-15,8.333100
1995-11-16,8.333500
1995-11-17,8.333200
1995-11-20,8.333000
1995-11-21,8.332900
1995-11-22,8.332800
1995-11-24,8.332200
1995-11-27,8.332200
1995-11-28,8.331600
1995-11-29,8.331600
1995-11-30,8.331600
1995-12-01,8.332700
1995-12-04,8.333100
1995-12-05,8.333200
1995-12-06,8.333300
1995-12-07,8.333500
1995-12-08,8.333800
1995-12-11,8.320000
1995-12-12,8.334800
1995-12-13,8.334600
1995-12-14,8.335400
1995-12-15,8.337100
1995-12-18,8.338000
1995-12-19,8.337600
1995-12-20,8.337400
1995-12-21,8.337300
1995-12-22,8.337400
1995-12-26,8.337900
1995-12-27,8.337900
1995-12-28,8.337900
1995-12-29,8.337400
1996-01-02,8.338000
1996-01-03,8.339100
1996-01-04,8.340300
1996-01-05,8.340400
1996-01-08,8.341500
1996-01-09,8.341400
1996-01-10,8.340800
1996-01-11,8.340400
1996-01-12,8.340400
1996-01-16,8.340400
1996-01-17,8.340200
1996-01-18,8.339100
1996-01-19,8.337800
1996-01-22,8.337400
1996-01-23,8.337000
1996-01-24,8.336300
1996-01-25,8.336700
1996-01-26,8.335700
1996-01-29,8.335000
1996-01-30,8.334700
1996-01-31,8.333800
1996-02-01,8.333200
1996-02-02,8.332700
1996-02-05,8.333100
1996-02-06,8.332000
1996-02-07,8.331100
1996-02-08,8.330000
1996-02-09,8.329400
1996-02-12,8.329200
1996-02-13,8.330400
1996-02-14,8.330000
1996-02-15,8.331200
1996-02-16,8.333600
1996-02-20,8.335200
1996-02-21,8.335200
1996-02-22,8.335200
1996-02-23,8.335200
1996-02-26,8.336900
1996-02-27,8.339600
1996-02-28,8.340700
1996-02-29,8.341100
1996-03-01,8.341100
1996-03-04,8.340800
1996-03-05,8.341000
1996-03-06,8.342300
1996-03-07,8.342900
1996-03-08,8.343900
1996-03-11,8.346300
1996-03-12,8.349900
1996-03-13,8.354800
1996-03-14,8.353300
1996-03-15,8.351700
1996-03-18,8.352700
1996-03-19,8.353000
1996-03-20,8.352000
1996-03-21,8.352000
1996-03-22,8.353000
1996-03-25,8.354900
1996-03-26,8.354200
1996-03-27,8.353300
1996-03-28,8.353500
1996-03-29,8.353800
1996-04-01,8.353900
1996-04-02,8.353900
1996-04-03,8.353800
1996-04-04,8.352500
1996-04-05,8.351100
1996-04-08,8.351200
1996-04-09,8.351500
1996-04-10,8.351800
1996-04-11,8.352400
1996-04-12,8.352200
1996-04-15,8.352100
1996-04-16,8.351700
1996-04-17,8.351200
1996-04-18,8.350900
1996-04-19,8.350600
1996-04-22,8.350000
1996-04-23,8.350200
1996-04-24,8.350100
1996-04-25,8.350100
1996-04-26,8.350000
1996-04-29,8.350600
1996-04-30,8.350100
1996-05-01,8.350100
1996-05-02,8.350100
1996-05-03,8.350000
1996-05-06,8.350000
1996-05-07,8.350000
1996-05-08,8.350000
1996-05-09,8.350100
1996-05-10,8.350200
1996-05-13,8.350200
1996-05-14,8.350000
1996-05-15,8.350100
1996-05-16,8.350000
1996-05-17,8.349300
1996-05-20,8.348400
1996-05-21,8.347300
1996-05-22,8.347200
1996-05-23,8.346700
1996-05-24,8.346700
1996-05-28,8.344800
1996-05-29,8.330000
1996-05-30,8.346300
1996-05-31,8.345500
1996-06-03,8.345400
1996-06-04,8.344900
1996-06-05,8.343900
1996-06-06,8.343400
1996-06-07,8.343700
1996-06-10,8.343400
1996-06-11,8.343500
1996-06-12,8.342900
1996-06-13,8.342100
1996-06-14,8.341700
1996-06-17,8.342200
1996-06-18,8.342400
1996-06-19,8.341800
1996-06-20,8.341200
1996-06-21,8.340300
1996-06-24,8.340100
1996-06-25,8.340600
1996-06-26,8.340600
1996-06-27,8.341000
1996-06-28,8.342100
1996-07-01,8.341700
1996-07-02,8.341100
1996-07-03,8.340100
1996-07-05,8.340000
1996-07-08,8.338700
1996-07-09,8.337200
1996-07-10,8.336100
1996-07-11,8.336000
1996-07-12,8.335900
1996-07-15,8.336500
1996-07-16,8.345100
1996-07-17,8.345200
1996-07-18,8.344700
1996-07-19,8.345200
1996-07-22,8.344000
1996-07-23,8.343200
1996-07-24,8.343000
1996-07-25,8.342700
1996-07-26,8.341400
1996-07-29,8.341100
1996-07-30,8.340900
1996-07-31,8.340700
1996-08-01,8.340500
1996-08-02,8.340400
1996-08-05,8.340000
1996-08-06,8.339800
1996-08-07,8.339500
1996-08-08,8.339500
1996-08-09,8.339000
1996-08-12,8.338600
1996-08-13,8.338000
1996-08-14,8.337400
1996-08-15,8.337200
1996-08-16,8.336900
1996-08-19,8.336600
1996-08-20,8.336500
1996-08-21,8.337100
1996-08-22,8.336900
1996-08-23,8.337100
1996-08-26,8.337100
1996-08-27,8.336900
1996-08-28,8.336600
1996-08-29,8.336400
1996-08-30,8.336300
1996-09-03,8.336000
1996-09-04,8.336100
1996-09-05,8.335900
1996-09-06,8.335700
1996-09-09,8.335500
1996-09-10,8.335400
1996-09-11,8.335300
1996-09-12,8.335200
1996-09-13,8.335000
1996-09-16,8.334500
1996-09-17,8.334300
1996-09-18,8.334100
1996-09-19,8.333600
1996-09-20,8.333000
1996-09-23,8.332400
1996-09-24,8.332200
1996-09-25,8.332500
1996-09-26,8.332100
1996-09-27,8.331700
1996-09-30,8.331700
1996-10-01,8.331700
1996-10-02,8.331700
1996-10-03,8.331500
1996-10-04,8.330700
1996-10-07,8.330700
1996-10-08,8.331500
1996-10-09,8.330500
1996-10-10,8.329900
1996-10-11,8.329300
1996-10-15,8.328100
1996-10-16,8.327500
1996-10-17,8.327000
1996-10-18,8.327800
1996-10-21,8.330000
1996-10-22,8.330000
1996-10-23,8.330000
1996-10-24,8.330000
1996-10-25,8.330000
1996-10-28,8.330000
1996-10-29,8.330000
1996-10-30,8.330000
1996-10-31,8.330000
1996-11-01,8.328500
1996-11-04,8.327900
1996-11-05,8.327700
1996-11-06,8.327500
1996-11-07,8.327300
1996-11-08,8.327000
1996-11-12,8.326700
1996-11-13,8.328100
1996-11-14,8.329400
1996-11-15,8.330000
1996-11-18,8.330200
1996-11-19,8.330200
1996-11-20,8.330100
1996-11-21,8.331100
1996-11-22,8.331700
1996-11-25,8.331700
1996-11-26,8.331200
1996-11-27,8.331000
1996-11-29,8.331200
1996-12-02,8.331200
1996-12-03,8.331100
1996-12-04,8.331300
1996-12-05,8.331300
1996-12-06,8.330200
1996-12-09,8.329600
1996-12-10,8.329400
1996-12-11,8.329200
1996-12-12,8.329500
1996-12-13,8.329000
1996-12-16,8.328600
1996-12-17,8.328300
1996-12-18,8.327900
1996-12-19,8.327500
1996-12-20,8.327000
1996-12-23,8.327700
1996-12-24,8.328000
1996-12-26,8.327700
1996-12-27,8.328200
1996-12-30,8.328200
1996-12-31,8.328400
1997-01-02,8.328300
1997-01-03,8.328300
1997-01-06,8.328000
1997-01-07,8.327600
1997-01-08,8.327200
1997-01-09,8.326800
1997-01-10,8.326700
1997-01-13,8.326600
1997-01-14,8.326400
1997-01-15,8.326200
1997-01-16,8.325800
1997-01-17,8.325600
1997-01-21,8.325500
1997-01-22,8.325400
1997-01-23,8.325400
1997-01-24,8.325100
1997-01-27,8.324800
1997-01-28,8.324400
1997-01-29,8.324000
1997-01-30,8.323800
1997-01-31,8.323400
1997-02-03,8.323100
1997-02-04,8.322700
1997-02-05,8.322500
1997-02-06,8.321600
1997-02-07,8.321600
1997-02-10,8.321600
1997-02-11,8.321600
1997-02-12,8.320000
1997-02-13,8.322200
1997-02-14,8.322500
1997-02-18,8.322100
1997-02-19,8.323800
1997-02-20,8.323900
1997-02-21,8.324100
1997-02-24,8.323800
1997-02-25,8.320000
1997-02-26,8.324800
1997-02-27,8.324800
1997-02-28,8.325400
1997-03-03,8.326000
1997-03-04,8.325300
1997-03-05,8.325000
1997-03-06,8.325700
1997-03-07,8.325700
1997-03-10,8.325300
1997-03-11,8.325200
1997-03-12,8.325300
1997-03-13,8.325500
1997-03-14,8.325500
1997-03-17,8.325800
1997-03-18,8.325800
1997-03-19,8.325900
1997-03-20,8.325900
1997-03-21,8.325600
1997-03-24,8.325600
1997-03-25,8.326800
1997-03-26,8.326600
1997-03-27,8.326400
1997-03-28,8.326400
1997-03-31,8.325500
1997-04-01,8.325300
1997-04-02,8.326300
1997-04-03,8.326900
1997-04-04,8.326800
1997-04-07,8.326600
1997-04-08,8.326600
1997-04-09,8.326500
1997-04-10,8.326500
1997-04-11,8.326900
1997-04-14,8.326500
1997-04-15,8.326100
1997-04-16,8.325600
1997-04-17,8.325100
1997-04-18,8.325100
1997-04-21,8.324800
1997-04-22,8.324900
1997-04-23,8.324600
1997-04-24,8.324800
1997-04-25,8.324300
1997-04-28,8.324900
1997-04-29,8.324900
1997-04-30,8.324500
1997-05-01,8.324500
1997-05-02,8.324500
1997-05-05,8.324700
1997-05-06,8.324300
1997-05-07,8.323800
1997-05-08,8.323400
1997-05-09,8.323100
1997-05-12,8.323000
1997-05-13,8.322800
1997-05-14,8.322500
1997-05-15,8.322100
1997-05-16,8.321800
1997-05-19,8.322300
1997-05-20,8.321900
1997-05-21,8.322100
1997-05-22,8.322300
1997-05-23,8.322300
1997-05-27,8.321600
1997-05-28,8.322400
1997-05-29,8.322400
1997-05-30,8.322100
1997-06-02,8.321700
1997-06-03,8.321900
1997-06-04,8.321500
1997-06-05,8.322100
1997-06-06,8.323200
1997-06-09,8.322300
1997-06-10,8.322200
1997-06-11,8.322300
1997-06-12,8.323500
1997-06-13,8.323000
1997-06-16,8.323100
1997-06-17,8.322800
1997-06-18,8.322500
1997-06-19,8.321500
1997-06-20,8.321500
1997-06-23,8.321600
1997-06-24,8.321400
1997-06-25,8.321000
1997-06-26,8.321000
1997-06-27,8.329000
1997-06-30,8.320700
1997-07-01,8.320800
1997-07-02,8.321000
1997-07-03,8.321400
1997-07-07,8.321800
1997-07-08,8.321900
1997-07-09,8.322000
1997-07-10,8.321300
1997-07-11,8.320600
1997-07-14,8.321000
1997-07-15,8.321600
1997-07-16,8.321900
1997-07-17,8.321000
1997-07-18,8.321500
1997-07-21,8.321100
1997-07-22,8.320900
1997-07-23,8.320900
1997-07-24,8.320800
1997-07-25,8.320500
1997-07-28,8.300300
1997-07-29,8.291300
1997-07-30,8.291100
1997-07-31,8.291300
1997-08-01,8.320300
1997-08-04,8.320500
1997-08-05,8.320300
1997-08-06,8.320000
1997-08-07,8.320300
1997-08-08,8.319700
1997-08-11,8.319600
1997-08-12,8.319100
1997-08-13,8.311600
1997-08-14,8.319300
1997-08-15,8.311900
1997-08-18,8.318500
1997-08-19,8.319000
1997-08-20,8.320000
1997-08-21,8.319100
1997-08-22,8.319000
1997-08-25,8.319000
1997-08-26,8.319000
1997-08-27,8.319200
1997-08-28,8.318500
1997-08-29,8.318400
1997-09-02,8.318300
1997-09-03,8.318900
1997-09-04,8.319100
1997-09-05,8.318400
1997-09-09,8.318100
1997-09-10,8.318700
1997-09-11,8.318900
1997-09-12,8.318100
1997-09-15,8.318100
1997-09-16,8.317100
1997-09-17,8.317500
1997-09-18,8.317300
1997-09-19,8.316400
1997-09-22,8.315900
1997-09-23,8.315400
1997-09-24,8.315100
1997-09-25,8.315000
1997-09-26,8.315000
1997-09-29,8.315200
1997-09-30,8.314900
1997-10-01,8.314900
1997-10-02,8.314900
1997-10-03,8.314900
1997-10-06,8.314500
1997-10-07,8.314500
1997-10-08,8.310000
1997-10-09,8.314100
1997-10-10,8.313500
1997-10-14,8.313200
1997-10-15,8.313900
1997-10-16,8.314200
1997-10-17,8.313900
1997-10-20,8.313500
1997-10-21,8.313200
1997-10-22,8.310000
1997-10-23,8.313600
1997-10-24,8.313300
1997-10-27,8.313400
1997-10-28,8.313000
1997-10-29,8.313200
1997-10-30,8.313600
1997-10-31,8.313400
1997-11-03,8.312900
1997-11-04,8.312600
1997-11-05,8.312200
1997-11-06,8.312000
1997-11-07,8.311700
1997-11-10,8.311300
1997-11-12,8.310800
1997-11-13,8.310500
1997-11-14,8.310600
1997-11-17,8.310500
1997-11-18,8.310400
1997-11-19,8.310300
1997-11-20,8.310300
1997-11-21,8.310200
1997-11-24,8.310100
1997-11-25,8.310000
1997-11-26,8.310100
1997-11-28,8.309600
1997-12-01,8.309600
1997-12-02,8.309900
1997-12-03,8.310100
1997-12-04,8.310000
1997-12-05,8.310000
1997-12-08,8.310000
1997-12-09,8.310000
1997-12-10,8.310000
1997-12-11,8.309600
1997-12-12,8.309300
1997-12-15,8.310000
1997-12-16,8.310000
1997-12-17,8.310000
1997-12-18,8.310000
1997-12-19,8.310000
1997-12-22,8.310000
1997-12-23,8.310000
1997-12-24,8.310000
1997-12-26,8.309300
1997-12-29,8.310000
1997-12-30,8.310000
1997-12-31,8.310000
1998-01-02,8.310000
1998-01-05,8.310000
1998-01-06,8.310000
1998-01-07,8.300000
1998-01-08,8.310000
1998-01-09,8.310000
1998-01-12,8.310000
1998-01-13,8.310000
1998-01-14,8.310000
1998-01-15,8.310000
1998-01-16,8.308900
1998-01-20,8.310000
1998-01-21,8.310000
1998-01-22,8.310000
1998-01-23,8.310000
1998-01-26,8.310000
1998-01-27,8.310000
1998-01-28,8.310000
1998-01-29,8.310000
1998-01-30,8.310000
1998-02-02,8.279000
1998-02-03,8.310000
1998-02-04,8.310000
1998-02-05,8.310000
1998-02-06,8.309500
1998-02-09,8.290000
1998-02-10,8.310000
1998-02-11,8.310000
1998-02-12,8.310000
1998-02-13,8.309600
1998-02-17,8.310000
1998-02-18,8.310000
1998-02-19,8.310000
1998-02-20,8.309200
1998-02-23,8.310000
1998-02-24,8.310000
1998-02-25,8.309000
1998-02-26,8.310000
1998-02-27,8.310000
1998-03-02,8.310000
1998-03-03,8.310000
1998-03-04,8.310000
1998-03-05,8.309100
1998-03-06,8.318000
1998-03-09,8.310000
1998-03-10,8.310000
1998-03-11,8.310000
1998-03-12,8.310000
1998-03-13,8.310000
1998-03-16,8.280000
1998-03-17,8.310000
1998-03-18,8.310000
1998-03-19,8.310000
1998-03-20,8.310000
1998-03-23,8.310000
1998-03-24,8.310000
1998-03-25,8.310000
1998-03-26,8.310000
1998-03-27,8.310000
1998-03-30,8.310000
1998-03-31,8.280000
1998-04-01,8.310000
1998-04-02,8.310000
1998-04-03,8.280000
1998-04-06,8.310000
1998-04-07,8.310000
1998-04-08,8.310000
1998-04-09,8.310000
1998-04-10,8.310000
1998-04-13,8.310000
1998-04-14,8.310000
1998-04-15,8.310000
1998-04-16,8.310000
1998-04-17,8.310000
1998-04-20,8.310000
1998-04-21,8.310000
1998-04-22,8.310000
1998-04-23,8.310000
1998-04-24,8.278600
1998-04-27,8.279000
1998-04-28,8.310000
1998-04-29,8.310000
1998-04-30,8.310000
1998-05-01,8.277900
1998-05-04,8.310000
1998-05-05,8.310000
1998-05-06,8.310000
1998-05-07,8.310000
1998-05-08,8.310000
1998-05-11,8.310000
1998-05-12,8.310000
1998-05-13,8.310000
1998-05-14,8.310000
1998-05-15,8.310000
1998-05-18,8.310000
1998-05-19,8.310000
1998-05-20,8.310000
1998-05-21,8.310000
1998-05-22,8.310000
1998-05-26,8.310000
1998-05-27,8.310000
1998-05-28,8.310000
1998-05-29,8.310000
1998-06-01,8.310000
1998-06-02,8.310000
1998-06-03,8.310000
1998-06-04,8.310000
1998-06-05,8.310000
1998-06-08,8.310000
1998-06-09,8.310000
1998-06-10,8.310000
1998-06-11,8.310000
1998-06-12,8.310000
1998-06-15,8.310000
1998-06-16,8.310000
1998-06-17,8.310000
1998-06-18,8.310000
1998-06-19,8.310000
1998-06-22,8.310000
1998-06-23,8.310000
1998-06-24,8.310000
1998-06-25,8.310000
1998-06-26,8.310000
1998-06-29,8.310000
1998-06-30,8.310000
1998-07-01,8.310000
1998-07-02,8.310000
1998-07-03,8.310000
1998-07-06,8.310000
1998-07-07,8.310000
1998-07-08,8.310000
1998-07-09,8.310000
1998-07-10,8.310000
1998-07-13,8.310000
1998-07-14,8.310000
1998-07-15,8.310000
1998-07-16,8.310000
1998-07-17,8.310000
1998-07-20,8.310000
1998-07-21,8.310000
1998-07-22,8.310000
1998-07-23,8.310000
1998-07-24,8.310000
1998-07-27,8.310000
1998-07-28,8.310000
1998-07-29,8.310000
1998-07-30,8.310000
1998-07-31,8.310000
1998-08-03,8.310000
1998-08-04,8.310000
1998-08-05,8.310000
1998-08-06,8.310000
1998-08-07,8.310000
1998-08-10,8.310000
1998-08-11,8.310000
1998-08-12,8.310000
1998-08-13,8.310000
1998-08-14,8.310000
1998-08-17,8.310000
1998-08-18,8.310000
1998-08-19,8.310000
1998-08-20,8.310000
1998-08-21,8.310000
1998-08-24,8.310000
1998-08-25,8.310000
1998-08-26,8.310000
1998-08-27,8.310000
1998-08-28,8.310000
1998-08-31,8.310000
1998-09-01,8.310000
1998-09-02,8.310000
1998-09-03,8.310000
1998-09-04,8.310000
1998-09-08,8.310000
1998-09-09,8.310000
1998-09-10,8.310000
1998-09-11,8.310000
1998-09-14,8.310000
1998-09-15,8.310000
1998-09-16,8.310000
1998-09-17,8.310000
1998-09-18,8.310000
1998-09-21,8.310000
1998-09-22,8.310000
1998-09-23,8.310000
1998-09-24,8.310000
1998-09-25,8.310000
1998-09-28,8.278300
1998-09-29,8.278200
1998-09-30,8.278000
1998-10-01,8.278000
1998-10-02,8.278000
1998-10-05,8.278000
1998-10-06,8.277900
1998-10-07,8.277800
1998-10-08,8.277700
1998-10-09,8.277700
1998-10-13,8.277600
1998-10-14,8.277700
1998-10-15,8.277800
1998-10-16,8.277600
1998-10-19,8.277800
1998-10-20,8.277900
1998-10-21,8.277800
1998-10-22,8.278200
1998-10-23,8.277800
1998-10-26,8.277700
1998-10-27,8.277600
1998-10-28,8.277800
1998-10-29,8.277600
1998-10-30,8.277800
1998-11-02,8.277700
1998-11-03,8.278000
1998-11-04,8.277800
1998-11-05,8.277700
1998-11-06,8.277900
1998-11-09,8.277700
1998-11-10,8.277600
1998-11-12,8.277500
1998-11-13,8.278000
1998-11-16,8.277800
1998-11-17,8.277800
1998-11-18,8.277900
1998-11-19,8.277900
1998-11-20,8.277700
1998-11-23,8.277700
1998-11-24,8.277800
1998-11-25,8.277700
1998-11-27,8.278200
1998-11-30,8.278200
1998-12-01,8.278200
1998-12-02,8.278000
1998-12-03,8.277900
1998-12-04,8.277700
1998-12-07,8.277500
1998-12-08,8.277500
1998-12-09,8.277500
1998-12-10,8.277400
1998-12-11,8.277400
1998-12-14,8.277700
1998-12-15,8.277800
1998-12-16,8.277800
1998-12-17,8.277700
1998-12-18,8.277700
1998-12-21,8.277900
1998-12-22,8.278200
1998-12-23,8.278100
1998-12-24,8.278500
1998-12-28,8.278200
1998-12-29,8.278600
1998-12-30,8.278700
1998-12-31,8.278900
1999-01-04,8.279300
1999-01-05,8.279500
1999-01-06,8.279500
1999-01-07,8.279800
1999-01-08,8.279600
1999-01-11,8.279700
1999-01-12,8.279500
1999-01-13,8.279400
1999-01-14,8.279000
1999-01-15,8.279000
1999-01-19,8.278700
1999-01-20,8.279100
1999-01-21,8.278900
1999-01-22,8.278700
1999-01-25,8.278400
1999-01-26,8.278000
1999-01-27,8.277800
1999-01-28,8.277800
1999-01-29,8.277800
1999-02-01,8.277500
1999-02-02,8.277500
1999-02-03,8.277600
1999-02-04,8.277600
1999-02-05,8.277600
1999-02-08,8.277600
1999-02-09,8.277600
1999-02-10,8.277600
1999-02-11,8.277600
1999-02-12,8.277600
1999-02-16,8.278700
1999-02-17,8.278700
1999-02-18,8.278700
1999-02-19,8.278700
1999-02-22,8.278700
1999-02-23,8.278700
1999-02-24,8.278700
1999-02-25,8.278900
1999-02-26,8.279000
1999-03-01,8.279200
1999-03-02,8.278900
1999-03-03,8.278900
1999-03-04,8.278300
1999-03-05,8.278400
1999-03-08,8.278600
1999-03-09,8.279100
1999-03-10,8.278800
1999-03-11,8.278900
1999-03-12,8.278900
1999-03-15,8.278900
1999-03-16,8.278900
1999-03-17,8.278800
1999-03-18,8.278800
1999-03-19,8.279300
1999-03-22,8.279200
1999-03-23,8.279500
1999-03-24,8.279600
1999-03-25,8.279800
1999-03-26,8.280000
1999-03-29,8.279700
1999-03-30,8.280000
1999-03-31,8.280000
1999-04-01,8.279600
1999-04-02,8.279400
1999-04-05,8.279500
1999-04-06,8.279700
1999-04-07,8.279700
1999-04-08,8.279900
1999-04-09,8.279700
1999-04-12,8.279700
1999-04-13,8.279700
1999-04-14,8.279400
1999-04-15,8.278900
1999-04-16,8.278700
1999-04-19,8.278700
1999-04-20,8.278300
1999-04-21,8.278300
1999-04-22,8.278300
1999-04-23,8.278400
1999-04-26,8.279300
1999-04-27,8.279400
1999-04-28,8.279100
1999-04-29,8.279400
1999-04-30,8.279000
1999-05-03,8.279000
1999-05-04,8.278900
1999-05-05,8.278900
1999-05-06,8.278600
1999-05-07,8.278300
1999-05-10,8.278700
1999-05-11,8.278200
1999-05-12,8.278300
1999-05-13,8.277800
1999-05-14,8.278400
1999-05-17,8.278500
1999-05-18,8.279000
1999-05-19,8.278300
1999-05-20,8.278000
1999-05-21,8.278000
1999-05-24,8.278500
1999-05-25,8.278900
1999-05-26,8.279000
1999-05-27,8.278800
1999-05-28,8.278600
1999-06-01,8.278100
1999-06-02,8.278700
1999-06-03,8.278400
1999-06-04,8.278100
1999-06-07,8.278100
1999-06-08,8.277900
1999-06-09,8.277800
1999-06-10,8.277700
1999-06-11,8.277700
1999-06-14,8.277600
1999-06-15,8.278100
1999-06-16,8.277600
1999-06-17,8.277500
1999-06-18,8.277400
1999-06-21,8.277800
1999-06-22,8.278100
1999-06-23,8.278400
1999-06-24,8.277900
1999-06-25,8.277500
1999-06-28,8.278000
1999-06-29,8.278600
1999-06-30,8.278700
1999-07-01,8.278600
1999-07-02,8.278500
1999-07-06,8.278200
1999-07-07,8.278300
1999-07-08,8.278100
1999-07-09,8.277700
1999-07-12,8.277600
1999-07-13,8.277500
1999-07-14,8.277800
1999-07-15,8.277500
1999-07-16,8.277300
1999-07-19,8.277300
1999-07-20,8.277700
1999-07-21,8.277300
1999-07-22,8.277300
1999-07-23,8.277200
1999-07-26,8.277000
1999-07-27,8.277000
1999-07-28,8.277000
1999-07-29,8.277300
1999-07-30,8.277400
1999-08-02,8.277000
1999-08-03,8.277300
1999-08-04,8.277400
1999-08-05,8.277400
1999-08-06,8.277300
1999-08-09,8.277400
1999-08-10,8.277200
1999-08-11,8.277200
1999-08-12,8.277100
1999-08-13,8.277000
1999-08-16,8.277400
1999-08-17,8.277000
1999-08-18,8.277200
1999-08-19,8.277400
1999-08-20,8.277400
1999-08-23,8.277200
1999-08-24,8.277500
1999-08-25,8.277300
1999-08-26,8.277300
1999-08-27,8.277300
1999-08-30,8.277100
1999-08-31,8.277000
1999-09-01,8.277100
1999-09-02,8.277300
1999-09-03,8.277500
1999-09-07,8.277600
1999-09-08,8.277600
1999-09-09,8.277400
1999-09-10,8.277400
1999-09-13,8.277200
1999-09-14,8.277500
1999-09-15,8.277300
1999-09-16,8.277100
1999-09-17,8.277300
1999-09-20,8.277500
1999-09-21,8.277500
1999-09-22,8.277700
1999-09-23,8.277600
1999-09-24,8.277500
1999-09-27,8.277500
1999-09-28,8.277500
1999-09-29,8.277500
1999-09-30,8.277800
1999-10-01,8.277800
1999-10-04,8.277800
1999-10-05,8.277000
1999-10-06,8.277800
1999-10-07,8.277800
1999-10-08,8.278000
1999-10-12,8.277200
1999-10-13,8.277700
1999-10-14,8.277400
1999-10-15,8.277500
1999-10-18,8.277400
1999-10-19,8.277300
1999-10-20,8.277400
1999-10-21,8.277200
1999-10-22,8.277300
1999-10-25,8.277000
1999-10-26,8.277300
1999-10-27,8.277500
1999-10-28,8.277600
1999-10-29,8.277800
1999-11-01,8.277900
1999-11-02,8.278100
1999-11-03,8.278100
1999-11-04,8.278000
1999-11-05,8.277900
1999-11-08,8.277900
1999-11-09,8.278000
1999-11-10,8.278100
1999-11-12,8.278000
1999-11-15,8.278100
1999-11-16,8.278100
1999-11-17,8.278100
1999-11-18,8.278400
1999-11-19,8.278500
1999-11-22,8.278500
1999-11-23,8.278400
1999-11-24,8.278500
1999-11-26,8.278500
1999-11-29,8.278500
1999-11-30,8.278900
1999-12-01,8.278900
1999-12-02,8.278800
1999-12-03,8.278700
1999-12-06,8.279000
1999-12-07,8.279000
1999-12-08,8.279500
1999-12-09,8.279500
1999-12-10,8.279500
1999-12-13,8.279500
1999-12-14,8.279400
1999-12-15,8.279400
1999-12-16,8.279400
1999-12-17,8.279400
1999-12-20,8.279400
1999-12-21,8.279600
1999-12-22,8.279600
1999-12-23,8.279500
1999-12-24,8.279400
1999-12-27,8.279600
1999-12-28,8.279700
1999-12-29,8.279300
1999-12-30,8.279500
1999-12-31,8.279500
2000-01-03,8.279800
2000-01-04,8.279900
2000-01-05,8.279800
2000-01-06,8.279700
2000-01-07,8.279400
2000-01-10,8.279400
2000-01-11,8.279500
2000-01-12,8.279600
2000-01-13,8.279800
2000-01-14,8.279700
2000-01-18,8.279300
2000-01-19,8.279700
2000-01-20,8.279400
2000-01-21,8.279500
2000-01-24,8.278900
2000-01-25,8.278600
2000-01-26,8.278200
2000-01-27,8.278300
2000-01-28,8.278100
2000-01-31,8.277700
2000-02-01,8.277400
2000-02-02,8.277300
2000-02-03,8.278100
2000-02-04,8.278800
2000-02-07,8.278800
2000-02-08,8.278800
2000-02-09,8.278800
2000-02-10,8.278800
2000-02-11,8.278800
2000-02-14,8.277900
2000-02-15,8.277700
2000-02-16,8.277700
2000-02-17,8.277200
2000-02-18,8.277200
2000-02-22,8.277300
2000-02-23,8.278000
2000-02-24,8.278000
2000-02-25,8.278600
2000-02-28,8.278600
2000-02-29,8.278600
2000-03-01,8.278600
2000-03-02,8.278700
2000-03-03,8.278900
2000-03-06,8.278500
2000-03-07,8.278400
2000-03-08,8.278600
2000-03-09,8.278700
2000-03-10,8.278500
2000-03-13,8.278100
2000-03-14,8.278000
2000-03-15,8.277800
2000-03-16,8.277700
2000-03-17,8.278500
2000-03-20,8.278600
2000-03-21,8.278300
2000-03-22,8.278300
2000-03-23,8.278700
2000-03-24,8.278900
2000-03-27,8.279200
2000-03-28,8.279500
2000-03-29,8.278900
2000-03-30,8.278800
2000-03-31,8.278700
2000-04-03,8.278600
2000-04-04,8.279100
2000-04-05,8.279500
2000-04-06,8.279500
2000-04-07,8.279500
2000-04-10,8.279800
2000-04-11,8.279100
2000-04-12,8.279600
2000-04-13,8.279400
2000-04-14,8.279400
2000-04-17,8.279400
2000-04-18,8.279000
2000-04-19,8.279300
2000-04-20,8.279100
2000-04-21,8.278500
2000-04-24,8.278600
2000-04-25,8.279100
2000-04-26,8.279500
2000-04-27,8.279800
2000-04-28,8.279900
2000-05-01,8.279900
2000-05-02,8.279900
2000-05-03,8.279900
2000-05-04,8.279900
2000-05-05,8.279900
2000-05-08,8.279800
2000-05-09,8.279000
2000-05-10,8.278500
2000-05-11,8.278200
2000-05-12,8.277800
2000-05-15,8.277700
2000-05-16,8.277200
2000-05-17,8.276800
2000-05-18,8.277300
2000-05-19,8.276800
2000-05-22,8.277000
2000-05-23,8.276800
2000-05-24,8.276900
2000-05-25,8.277300
2000-05-26,8.277100
2000-05-30,8.277200
2000-05-31,8.277300
2000-06-01,8.277100
2000-06-02,8.277100
2000-06-05,8.277000
2000-06-06,8.277300
2000-06-07,8.277300
2000-06-08,8.277500
2000-06-09,8.277200
2000-06-12,8.277100
2000-06-13,8.277000
2000-06-14,8.276800
2000-06-15,8.276800
2000-06-16,8.276800
2000-06-19,8.276800
2000-06-20,8.277200
2000-06-21,8.277200
2000-06-22,8.277100
2000-06-23,8.276900
2000-06-26,8.277300
2000-06-27,8.277400
2000-06-28,8.277500
2000-06-29,8.278000
2000-06-30,8.278200
2000-07-03,8.278600
2000-07-05,8.278700
2000-07-06,8.279100
2000-07-07,8.279300
2000-07-10,8.279500
2000-07-11,8.279400
2000-07-12,8.279500
2000-07-13,8.279100
2000-07-14,8.279600
2000-07-17,8.279100
2000-07-18,8.279600
2000-07-19,8.279600
2000-07-20,8.279600
2000-07-21,8.279500
2000-07-24,8.279800
2000-07-25,8.279700
2000-07-26,8.279600
2000-07-27,8.279300
2000-07-28,8.279400
2000-07-31,8.279200
2000-08-01,8.278800
2000-08-02,8.279100
2000-08-03,8.279600
2000-08-04,8.279800
2000-08-07,8.279900
2000-08-08,8.279900
2000-08-09,8.279800
2000-08-10,8.279900
2000-08-11,8.279600
2000-08-14,8.279500
2000-08-15,8.278800
2000-08-16,8.279700
2000-08-17,8.279900
2000-08-18,8.279700
2000-08-21,8.279900
2000-08-22,8.279900
2000-08-23,8.279300
2000-08-24,8.279900
2000-08-25,8.279900
2000-08-28,8.279900
2000-08-29,8.279900
2000-08-30,8.278800
2000-08-31,8.278600
2000-09-01,8.278700
2000-09-05,8.279000
2000-09-06,8.279400
2000-09-07,8.279000
2000-09-08,8.279400
2000-09-11,8.278600
2000-09-12,8.278700
2000-09-13,8.277000
2000-09-14,8.277300
2000-09-15,8.277100
2000-09-18,8.277200
2000-09-19,8.277900
2000-09-20,8.277500
2000-09-21,8.277800
2000-09-22,8.278700
2000-09-25,8.279300
2000-09-26,8.279100
2000-09-27,8.279500
2000-09-28,8.279900
2000-09-29,8.279800
2000-10-02,8.279000
2000-10-03,8.279000
2000-10-04,8.279000
2000-10-05,8.279000
2000-10-06,8.279000
2000-10-10,8.278900
2000-10-11,8.278600
2000-10-12,8.278600
2000-10-13,8.278400
2000-10-16,8.278100
2000-10-17,8.278400
2000-10-18,8.278100
2000-10-19,8.278000
2000-10-20,8.277800
2000-10-23,8.278400
2000-10-24,8.278400
2000-10-25,8.278200
2000-10-26,8.278500
2000-10-27,8.278800
2000-10-30,8.278000
2000-10-31,8.277500
2000-11-01,8.277300
2000-11-02,8.277000
2000-11-03,8.276800
2000-11-06,8.277100
2000-11-07,8.276900
2000-11-08,8.277200
2000-11-09,8.276800
2000-11-10,8.277200
2000-11-13,8.276800
2000-11-14,8.277300
2000-11-15,8.276800
2000-11-16,8.277300
2000-11-17,8.276900
2000-11-20,8.277900
2000-11-21,8.278600
2000-11-22,8.278200
2000-11-24,8.277900
2000-11-27,8.278000
2000-11-28,8.277700
2000-11-29,8.277400
2000-11-30,8.277700
2000-12-01,8.277500
2000-12-04,8.277100
2000-12-05,8.277000
2000-12-06,8.277000
2000-12-07,8.277000
2000-12-08,8.276900
2000-12-11,8.277300
2000-12-12,8.277100
2000-12-13,8.277000
2000-12-14,8.276800
2000-12-15,8.276800
2000-12-18,8.277400
2000-12-19,8.277200
2000-12-20,8.276900
2000-12-21,8.276800
2000-12-22,8.277700
2000-12-26,8.276900
2000-12-27,8.277000
2000-12-28,8.278100
2000-12-29,8.277400
2001-01-02,8.277900
2001-01-03,8.277300
2001-01-04,8.278100
2001-01-05,8.277500
2001-01-08,8.277800
2001-01-09,8.277100
2001-01-10,8.276900
2001-01-11,8.276700
2001-01-12,8.276800
2001-01-16,8.276600
2001-01-17,8.276400
2001-01-18,8.276400
2001-01-19,8.276400
2001-01-22,8.278200
2001-01-23,8.278600
2001-01-24,8.278600
2001-01-25,8.278600
2001-01-26,8.278600
2001-01-29,8.278600
2001-01-30,8.278600
2001-01-31,8.278100
2001-02-01,8.277200
2001-02-02,8.277400
2001-02-05,8.277000
2001-02-06,8.276600
2001-02-07,8.276500
2001-02-08,8.276300
2001-02-09,8.276400
2001-02-12,8.277400
2001-02-13,8.276500
2001-02-14,8.276400
2001-02-15,8.277200
2001-02-16,8.277000
2001-02-20,8.276700
2001-02-21,8.277200
2001-02-22,8.276900
2001-02-23,8.277400
2001-02-26,8.277600
2001-02-27,8.278100
2001-02-28,8.278300
2001-03-01,8.277800
2001-03-02,8.278200
2001-03-05,8.277700
2001-03-06,8.277800
2001-03-07,8.277300
2001-03-08,8.277000
2001-03-09,8.277400
2001-03-12,8.278400
2001-03-13,8.278300
2001-03-14,8.277800
2001-03-15,8.277600
2001-03-16,8.277100
2001-03-19,8.277200
2001-03-20,8.277200
2001-03-21,8.277100
2001-03-22,8.276800
2001-03-23,8.277300
2001-03-26,8.277100
2001-03-27,8.277300
2001-03-28,8.277700
2001-03-29,8.277900
2001-03-30,8.277700
2001-04-02,8.277600
2001-04-03,8.277200
2001-04-04,8.277100
2001-04-05,8.276800
2001-04-06,8.276700
2001-04-09,8.277000
2001-04-10,8.276900
2001-04-11,8.276900
2001-04-12,8.277200
2001-04-13,8.276900
2001-04-16,8.276900
2001-04-17,8.277500
2001-04-18,8.277500
2001-04-19,8.277300
2001-04-20,8.277500
2001-04-23,8.277000
2001-04-24,8.276900
2001-04-25,8.276700
2001-04-26,8.276900
2001-04-27,8.277300
2001-04-30,8.277400
2001-05-01,8.277400
2001-05-02,8.277400
2001-05-03,8.277400
2001-05-04,8.277400
2001-05-07,8.277400
2001-05-08,8.278500
2001-05-09,8.277500
2001-05-10,8.277100
2001-05-11,8.277100
2001-05-14,8.277100
2001-05-15,8.270900
2001-05-16,8.276900
2001-05-17,8.276700
2001-05-18,8.276800
2001-05-21,8.277800
2001-05-22,8.277400
2001-05-23,8.277100
2001-05-24,8.277000
2001-05-25,8.277100
2001-05-29,8.276800
2001-05-30,8.277700
2001-05-31,8.277000
2001-06-01,8.277700
2001-06-04,8.277000
2001-06-05,8.276900
2001-06-06,8.277200
2001-06-07,8.276700
2001-06-08,8.276700
2001-06-11,8.276700
2001-06-12,8.277100
2001-06-13,8.277900
2001-06-14,8.277300
2001-06-15,8.277000
2001-06-18,8.277000
2001-06-19,8.277900
2001-06-20,8.277000
2001-06-21,8.276900
2001-06-22,8.276700
2001-06-25,8.276800
2001-06-26,8.276800
2001-06-27,8.276800
2001-06-28,8.277000
2001-06-29,8.276700
2001-07-02,8.277000
2001-07-03,8.276700
2001-07-05,8.276700
2001-07-06,8.276800
2001-07-09,8.276700
2001-07-10,8.277000
2001-07-11,8.276900
2001-07-12,8.276900
2001-07-13,8.276700
2001-07-16,8.276700
2001-07-17,8.276900
2001-07-18,8.277000
2001-07-19,8.276800
2001-07-20,8.276800
2001-07-23,8.277000
2001-07-24,8.277300
2001-07-25,8.277000
2001-07-26,8.277100
2001-07-27,8.277000
2001-07-30,8.276700
2001-07-31,8.277000
2001-08-01,8.276900
2001-08-02,8.276800
2001-08-03,8.276800
2001-08-06,8.277000
2001-08-07,8.277200
2001-08-08,8.277300
2001-08-09,8.277300
2001-08-10,8.276800
2001-08-13,8.277100
2001-08-14,8.277300
2001-08-15,8.277100
2001-08-16,8.277000
2001-08-17,8.276800
2001-08-20,8.276800
2001-08-21,8.276800
2001-08-22,8.276900
2001-08-23,8.276800
2001-08-24,8.277300
2001-08-27,8.277000
2001-08-28,8.276800
2001-08-29,8.276900
2001-08-30,8.276700
2001-08-31,8.276900
2001-09-04,8.276800
2001-09-05,8.277000
2001-09-06,8.276800
2001-09-07,8.276700
2001-09-10,8.276700
2001-09-12,8.276900
2001-09-13,8.276800
2001-09-14,8.276600
2001-09-17,8.276700
2001-09-18,8.276800
2001-09-19,8.276600
2001-09-20,8.276600
2001-09-21,8.276700
2001-09-24,8.277000
2001-09-25,8.277200
2001-09-26,8.276900
2001-09-27,8.276900
2001-09-28,8.276800
2001-10-01,8.276800
2001-10-02,8.276800
2001-10-03,8.276800
2001-10-04,8.276800
2001-10-05,8.276800
2001-10-09,8.276900
2001-10-10,8.276800
2001-10-11,8.276600
2001-10-12,8.276500
2001-10-15,8.276600
2001-10-16,8.276700
2001-10-17,8.276900
2001-10-18,8.277000
2001-10-19,8.276800
2001-10-22,8.277000
2001-10-23,8.276800
2001-10-24,8.276700
2001-10-25,8.276900
2001-10-26,8.277000
2001-10-29,8.277000
2001-10-30,8.276800
2001-10-31,8.276800
2001-11-01,8.276900
2001-11-02,8.276900
2001-11-05,8.276800
2001-11-06,8.276700
2001-11-07,8.276600
2001-11-08,8.276600
2001-11-09,8.276600
2001-11-13,8.276500
2001-11-14,8.276700
2001-11-15,8.277000
2001-11-16,8.277100
2001-11-19,8.277000
2001-11-20,8.276900
2001-11-21,8.276900
2001-11-23,8.276900
2001-11-26,8.277000
2001-11-27,8.277000
2001-11-28,8.277200
2001-11-29,8.277400
2001-11-30,8.277200
2001-12-03,8.277000
2001-12-04,8.277100
2001-12-05,8.277200
2001-12-06,8.277300
2001-12-07,8.277200
2001-12-10,8.277000
2001-12-11,8.276800
2001-12-12,8.276800
2001-12-13,8.276700
2001-12-14,8.276800
2001-12-17,8.276900
2001-12-18,8.276800
2001-12-19,8.276700
2001-12-20,8.276600
2001-12-21,8.276700
2001-12-24,8.276600
2001-12-26,8.276600
2001-12-27,8.267600
2001-12-28,8.277000
2001-12-31,8.276600
2002-01-02,8.276600
2002-01-03,8.276600
2002-01-04,8.276800
2002-01-07,8.276700
2002-01-08,8.276600
2002-01-09,8.276700
2002-01-10,8.276600
2002-01-11,8.276800
2002-01-14,8.280000
2002-01-15,8.280000
2002-01-16,8.280000
2002-01-17,8.276800
2002-01-18,8.276700
2002-01-22,8.276700
2002-01-23,8.276500
2002-01-24,8.276700
2002-01-25,8.276500
2002-01-28,8.276700
2002-01-29,8.276600
2002-01-30,8.276500
2002-01-31,8.276500
2002-02-01,8.276600
2002-02-04,8.276600
2002-02-05,8.276500
2002-02-06,8.276700
2002-02-07,8.276600
2002-02-08,8.276700
2002-02-11,8.276800
2002-02-12,8.276800
2002-02-13,8.276800
2002-02-14,8.276800
2002-02-15,8.276800
2002-02-19,8.277000
2002-02-20,8.276800
2002-02-21,8.276600
2002-02-22,8.276500
2002-02-25,8.276500
2002-02-26,8.276700
2002-02-27,8.276500
2002-02-28,8.276500
2002-03-01,8.276600
2002-03-04,8.276700
2002-03-05,8.277000
2002-03-06,8.276600
2002-03-07,8.277100
2002-03-08,8.277100
2002-03-11,8.276900
2002-03-12,8.276700
2002-03-13,8.280000
2002-03-14,8.277400
2002-03-15,8.278000
2002-03-18,8.277300
2002-03-19,8.277500
2002-03-20,8.277400
2002-03-21,8.277200
2002-03-22,8.277000
2002-03-25,8.276900
2002-03-26,8.277100
2002-03-27,8.277200
2002-03-28,8.277400
2002-03-29,8.277400
2002-04-01,8.278000
2002-04-02,8.277200
2002-04-03,8.277300
2002-04-04,8.277100
2002-04-05,8.277000
2002-04-08,8.277000
2002-04-09,8.276900
2002-04-10,8.277100
2002-04-11,8.277200
2002-04-12,8.277200
2002-04-15,8.277100
2002-04-16,8.277200
2002-04-17,8.277200
2002-04-18,8.277200
2002-04-19,8.277500
2002-04-22,8.277200
2002-04-23,8.277300
2002-04-24,8.277400
2002-04-25,8.277400
2002-04-26,8.277300
2002-04-29,8.277000
2002-04-30,8.277300
2002-05-01,8.277300
2002-05-02,8.277300
2002-05-03,8.277300
2002-05-06,8.277400
2002-05-07,8.277400
2002-05-08,8.277500
2002-05-09,8.277200
2002-05-10,8.277100
2002-05-13,8.276900
2002-05-14,8.277000
2002-05-15,8.276900
2002-05-16,8.276800
2002-05-17,8.276900
2002-05-20,8.276900
2002-05-21,8.276900
2002-05-22,8.277000
2002-05-23,8.277000
2002-05-24,8.277100
2002-05-28,8.276600
2002-05-29,8.276600
2002-05-30,8.276600
2002-05-31,8.276500
2002-06-03,8.276700
2002-06-04,8.276800
2002-06-05,8.276900
2002-06-06,8.277000
2002-06-07,8.277000
2002-06-10,8.277000
2002-06-11,8.276800
2002-06-12,8.276900
2002-06-13,8.276900
2002-06-14,8.270000
2002-06-17,8.277300
2002-06-18,8.277500
2002-06-19,8.277400
2002-06-20,8.277200
2002-06-21,8.277100
2002-06-24,8.277000
2002-06-25,8.277100
2002-06-26,8.277200
2002-06-27,8.277100
2002-06-28,8.277100
2002-07-01,8.277000
2002-07-02,8.276900
2002-07-03,8.276800
2002-07-05,8.276600
2002-07-08,8.276700
2002-07-09,8.276600
2002-07-10,8.276700
2002-07-11,8.276800
2002-07-12,8.276700
2002-07-15,8.276800
2002-07-16,8.276900
2002-07-17,8.276900
2002-07-18,8.276800
2002-07-19,8.276900
2002-07-22,8.277000
2002-07-23,8.277100
2002-07-24,8.276900
2002-07-25,8.277000
2002-07-26,8.276800
2002-07-29,8.276700
2002-07-30,8.276600
2002-07-31,8.276700
2002-08-01,8.276600
2002-08-02,8.276800
2002-08-05,8.276700
2002-08-06,8.276800
2002-08-07,8.276900
2002-08-08,8.276700
2002-08-09,8.276600
2002-08-12,8.276800
2002-08-13,8.276700
2002-08-14,8.276600
2002-08-15,8.276800
2002-08-16,8.276800
2002-08-19,8.276700
2002-08-20,8.276800
2002-08-21,8.276600
2002-08-22,8.276600
2002-08-23,8.276700
2002-08-26,8.276600
2002-08-27,8.276700
2002-08-28,8.276800
2002-08-29,8.276700
2002-08-30,8.276800
2002-09-03,8.277000
2002-09-04,8.277100
2002-09-05,8.277200
2002-09-06,8.277000
2002-09-09,8.277000
2002-09-10,8.277000
2002-09-11,8.277000
2002-09-12,8.276800
2002-09-13,8.276800
2002-09-16,8.276800
2002-09-17,8.276900
2002-09-18,8.277000
2002-09-19,8.277000
2002-09-20,8.276900
2002-09-23,8.277100
2002-09-24,8.277100
2002-09-25,8.276900
2002-09-26,8.277200
2002-09-27,8.277300
2002-09-30,8.277400
2002-10-01,8.277400
2002-10-02,8.277400
2002-10-03,8.277400
2002-10-04,8.277400
2002-10-07,8.277400
2002-10-08,8.277400
2002-10-09,8.277200
2002-10-10,8.277100
2002-10-11,8.277000
2002-10-15,8.276800
2002-10-16,8.276800
2002-10-17,8.276800
2002-10-18,8.276800
2002-10-21,8.276900
2002-10-22,8.277100
2002-10-23,8.277000
2002-10-24,8.277100
2002-10-25,8.277300
2002-10-28,8.277400
2002-10-29,8.277300
2002-10-30,8.277200
2002-10-31,8.277100
2002-11-01,8.277200
2002-11-04,8.277400
2002-11-05,8.277100
2002-11-06,8.277100
2002-11-07,8.277100
2002-11-08,8.277100
2002-11-12,8.277100
2002-11-13,8.277100
2002-11-14,8.277100
2002-11-15,8.277100
2002-11-18,8.277100
2002-11-19,8.277100
2002-11-20,8.277100
2002-11-21,8.277100
2002-11-22,8.277400
2002-11-25,8.277400
2002-11-26,8.277100
2002-11-27,8.277200
2002-11-29,8.277300
2002-12-02,8.277300
2002-12-03,8.277200
2002-12-04,8.277300
2002-12-05,8.277100
2002-12-06,8.277300
2002-12-09,8.277600
2002-12-10,8.277100
2002-12-11,8.277300
2002-12-12,8.277300
2002-12-13,8.277100
2002-12-16,8.277300
2002-12-17,8.277600
2002-12-18,8.277400
2002-12-19,8.280000
2002-12-20,8.280000
2002-12-23,8.277500
2002-12-24,8.277600
2002-12-26,8.277300
2002-12-27,8.277300
2002-12-30,8.277300
2002-12-31,8.280000
2003-01-02,8.280000
2003-01-03,8.276800
2003-01-06,8.280000
2003-01-07,8.276700
2003-01-08,8.276600
2003-01-09,8.276600
2003-01-10,8.276700
2003-01-13,8.276800
2003-01-14,8.280000
2003-01-15,8.277000
2003-01-16,8.277100
2003-01-17,8.277100
2003-01-21,8.277100
2003-01-22,8.277100
2003-01-23,8.277100
2003-01-24,8.276800
2003-01-27,8.276800
2003-01-28,8.276700
2003-01-29,8.276800
2003-01-30,8.280000
2003-01-31,8.276800
2003-02-03,8.276800
2003-02-04,8.280000
2003-02-05,8.280000
2003-02-06,8.280000
2003-02-07,8.280000
2003-02-10,8.277300
2003-02-11,8.277500
2003-02-12,8.277800
2003-02-13,8.277300
2003-02-14,8.277300
2003-02-18,8.277200
2003-02-19,8.277500
2003-02-20,8.277600
2003-02-21,8.277600
2003-02-24,8.277700
2003-02-25,8.277800
2003-02-26,8.277400
2003-02-27,8.277500
2003-02-28,8.277500
2003-03-03,8.277500
2003-03-04,8.277400
2003-03-05,8.277500
2003-03-06,8.277600
2003-03-07,8.277400
2003-03-10,8.277200
2003-03-11,8.277000
2003-03-12,8.277100
2003-03-13,8.277100
2003-03-14,8.277200
2003-03-17,8.277200
2003-03-18,8.277200
2003-03-19,8.277300
2003-03-20,8.277300
2003-03-21,8.277300
2003-03-24,8.277400
2003-03-25,8.277100
2003-03-26,8.277500
2003-03-27,8.277200
2003-03-28,8.277100
2003-03-31,8.277400
2003-04-01,8.277300
2003-04-02,8.277000
2003-04-03,8.277100
2003-04-04,8.277100
2003-04-07,8.277200
2003-04-08,8.277300
2003-04-09,8.277400
2003-04-10,8.277300
2003-04-11,8.277200
2003-04-14,8.277400
2003-04-15,8.277300
2003-04-16,8.277300
2003-04-17,8.277100
2003-04-18,8.277000
2003-04-21,8.276900
2003-04-22,8.277000
2003-04-23,8.277200
2003-04-24,8.277200
2003-04-25,8.277000
2003-04-28,8.277000
2003-04-29,8.277000
2003-04-30,8.277100
2003-05-01,8.277100
2003-05-02,8.277100
2003-05-05,8.277100
2003-05-06,8.277000
2003-05-07,8.276900
2003-05-08,8.276800
2003-05-09,8.276800
2003-05-12,8.277000
2003-05-13,8.277000
2003-05-14,8.276900
2003-05-15,8.276800
2003-05-16,8.277000
2003-05-19,8.276800
2003-05-20,8.276800
2003-05-21,8.276900
2003-05-22,8.276800
2003-05-23,8.276900
2003-05-27,8.276800
2003-05-28,8.277000
2003-05-29,8.277000
2003-05-30,8.276800
2003-06-02,8.276800
2003-06-03,8.276900
2003-06-04,8.277000
2003-06-05,8.277000
2003-06-06,8.277000
2003-06-09,8.277300
2003-06-10,8.276800
2003-06-11,8.277000
2003-06-12,8.277200
2003-06-13,8.276800
2003-06-16,8.276900
2003-06-17,8.276800
2003-06-18,8.276800
2003-06-19,8.277000
2003-06-20,8.277200
2003-06-23,8.277300
2003-06-24,8.277400
2003-06-25,8.277500
2003-06-26,8.277500
2003-06-27,8.277400
2003-06-30,8.277600
2003-07-01,8.277500
2003-07-02,8.277500
2003-07-03,8.277600
2003-07-07,8.277300
2003-07-08,8.277400
2003-07-09,8.277600
2003-07-10,8.277400
2003-07-11,8.277200
2003-07-14,8.277100
2003-07-15,8.277200
2003-07-16,8.277000
2003-07-17,8.277100
2003-07-18,8.277000
2003-07-21,8.276800
2003-07-22,8.277000
2003-07-23,8.277100
2003-07-24,8.277200
2003-07-25,8.277600
2003-07-28,8.277500
2003-07-29,8.277600
2003-07-30,8.277300
2003-07-31,8.277400
2003-08-01,8.277200
2003-08-04,8.277500
2003-08-05,8.277500
2003-08-06,8.277300
2003-08-07,8.277400
2003-08-08,8.277200
2003-08-11,8.277300
2003-08-12,8.277000
2003-08-13,8.277100
2003-08-14,8.277000
2003-08-15,8.276800
2003-08-18,8.276800
2003-08-19,8.276700
2003-08-20,8.276800
2003-08-21,8.276600
2003-08-22,8.276600
2003-08-25,8.276800
2003-08-26,8.276800
2003-08-27,8.277000
2003-08-28,8.277200
2003-08-29,8.277200
2003-09-02,8.277100
2003-09-03,8.276800
2003-09-04,8.277000
2003-09-05,8.277000
2003-09-08,8.277000
2003-09-09,8.277000
2003-09-10,8.277000
2003-09-11,8.277200
2003-09-12,8.277200
2003-09-15,8.277400
2003-09-16,8.277400
2003-09-17,8.277500
2003-09-18,8.277500
2003-09-19,8.277300
2003-09-22,8.277300
2003-09-23,8.277300
2003-09-24,8.277000
2003-09-25,8.277100
2003-09-26,8.277300
2003-09-29,8.277000
2003-09-30,8.277100
2003-10-01,8.277100
2003-10-02,8.277100
2003-10-03,8.277000
2003-10-06,8.277000
2003-10-07,8.277000
2003-10-08,8.277000
2003-10-09,8.277000
2003-10-10,8.277000
2003-10-14,8.276700
2003-10-15,8.276700
2003-10-16,8.277600
2003-10-17,8.276600
2003-10-20,8.276600
2003-10-21,8.276500
2003-10-22,8.276600
2003-10-23,8.276600
2003-10-24,8.276800
2003-10-27,8.276700
2003-10-28,8.276600
2003-10-29,8.276600
2003-10-30,8.276700
2003-10-31,8.276600
2003-11-03,8.276600
2003-11-04,8.276700
2003-11-05,8.276700
2003-11-06,8.276900
2003-11-07,8.277000
2003-11-10,8.277000
2003-11-12,8.277000
2003-11-13,8.277000
2003-11-14,8.277000
2003-11-17,8.276900
2003-11-18,8.276700
2003-11-19,8.276700
2003-11-20,8.276900
2003-11-21,8.277000
2003-11-24,8.277100
2003-11-25,8.277000
2003-11-26,8.277200
2003-11-28,8.277000
2003-12-01,8.277200
2003-12-02,8.277200
2003-12-03,8.277100
2003-12-04,8.277000
2003-12-05,8.276900
2003-12-08,8.277100
2003-12-09,8.277100
2003-12-10,8.277000
2003-12-11,8.277100
2003-12-12,8.277100
2003-12-15,8.277200
2003-12-16,8.277100
2003-12-17,8.276900
2003-12-18,8.276500
2003-12-19,8.277000
2003-12-22,8.276900
2003-12-23,8.276900
2003-12-24,8.277000
2003-12-26,8.276800
2003-12-29,8.276900
2003-12-30,8.276700
2003-12-31,8.276700
2004-01-02,8.276900
2004-01-05,8.277000
2004-01-06,8.277100
2004-01-07,8.277200
2004-01-08,8.277200
2004-01-09,8.277000
2004-01-12,8.277000
2004-01-13,8.276800
2004-01-14,8.276800
2004-01-15,8.276700
2004-01-16,8.276700
2004-01-20,8.277000
2004-01-21,8.277100
2004-01-22,8.277100
2004-01-23,8.277100
2004-01-26,8.277100
2004-01-27,8.277100
2004-01-28,8.277100
2004-01-29,8.277000
2004-01-30,8.276800
2004-02-02,8.277000
2004-02-03,8.277200
2004-02-04,8.277200
2004-02-05,8.277300
2004-02-06,8.277300
2004-02-09,8.277300
2004-02-10,8.277200
2004-02-11,8.277100
2004-02-12,8.277200
2004-02-13,8.277000
2004-02-17,8.277000
2004-02-18,8.277000
2004-02-19,8.277100
2004-02-20,8.277200
2004-02-23,8.277200
2004-02-24,8.277100
2004-02-25,8.277000
2004-02-26,8.277100
2004-02-27,8.276900
2004-03-01,8.276800
2004-03-02,8.276800
2004-03-03,8.276800
2004-03-04,8.277000
2004-03-05,8.277300
2004-03-08,8.276700
2004-03-09,8.276700
2004-03-10,8.276700
2004-03-11,8.277200
2004-03-12,8.277100
2004-03-15,8.277300
2004-03-16,8.277300
2004-03-17,8.277400
2004-03-18,8.276800
2004-03-19,8.277200
2004-03-22,8.277300
2004-03-23,8.277400
2004-03-24,8.277200
2004-03-25,8.277100
2004-03-26,8.277000
2004-03-29,8.277100
2004-03-30,8.277100
2004-03-31,8.277000
2004-04-01,8.276900
2004-04-02,8.276900
2004-04-05,8.276900
2004-04-06,8.276900
2004-04-07,8.276900
2004-04-08,8.276900
2004-04-09,8.276900
2004-04-12,8.277000
2004-04-13,8.276900
2004-04-14,8.277200
2004-04-15,8.277100
2004-04-16,8.276900
2004-04-19,8.276800
2004-04-20,8.276800
2004-04-21,8.276900
2004-04-22,8.277000
2004-04-23,8.276900
2004-04-26,8.276800
2004-04-27,8.276800
2004-04-28,8.276800
2004-04-29,8.276900
2004-04-30,8.277100
2004-05-03,8.277100
2004-05-04,8.277100
2004-05-05,8.277100
2004-05-06,8.277100
2004-05-07,8.277100
2004-05-10,8.276900
2004-05-11,8.277300
2004-05-12,8.277300
2004-05-13,8.277200
2004-05-14,8.277200
2004-05-17,8.277200
2004-05-18,8.277100
2004-05-19,8.276900
2004-05-20,8.277100
2004-05-21,8.277100
2004-05-24,8.277100
2004-05-25,8.276900
2004-05-26,8.276900
2004-05-27,8.276800
2004-05-28,8.276900
2004-06-01,8.276700
2004-06-02,8.276700
2004-06-03,8.276800
2004-06-04,8.276700
2004-06-07,8.276700
2004-06-08,8.276700
2004-06-09,8.276700
2004-06-10,8.276800
2004-06-11,8.276700
2004-06-14,8.276600
2004-06-15,8.276600
2004-06-16,8.276600
2004-06-17,8.276600
2004-06-18,8.276600
2004-06-21,8.276600
2004-06-22,8.276600
2004-06-23,8.276700
2004-06-24,8.276600
2004-06-25,8.276700
2004-06-28,8.276600
2004-06-29,8.276600
2004-06-30,8.276600
2004-07-01,8.276700
2004-07-02,8.276600
2004-07-06,8.276800
2004-07-07,8.276800
2004-07-08,8.276900
2004-07-09,8.276900
2004-07-12,8.276800
2004-07-13,8.276800
2004-07-14,8.276700
2004-07-15,8.276700
2004-07-16,8.276600
2004-07-19,8.276600
2004-07-20,8.276700
2004-07-21,8.276600
2004-07-22,8.276600
2004-07-23,8.276600
2004-07-26,8.276700
2004-07-27,8.276700
2004-07-28,8.276800
2004-07-29,8.276900
2004-07-30,8.276900
2004-08-02,8.277000
2004-08-03,8.277000
2004-08-04,8.277000
2004-08-05,8.276900
2004-08-06,8.276900
2004-08-09,8.276900
2004-08-10,8.277000
2004-08-11,8.276900
2004-08-12,8.276900
2004-08-13,8.276800
2004-08-16,8.276800
2004-08-17,8.276700
2004-08-18,8.276700
2004-08-19,8.276800
2004-08-20,8.276700
2004-08-23,8.276700
2004-08-24,8.276700
2004-08-25,8.276600
2004-08-26,8.276600
2004-08-27,8.276700
2004-08-30,8.276700
2004-08-31,8.276600
2004-09-01,8.276600
2004-09-02,8.276700
2004-09-03,8.276700
2004-09-07,8.276700
2004-09-08,8.276700
2004-09-09,8.276800
2004-09-10,8.276600
2004-09-13,8.276600
2004-09-14,8.276700
2004-09-15,8.276800
2004-09-16,8.276600
2004-09-17,8.276700
2004-09-20,8.276700
2004-09-21,8.276600
2004-09-22,8.276600
2004-09-23,8.276600
2004-09-24,8.276600
2004-09-27,8.276600
2004-09-28,8.276600
2004-09-29,8.276600
2004-09-30,8.276600
2004-10-01,8.276600
2004-10-04,8.276600
2004-10-05,8.276600
2004-10-06,8.276600
2004-10-07,8.276600
2004-10-08,8.276800
2004-10-12,8.276500
2004-10-13,8.276500
2004-10-14,8.276500
2004-10-15,8.276500
2004-10-18,8.276500
2004-10-19,8.276500
2004-10-20,8.276500
2004-10-21,8.276500
2004-10-22,8.276500
2004-10-25,8.276500
2004-10-26,8.276500
2004-10-27,8.276500
2004-10-28,8.276500
2004-10-29,8.276600
2004-11-01,8.276500
2004-11-02,8.276400
2004-11-03,8.276500
2004-11-04,8.276500
2004-11-05,8.276400
2004-11-08,8.276500
2004-11-09,8.276400
2004-11-10,8.276500
2004-11-12,8.276500
2004-11-15,8.276500
2004-11-16,8.276500
2004-11-17,8.276500
2004-11-18,8.276500
2004-11-19,8.276500
2004-11-22,8.276500
2004-11-23,8.276500
2004-11-24,8.276500
2004-11-26,8.276500
2004-11-29,8.276500
2004-11-30,8.276500
2004-12-01,8.276500
2004-12-02,8.276500
2004-12-03,8.276500
2004-12-06,8.276500
2004-12-07,8.276500
2004-12-08,8.276500
2004-12-09,8.276500
2004-12-10,8.276500
2004-12-13,8.276700
2004-12-14,8.276500
2004-12-15,8.276500
2004-12-16,8.276500
2004-12-17,8.276500
2004-12-20,8.276500
2004-12-21,8.276500
2004-12-22,8.276500
2004-12-23,8.276500
2004-12-24,8.276500
2004-12-27,8.276500
2004-12-28,8.276500
2004-12-29,8.276500
2004-12-30,8.276500
2004-12-31,8.276500
2005-01-03,8.276500
2005-01-04,8.276500
2005-01-05,8.276500
2005-01-06,8.276500
2005-01-07,8.276500
2005-01-10,8.276500
2005-01-11,8.276500
2005-01-12,8.276500
2005-01-13,8.276500
2005-01-14,8.276500
2005-01-18,8.276500
2005-01-19,8.276500
2005-01-20,8.276500
2005-01-21,8.276500
2005-01-24,8.276500
2005-01-25,8.276500
2005-01-26,8.276500
2005-01-27,8.276500
2005-01-28,8.276500
2005-01-31,8.276500
2005-02-01,8.276500
2005-02-02,8.276500
2005-02-03,8.276500
2005-02-04,8.276500
2005-02-07,8.276500
2005-02-08,8.276500
2005-02-09,8.276500
2005-02-10,8.276500
2005-02-11,8.276500
2005-02-14,8.276500
2005-02-15,8.276500
2005-02-16,8.276500
2005-02-17,8.276500
2005-02-18,8.276500
2005-02-22,8.276500
2005-02-23,8.276500
2005-02-24,8.276500
2005-02-25,8.276500
2005-02-28,8.276500
2005-03-01,8.276500
2005-03-02,8.276500
2005-03-03,8.276500
2005-03-04,8.276500
2005-03-07,8.276500
2005-03-08,8.276500
2005-03-09,8.276500
2005-03-10,8.276500
2005-03-11,8.276500
2005-03-14,8.276500
2005-03-15,8.276500
2005-03-16,8.276500
2005-03-17,8.276500
2005-03-18,8.276500
2005-03-21,8.276500
2005-03-22,8.276500
2005-03-23,8.276500
2005-03-24,8.276500
2005-03-25,8.276500
2005-03-28,8.276500
2005-03-29,8.276500
2005-03-30,8.276500
2005-03-31,8.276500
2005-04-01,8.276500
2005-04-04,8.276500
2005-04-05,8.276500
2005-04-06,8.276500
2005-04-07,8.276500
2005-04-08,8.276500
2005-04-11,8.276500
2005-04-12,8.276500
2005-04-13,8.276500
2005-04-14,8.276500
2005-04-15,8.276500
2005-04-18,8.276500
2005-04-19,8.276500
2005-04-20,8.276500
2005-04-21,8.276500
2005-04-22,8.276500
2005-04-25,8.276500
2005-04-26,8.276500
2005-04-27,8.276500
2005-04-28,8.276500
2005-04-29,8.276500
2005-05-02,8.276500
2005-05-03,8.276500
2005-05-04,8.276500
2005-05-05,8.276500
2005-05-06,8.276500
2005-05-09,8.276500
2005-05-10,8.276500
2005-05-11,8.276500
2005-05-12,8.276500
2005-05-13,8.276500
2005-05-16,8.276500
2005-05-17,8.276500
2005-05-18,8.276500
2005-05-19,8.276500
2005-05-20,8.276500
2005-05-23,8.276500
2005-05-24,8.276500
2005-05-25,8.276500
2005-05-26,8.276500
2005-05-27,8.276500
2005-05-31,8.276500
2005-06-01,8.276500
2005-06-02,8.276500
2005-06-03,8.276500
2005-06-06,8.276500
2005-06-07,8.276500
2005-06-08,8.276500
2005-06-09,8.276500
2005-06-10,8.276500
2005-06-13,8.276500
2005-06-14,8.276500
2005-06-15,8.276500
2005-06-16,8.276500
2005-06-17,8.276500
2005-06-20,8.276500
2005-06-21,8.276500
2005-06-22,8.276500
2005-06-23,8.276500
2005-06-24,8.276500
2005-06-27,8.276500
2005-06-28,8.276500
2005-06-29,8.276500
2005-06-30,8.276500
2005-07-01,8.276500
2005-07-05,8.276500
2005-07-06,8.276500
2005-07-07,8.276500
2005-07-08,8.276500
2005-07-11,8.276500
2005-07-12,8.276500
2005-07-13,8.276500
2005-07-14,8.276500
2005-07-15,8.276500
2005-07-18,8.276500
2005-07-19,8.276500
2005-07-20,8.276500
2005-07-21,8.276500
2005-07-22,8.111100
2005-07-25,8.109700
2005-07-26,8.109900
2005-07-27,8.112800
2005-07-28,8.108000
2005-07-29,8.105600
2005-08-01,8.104600
2005-08-02,8.103200
2005-08-03,8.105100
2005-08-04,8.102700
2005-08-05,8.103700
2005-08-08,8.109000
2005-08-09,8.107000
2005-08-10,8.106200
2005-08-11,8.100200
2005-08-12,8.098000
2005-08-15,8.097100
2005-08-16,8.100200
2005-08-17,8.099700
2005-08-18,8.100700
2005-08-19,8.104700
2005-08-22,8.105600
2005-08-23,8.101200
2005-08-24,8.100500
2005-08-25,8.100200
2005-08-26,8.096500
2005-08-29,8.095400
2005-08-30,8.097300
2005-08-31,8.099800
2005-09-01,8.094900
2005-09-02,8.093500
2005-09-05,8.092000
2005-09-06,8.091300
2005-09-07,8.092500
2005-09-08,8.094500
2005-09-09,8.095600
2005-09-12,8.092400
2005-09-13,8.094000
2005-09-14,8.091200
2005-09-15,8.089000
2005-09-16,8.087100
2005-09-19,8.090800
2005-09-20,8.089000
2005-09-21,8.091100
2005-09-22,8.088100
2005-09-23,8.091000
2005-09-26,8.092900
2005-09-27,8.092000
2005-09-28,8.093900
2005-09-29,8.093000
2005-09-30,8.092000
2005-10-03,8.092000
2005-10-04,8.092000
2005-10-05,8.092000
2005-10-06,8.092000
2005-10-07,8.092000
2005-10-11,8.087900
2005-10-12,8.089500
2005-10-13,8.088500
2005-10-14,8.089600
2005-10-17,8.087700
2005-10-18,8.091000
2005-10-19,8.092400
2005-10-20,8.090500
2005-10-21,8.090500
2005-10-24,8.091600
2005-10-25,8.090100
2005-10-26,8.086700
2005-10-27,8.086200
2005-10-28,8.084000
2005-10-31,8.084500
2005-11-01,8.086000
2005-11-02,8.085100
2005-11-03,8.084100
2005-11-04,8.085600
2005-11-07,8.087700
2005-11-08,8.086700
2005-11-09,8.085700
2005-11-10,8.084700
2005-11-14,8.085600
2005-11-15,8.084500
2005-11-16,8.083500
2005-11-17,8.084500
2005-11-18,8.083200
2005-11-21,8.083300
2005-11-22,8.083900
2005-11-23,8.081600
2005-11-25,8.081500
2005-11-28,8.082500
2005-11-29,8.079600
2005-11-30,8.080400
2005-12-01,8.079800
2005-12-02,8.080600
2005-12-05,8.080800
2005-12-06,8.078000
2005-12-07,8.077100
2005-12-08,8.078000
2005-12-09,8.076500
2005-12-12,8.077000
2005-12-13,8.075100
2005-12-14,8.072600
2005-12-15,8.074000
2005-12-16,8.073500
2005-12-19,8.073000
2005-12-20,8.074000
2005-12-21,8.076500
2005-12-22,8.077500
2005-12-23,8.076200
2005-12-27,8.072400
2005-12-28,8.072500
2005-12-29,8.070900
2005-12-30,8.070200
2006-01-03,8.070200
2006-01-04,8.070200
2006-01-05,8.067800
2006-01-06,8.066300
2006-01-09,8.066500
2006-01-10,8.061000
2006-01-11,8.068200
2006-01-12,8.068500
2006-01-13,8.069800
2006-01-17,8.067600
2006-01-18,8.068500
2006-01-19,8.068700
2006-01-20,8.059600
2006-01-23,8.064500
2006-01-24,8.062500
2006-01-25,8.063000
2006-01-26,8.062000
2006-01-27,8.060800
2006-01-30,8.060800
2006-01-31,8.060800
2006-02-01,8.061600
2006-02-02,8.061600
2006-02-03,8.061600
2006-02-06,8.056000
2006-02-07,8.056600
2006-02-08,8.054500
2006-02-09,8.055800
2006-02-10,8.051600
2006-02-13,8.047200
2006-02-14,8.047700
2006-02-15,8.048100
2006-02-16,8.049400
2006-02-17,8.049300
2006-02-21,8.048500
2006-02-22,8.049700
2006-02-23,8.047700
2006-02-24,8.043200
2006-02-27,8.042000
2006-02-28,8.041500
2006-03-01,8.039000
2006-03-02,8.039400
2006-03-03,8.038000
2006-03-06,8.038200
2006-03-07,8.042500
2006-03-08,8.047600
2006-03-09,8.048000
2006-03-10,8.049200
2006-03-13,8.050500
2006-03-14,8.047300
2006-03-15,8.037400
2006-03-16,8.038500
2006-03-17,8.028600
2006-03-20,8.025000
2006-03-21,8.027200
2006-03-22,8.030600
2006-03-23,8.027400
2006-03-24,8.033800
2006-03-27,8.024500
2006-03-28,8.021200
2006-03-29,8.028000
2006-03-30,8.027000
2006-03-31,8.016700
2006-04-03,8.021000
2006-04-04,8.019400
2006-04-05,8.011600
2006-04-06,8.009800
2006-04-07,8.013000
2006-04-10,8.004000
2006-04-11,8.004500
2006-04-12,8.011500
2006-04-13,8.024800
2006-04-14,8.017500
2006-04-17,8.015800
2006-04-18,8.014000
2006-04-19,8.012800
2006-04-20,8.011000
2006-04-21,8.016500
2006-04-24,8.016300
2006-04-25,8.010000
2006-04-26,8.016300
2006-04-27,8.020500
2006-04-28,8.016500
2006-05-01,8.016500
2006-05-02,8.016500
2006-05-03,8.010000
2006-05-04,8.011400
2006-05-05,8.011400
2006-05-08,8.007000
2006-05-09,8.004200
2006-05-10,8.003200
2006-05-11,8.003800
2006-05-12,8.005600
2006-05-15,8.003000
2006-05-16,8.000500
2006-05-17,8.002000
2006-05-18,8.009500
2006-05-19,8.017500
2006-05-22,8.025500
2006-05-23,8.023500
2006-05-24,8.017500
2006-05-25,8.023500
2006-05-26,8.024500
2006-05-30,8.030000
2006-05-31,8.021500
2006-06-01,8.018400
2006-06-02,8.022500
2006-06-05,8.005700
2006-06-06,8.012000
2006-06-07,8.017100
2006-06-08,8.008400
2006-06-09,8.011000
2006-06-12,8.015000
2006-06-13,8.003400
2006-06-14,7.998500
2006-06-15,7.999000
2006-06-16,7.999500
2006-06-19,8.003500
2006-06-20,8.000900
2006-06-21,7.996900
2006-06-22,7.996300
2006-06-23,7.999700
2006-06-26,7.999500
2006-06-27,7.998000
2006-06-28,7.997000
2006-06-29,7.995500
2006-06-30,7.994300
2006-07-03,7.992400
2006-07-05,7.995500
2006-07-06,7.994500
2006-07-07,7.993600
2006-07-10,7.990800
2006-07-11,7.991100
2006-07-12,7.989200
2006-07-13,7.989900
2006-07-14,7.995600
2006-07-17,7.997000
2006-07-18,8.001600
2006-07-19,8.001800
2006-07-20,7.991800
2006-07-21,7.989700
2006-07-24,7.985100
2006-07-25,7.987200
2006-07-26,7.984900
2006-07-27,7.974000
2006-07-28,7.979200
2006-07-31,7.969000
2006-08-01,7.973000
2006-08-02,7.972000
2006-08-03,7.974800
2006-08-04,7.978300
2006-08-07,7.968000
2006-08-08,7.971200
2006-08-09,7.974500
2006-08-10,7.969000
2006-08-11,7.972500
2006-08-14,7.992800
2006-08-15,8.000000
2006-08-16,7.982700
2006-08-17,7.968500
2006-08-18,7.973600
2006-08-21,7.969800
2006-08-22,7.966300
2006-08-23,7.969800
2006-08-24,7.969400
2006-08-25,7.969000
2006-08-28,7.970600
2006-08-29,7.961500
2006-08-30,7.959000
2006-08-31,7.953800
2006-09-01,7.953300
2006-09-05,7.949500
2006-09-06,7.947000
2006-09-07,7.940900
2006-09-08,7.948500
2006-09-11,7.954500
2006-09-12,7.946400
2006-09-13,7.949000
2006-09-14,7.946200
2006-09-15,7.942900
2006-09-18,7.946500
2006-09-19,7.935700
2006-09-20,7.926400
2006-09-21,7.924800
2006-09-22,7.919500
2006-09-25,7.921200
2006-09-26,7.913500
2006-09-27,7.901900
2006-09-28,7.896500
2006-09-29,7.904000
2006-10-02,7.904000
2006-10-03,7.904000
2006-10-04,7.904000
2006-10-05,7.904000
2006-10-06,7.904000
2006-10-10,7.910000
2006-10-11,7.916800
2006-10-12,7.914300
2006-10-13,7.900000
2006-10-16,7.912000
2006-10-17,7.908100
2006-10-18,7.906600
2006-10-19,7.910200
2006-10-20,7.902800
2006-10-23,7.898100
2006-10-24,7.902300
2006-10-25,7.901000
2006-10-26,7.894900
2006-10-27,7.888600
2006-10-30,7.872800
2006-10-31,7.878500
2006-11-01,7.871400
2006-11-02,7.872000
2006-11-03,7.871500
2006-11-06,7.875000
2006-11-07,7.872000
2006-11-08,7.865100
2006-11-09,7.864500
2006-11-10,7.863500
2006-11-13,7.864200
2006-11-14,7.864000
2006-11-15,7.867700
2006-11-16,7.871300
2006-11-17,7.871700
2006-11-20,7.869400
2006-11-21,7.868300
2006-11-22,7.873100
2006-11-24,7.851500
2006-11-27,7.842600
2006-11-28,7.844000
2006-11-29,7.830300
2006-11-30,7.834000
2006-12-01,7.835000
2006-12-04,7.827400
2006-12-05,7.821700
2006-12-06,7.822400
2006-12-07,7.822600
2006-12-08,7.823500
2006-12-11,7.834000
2006-12-12,7.828300
2006-12-13,7.826500
2006-12-14,7.822900
2006-12-15,7.826500
2006-12-18,7.819200
2006-12-19,7.824300
2006-12-20,7.815800
2006-12-21,7.816000
2006-12-22,7.815300
2006-12-26,7.819900
2006-12-27,7.821500
2006-12-28,7.811600
2006-12-29,7.804100
2007-01-02,7.805100
2007-01-03,7.805100
2007-01-04,7.809000
2007-01-05,7.804700
2007-01-08,7.812700
2007-01-09,7.805500
2007-01-10,7.807500
2007-01-11,7.794500
2007-01-12,7.798400
2007-01-16,7.790000
2007-01-17,7.775200
2007-01-18,7.770500
2007-01-19,7.775200
2007-01-22,7.775900
2007-01-23,7.775600
2007-01-24,7.770500
2007-01-25,7.770500
2007-01-26,7.774800
2007-01-29,7.773000
2007-01-30,7.775000
2007-01-31,7.771400
2007-02-01,7.757500
2007-02-02,7.755500
2007-02-05,7.760200
2007-02-06,7.756500
2007-02-07,7.747400
2007-02-08,7.748400
2007-02-09,7.747600
2007-02-12,7.757000
2007-02-13,7.763200
2007-02-14,7.756500
2007-02-15,7.754500
2007-02-16,7.742600
2007-02-20,7.746600
2007-02-21,7.742600
2007-02-22,7.743600
2007-02-23,7.741600
2007-02-26,7.750000
2007-02-27,7.741600
2007-02-28,7.741000
2007-03-01,7.743500
2007-03-02,7.744500
2007-03-05,7.741500
2007-03-06,7.745300
2007-03-07,7.743000
2007-03-08,7.740000
2007-03-09,7.744500
2007-03-12,7.745400
2007-03-13,7.741000
2007-03-14,7.737000
2007-03-15,7.743000
2007-03-16,7.728000
2007-03-19,7.735500
2007-03-20,7.732000
2007-03-21,7.735000
2007-03-22,7.728600
2007-03-23,7.729000
2007-03-26,7.739600
2007-03-27,7.733400
2007-03-28,7.731800
2007-03-29,7.728000
2007-03-30,7.723200
2007-04-02,7.729600
2007-04-03,7.726700
2007-04-04,7.734500
2007-04-05,7.725000
2007-04-06,7.724800
2007-04-09,7.729000
2007-04-10,7.730400
2007-04-11,7.731700
2007-04-12,7.724000
2007-04-13,7.722200
2007-04-16,7.728300
2007-04-17,7.728800
2007-04-18,7.720800
2007-04-19,7.712500
2007-04-20,7.715000
2007-04-23,7.728000
2007-04-24,7.734500
2007-04-25,7.720300
2007-04-26,7.730000
2007-04-27,7.713900
2007-04-30,7.709000
2007-05-01,7.706500
2007-05-02,7.703900
2007-05-03,7.705000
2007-05-04,7.703500
2007-05-07,7.703900
2007-05-08,7.695100
2007-05-09,7.694100
2007-05-10,7.693600
2007-05-11,7.683500
2007-05-14,7.671900
2007-05-15,7.693800
2007-05-16,7.683000
2007-05-17,7.673000
2007-05-18,7.663600
2007-05-21,7.665600
2007-05-22,7.656000
2007-05-23,7.649000
2007-05-24,7.652500
2007-05-25,7.652700
2007-05-29,7.651400
2007-05-30,7.646300
2007-05-31,7.651600
2007-06-01,7.648300
2007-06-04,7.650300
2007-06-05,7.639700
2007-06-06,7.637700
2007-06-07,7.652500
2007-06-08,7.666600
2007-06-11,7.668000
2007-06-12,7.645600
2007-06-13,7.637000
2007-06-14,7.642000
2007-06-15,7.624500
2007-06-18,7.619300
2007-06-19,7.617500
2007-06-20,7.618000
2007-06-21,7.620800
2007-06-22,7.622000
2007-06-25,7.618700
2007-06-26,7.617800
2007-06-27,7.621000
2007-06-28,7.619800
2007-06-29,7.612000
2007-07-02,7.605500
2007-07-03,7.594800
2007-07-05,7.600000
2007-07-06,7.600000
2007-07-09,7.605500
2007-07-10,7.585500
2007-07-11,7.566000
2007-07-12,7.569000
2007-07-13,7.571000
2007-07-16,7.566000
2007-07-17,7.565100
2007-07-18,7.565500
2007-07-19,7.558000
2007-07-20,7.572700
2007-07-23,7.565200
2007-07-24,7.566000
2007-07-25,7.559600
2007-07-26,7.568000
2007-07-27,7.564000
2007-07-30,7.570000
2007-07-31,7.572000
2007-08-01,7.567000
2007-08-02,7.573300
2007-08-03,7.567000
2007-08-06,7.560800
2007-08-07,7.570000
2007-08-08,7.574800
2007-08-09,7.566300
2007-08-10,7.569800
2007-08-13,7.583500
2007-08-14,7.578000
2007-08-15,7.585000
2007-08-16,7.618100
2007-08-17,7.596000
2007-08-20,7.585000
2007-08-21,7.594000
2007-08-22,7.593700
2007-08-23,7.586700
2007-08-24,7.567000
2007-08-27,7.560400
2007-08-28,7.553500
2007-08-29,7.549000
2007-08-30,7.542000
2007-08-31,7.546200
2007-09-03,7.546200
2007-09-04,7.551000
2007-09-05,7.554000
2007-09-06,7.533000
2007-09-07,7.537000
2007-09-10,7.523500
2007-09-11,7.522000
2007-09-12,7.521000
2007-09-13,7.511000
2007-09-14,7.517000
2007-09-17,7.519000
2007-09-18,7.522000
2007-09-19,7.513500
2007-09-20,7.505500
2007-09-21,7.500000
2007-09-24,7.507500
2007-09-25,7.514000
2007-09-26,7.516000
2007-09-27,7.513500
2007-09-28,7.492800
2007-10-01,7.515800
2007-10-02,7.509300
2007-10-03,7.500000
2007-10-04,7.509800
2007-10-05,7.509800
2007-10-08,7.509800
2007-10-09,7.509500
2007-10-10,7.507500
2007-10-11,7.508000
2007-10-12,7.509000
2007-10-15,7.513000
2007-10-16,7.511600
2007-10-17,7.515600
2007-10-18,7.514800
2007-10-19,7.508000
2007-10-22,7.507500
2007-10-23,7.502000
2007-10-24,7.492500
2007-10-25,7.480000
2007-10-26,7.497600
2007-10-29,7.472800
2007-10-30,7.472000
2007-10-31,7.468200
2007-11-01,7.458200
2007-11-02,7.458000
2007-11-05,7.455000
2007-11-06,7.451500
2007-11-07,7.442000
2007-11-08,7.421100
2007-11-09,7.419000
2007-11-13,7.427900
2007-11-14,7.425000
2007-11-15,7.425000
2007-11-16,7.425000
2007-11-19,7.431300
2007-11-20,7.422500
2007-11-21,7.416000
2007-11-22,7.416000
2007-11-23,7.407900
2007-11-26,7.397000
2007-11-27,7.386500
2007-11-28,7.390500
2007-11-29,7.380000
2007-11-30,7.385000
2007-12-03,7.401000
2007-12-04,7.405000
2007-12-05,7.390000
2007-12-06,7.412000
2007-12-07,7.407000
2007-12-10,7.390000
2007-12-11,7.379000
2007-12-12,7.374000
2007-12-13,7.370000
2007-12-14,7.375000
2007-12-17,7.380500
2007-12-18,7.374100
2007-12-19,7.371800
2007-12-20,7.366900
2007-12-21,7.368000
2007-12-24,7.347500
2007-12-26,7.345000
2007-12-27,7.307900
2007-12-28,7.304000
2007-12-31,7.294600
2008-01-02,7.294600
2008-01-03,7.275500
2008-01-04,7.269500
2008-01-07,7.270500
2008-01-08,7.267000
2008-01-09,7.262500
2008-01-10,7.270000
2008-01-11,7.261500
2008-01-14,7.252600
2008-01-15,7.234500
2008-01-16,7.240000
2008-01-17,7.224500
2008-01-18,7.242400
2008-01-22,7.245600
2008-01-23,7.240000
2008-01-24,7.222800
2008-01-25,7.211500
2008-01-28,7.195000
2008-01-29,7.196500
2008-01-30,7.191200
2008-01-31,7.181800
2008-02-01,7.184500
2008-02-04,7.191500
2008-02-05,7.183500
2008-02-06,7.183000
2008-02-07,7.183000
2008-02-08,7.183000
2008-02-11,7.190500
2008-02-12,7.184000
2008-02-13,7.197300
2008-02-14,7.188000
2008-02-15,7.178000
2008-02-19,7.148500
2008-02-20,7.142500
2008-02-21,7.139500
2008-02-22,7.140000
2008-02-25,7.152200
2008-02-26,7.158000
2008-02-27,7.140000
2008-02-28,7.110000
2008-02-29,7.111500
2008-03-03,7.103500
2008-03-04,7.106000
2008-03-05,7.107500
2008-03-06,7.105900
2008-03-07,7.111000
2008-03-10,7.106000
2008-03-11,7.102700
2008-03-12,7.101000
2008-03-13,7.090000
2008-03-14,7.089000
2008-03-17,7.083000
2008-03-18,7.079500
2008-03-19,7.066000
2008-03-20,7.052000
2008-03-21,7.051500
2008-03-24,7.055000
2008-03-25,7.044000
2008-03-26,7.029000
2008-03-27,7.010500
2008-03-28,7.012000
2008-03-31,7.012000
2008-04-01,7.011600
2008-04-02,7.018500
2008-04-03,7.015000
2008-04-04,7.015000
2008-04-07,7.001000
2008-04-08,7.000800
2008-04-09,7.001700
2008-04-10,6.991000
2008-04-11,7.006000
2008-04-14,6.999000
2008-04-15,6.994500
2008-04-16,6.992000
2008-04-17,6.984000
2008-04-18,7.006500
2008-04-21,6.999600
2008-04-22,6.989000
2008-04-23,6.989500
2008-04-24,6.995500
2008-04-25,7.009500
2008-04-28,7.002000
2008-04-29,6.984500
2008-04-30,6.987000
2008-05-01,6.987600
2008-05-02,6.987000
2008-05-05,6.981500
2008-05-06,6.986000
2008-05-07,6.986000
2008-05-08,7.000000
2008-05-09,6.987600
2008-05-12,6.988100
2008-05-13,6.988900
2008-05-14,6.999000
2008-05-15,6.994300
2008-05-16,6.988000
2008-05-19,6.970000
2008-05-20,6.972500
2008-05-21,6.959200
2008-05-22,6.942000
2008-05-23,6.941200
2008-05-27,6.945000
2008-05-28,6.940800
2008-05-29,6.937700
2008-05-30,6.940000
2008-06-02,6.932500
2008-06-03,6.934100
2008-06-04,6.963300
2008-06-05,6.946000
2008-06-06,6.923000
2008-06-09,6.923000
2008-06-10,6.924800
2008-06-11,6.909500
2008-06-12,6.907000
2008-06-13,6.904400
2008-06-16,6.891100
2008-06-17,6.895400
2008-06-18,6.882100
2008-06-19,6.877000
2008-06-20,6.879600
2008-06-23,6.874000
2008-06-24,6.869900
2008-06-25,6.865300
2008-06-26,6.863000
2008-06-27,6.861800
2008-06-30,6.859100
2008-07-01,6.860800
2008-07-02,6.854200
2008-07-03,6.852900
2008-07-07,6.856700
2008-07-08,6.851000
2008-07-09,6.863200
2008-07-10,6.843000
2008-07-11,6.833800
2008-07-14,6.845000
2008-07-15,6.821100
2008-07-16,6.810400
2008-07-17,6.818900
2008-07-18,6.816800
2008-07-21,6.827100
2008-07-22,6.824800
2008-07-23,6.827900
2008-07-24,6.829200
2008-07-25,6.818900
2008-07-28,6.833200
2008-07-29,6.826400
2008-07-30,6.827200
2008-07-31,6.838800
2008-08-01,6.842300
2008-08-04,6.847100
2008-08-05,6.850100
2008-08-06,6.848200
2008-08-07,6.855500
2008-08-08,6.860400
2008-08-11,6.857700
2008-08-12,6.865900
2008-08-13,6.860100
2008-08-14,6.860000
2008-08-15,6.864900
2008-08-18,6.870500
2008-08-19,6.859900
2008-08-20,6.852900
2008-08-21,6.840500
2008-08-22,6.833300
2008-08-25,6.848000
2008-08-26,6.780000
2008-08-27,6.807000
2008-08-28,6.840500
2008-08-29,6.825200
2008-09-02,6.821500
2008-09-03,6.842900
2008-09-04,6.851000
2008-09-05,6.840000
2008-09-08,6.843800
2008-09-09,6.838100
2008-09-10,6.835000
2008-09-11,6.846500
2008-09-12,6.781000
2008-09-15,6.848200
2008-09-16,6.839100
2008-09-17,6.829000
2008-09-18,6.837500
2008-09-19,6.835500
2008-09-22,6.830600
2008-09-23,6.811400
2008-09-24,6.823300
2008-09-25,6.815000
2008-09-26,6.843100
2008-09-29,6.843100
2008-09-30,6.789900
2008-10-01,6.848500
2008-10-02,6.842000
2008-10-03,6.843100
2008-10-06,6.842000
2008-10-07,6.817100
2008-10-08,6.817100
2008-10-09,6.820200
2008-10-10,6.835700
2008-10-14,6.833900
2008-10-15,6.835000
2008-10-16,6.833200
2008-10-17,6.833200
2008-10-20,6.829900
2008-10-21,6.833700
2008-10-22,6.834100
2008-10-23,6.835400
2008-10-24,6.843200
2008-10-27,6.852100
2008-10-28,6.838500
2008-10-29,6.839000
2008-10-30,6.840800
2008-10-31,6.838800
2008-11-03,6.837300
2008-11-04,6.836000
2008-11-05,6.828500
2008-11-06,6.824500
2008-11-07,6.825500
2008-11-10,6.826700
2008-11-12,6.829300
2008-11-13,6.829100
2008-11-14,6.823600
2008-11-17,6.826400
2008-11-18,6.823900
2008-11-19,6.829500
2008-11-20,6.834000
2008-11-21,6.830200
2008-11-24,6.824900
2008-11-25,6.822000
2008-11-26,6.828200
2008-11-28,6.825400
2008-12-01,6.884200
2008-12-02,6.878600
2008-12-03,6.874600
2008-12-04,6.881700
2008-12-05,6.881200
2008-12-08,6.877000
2008-12-09,6.873000
2008-12-10,6.864000
2008-12-11,6.851300
2008-12-12,6.842000
2008-12-15,6.848000
2008-12-16,6.844800
2008-12-17,6.835000
2008-12-18,6.834100
2008-12-19,6.844000
2008-12-22,6.851000
2008-12-23,6.848000
2008-12-24,6.835500
2008-12-26,6.840900
2008-12-29,6.844700
2008-12-30,6.829500
2008-12-31,6.822500
2009-01-02,6.822500
2009-01-05,6.830000
2009-01-06,6.836000
2009-01-07,6.833000
2009-01-08,6.834200
2009-01-09,6.835000
2009-01-12,6.836200
2009-01-13,6.834100
2009-01-14,6.834700
2009-01-15,6.836300
2009-01-16,6.836900
2009-01-20,6.840300
2009-01-21,6.839200
2009-01-22,6.837000
2009-01-23,6.839200
2009-01-26,6.839200
2009-01-27,6.839200
2009-01-28,6.839200
2009-01-29,6.839200
2009-01-30,6.839200
2009-02-02,6.847000
2009-02-03,6.839900
2009-02-04,6.833500
2009-02-05,6.835500
2009-02-06,6.833800
2009-02-09,6.839200
2009-02-10,6.824100
2009-02-11,6.833200
2009-02-12,6.834500
2009-02-13,6.839200
2009-02-17,6.835500
2009-02-18,6.837800
2009-02-19,6.834800
2009-02-20,6.836700
2009-02-23,6.835500
2009-02-24,6.836800
2009-02-25,6.836900
2009-02-26,6.836100
2009-02-27,6.839500
2009-03-02,6.843800
2009-03-03,6.841300
2009-03-04,6.843200
2009-03-05,6.840600
2009-03-06,6.839500
2009-03-09,6.839800
2009-03-10,6.841000
2009-03-11,6.839900
2009-03-12,6.838300
2009-03-13,6.838000
2009-03-16,6.838100
2009-03-17,6.836900
2009-03-18,6.834700
2009-03-19,6.824000
2009-03-20,6.827700
2009-03-23,6.833500
2009-03-24,6.829400
2009-03-25,6.830400
2009-03-26,6.832000
2009-03-27,6.831000
2009-03-30,6.836000
2009-03-31,6.832900
2009-04-01,6.833900
2009-04-02,6.834000
2009-04-03,6.834300
2009-04-06,6.834300
2009-04-07,6.836100
2009-04-08,6.835000
2009-04-09,6.834000
2009-04-10,6.833300
2009-04-13,6.834700
2009-04-14,6.832000
2009-04-15,6.832100
2009-04-16,6.831600
2009-04-17,6.832500
2009-04-20,6.833100
2009-04-21,6.825400
2009-04-22,6.829600
2009-04-23,6.826500
2009-04-24,6.825000
2009-04-27,6.827000
2009-04-28,6.826600
2009-04-29,6.824300
2009-04-30,6.818000
2009-05-01,6.818000
2009-05-04,6.822300
2009-05-05,6.818500
2009-05-06,6.817600
2009-05-07,6.821500
2009-05-08,6.820000
2009-05-11,6.823000
2009-05-12,6.821000
2009-05-13,6.822000
2009-05-14,6.824800
2009-05-15,6.822500
2009-05-18,6.826500
2009-05-19,6.824500
2009-05-20,6.824800
2009-05-21,6.824500
2009-05-22,6.822700
2009-05-26,6.832600
2009-05-27,6.827200
2009-05-28,6.827800
2009-05-29,6.827800
2009-06-01,6.826400
2009-06-02,6.830500
2009-06-03,6.829000
2009-06-04,6.833100
2009-06-05,6.832900
2009-06-08,6.837100
2009-06-09,6.835300
2009-06-10,6.833000
2009-06-11,6.835800
2009-06-12,6.835200
2009-06-15,6.836100
2009-06-16,6.833800
2009-06-17,6.836400
2009-06-18,6.834400
2009-06-19,6.836000
2009-06-22,6.834000
2009-06-23,6.834600
2009-06-24,6.830700
2009-06-25,6.834400
2009-06-26,6.833000
2009-06-29,6.833400
2009-06-30,6.830200
2009-07-01,6.833100
2009-07-02,6.831200
2009-07-03,6.832000
2009-07-06,6.834200
2009-07-07,6.832600
2009-07-08,6.832300
2009-07-09,6.831700
2009-07-10,6.832500
2009-07-13,6.832600
2009-07-14,6.833000
2009-07-15,6.831500
2009-07-16,6.831000
2009-07-17,6.830900
2009-07-20,6.830300
2009-07-21,6.830000
2009-07-22,6.830500
2009-07-23,6.830800
2009-07-24,6.831300
2009-07-27,6.831200
2009-07-28,6.830800
2009-07-29,6.831400
2009-07-30,6.832100
2009-07-31,6.831900
2009-08-03,6.830800
2009-08-04,6.830200
2009-08-05,6.830700
2009-08-06,6.831200
2009-08-07,6.831600
2009-08-10,6.834100
2009-08-11,6.834900
2009-08-12,6.834900
2009-08-13,6.833600
2009-08-14,6.834100
2009-08-17,6.835800
2009-08-18,6.833700
2009-08-19,6.834000
2009-08-20,6.831700
2009-08-21,6.831300
2009-08-24,6.830800
2009-08-25,6.831800
2009-08-26,6.830900
2009-08-27,6.831600
2009-08-28,6.830000
2009-08-31,6.829900
2009-09-01,6.829500
2009-09-02,6.830300
2009-09-03,6.829800
2009-09-04,6.829300
2009-09-08,6.827000
2009-09-09,6.828600
2009-09-10,6.829100
2009-09-11,6.828000
2009-09-14,6.828200
2009-09-15,6.828900
2009-09-16,6.824700
2009-09-17,6.826200
2009-09-18,6.827000
2009-09-21,6.828700
2009-09-22,6.826800
2009-09-23,6.825400
2009-09-24,6.826300
2009-09-25,6.827300
2009-09-28,6.826500
2009-09-29,6.827300
2009-09-30,6.826200
2009-10-01,6.826000
2009-10-02,6.826000
2009-10-05,6.826000
2009-10-06,6.826000
2009-10-07,6.826000
2009-10-08,6.826000
2009-10-09,6.824800
2009-10-13,6.826400
2009-10-14,6.826100
2009-10-15,6.827000
2009-10-16,6.826600
2009-10-19,6.826600
2009-10-20,6.825400
2009-10-21,6.827200
2009-10-22,6.828700
2009-10-23,6.828000
2009-10-26,6.827800
2009-10-27,6.829200
2009-10-28,6.827000
2009-10-29,6.826900
2009-10-30,6.826400
2009-11-02,6.826800
2009-11-03,6.827800
2009-11-04,6.826500
2009-11-05,6.826900
2009-11-06,6.826600
2009-11-09,6.826100
2009-11-10,6.825500
2009-11-12,6.826700
2009-11-13,6.826000
2009-11-16,6.826300
2009-11-17,6.826000
2009-11-18,6.826900
2009-11-19,6.828300
2009-11-20,6.827700
2009-11-23,6.830000
2009-11-24,6.829200
2009-11-25,6.827200
2009-11-27,6.827200
2009-11-30,6.826500
2009-12-01,6.827000
2009-12-02,6.826000
2009-12-03,6.826900
2009-12-04,6.826100
2009-12-07,6.828800
2009-12-08,6.827500
2009-12-09,6.827500
2009-12-10,6.826400
2009-12-11,6.826900
2009-12-14,6.828100
2009-12-15,6.827000
2009-12-16,6.827900
2009-12-17,6.828600
2009-12-18,6.828000
2009-12-21,6.828400
2009-12-22,6.828500
2009-12-23,6.828200
2009-12-24,6.827100
2009-12-28,6.829900
2009-12-29,6.828900
2009-12-30,6.824400
2009-12-31,6.825900
2010-01-04,6.827300
2010-01-05,6.825800
2010-01-06,6.827200
2010-01-07,6.828000
2010-01-08,6.827400
2010-01-11,6.826300
2010-01-12,6.826700
2010-01-13,6.829500
2010-01-14,6.826500
2010-01-15,6.826900
2010-01-19,6.826800
2010-01-20,6.825800
2010-01-21,6.826800
2010-01-22,6.827000
2010-01-25,6.826800
2010-01-26,6.826300
2010-01-27,6.826800
2010-01-28,6.826700
2010-01-29,6.826800
2010-02-01,6.826000
2010-02-02,6.827000
2010-02-03,6.826000
2010-02-04,6.828000
2010-02-05,6.827500
2010-02-08,6.826500
2010-02-09,6.826700
2010-02-10,6.828000
2010-02-11,6.832800
2010-02-12,6.832600
2010-02-16,6.832600
2010-02-17,6.832600
2010-02-18,6.833000
2010-02-19,6.829000
2010-02-22,6.826400
2010-02-23,6.826700
2010-02-24,6.826900
2010-02-25,6.826700
2010-02-26,6.825800
2010-03-01,6.826300
2010-03-02,6.826500
2010-03-03,6.825800
2010-03-04,6.825800
2010-03-05,6.826000
2010-03-08,6.826100
2010-03-09,6.826300
2010-03-10,6.825900
2010-03-11,6.826600
2010-03-12,6.825400
2010-03-15,6.825900
2010-03-16,6.825700
2010-03-17,6.825900
2010-03-18,6.826100
2010-03-19,6.826500
2010-03-22,6.826600
2010-03-23,6.826300
2010-03-24,6.826600
2010-03-25,6.827000
2010-03-26,6.826900
2010-03-29,6.826400
2010-03-30,6.825800
2010-03-31,6.825800
2010-04-01,6.826300
2010-04-02,6.825500
2010-04-05,6.825600
2010-04-06,6.825000
2010-04-07,6.825400
2010-04-08,6.824000
2010-04-09,6.822900
2010-04-12,6.825200
2010-04-13,6.825500
2010-04-14,6.825800
2010-04-15,6.826000
2010-04-16,6.825300
2010-04-19,6.826200
2010-04-20,6.825300
2010-04-21,6.827500
2010-04-22,6.826300
2010-04-23,6.827000
2010-04-26,6.826600
2010-04-27,6.825600
2010-04-28,6.824500
2010-04-29,6.825900
2010-04-30,6.824700
2010-05-03,6.824500
2010-05-04,6.826000
2010-05-05,6.826300
2010-05-06,6.826500
2010-05-07,6.825400
2010-05-10,6.826300
2010-05-11,6.828500
2010-05-12,6.827000
2010-05-13,6.827800
2010-05-14,6.826300
2010-05-17,6.827400
2010-05-18,6.827300
2010-05-19,6.826900
2010-05-20,6.827700
2010-05-21,6.826200
2010-05-24,6.828600
2010-05-25,6.831000
2010-05-26,6.829200
2010-05-27,6.829600
2010-05-28,6.830500
2010-06-01,6.827500
2010-06-02,6.829600
2010-06-03,6.828300
2010-06-04,6.826800
2010-06-07,6.832200
2010-06-08,6.829400
2010-06-09,6.828500
2010-06-10,6.830500
2010-06-11,6.832000
2010-06-14,6.832300
2010-06-15,6.832300
2010-06-16,6.832300
2010-06-17,6.829000
2010-06-18,6.826700
2010-06-21,6.796800
2010-06-22,6.812700
2010-06-23,6.812400
2010-06-24,6.800100
2010-06-25,6.791100
2010-06-28,6.796000
2010-06-29,6.797700
2010-06-30,6.781500
2010-07-01,6.780700
2010-07-02,6.770900
2010-07-06,6.780100
2010-07-07,6.777000
2010-07-08,6.776300
2010-07-09,6.772000
2010-07-12,6.770900
2010-07-13,6.772000
2010-07-14,6.771400
2010-07-15,6.777400
2010-07-16,6.775000
2010-07-19,6.778000
2010-07-20,6.778100
2010-07-21,6.776900
2010-07-22,6.779500
2010-07-23,6.780300
2010-07-26,6.778800
2010-07-27,6.778100
2010-07-28,6.778000
2010-07-29,6.776000
2010-07-30,6.773500
2010-08-02,6.774000
2010-08-03,6.772800
2010-08-04,6.772000
2010-08-05,6.770500
2010-08-06,6.768000
2010-08-09,6.767000
2010-08-10,6.772000
2010-08-11,6.774500
2010-08-12,6.784300
2010-08-13,6.795700
2010-08-16,6.803800
2010-08-17,6.792000
2010-08-18,6.791100
2010-08-19,6.789700
2010-08-20,6.790000
2010-08-23,6.799500
2010-08-24,6.796600
2010-08-25,6.799500
2010-08-26,6.799800
2010-08-27,6.797700
2010-08-30,6.802900
2010-08-31,6.806900
2010-09-01,6.810200
2010-09-02,6.807000
2010-09-03,6.801400
2010-09-07,6.790600
2010-09-08,6.794000
2010-09-09,6.782000
2010-09-10,6.769000
2010-09-13,6.759500
2010-09-14,6.743000
2010-09-15,6.738000
2010-09-16,6.725000
2010-09-17,6.723000
2010-09-20,6.713500
2010-09-21,6.705900
2010-09-22,6.703500
2010-09-23,6.704600
2010-09-24,6.703500
2010-09-27,6.691100
2010-09-28,6.690400
2010-09-29,6.686900
2010-09-30,6.690500
2010-10-01,6.689500
2010-10-04,6.691200
2010-10-05,6.690600
2010-10-06,6.689300
2010-10-07,6.690300
2010-10-08,6.671000
2010-10-12,6.673300
2010-10-13,6.663400
2010-10-14,6.650500
2010-10-15,6.639700
2010-10-18,6.644000
2010-10-19,6.644400
2010-10-20,6.651800
2010-10-21,6.650200
2010-10-22,6.658300
2010-10-25,6.657900
2010-10-26,6.662500
2010-10-27,6.680500
2010-10-28,6.686700
2010-10-29,6.670700
2010-11-01,6.689200
2010-11-02,6.677500
2010-11-03,6.675800
2010-11-04,6.660900
2010-11-05,6.655000
2010-11-08,6.679100
2010-11-09,6.642400
2010-11-10,6.633500
2010-11-12,6.636800
2010-11-15,6.641800
2010-11-16,6.637800
2010-11-17,6.641500
2010-11-18,6.633000
2010-11-19,6.639800
2010-11-22,6.641400
2010-11-23,6.643300
2010-11-24,6.652900
2010-11-26,6.667500
2010-11-29,6.660000
2010-11-30,6.667000
2010-12-01,6.663000
2010-12-02,6.660900
2010-12-03,6.662800
2010-12-06,6.648300
2010-12-07,6.645500
2010-12-08,6.661600
2010-12-09,6.654900
2010-12-10,6.655000
2010-12-13,6.665200
2010-12-14,6.656300
2010-12-15,6.654100
2010-12-16,6.663500
2010-12-17,6.654500
2010-12-20,6.674500
2010-12-21,6.658000
2010-12-22,6.645000
2010-12-23,6.645000
2010-12-27,6.630600
2010-12-28,6.624700
2010-12-29,6.620000
2010-12-30,6.600000
2011-01-03,6.589500
2011-01-04,6.606500
2011-01-05,6.585000
2011-01-06,6.626000
2011-01-07,6.627600
2011-01-10,6.636400
2011-01-11,6.618500
2011-01-12,6.603700
2011-01-13,6.604400
2011-01-14,6.587600
2011-01-18,6.582800
2011-01-19,6.582300
2011-01-20,6.585200
2011-01-21,6.583100
2011-01-24,6.580900
2011-01-25,6.582400
2011-01-26,6.581400
2011-01-27,6.581400
2011-01-28,6.581900
2011-01-31,6.601700
2011-02-01,6.593700
2011-02-02,6.556000
2011-02-03,6.556000
2011-02-04,6.556000
2011-02-07,6.560000
2011-02-08,6.552000
2011-02-09,6.591400
2011-02-10,6.586400
2011-02-11,6.591700
2011-02-14,6.596500
2011-02-15,6.588400
2011-02-16,6.588400
2011-02-17,6.585000
2011-02-18,6.573100
2011-02-22,6.579500
2011-02-23,6.574100
2011-02-24,6.572000
2011-02-25,6.574900
2011-02-28,6.571300
2011-03-01,6.570000
2011-03-02,6.572300
2011-03-03,6.571700
2011-03-04,6.567000
2011-03-07,6.554000
2011-03-08,6.568400
2011-03-09,6.558000
2011-03-10,6.573100
2011-03-11,6.574200
2011-03-14,6.569600
2011-03-15,6.573000
2011-03-16,6.571300
2011-03-17,6.574300
2011-03-18,6.568900
2011-03-21,6.563500
2011-03-22,6.551000
2011-03-23,6.559100
2011-03-24,6.558000
2011-03-25,6.556800
2011-03-28,6.564300
2011-03-29,6.560000
2011-03-30,6.555800
2011-03-31,6.548300
2011-04-01,6.547700
2011-04-04,6.538500
2011-04-05,6.539000
2011-04-06,6.544000
2011-04-07,6.542000
2011-04-08,6.535000
2011-04-11,6.538100
2011-04-12,6.540200
2011-04-13,6.533300
2011-04-14,6.531000
2011-04-15,6.531700
2011-04-18,6.528600
2011-04-19,6.530300
2011-04-20,6.525400
2011-04-21,6.492000
2011-04-22,6.506700
2011-04-25,6.527700
2011-04-26,6.527000
2011-04-27,6.511200
2011-04-28,6.501000
2011-04-29,6.490000
2011-05-02,6.492000
2011-05-03,6.495500
2011-05-04,6.492500
2011-05-05,6.493100
2011-05-06,6.492500
2011-05-09,6.493700
2011-05-10,6.491500
2011-05-11,6.491500
2011-05-12,6.498600
2011-05-13,6.497700
2011-05-16,6.507300
2011-05-17,6.505700
2011-05-18,6.502900
2011-05-19,6.504200
2011-05-20,6.491700
2011-05-23,6.505000
2011-05-24,6.499000
2011-05-25,6.493000
2011-05-26,6.491300
2011-05-27,6.492000
2011-05-31,6.478600
2011-06-01,6.478000
2011-06-02,6.482400
2011-06-03,6.479600
2011-06-06,6.479600
2011-06-07,6.481000
2011-06-08,6.475400
2011-06-09,6.475700
2011-06-10,6.480100
2011-06-13,6.483000
2011-06-14,6.479400
2011-06-15,6.482000
2011-06-16,6.474600
2011-06-17,6.470000
2011-06-20,6.472000
2011-06-21,6.465000
2011-06-22,6.462800
2011-06-23,6.467600
2011-06-24,6.473700
2011-06-27,6.481500
2011-06-28,6.469900
2011-06-29,6.463300
2011-06-30,6.463500
2011-07-01,6.464500
2011-07-05,6.466000
2011-07-06,6.467000
2011-07-07,6.465500
2011-07-08,6.464500
2011-07-11,6.467100
2011-07-12,6.472000
2011-07-13,6.467500
2011-07-14,6.459000
2011-07-15,6.461000
2011-07-18,6.468800
2011-07-19,6.463100
2011-07-20,6.458100
2011-07-21,6.453500
2011-07-22,6.446400
2011-07-25,6.445000
2011-07-26,6.441100
2011-07-27,6.442800
2011-07-28,6.441800
2011-07-29,6.436000
2011-08-01,6.433700
2011-08-02,6.437900
2011-08-03,6.434000
2011-08-04,6.437700
2011-08-05,6.440100
2011-08-08,6.434200
2011-08-09,6.430400
2011-08-10,6.417200
2011-08-11,6.393500
2011-08-12,6.389200
2011-08-15,6.390200
2011-08-16,6.381800
2011-08-17,6.383900
2011-08-18,6.387300
2011-08-19,6.391000
2011-08-22,6.400400
2011-08-23,6.397500
2011-08-24,6.388000
2011-08-25,6.390000
2011-08-26,6.386000
2011-08-29,6.380900
2011-08-30,6.380200
2011-08-31,6.377800
2011-09-01,6.381200
2011-09-02,6.382100
2011-09-06,6.390100
2011-09-07,6.394000
2011-09-08,6.383300
2011-09-09,6.388000
2011-09-12,6.387700
2011-09-13,6.397000
2011-09-14,6.391000
2011-09-15,6.390400
2011-09-16,6.383300
2011-09-19,6.386400
2011-09-20,6.383700
2011-09-21,6.381100
2011-09-22,6.387900
2011-09-23,6.387700
2011-09-26,6.397500
2011-09-27,6.397500
2011-09-28,6.393300
2011-09-29,6.396400
2011-09-30,6.378000
2011-10-03,6.374500
2011-10-04,6.374500
2011-10-05,6.374500
2011-10-06,6.378000
2011-10-07,6.374500
2011-10-11,6.374500
2011-10-12,6.358000
2011-10-13,6.382000
2011-10-14,6.378000
2011-10-17,6.369500
2011-10-18,6.380400
2011-10-19,6.376900
2011-10-20,6.382500
2011-10-21,6.382300
2011-10-24,6.374400
2011-10-25,6.360500
2011-10-26,6.353400
2011-10-27,6.359000
2011-10-28,6.357000
2011-10-31,6.354700
2011-11-01,6.354700
2011-11-02,6.355000
2011-11-03,6.351300
2011-11-04,6.340000
2011-11-07,6.348100
2011-11-08,6.346200
2011-11-09,6.340100
2011-11-10,6.345400
2011-11-14,6.353600
2011-11-15,6.346400
2011-11-16,6.344500
2011-11-17,6.350500
2011-11-18,6.356500
2011-11-21,6.360300
2011-11-22,6.360500
2011-11-23,6.357600
2011-11-25,6.380200
2011-11-28,6.383900
2011-11-29,6.376900
2011-11-30,6.376500
2011-12-01,6.365500
2011-12-02,6.359600
2011-12-05,6.362900
2011-12-06,6.364500
2011-12-07,6.364200
2011-12-08,6.361800
2011-12-09,6.364100
2011-12-12,6.360400
2011-12-13,6.364800
2011-12-14,6.371000
2011-12-15,6.373300
2011-12-16,6.347900
2011-12-19,6.337600
2011-12-20,6.345900
2011-12-21,6.338600
2011-12-22,6.339200
2011-12-23,6.336400
2011-12-27,6.321000
2011-12-28,6.321100
2011-12-29,6.318700
2011-12-30,6.293900
2012-01-03,6.294000
2012-01-04,6.294100
2012-01-05,6.301300
2012-01-06,6.308800
2012-01-09,6.314300
2012-01-10,6.314100
2012-01-11,6.314900
2012-01-12,6.317700
2012-01-13,6.306500
2012-01-17,6.313600
2012-01-18,6.310900
2012-01-19,6.316200
2012-01-20,6.333000
2012-01-23,6.333000
2012-01-24,6.333000
2012-01-25,6.333000
2012-01-26,6.333000
2012-01-27,6.333000
2012-01-30,6.331000
2012-01-31,6.308000
2012-02-01,6.307600
2012-02-02,6.301700
2012-02-03,6.302700
2012-02-06,6.312000
2012-02-07,6.304600
2012-02-08,6.293800
2012-02-09,6.294700
2012-02-10,6.299100
2012-02-13,6.297200
2012-02-14,6.299500
2012-02-15,6.299800
2012-02-16,6.301400
2012-02-17,6.298500
2012-02-21,6.296000
2012-02-22,6.296000
2012-02-23,6.298000
2012-02-24,6.297600
2012-02-27,6.301200
2012-02-28,6.298900
2012-02-29,6.293500
2012-03-01,6.300100
2012-03-02,6.298200
2012-03-05,6.306600
2012-03-06,6.308200
2012-03-07,6.309700
2012-03-08,6.315900
2012-03-09,6.310900
2012-03-12,6.325800
2012-03-13,6.326600
2012-03-14,6.331500
2012-03-15,6.328200
2012-03-16,6.322200
2012-03-19,6.319100
2012-03-20,6.320300
2012-03-21,6.322600
2012-03-22,6.299000
2012-03-23,6.302100
2012-03-26,6.313900
2012-03-27,6.306100
2012-03-28,6.304400
2012-03-29,6.305700
2012-03-30,6.297500
2012-04-02,6.297900
2012-04-03,6.297500
2012-04-04,6.297500
2012-04-05,6.312300
2012-04-06,6.305200
2012-04-09,6.310000
2012-04-10,6.310500
2012-04-11,6.307600
2012-04-12,6.306900
2012-04-13,6.302200
2012-04-16,6.315000
2012-04-17,6.301500
2012-04-18,6.302600
2012-04-19,6.302900
2012-04-20,6.308000
2012-04-23,6.308400
2012-04-24,6.307300
2012-04-25,6.303900
2012-04-26,6.305400
2012-04-27,6.309300
2012-04-30,6.279000
2012-05-01,6.308900
2012-05-02,6.307000
2012-05-03,6.305200
2012-05-04,6.305900
2012-05-07,6.307400
2012-05-08,6.307600
2012-05-09,6.309600
2012-05-10,6.314000
2012-05-11,6.309700
2012-05-14,6.321000
2012-05-15,6.317600
2012-05-16,6.322700
2012-05-17,6.324700
2012-05-18,6.324500
2012-05-21,6.327700
2012-05-22,6.322300
2012-05-23,6.334300
2012-05-24,6.344900
2012-05-25,6.343900
2012-05-29,6.347800
2012-05-30,6.357400
2012-05-31,6.368400
2012-06-01,6.369200
2012-06-04,6.364100
2012-06-05,6.367000
2012-06-06,6.363400
2012-06-07,6.363400
2012-06-08,6.370000
2012-06-11,6.369000
2012-06-12,6.370300
2012-06-13,6.368500
2012-06-14,6.370200
2012-06-15,6.364900
2012-06-18,6.353900
2012-06-19,6.354200
2012-06-20,6.359700
2012-06-21,6.364400
2012-06-22,6.364400
2012-06-25,6.363100
2012-06-26,6.362600
2012-06-27,6.356100
2012-06-28,6.357000
2012-06-29,6.353000
2012-07-02,6.348700
2012-07-03,6.351900
2012-07-05,6.355700
2012-07-06,6.364000
2012-07-09,6.370900
2012-07-10,6.365400
2012-07-11,6.368200
2012-07-12,6.373200
2012-07-13,6.378900
2012-07-16,6.378400
2012-07-17,6.372500
2012-07-18,6.369000
2012-07-19,6.372400
2012-07-20,6.373400
2012-07-23,6.385600
2012-07-24,6.385700
2012-07-25,6.387900
2012-07-26,6.383900
2012-07-27,6.380700
2012-07-30,6.379200
2012-07-31,6.361000
2012-08-01,6.368000
2012-08-02,6.367100
2012-08-03,6.372100
2012-08-06,6.373800
2012-08-07,6.366400
2012-08-08,6.361000
2012-08-09,6.357900
2012-08-10,6.359900
2012-08-13,6.361100
2012-08-14,6.358600
2012-08-15,6.361900
2012-08-16,6.365900
2012-08-17,6.358000
2012-08-20,6.359200
2012-08-21,6.355900
2012-08-22,6.351500
2012-08-23,6.353500
2012-08-24,6.354200
2012-08-27,6.355800
2012-08-28,6.352500
2012-08-29,6.351300
2012-08-30,6.349400
2012-08-31,6.348400
2012-09-04,6.346500
2012-09-05,6.348900
2012-09-06,6.342800
2012-09-07,6.342800
2012-09-10,6.337500
2012-09-11,6.334900
2012-09-12,6.326100
2012-09-13,6.329400
2012-09-14,6.314500
2012-09-17,6.317000
2012-09-18,6.318700
2012-09-19,6.309100
2012-09-20,6.303600
2012-09-21,6.305100
2012-09-24,6.309000
2012-09-25,6.305700
2012-09-26,6.301500
2012-09-27,6.302100
2012-09-28,6.284800
2012-10-01,6.284000
2012-10-02,6.284000
2012-10-03,6.284000
2012-10-04,6.284000
2012-10-05,6.284000
2012-10-09,6.287700
2012-10-10,6.283100
2012-10-11,6.276500
2012-10-12,6.267000
2012-10-15,6.270000
2012-10-16,6.263700
2012-10-17,6.254000
2012-10-18,6.250100
2012-10-19,6.253300
2012-10-22,6.254300
2012-10-23,6.247800
2012-10-24,6.247800
2012-10-25,6.241600
2012-10-26,6.248000
2012-10-29,6.238400
2012-10-30,6.239600
2012-10-31,6.237200
2012-11-01,6.239300
2012-11-02,6.241100
2012-11-05,6.245200
2012-11-06,6.245400
2012-11-07,6.243500
2012-11-08,6.242700
2012-11-09,6.245000
2012-11-13,6.226000
2012-11-14,6.225000
2012-11-15,6.232900
2012-11-16,6.235400
2012-11-19,6.234300
2012-11-20,6.232400
2012-11-21,6.230000
2012-11-23,6.227500
2012-11-26,6.225300
2012-11-27,6.222100
2012-11-28,6.227300
2012-11-29,6.228100
2012-11-30,6.226500
2012-12-03,6.227700
2012-12-04,6.225400
2012-12-05,6.225100
2012-12-06,6.228200
2012-12-07,6.229900
2012-12-10,6.229600
2012-12-11,6.246000
2012-12-12,6.250200
2012-12-13,6.231600
2012-12-14,6.241000
2012-12-17,6.236000
2012-12-18,6.232200
2012-12-19,6.229300
2012-12-20,6.229700
2012-12-21,6.228400
2012-12-24,6.233500
2012-12-26,6.235100
2012-12-27,6.235800
2012-12-28,6.231500
2012-12-31,6.230100
2013-01-02,6.230100
2013-01-03,6.230100
2013-01-04,6.230300
2013-01-07,6.229400
2013-01-08,6.223500
2013-01-09,6.226000
2013-01-10,6.223000
2013-01-11,6.215600
2013-01-14,6.219000
2013-01-15,6.213400
2013-01-16,6.216000
2013-01-17,6.215800
2013-01-18,6.215200
2013-01-22,6.219600
2013-01-23,6.217800
2013-01-24,6.217900
2013-01-25,6.220300
2013-01-28,6.224000
2013-01-29,6.225900
2013-01-30,6.220400
2013-01-31,6.218600
2013-02-01,6.226500
2013-02-04,6.232600
2013-02-05,6.229200
2013-02-06,6.231500
2013-02-07,6.232300
2013-02-08,6.232300
2013-02-11,6.232300
2013-02-12,6.232300
2013-02-13,6.232300
2013-02-14,6.232300
2013-02-15,6.232300
2013-02-19,6.243800
2013-02-20,6.237100
2013-02-21,6.240300
2013-02-22,6.234600
2013-02-25,6.233700
2013-02-26,6.229300
2013-02-27,6.227100
2013-02-28,6.221300
2013-03-01,6.222600
2013-03-04,6.224600
2013-03-05,6.220800
2013-03-06,6.217300
2013-03-07,6.220000
2013-03-08,6.214500
2013-03-11,6.217900
2013-03-12,6.216000
2013-03-13,6.213700
2013-03-14,6.214500
2013-03-15,6.213300
2013-03-18,6.215600
2013-03-19,6.215400
2013-03-20,6.211700
2013-03-21,6.214100
2013-03-22,6.212000
2013-03-25,6.210500
2013-03-26,6.210800
2013-03-27,6.213800
2013-03-28,6.214300
2013-03-29,6.210800
2013-04-01,6.207800
2013-04-02,6.199200
2013-04-03,6.196200
2013-04-04,6.200500
2013-04-05,6.200500
2013-04-08,6.203100
2013-04-09,6.202200
2013-04-10,6.193800
2013-04-11,6.196100
2013-04-12,6.191400
2013-04-15,6.186600
2013-04-16,6.182400
2013-04-17,6.172000
2013-04-18,6.181100
2013-04-19,6.177200
2013-04-22,6.182300
2013-04-23,6.179000
2013-04-24,6.178200
2013-04-25,6.170700
2013-04-26,6.164700
2013-04-29,6.164700
2013-04-30,6.164700
2013-05-01,6.164700
2013-05-02,6.156000
2013-05-03,6.155500
2013-05-06,6.166500
2013-05-07,6.153900
2013-05-08,6.141000
2013-05-09,6.130600
2013-05-10,6.141500
2013-05-13,6.146500
2013-05-14,6.142600
2013-05-15,6.145400
2013-05-16,6.148700
2013-05-17,6.141000
2013-05-20,6.138600
2013-05-21,6.135300
2013-05-22,6.130900
2013-05-23,6.133700
2013-05-24,6.131100
2013-05-28,6.121300
2013-05-29,6.126400
2013-05-30,6.130700
2013-05-31,6.134000
2013-06-03,6.131200
2013-06-04,6.128500
2013-06-05,6.127600
2013-06-06,6.135900
2013-06-07,6.133300
2013-06-10,6.133300
2013-06-11,6.133300
2013-06-12,6.133300
2013-06-13,6.134100
2013-06-14,6.130600
2013-06-17,6.124800
2013-06-18,6.128300
2013-06-19,6.126400
2013-06-20,6.127700
2013-06-21,6.132800
2013-06-24,6.144100
2013-06-25,6.144800
2013-06-26,6.146800
2013-06-27,6.148800
2013-06-28,6.137400
2013-07-01,6.132500
2013-07-02,6.132700
2013-07-03,6.130100
2013-07-05,6.132400
2013-07-08,6.133700
2013-07-09,6.129300
2013-07-10,6.133600
2013-07-11,6.135000
2013-07-12,6.137300
2013-07-15,6.137300
2013-07-16,6.134500
2013-07-17,6.135100
2013-07-18,6.140800
2013-07-19,6.137700
2013-07-22,6.140400
2013-07-23,6.136900
2013-07-24,6.135800
2013-07-25,6.134600
2013-07-26,6.131600
2013-07-29,6.132300
2013-07-30,6.131500
2013-07-31,6.128400
2013-08-01,6.130200
2013-08-02,6.129300
2013-08-05,6.124500
2013-08-06,6.121500
2013-08-07,6.119000
2013-08-08,6.120700
2013-08-09,6.121700
2013-08-12,6.121800
2013-08-13,6.121700
2013-08-14,6.119100
2013-08-15,6.112300
2013-08-16,6.114500
2013-08-19,6.122700
2013-08-20,6.124100
2013-08-21,6.122900
2013-08-22,6.120600
2013-08-23,6.120000
2013-08-26,6.120200
2013-08-27,6.121200
2013-08-28,6.120200
2013-08-29,6.120300
2013-08-30,6.119300
2013-09-03,6.120400
2013-09-04,6.119900
2013-09-05,6.119400
2013-09-06,6.120200
2013-09-09,6.120900
2013-09-10,6.119500
2013-09-11,6.118300
2013-09-12,6.117800
2013-09-13,6.118600
2013-09-16,6.119800
2013-09-17,6.121300
2013-09-18,6.121000
2013-09-19,6.121000
2013-09-20,6.121000
2013-09-23,6.120100
2013-09-24,6.120800
2013-09-25,6.119000
2013-09-26,6.119400
2013-09-27,6.117900
2013-09-30,6.120000
2013-10-01,6.120000
2013-10-02,6.120000
2013-10-03,6.120000
2013-10-04,6.120000
2013-10-07,6.120000
2013-10-08,6.120600
2013-10-09,6.120900
2013-10-10,6.115600
2013-10-11,6.120400
2013-10-15,6.102600
2013-10-16,6.099600
2013-10-17,6.098000
2013-10-18,6.096600
2013-10-21,6.092400
2013-10-22,6.092500
2013-10-23,6.083300
2013-10-24,6.081500
2013-10-25,6.083800
2013-10-28,6.085300
2013-10-29,6.089700
2013-10-30,6.093600
2013-10-31,6.094300
2013-11-01,6.099300
2013-11-04,6.098000
2013-11-05,6.096600
2013-11-06,6.092500
2013-11-07,6.090600
2013-11-08,6.090300
2013-11-12,6.091700
2013-11-13,6.092600
2013-11-14,6.092000
2013-11-15,6.092000
2013-11-18,6.091800
2013-11-19,6.092400
2013-11-20,6.092500
2013-11-21,6.091400
2013-11-22,6.093500
2013-11-25,6.091600
2013-11-26,6.092500
2013-11-27,6.092200
2013-11-29,6.092200
2013-12-02,6.092700
2013-12-03,6.091400
2013-12-04,6.091300
2013-12-05,6.090300
2013-12-06,6.081500
2013-12-09,6.064300
2013-12-10,6.070500
2013-12-11,6.071200
2013-12-12,6.071000
2013-12-13,6.071000
2013-12-16,6.071300
2013-12-17,6.070700
2013-12-18,6.071300
2013-12-19,6.071100
2013-12-20,6.071100
2013-12-23,6.069700
2013-12-24,6.071200
2013-12-26,6.074400
2013-12-27,6.068400
2013-12-30,6.061700
2013-12-31,6.053700
2014-01-02,6.050400
2014-01-03,6.050500
2014-01-06,6.052400
2014-01-07,6.050700
2014-01-08,6.051000
2014-01-09,6.054000
2014-01-10,6.051900
2014-01-13,6.043200
2014-01-14,6.040200
2014-01-15,6.045900
2014-01-16,6.055500
2014-01-17,6.050000
2014-01-21,6.050300
2014-01-22,6.050800
2014-01-23,6.051500
2014-01-24,6.048600
2014-01-27,6.047800
2014-01-28,6.050600
2014-01-29,6.055400
2014-01-30,6.060000
2014-01-31,6.059000
2014-02-03,6.060000
2014-02-04,6.060000
2014-02-05,6.060000
2014-02-06,6.060000
2014-02-07,6.062900
2014-02-10,6.059100
2014-02-11,6.060100
2014-02-12,6.061400
2014-02-13,6.063100
2014-02-14,6.066600
2014-02-18,6.067100
2014-02-19,6.076200
2014-02-20,6.083200
2014-02-21,6.091200
2014-02-24,6.098200
2014-02-25,6.124300
2014-02-26,6.124300
2014-02-27,6.127900
2014-02-28,6.144800
2014-03-03,6.146000
2014-03-04,6.143000
2014-03-05,6.128000
2014-03-06,6.118300
2014-03-07,6.125800
2014-03-10,6.138300
2014-03-11,6.139700
2014-03-12,6.144800
2014-03-13,6.135900
2014-03-14,6.150000
2014-03-17,6.177900
2014-03-18,6.191800
2014-03-19,6.193400
2014-03-20,6.227300
2014-03-21,6.224800
2014-03-24,6.195600
2014-03-25,6.201000
2014-03-26,6.208400
2014-03-27,6.212300
2014-03-28,6.211700
2014-03-31,6.216400
2014-04-01,6.206400
2014-04-02,6.205400
2014-04-03,6.210200
2014-04-04,6.211800
2014-04-07,6.211800
2014-04-08,6.196600
2014-04-09,6.200300
2014-04-10,6.212300
2014-04-11,6.211100
2014-04-14,6.218600
2014-04-15,6.221500
2014-04-16,6.220400
2014-04-17,6.218800
2014-04-18,6.224000
2014-04-21,6.226900
2014-04-22,6.237300
2014-04-23,6.237400
2014-04-24,6.248400
2014-04-25,6.253400
2014-04-28,6.252000
2014-04-29,6.257800
2014-04-30,6.259100
2014-05-01,6.259100
2014-05-02,6.259100
2014-05-05,6.245300
2014-05-06,6.225500
2014-05-07,6.234900
2014-05-08,6.227200
2014-05-09,6.227000
2014-05-12,6.236400
2014-05-13,6.228300
2014-05-14,6.228200
2014-05-15,6.229100
2014-05-16,6.232700
2014-05-19,6.236800
2014-05-20,6.237700
2014-05-21,6.233500
2014-05-22,6.234800
2014-05-23,6.236300
2014-05-27,6.247100
2014-05-28,6.253500
2014-05-29,6.237500
2014-05-30,6.247100
2014-06-02,6.247100
2014-06-03,6.253600
2014-06-04,6.249400
2014-06-05,6.254800
2014-06-06,6.249800
2014-06-09,6.239700
2014-06-10,6.224000
2014-06-11,6.227700
2014-06-12,6.217500
2014-06-13,6.209000
2014-06-16,6.225000
2014-06-17,6.226300
2014-06-18,6.230900
2014-06-19,6.228700
2014-06-20,6.224000
2014-06-23,6.225000
2014-06-24,6.230800
2014-06-25,6.234300
2014-06-26,6.223500
2014-06-27,6.218000
2014-06-30,6.203600
2014-07-01,6.199500
2014-07-02,6.210100
2014-07-03,6.211500
2014-07-07,6.203600
2014-07-08,6.201000
2014-07-09,6.199400
2014-07-10,6.202300
2014-07-11,6.203400
2014-07-14,6.205900
2014-07-15,6.207500
2014-07-16,6.203500
2014-07-17,6.203300
2014-07-18,6.207500
2014-07-21,6.208800
2014-07-22,6.202500
2014-07-23,6.198200
2014-07-24,6.194400
2014-07-25,6.191300
2014-07-28,6.187000
2014-07-29,6.180000
2014-07-30,6.171200
2014-07-31,6.173700
2014-08-01,6.179300
2014-08-04,6.178000
2014-08-05,6.170500
2014-08-06,6.162500
2014-08-07,6.161800
2014-08-08,6.155700
2014-08-11,6.152800
2014-08-12,6.157500
2014-08-13,6.153100
2014-08-14,6.157500
2014-08-15,6.147000
2014-08-18,6.142500
2014-08-19,6.142500
2014-08-20,6.139500
2014-08-21,6.151000
2014-08-22,6.151000
2014-08-25,6.154000
2014-08-26,6.152200
2014-08-27,6.143000
2014-08-28,6.142300
2014-08-29,6.143000
2014-09-02,6.148000
2014-09-03,6.140800
2014-09-04,6.138300
2014-09-05,6.140000
2014-09-08,6.140000
2014-09-09,6.136200
2014-09-10,6.128400
2014-09-11,6.129500
2014-09-12,6.134400
2014-09-15,6.141500
2014-09-16,6.145900
2014-09-17,6.138500
2014-09-18,6.140000
2014-09-19,6.140300
2014-09-22,6.140000
2014-09-23,6.136800
2014-09-24,6.134600
2014-09-25,6.135500
2014-09-26,6.126600
2014-09-29,6.149500
2014-09-30,6.138000
2014-10-01,6.138000
2014-10-02,6.138000
2014-10-03,6.138500
2014-10-06,6.138500
2014-10-07,6.138500
2014-10-08,6.138500
2014-10-09,6.129900
2014-10-10,6.130800
2014-10-14,6.125000
2014-10-15,6.124900
2014-10-16,6.123000
2014-10-17,6.123800
2014-10-20,6.123300
2014-10-21,6.120500
2014-10-22,6.118000
2014-10-23,6.119000
2014-10-24,6.116800
2014-10-27,6.116000
2014-10-28,6.113000
2014-10-29,6.110700
2014-10-30,6.114000
2014-10-31,6.112400
2014-11-03,6.117800
2014-11-04,6.115000
2014-11-05,6.113500
2014-11-06,6.111700
2014-11-07,6.122500
2014-11-10,6.119000
2014-11-12,6.125700
2014-11-13,6.124300
2014-11-14,6.129000
2014-11-17,6.124200
2014-11-18,6.120800
2014-11-19,6.119000
2014-11-20,6.123000
2014-11-21,6.124400
2014-11-24,6.141200
2014-11-25,6.135500
2014-11-26,6.138600
2014-11-28,6.142900
2014-12-01,6.151500
2014-12-02,6.149000
2014-12-03,6.149900
2014-12-04,6.154100
2014-12-05,6.149700
2014-12-08,6.172500
2014-12-09,6.185500
2014-12-10,6.176300
2014-12-11,6.188100
2014-12-12,6.186400
2014-12-15,6.190000
2014-12-16,6.189000
2014-12-17,6.195700
2014-12-18,6.213900
2014-12-19,6.219600
2014-12-22,6.221300
2014-12-23,6.225600
2014-12-24,6.214800
2014-12-29,6.222200
2014-12-30,6.201500
2014-12-31,6.204600
2015-01-02,6.204600
2015-01-05,6.220100
2015-01-06,6.212500
2015-01-07,6.212700
2015-01-08,6.214300
2015-01-09,6.208500
2015-01-12,6.202700
2015-01-13,6.197000
2015-01-14,6.195700
2015-01-15,6.187000
2015-01-16,6.206500
2015-01-20,6.213700
2015-01-21,6.211200
2015-01-22,6.208500
2015-01-23,6.227900
2015-01-26,6.253500
2015-01-27,6.243000
2015-01-28,6.247500
2015-01-29,6.246300
2015-01-30,6.249500
2015-02-02,6.259400
2015-02-03,6.257300
2015-02-04,6.247200
2015-02-05,6.251600
2015-02-06,6.241700
2015-02-09,6.246700
2015-02-10,6.240500
2015-02-11,6.242200
2015-02-12,6.244000
2015-02-13,6.239900
2015-02-17,6.254600
2015-02-18,6.254600
2015-02-19,6.254600
2015-02-20,6.254600
2015-02-23,6.254600
2015-02-24,6.254600
2015-02-25,6.259100
2015-02-26,6.258400
2015-02-27,6.269500
2015-03-02,6.272000
2015-03-03,6.274100
2015-03-04,6.270100
2015-03-05,6.265800
2015-03-06,6.262000
2015-03-09,6.263500
2015-03-10,6.261500
2015-03-11,6.261300
2015-03-12,6.261400
2015-03-13,6.258500
2015-03-16,6.262000
2015-03-17,6.249000
2015-03-18,6.228900
2015-03-19,6.195500
2015-03-20,6.203700
2015-03-23,6.213500
2015-03-24,6.204600
2015-03-25,6.211600
2015-03-26,6.210300
2015-03-27,6.214500
2015-03-30,6.206500
2015-03-31,6.199000
2015-04-01,6.197600
2015-04-02,6.196800
2015-04-03,6.193000
2015-04-06,6.193000
2015-04-07,6.195500
2015-04-08,6.202000
2015-04-09,6.205000
2015-04-10,6.208200
2015-04-13,6.215200
2015-04-14,6.211300
2015-04-15,6.203700
2015-04-16,6.194700
2015-04-17,6.197600
2015-04-20,6.201400
2015-04-21,6.201000
2015-04-22,6.192700
2015-04-23,6.197500
2015-04-24,6.193000
2015-04-27,6.218500
2015-04-28,6.203500
2015-04-29,6.198900
2015-04-30,6.201800
2015-05-01,6.201800
2015-05-04,6.208500
2015-05-05,6.205800
2015-05-06,6.200100
2015-05-07,6.206300
2015-05-08,6.208400
2015-05-11,6.208600
2015-05-12,6.208600
2015-05-13,6.204300
2015-05-14,6.201300
2015-05-15,6.205100
2015-05-18,6.204100
2015-05-19,6.206400
2015-05-20,6.203600
2015-05-21,6.195800
2015-05-22,6.197200
2015-05-26,6.203800
2015-05-27,6.201100
2015-05-28,6.200200
2015-05-29,6.198000
2015-06-01,6.198500
2015-06-02,6.198000
2015-06-03,6.197600
2015-06-04,6.200600
2015-06-05,6.202400
2015-06-08,6.205300
2015-06-09,6.204700
2015-06-10,6.205500
2015-06-11,6.206500
2015-06-12,6.208100
2015-06-15,6.208000
2015-06-16,6.208500
2015-06-17,6.208600
2015-06-18,6.207500
2015-06-19,6.208500
2015-06-22,6.208500
2015-06-23,6.206600
2015-06-24,6.206100
2015-06-25,6.208400
2015-06-26,6.208000
2015-06-29,6.208500
2015-06-30,6.200000
2015-07-01,6.200800
2015-07-02,6.204400
2015-07-06,6.208900
2015-07-07,6.209700
2015-07-08,6.208700
2015-07-09,6.208600
2015-07-10,6.209200
2015-07-13,6.208100
2015-07-14,6.208800
2015-07-15,6.208200
2015-07-16,6.209400
2015-07-17,6.208500
2015-07-20,6.209500
2015-07-21,6.209500
2015-07-22,6.209300
2015-07-23,6.209100
2015-07-24,6.209500
2015-07-27,6.209100
2015-07-28,6.208400
2015-07-29,6.208900
2015-07-30,6.209600
2015-07-31,6.209700
2015-08-03,6.208700
2015-08-04,6.208600
2015-08-05,6.209600
2015-08-06,6.209600
2015-08-07,6.208700
2015-08-10,6.209400
2015-08-11,6.323200
2015-08-12,6.384500
2015-08-13,6.398200
2015-08-14,6.390800
2015-08-17,6.393700
2015-08-18,6.392800
2015-08-19,6.395600
2015-08-20,6.387500
2015-08-21,6.388700
2015-08-24,6.402900
2015-08-25,6.412200
2015-08-26,6.408300
2015-08-27,6.405300
2015-08-28,6.389000
2015-08-31,6.376000
2015-09-01,6.363000
2015-09-02,6.354400
2015-09-03,6.354900
2015-09-04,6.354900
2015-09-08,6.365700
2015-09-09,6.376800
2015-09-10,6.377000
2015-09-11,6.373500
2015-09-14,6.366400
2015-09-15,6.368500
2015-09-16,6.369400
2015-09-17,6.364500
2015-09-18,6.362800
2015-09-21,6.367600
2015-09-22,6.375000
2015-09-23,6.383600
2015-09-24,6.381800
2015-09-25,6.373700
2015-09-28,6.368500
2015-09-29,6.362100
2015-09-30,6.355600
2015-10-01,6.355900
2015-10-02,6.355900
2015-10-05,6.355900
2015-10-06,6.355900
2015-10-07,6.355900
2015-10-08,6.352900
2015-10-09,6.345000
2015-10-13,6.341700
2015-10-14,6.346200
2015-10-15,6.345900
2015-10-16,6.352300
2015-10-19,6.359100
2015-10-20,6.348000
2015-10-21,6.348700
2015-10-22,6.357700
2015-10-23,6.348800
2015-10-26,6.351700
2015-10-27,6.351700
2015-10-28,6.358100
2015-10-29,6.355200
2015-10-30,6.318000
2015-11-02,6.318000
2015-11-03,6.318000
2015-11-04,6.335700
2015-11-05,6.318000
2015-11-06,6.318000
2015-11-09,6.361900
2015-11-10,6.360300
2015-11-12,6.369000
2015-11-13,6.373500
2015-11-16,6.370000
2015-11-17,6.377100
2015-11-18,6.383400
2015-11-19,6.382500
2015-11-20,6.383500
2015-11-23,6.389000
2015-11-24,6.388300
2015-11-25,6.387700
2015-11-27,6.394500
2015-11-30,6.388300
2015-12-01,6.388300
2015-12-02,6.388300
2015-12-03,6.388300
2015-12-04,6.388300
2015-12-07,6.408100
2015-12-08,6.416200
2015-12-09,6.427000
2015-12-10,6.436300
2015-12-11,6.453800
2015-12-14,6.458800
2015-12-15,6.460000
2015-12-16,6.472300
2015-12-17,6.482200
2015-12-18,6.480000
2015-12-21,6.479300
2015-12-22,6.477800
2015-12-23,6.476300
2015-12-24,6.475800
2015-12-28,6.477800
2015-12-29,6.477800
2015-12-30,6.489600
2015-12-31,6.477800
2016-01-04,6.533800
2016-01-05,6.521900
2016-01-06,6.555400
2016-01-07,6.592600
2016-01-08,6.593200
2016-01-11,6.567500
2016-01-12,6.570000
2016-01-13,6.570000
2016-01-14,6.589100
2016-01-15,6.584000
2016-01-19,6.578300
2016-01-20,6.578100
2016-01-21,6.579400
2016-01-22,6.578800
2016-01-25,6.579000
2016-01-26,6.581400
2016-01-27,6.577300
2016-01-28,6.574400
2016-01-29,6.575200
2016-02-01,6.577800
2016-02-02,6.579500
2016-02-03,6.576500
2016-02-04,6.563800
2016-02-05,6.571000
2016-02-08,6.571000
2016-02-09,6.571000
2016-02-10,6.571000
2016-02-11,6.571000
2016-02-12,6.571000
2016-02-16,6.515400
2016-02-17,6.527000
2016-02-18,6.516300
2016-02-19,6.520200
2016-02-22,6.519700
2016-02-23,6.526300
2016-02-24,6.529000
2016-02-25,6.532000
2016-02-26,6.539000
2016-02-29,6.552500
2016-03-01,6.550000
2016-03-02,6.549900
2016-03-03,6.531200
2016-03-04,6.506400
2016-03-07,6.515500
2016-03-08,6.504400
2016-03-09,6.510500
2016-03-10,6.507000
2016-03-11,6.494000
2016-03-14,6.498400
2016-03-15,6.511000
2016-03-16,6.518900
2016-03-17,6.474500
2016-03-18,6.468200
2016-03-21,6.481200
2016-03-22,6.487600
2016-03-23,6.503500
2016-03-24,6.512400
2016-03-25,6.513100
2016-03-28,6.505100
2016-03-29,6.506300
2016-03-30,6.464800
2016-03-31,6.448000
2016-04-01,6.477600
2016-04-04,6.477600
2016-04-05,6.476000
2016-04-06,6.478000
2016-04-07,6.459900
2016-04-08,6.462800
2016-04-11,6.458000
2016-04-12,6.463900
2016-04-13,6.476800
2016-04-14,6.481000
2016-04-15,6.473000
2016-04-18,6.471700
2016-04-19,6.457100
2016-04-20,6.467500
2016-04-21,6.481000
2016-04-22,6.500400
2016-04-25,6.490000
2016-04-26,6.490500
2016-04-27,6.494000
2016-04-28,6.473500
2016-04-29,6.473800
2016-05-02,6.473800
2016-05-03,6.490000
2016-05-04,6.494500
2016-05-05,6.503200
2016-05-06,6.497000
2016-05-09,6.514000
2016-05-10,6.515000
2016-05-11,6.491000
2016-05-12,6.514000
2016-05-13,6.528500
2016-05-16,6.518400
2016-05-17,6.517000
2016-05-18,6.537000
2016-05-19,6.544000
2016-05-20,6.548500
2016-05-23,6.553300
2016-05-24,6.555200
2016-05-25,6.553800
2016-05-26,6.554000
2016-05-27,6.561500
2016-05-31,6.579800
2016-06-01,6.574800
2016-06-02,6.581500
2016-06-03,6.563800
2016-06-06,6.561100
2016-06-07,6.571000
2016-06-08,6.560000
2016-06-09,6.559000
2016-06-10,6.559000
2016-06-13,6.582300
2016-06-14,6.593000
2016-06-15,6.578500
2016-06-16,6.589900
2016-06-17,6.584900
2016-06-20,6.576800
2016-06-21,6.589300
2016-06-22,6.575000
2016-06-23,6.574000
2016-06-24,6.615000
2016-06-27,6.648100
2016-06-28,6.645000
2016-06-29,6.635000
2016-06-30,6.645900
2016-07-01,6.654700
2016-07-05,6.677000
2016-07-06,6.690000
2016-07-07,6.679000
2016-07-08,6.687800
2016-07-11,6.691700
2016-07-12,6.686000
2016-07-13,6.683200
2016-07-14,6.680100
2016-07-15,6.686500
2016-07-18,6.701300
2016-07-19,6.693100
2016-07-20,6.676000
2016-07-21,6.673500
2016-07-22,6.676000
2016-07-25,6.678300
2016-07-26,6.669000
2016-07-27,6.668000
2016-07-28,6.653800
2016-07-29,6.637100
2016-08-01,6.642100
2016-08-02,6.623900
2016-08-03,6.632000
2016-08-04,6.638800
2016-08-05,6.653000
2016-08-08,6.659700
2016-08-09,6.653000
2016-08-10,6.634500
2016-08-11,6.627400
2016-08-12,6.632400
2016-08-15,6.637000
2016-08-16,6.624000
2016-08-17,6.632800
2016-08-18,6.629700
2016-08-19,6.651500
2016-08-22,6.647500
2016-08-23,6.637800
2016-08-24,6.656200
2016-08-25,6.656000
2016-08-26,6.669000
2016-08-29,6.677500
2016-08-30,6.677800
2016-08-31,6.677600
2016-09-01,6.671300
2016-09-02,6.679000
2016-09-06,6.672200
2016-09-07,6.660000
2016-09-08,6.664000
2016-09-09,6.677800
2016-09-12,6.678800
2016-09-13,6.678200
2016-09-14,6.670700
2016-09-15,6.670700
2016-09-16,6.670700
2016-09-19,6.665000
2016-09-20,6.670000
2016-09-21,6.669500
2016-09-22,6.663000
2016-09-23,6.669000
2016-09-26,6.668300
2016-09-27,6.669100
2016-09-28,6.673000
2016-09-29,6.665000
2016-09-30,6.668500
2016-10-03,6.668500
2016-10-04,6.668500
2016-10-05,6.668500
2016-10-06,6.668500
2016-10-07,6.668500
2016-10-11,6.719000
2016-10-12,6.718000
2016-10-13,6.724800
2016-10-14,6.727700
2016-10-17,6.735000
2016-10-18,6.740100
2016-10-19,6.737000
2016-10-20,6.743900
2016-10-21,6.765400
2016-10-24,6.772800
2016-10-25,6.778000
2016-10-26,6.770600
2016-10-27,6.781900
2016-10-28,6.776000
2016-10-31,6.773500
2016-11-01,6.763000
2016-11-02,6.760600
2016-11-03,6.761200
2016-11-04,6.753400
2016-11-07,6.774000
2016-11-08,6.784000
2016-11-09,6.776900
2016-11-10,6.798700
2016-11-14,6.844700
2016-11-15,6.855600
2016-11-16,6.877000
2016-11-17,6.867400
2016-11-18,6.887300
2016-11-21,6.891800
2016-11-22,6.888000
2016-11-23,6.919500
2016-11-25,6.917600
2016-11-28,6.905500
2016-11-29,6.893300
2016-11-30,6.883700
2016-12-01,6.883000
2016-12-02,6.883000
2016-12-05,6.877500
2016-12-06,6.879000
2016-12-07,6.878000
2016-12-08,6.877100
2016-12-09,6.904200
2016-12-12,6.904500
2016-12-13,6.898400
2016-12-14,6.902500
2016-12-15,6.941000
2016-12-16,6.958000
2016-12-19,6.950600
2016-12-20,6.947000
2016-12-21,6.939000
2016-12-22,6.947300
2016-12-23,6.943200
2016-12-27,6.949100
2016-12-28,6.955900
2016-12-29,6.953500
2016-12-30,6.943000
2017-01-03,6.957500
2017-01-04,6.932200
2017-01-05,6.887000
2017-01-06,6.917600
2017-01-09,6.935000
2017-01-10,6.918000
2017-01-11,6.936500
2017-01-12,6.889000
2017-01-13,6.898500
2017-01-17,6.852000
2017-01-18,6.836000
2017-01-19,6.868000
2017-01-23,6.851400
2017-01-24,6.855500
2017-01-25,6.881200
2017-01-26,6.876800
2017-01-27,6.876800
2017-01-30,6.876800
2017-01-31,6.876800
2017-02-01,6.876800
2017-02-02,6.876800
2017-02-03,6.865000
2017-02-06,6.860000
2017-02-07,6.882100
2017-02-08,6.870000
2017-02-09,6.866000
2017-02-10,6.877500
2017-02-13,6.877600
2017-02-14,6.864900
2017-02-15,6.868500
2017-02-16,6.851700
2017-02-17,6.864000
2017-02-21,6.881000
2017-02-22,6.876500
2017-02-23,6.862200
2017-02-24,6.864500
2017-02-27,6.867500
2017-02-28,6.866500
2017-03-01,6.879400
2017-03-02,6.886800
2017-03-03,6.895400
2017-03-06,6.895500
2017-03-07,6.900000
2017-03-08,6.911300
2017-03-09,6.908600
2017-03-10,6.905000
2017-03-13,6.905000
2017-03-14,6.913000
2017-03-15,6.913200
2017-03-16,6.913000
2017-03-17,6.900000
2017-03-20,6.905000
2017-03-21,6.883000
2017-03-22,6.878500
2017-03-23,6.884300
2017-03-24,6.880300
2017-03-27,6.868700
2017-03-28,6.877900
2017-03-29,6.887900
2017-03-30,6.887000
2017-03-31,6.883200
2017-04-03,6.883200
2017-04-04,6.883200
2017-04-05,6.892000
2017-04-06,6.895500
2017-04-07,6.897800
2017-04-10,6.898800
2017-04-11,6.889300
2017-04-12,6.889000
2017-04-13,6.886500
2017-04-14,6.883500
2017-04-17,6.880000
2017-04-18,6.877800
2017-04-19,6.886000
2017-04-20,6.880000
2017-04-21,6.884500
2017-04-24,6.884000
2017-04-25,6.882400
2017-04-26,6.891800
2017-04-27,6.895800
2017-04-28,6.890000
2017-05-01,6.890000
2017-05-02,6.894900
2017-05-03,6.896800
2017-05-04,6.895900
2017-05-05,6.902100
2017-05-08,6.904000
2017-05-09,6.906000
2017-05-10,6.901100
2017-05-11,6.903300
2017-05-12,6.897200
2017-05-15,6.890000
2017-05-16,6.884000
2017-05-17,6.877300
2017-05-18,6.888000
2017-05-19,6.883000
2017-05-22,6.882800
2017-05-23,6.888000
2017-05-24,6.888300
2017-05-25,6.867200
2017-05-26,6.852500
2017-05-30,6.852500
2017-05-31,6.809800
2017-06-01,6.802900
2017-06-02,6.808500
2017-06-05,6.803000
2017-06-06,6.794500
2017-06-07,6.793500
2017-06-08,6.799000
2017-06-09,6.797000
2017-06-12,6.797400
2017-06-13,6.798100
2017-06-14,6.788800
2017-06-15,6.806100
2017-06-16,6.809700
2017-06-19,6.818000
2017-06-20,6.828500
2017-06-21,6.827500
2017-06-22,6.827500
2017-06-23,6.834500
2017-06-26,6.838200
2017-06-27,6.810000
2017-06-28,6.798400
2017-06-29,6.784000
2017-06-30,6.779300
2017-07-03,6.798400
2017-07-05,6.799500
2017-07-06,6.799000
2017-07-07,6.803900
2017-07-10,6.802600
2017-07-11,6.801000
2017-07-12,6.786500
2017-07-13,6.782500
2017-07-14,6.774100
2017-07-17,6.769000
2017-07-18,6.745100
2017-07-19,6.751100
2017-07-20,6.757000
2017-07-21,6.766300
2017-07-24,6.748800
2017-07-25,6.749500
2017-07-26,6.753000
2017-07-27,6.741000
2017-07-28,6.736200
2017-07-31,6.724000
2017-08-01,6.717000
2017-08-02,6.720000
2017-08-03,6.715000
2017-08-04,6.727200
2017-08-07,6.720700
2017-08-08,6.704900
2017-08-09,6.672000
2017-08-10,6.646000
2017-08-11,6.661200
2017-08-14,6.669500
2017-08-15,6.684500
2017-08-16,6.690000
2017-08-17,6.673000
2017-08-18,6.670000
2017-08-21,6.663000
2017-08-22,6.660000
2017-08-23,6.656900
2017-08-24,6.660000
2017-08-25,6.646500
2017-08-28,6.608400
2017-08-29,6.594500
2017-08-30,6.591800
2017-08-31,6.588800
2017-09-01,6.555200
2017-09-05,6.534500
2017-09-06,6.522100
2017-09-07,6.483000
2017-09-08,6.477300
2017-09-11,6.525400
2017-09-12,6.533400
2017-09-13,6.540000
2017-09-14,6.552000
2017-09-15,6.550000
2017-09-18,6.572500
2017-09-19,6.580000
2017-09-20,6.570000
2017-09-21,6.586100
2017-09-22,6.589900
2017-09-25,6.618900
2017-09-26,6.637100
2017-09-27,6.640000
2017-09-28,6.659100
2017-09-29,6.653300
2017-10-02,6.653300
2017-10-03,6.653300
2017-10-04,6.653300
2017-10-05,6.653300
2017-10-06,6.653300
2017-10-10,6.571200
2017-10-11,6.587000
2017-10-12,6.585500
2017-10-13,6.578500
2017-10-16,6.588500
2017-10-17,6.622000
2017-10-18,6.625000
2017-10-19,6.612600
2017-10-20,6.618500
2017-10-23,6.638000
2017-10-24,6.633500
2017-10-25,6.635000
2017-10-26,6.639200
2017-10-27,6.649800
2017-10-30,6.649800
2017-10-31,6.632800
2017-11-01,6.601800
2017-11-02,6.606800
2017-11-03,6.636000
2017-11-06,6.631100
2017-11-07,6.638000
2017-11-08,6.624900
2017-11-09,6.637800
2017-11-13,6.638500
2017-11-14,6.635000
2017-11-15,6.620000
2017-11-16,6.627300
2017-11-17,6.624500
2017-11-20,6.624500
2017-11-21,6.626500
2017-11-22,6.608600
2017-11-24,6.599800
2017-11-27,6.596700
2017-11-28,6.604400
2017-11-29,6.609100
2017-11-30,6.609000
2017-12-01,6.613700
2017-12-04,6.618500
2017-12-05,6.617000
2017-12-06,6.613600
2017-12-07,6.617300
2017-12-08,6.619900
2017-12-11,6.617500
2017-12-12,6.621000
2017-12-13,6.617100
2017-12-14,6.609100
2017-12-15,6.608800
2017-12-18,6.608800
2017-12-19,6.608800
2017-12-20,6.577100
2017-12-21,6.583300
2017-12-22,6.575000
2017-12-26,6.542900
2017-12-27,6.556000
2017-12-28,6.532200
2017-12-29,6.506300
2018-01-02,6.491000
2018-01-03,6.501000
2018-01-04,6.491500
2018-01-05,6.487500
2018-01-08,6.497000
2018-01-09,6.526300
2018-01-10,6.505500
2018-01-11,6.495600
2018-01-12,6.460700
2018-01-16,6.439500
2018-01-17,6.433000
2018-01-18,6.417500
2018-01-19,6.399000
2018-01-22,6.403500
2018-01-23,6.400000
2018-01-24,6.365000
2018-01-25,6.318900
2018-01-26,6.319900
2018-01-29,6.332800
2018-01-30,6.319900
2018-01-31,6.284100
2018-02-01,6.296900
2018-02-02,6.298400
2018-02-05,6.285000
2018-02-06,6.283000
2018-02-07,6.264900
2018-02-08,6.322200
2018-02-09,6.296600
2018-02-12,6.325000
2018-02-13,6.338000
2018-02-14,6.343800
2018-02-15,6.343800
2018-02-16,6.343800
2018-02-20,6.335100
2018-02-21,6.335100
2018-02-22,6.347100
2018-02-23,6.332900
2018-02-26,6.311500
2018-02-27,6.316900
2018-02-28,6.328000
2018-03-01,6.356500
2018-03-02,6.342800
2018-03-05,6.349100
2018-03-06,6.309300
2018-03-07,6.322500
2018-03-08,6.338900
2018-03-09,6.328500
2018-03-12,6.327000
2018-03-13,6.318000
2018-03-14,6.314000
2018-03-15,6.320200
2018-03-16,6.330000
2018-03-19,6.329100
2018-03-20,6.332800
2018-03-21,6.320000
2018-03-22,6.331000
2018-03-23,6.311000
2018-03-26,6.268500
2018-03-27,6.278100
2018-03-28,6.294600
2018-03-29,6.287600
2018-03-30,6.272600
2018-04-02,6.278500
2018-04-03,6.288100
2018-04-04,6.304500
2018-04-05,6.304500
2018-04-06,6.304500
2018-04-09,6.303500
2018-04-10,6.279800
2018-04-11,6.265500
2018-04-12,6.287600
2018-04-13,6.272500
2018-04-16,6.275200
2018-04-17,6.280400
2018-04-18,6.272200
2018-04-19,6.276500
2018-04-20,6.294500
2018-04-23,6.315800
2018-04-24,6.303500
2018-04-25,6.323600
2018-04-26,6.334000
2018-04-27,6.332500
2018-04-30,6.332500
2018-05-01,6.332500
2018-05-02,6.361000
2018-05-03,6.352000
2018-05-04,6.358900
2018-05-07,6.364000
2018-05-08,6.369000
2018-05-09,6.358500
2018-05-10,6.344000
2018-05-11,6.333300
2018-05-14,6.336000
2018-05-15,6.376000
2018-05-16,6.370600
2018-05-17,6.364500
2018-05-18,6.376800
2018-05-21,6.381500
2018-05-22,6.366000
2018-05-23,6.387500
2018-05-24,6.375700
2018-05-25,6.390300
2018-05-29,6.416200
2018-05-30,6.417500
2018-05-31,6.409600
2018-06-01,6.418000
2018-06-04,6.405000
2018-06-05,6.404200
2018-06-06,6.385000
2018-06-07,6.389000
2018-06-08,6.403100
2018-06-11,6.400000
2018-06-12,6.399200
2018-06-13,6.394400
2018-06-14,6.398000
2018-06-15,6.437900
2018-06-18,6.437900
2018-06-19,6.480200
2018-06-20,6.471300
2018-06-21,6.490000
2018-06-22,6.502700
2018-06-25,6.536000
2018-06-26,6.575900
2018-06-27,6.599200
2018-06-28,6.623500
2018-06-29,6.617100
2018-07-02,6.663200
2018-07-03,6.636800
2018-07-05,6.634100
2018-07-06,6.639600
2018-07-09,6.612300
2018-07-10,6.629600
2018-07-11,6.676400
2018-07-12,6.663000
2018-07-13,6.690000
2018-07-16,6.686600
2018-07-17,6.701800
2018-07-18,6.716100
2018-07-19,6.770100
2018-07-20,6.765900
2018-07-23,6.792700
2018-07-24,6.791200
2018-07-25,6.765800
2018-07-26,6.786500
2018-07-27,6.809700
2018-07-30,6.810200
2018-07-31,6.803800
2018-08-01,6.815400
2018-08-02,6.838000
2018-08-03,6.830900
2018-08-06,6.850000
2018-08-07,6.828000
2018-08-08,6.834400
2018-08-09,6.819900
2018-08-10,6.845800
2018-08-13,6.888000
2018-08-14,6.880900
2018-08-15,6.933000
2018-08-16,6.879200
2018-08-17,6.874000
2018-08-20,6.854600
2018-08-21,6.844400
2018-08-22,6.840000
2018-08-23,6.874800
2018-08-24,6.803000
2018-08-27,6.814500
2018-08-28,6.801800
2018-08-29,6.819000
2018-08-30,6.841500
2018-08-31,6.830000
2018-09-04,6.842700
2018-09-05,6.827000
2018-09-06,6.832200
2018-09-07,6.841900
2018-09-10,6.854500
2018-09-11,6.870400
2018-09-12,6.857400
2018-09-13,6.840700
2018-09-14,6.867300
2018-09-17,6.854000
2018-09-18,6.859100
2018-09-19,6.846600
2018-09-20,6.845500
2018-09-21,6.855900
2018-09-24,6.855900
2018-09-25,6.863200
2018-09-26,6.876300
2018-09-27,6.888000
2018-09-28,6.868000
2018-10-01,6.868000
2018-10-02,6.868000
2018-10-03,6.868000
2018-10-04,6.868000
2018-10-05,6.868000
2018-10-09,6.921700
2018-10-10,6.922400
2018-10-11,6.888000
2018-10-12,6.918200
2018-10-15,6.913100
2018-10-16,6.910200
2018-10-17,6.926300
2018-10-18,6.936700
2018-10-19,6.929100
2018-10-22,6.944600
2018-10-23,6.937300
2018-10-24,6.942000
2018-10-25,6.947700
2018-10-26,6.942500
2018-10-29,6.960500
2018-10-30,6.966300
2018-10-31,6.973700
2018-11-01,6.920500
2018-11-02,6.889400
2018-11-05,6.924900
2018-11-06,6.917200
2018-11-07,6.917400
2018-11-08,6.931800
2018-11-09,6.955300
2018-11-13,6.954600
2018-11-14,6.950000
2018-11-15,6.938000
2018-11-16,6.936700
2018-11-19,6.939800
2018-11-20,6.944800
2018-11-21,6.924800
2018-11-23,6.947700
2018-11-26,6.939700
2018-11-27,6.949800
2018-11-28,6.953400
2018-11-29,6.941900
2018-11-30,6.955800
2018-12-03,6.879800
2018-12-04,6.834300
2018-12-06,6.881600
2018-12-07,6.873300
2018-12-10,6.907700
2018-12-11,6.896800
2018-12-12,6.877800
2018-12-13,6.879800
2018-12-14,6.905000
2018-12-17,6.896200
2018-12-18,6.893900
2018-12-19,6.891800
2018-12-20,6.883400
2018-12-21,6.904800
2018-12-26,6.884700
2018-12-27,6.864900
2018-12-28,6.875500
2018-12-31,6.875500
2019-01-02,6.859700
2019-01-03,6.870800
2019-01-04,6.866300
2019-01-07,6.850100
2019-01-08,6.851900
2019-01-09,6.811700
2019-01-10,6.787500
2019-01-11,6.759600
2019-01-15,6.759500
2019-01-16,6.753200
2019-01-17,6.773500
2019-01-18,6.776500
2019-01-22,6.807200
2019-01-23,6.789700
2019-01-24,6.783500
2019-01-25,6.744800
2019-01-28,6.743700
2019-01-29,6.730400
2019-01-30,6.711500
2019-01-31,6.695800
2019-02-01,6.742600
2019-02-04,6.742600
2019-02-05,6.742600
2019-02-06,6.742600
2019-02-07,6.742600
2019-02-08,6.742600
2019-02-11,6.790700
2019-02-12,6.772600
2019-02-13,6.759800
2019-02-14,6.771100
2019-02-15,6.768000
2019-02-19,6.756000
2019-02-21,6.719500
2019-02-22,6.711200
2019-02-25,6.684400
2019-02-26,6.698000
2019-02-27,6.682200
2019-02-28,6.691200
2019-03-01,6.704800
2019-03-04,6.704500
2019-03-05,6.706000
2019-03-06,6.709900
2019-03-07,6.713200
2019-03-08,6.720100
2019-03-11,6.721500
2019-03-12,6.707000
2019-03-13,6.706400
2019-03-14,6.720900
2019-03-15,6.712900
2019-03-18,6.712100
2019-03-19,6.710600
2019-03-20,6.691600
2019-03-21,6.695200
2019-03-22,6.716200
2019-03-25,6.707900
2019-03-26,6.714500
2019-03-27,6.726200
2019-03-28,6.738100
2019-03-29,6.711200
2019-04-01,6.710200
2019-04-02,6.722300
2019-04-03,6.709800
2019-04-04,6.716700
2019-04-05,6.718200
2019-04-08,6.715800
2019-04-09,6.711100
2019-04-10,6.715300
2019-04-11,6.718800
2019-04-12,6.703900
2019-04-15,6.707200
2019-04-16,6.711200
2019-04-17,6.687000
2019-04-18,6.708100
2019-04-19,6.703200
2019-04-22,6.711200
2019-04-23,6.724900
2019-04-24,6.720700
2019-04-25,6.741800
2019-04-26,6.728200
2019-04-29,6.733200
2019-04-30,6.734700
2019-05-01,6.731900
2019-05-02,6.733700
2019-05-03,6.733700
2019-05-06,6.760200
2019-05-07,6.775500
2019-05-08,6.781800
2019-05-09,6.825600
2019-05-10,6.821700
2019-05-13,6.876500
2019-05-14,6.873700
2019-05-15,6.874200
2019-05-16,6.883200
2019-05-17,6.918200
2019-05-20,6.911100
2019-05-21,6.900700
2019-05-22,6.905400
2019-05-23,6.908700
2019-05-24,6.899700
2019-05-28,6.907800
2019-05-29,6.913800
2019-05-30,6.901100
2019-05-31,6.902700
2019-06-03,6.902800
2019-06-04,6.907200
2019-06-05,6.908400
2019-06-06,6.908200
2019-06-07,6.905700
2019-06-10,6.929800
2019-06-11,6.910700
2019-06-12,6.916100
2019-06-13,6.921200
2019-06-14,6.924700
2019-06-17,6.925100
2019-06-18,6.900200
2019-06-19,6.899600
2019-06-20,6.851000
2019-06-21,6.868600
2019-06-24,6.875800
2019-06-25,6.879100
2019-06-26,6.878100
2019-06-27,6.876200
2019-06-28,6.865000
2019-07-01,6.848700
2019-07-02,6.871700
2019-07-03,6.880600
2019-07-05,6.892500
2019-07-08,6.880800
2019-07-09,6.886600
2019-07-10,6.870500
2019-07-11,6.868200
2019-07-12,6.879600
2019-07-15,6.876900
2019-07-16,6.875300
2019-07-17,6.873100
2019-07-18,6.878800
2019-07-19,6.881200
2019-07-22,6.880300
2019-07-23,6.878700
2019-07-24,6.871700
2019-07-25,6.871400
2019-07-26,6.878500
2019-07-29,6.892700
2019-07-30,6.883300
2019-07-31,6.883300
2019-08-01,6.897200
2019-08-02,6.938700
2019-08-05,7.048100
2019-08-06,7.019200
2019-08-07,7.059200
2019-08-08,7.044000
2019-08-09,7.061300
2019-08-12,7.057800
2019-08-13,7.042300
2019-08-14,7.022400
2019-08-15,7.032700
2019-08-16,7.041300
2019-08-19,7.049900
2019-08-20,7.059700
2019-08-21,7.062300
2019-08-22,7.082900
2019-08-23,7.092800
2019-08-26,7.150300
2019-08-27,7.160300
2019-08-28,7.162800
2019-08-29,7.143400
2019-08-30,7.154300
2019-09-03,7.178600
2019-09-04,7.144000
2019-09-05,7.146800
2019-09-06,7.113100
2019-09-09,7.121000
2019-09-10,7.112100
2019-09-11,7.115300
2019-09-12,7.078700
2019-09-13,7.075400
2019-09-16,7.065900
2019-09-17,7.090500
2019-09-18,7.084900
2019-09-19,7.095900
2019-09-20,7.090900
2019-09-23,7.116800
2019-09-24,7.113800
2019-09-25,7.131300
2019-09-26,7.130000
2019-09-27,7.121800
2019-09-30,7.147700
2019-10-01,7.147300
2019-10-02,7.147300
2019-10-03,7.147300
2019-10-04,7.147300
2019-10-07,7.147300
2019-10-08,7.142200
2019-10-09,7.131600
2019-10-10,7.115300
2019-10-11,7.086800
2019-10-15,7.081400
2019-10-16,7.092000
2019-10-17,7.076600
2019-10-18,7.080500
2019-10-21,7.074800
2019-10-22,7.076100
2019-10-23,7.062400
2019-10-24,7.068400
2019-10-25,7.064700
2019-10-28,7.067000
2019-10-29,7.065500
2019-10-30,7.054100
2019-10-31,7.037900
2019-11-01,7.036800
2019-11-04,7.030000
2019-11-05,7.008200
2019-11-06,6.996800
2019-11-07,6.976600
2019-11-08,6.995400
2019-11-12,7.006600
2019-11-13,7.022300
2019-11-14,7.019500
2019-11-15,7.007500
2019-11-18,7.024600
2019-11-19,7.026300
2019-11-20,7.034400
2019-11-21,7.028500
2019-11-22,7.038900
2019-11-25,7.034900
2019-11-26,7.031900
2019-11-27,7.028000
2019-11-29,7.030800
2019-12-02,7.038000
2019-12-03,7.060900
2019-12-04,7.048900
2019-12-05,7.044500
2019-12-06,7.034800
2019-12-09,7.038900
2019-12-10,7.032800
2019-12-11,7.038400
2019-12-12,6.992500
2019-12-13,6.992500
2019-12-16,6.992100
2019-12-17,6.996700
2019-12-18,7.002900
2019-12-19,7.009700
2019-12-20,7.006300
2019-12-23,7.012400
2019-12-24,7.006400
2019-12-26,6.994900
2019-12-27,6.995400
2019-12-30,6.986400
2019-12-31,6.961800
2020-01-02,6.964200
2020-01-03,6.964900
2020-01-06,6.974900
2020-01-07,6.944300
2020-01-08,6.944700
2020-01-09,6.930900
2020-01-10,6.917800
2020-01-13,6.892400
2020-01-14,6.883700
2020-01-15,6.889900
2020-01-16,6.876900
2020-01-17,6.858900
2020-01-21,6.904900
2020-01-22,6.904000
2020-01-23,6.936400
2020-01-24,6.916100
2020-01-27,6.916100
2020-01-28,6.916100
2020-01-29,6.916100
2020-01-30,6.916100
2020-01-31,6.916100
2020-02-03,7.020800
2020-02-04,6.997900
2020-02-05,6.972000
2020-02-06,6.969400
2020-02-07,7.000300
2020-02-10,6.982000
2020-02-11,6.965000
2020-02-12,6.970800
2020-02-13,6.975900
2020-02-14,6.985900
2020-02-18,6.994900
2020-02-19,6.997500
2020-02-20,7.022500
2020-02-21,7.025500
2020-02-24,7.028600
2020-02-25,7.012800
2020-02-26,7.021400
2020-02-27,7.003600
2020-02-28,6.990600
2020-03-02,6.959500
2020-03-03,6.957900
2020-03-04,6.924400
2020-03-05,6.936600
2020-03-06,6.929800
2020-03-09,6.944800
2020-03-10,6.954900
2020-03-11,6.959500
2020-03-12,7.028200
2020-03-13,7.007900
2020-03-16,6.991300
2020-03-17,7.003000
2020-03-18,7.045900
2020-03-19,7.105800
2020-03-20,7.095000
2020-03-23,7.090000
2020-03-24,7.061000
2020-03-25,7.109900
2020-03-26,7.070900
2020-03-27,7.094200
2020-03-30,7.098600
2020-03-31,7.080800
2020-04-01,7.098900
2020-04-02,7.085700
2020-04-03,7.090800
2020-04-06,7.089500
2020-04-07,7.044800
2020-04-08,7.064900
2020-04-09,7.042800
2020-04-10,7.034100
2020-04-13,7.050100
2020-04-14,7.047900
2020-04-15,7.066400
2020-04-16,7.077800
2020-04-17,7.071100
2020-04-20,7.072100
2020-04-21,7.091400
2020-04-22,7.083100
2020-04-23,7.065400
2020-04-24,7.081300
2020-04-27,7.084800
2020-04-28,7.077600
2020-04-29,7.075500
2020-04-30,7.062200
2020-05-01,7.062200
2020-05-04,7.062200
2020-05-05,7.062200
2020-05-06,7.103100
2020-05-07,7.082500
2020-05-08,7.073200
2020-05-11,7.097200
2020-05-12,7.081600
2020-05-13,7.091100
2020-05-14,7.093500
2020-05-15,7.101300
2020-05-18,7.108600
2020-05-19,7.098000
2020-05-20,7.092800
2020-05-21,7.113800
2020-05-22,7.126900
2020-05-26,7.134000
2020-05-27,7.168100
2020-05-28,7.144700
2020-05-29,7.134800
2020-06-01,7.126300
2020-06-02,7.099200
2020-06-03,7.111500
2020-06-04,7.107500
2020-06-05,7.080800
2020-06-08,7.070000
2020-06-09,7.076500
2020-06-10,7.059900
2020-06-11,7.064000
2020-06-12,7.082500
2020-06-15,7.088700
2020-06-16,7.085400
2020-06-17,7.084000
2020-06-18,7.086900
2020-06-19,7.070700
2020-06-22,7.067800
2020-06-23,7.057500
2020-06-24,7.077000
2020-06-25,7.076800
2020-06-26,7.076800
2020-06-29,7.079400
2020-06-30,7.065100
2020-07-01,7.070300
2020-07-02,7.066000
2020-07-06,7.015900
2020-07-07,7.012700
2020-07-08,7.004100
2020-07-09,6.992300
2020-07-10,6.999000
2020-07-13,6.995900
2020-07-14,7.006000
2020-07-15,6.988500
2020-07-16,6.988100
2020-07-17,6.991200
2020-07-20,6.982900
2020-07-21,6.980000
2020-07-22,6.998800
2020-07-23,7.003400
2020-07-24,7.016800
2020-07-27,6.995000
2020-07-28,6.999800
2020-07-29,7.001400
2020-07-30,7.008000
2020-07-31,6.974400
2020-08-03,6.979900
2020-08-04,6.972000
2020-08-05,6.935300
2020-08-06,6.952000
2020-08-07,6.967000
2020-08-10,6.961100
2020-08-11,6.945100
2020-08-12,6.936300
2020-08-13,6.944000
2020-08-14,6.950100
2020-08-17,6.931800
2020-08-18,6.921500
2020-08-19,6.919200
2020-08-20,6.914300
2020-08-21,6.917900
2020-08-24,6.918000
2020-08-25,6.911600
2020-08-26,6.885500
2020-08-27,6.892500
2020-08-28,6.864700
2020-08-31,6.847400
2020-09-01,6.827200
2020-09-02,6.837500
2020-09-03,6.847400
2020-09-04,6.840900
2020-09-08,6.843500
2020-09-09,6.830800
2020-09-10,6.833500
2020-09-11,6.833000
2020-09-14,6.808000
2020-09-15,6.781900
2020-09-16,6.752900
2020-09-17,6.762800
2020-09-18,6.767500
2020-09-21,6.804300
2020-09-22,6.777900
2020-09-23,6.808900
2020-09-24,6.827300
2020-09-25,6.822000
2020-09-28,6.810600
2020-09-29,6.815000
2020-09-30,6.789600
2020-10-01,6.789800
2020-10-02,6.789800
2020-10-05,6.789600
2020-10-06,6.789600
2020-10-07,6.789600
2020-10-08,6.789600
2020-10-09,6.693300
2020-10-13,6.745200
2020-10-14,6.713600
2020-10-15,6.723300
2020-10-16,6.696200
2020-10-19,6.680300
2020-10-20,6.675400
2020-10-21,6.650300
2020-10-22,6.682100
2020-10-23,6.686100
2020-10-26,6.711900
2020-10-27,6.704400
2020-10-28,6.727900
2020-10-29,6.714000
2020-10-30,6.691900
2020-11-02,6.689900
2020-11-03,6.675900
2020-11-04,6.650400
2020-11-05,6.602700
2020-11-06,6.608000
2020-11-09,6.628000
2020-11-10,6.614600
2020-11-12,6.611400
2020-11-13,6.603900
2020-11-16,6.583000
2020-11-17,6.555600
2020-11-18,6.558800
2020-11-19,6.582300
2020-11-20,6.560800
2020-11-23,6.585000
2020-11-24,6.590000
2020-11-25,6.575000
2020-11-30,6.576000
2020-12-01,6.570500
2020-12-02,6.562200
2020-12-03,6.541800
2020-12-04,6.530100
2020-12-07,6.529500
2020-12-08,6.530700
2020-12-09,6.541000
2020-12-10,6.541900
2020-12-11,6.544500
2020-12-14,6.548000
2020-12-15,6.538800
2020-12-16,6.532300
2020-12-17,6.532100
2020-12-18,6.539500
2020-12-21,6.549300
2020-12-22,6.542600
2020-12-23,6.540000
2020-12-28,6.534600
2020-12-29,6.530000
2020-12-30,6.520800
2020-12-31,6.525000
2021-01-04,6.460100
2021-01-05,6.455000
2021-01-06,6.461700
2021-01-07,6.476000
2021-01-08,6.475000
2021-01-11,6.479500
2021-01-12,6.461000
2021-01-13,6.467700
2021-01-14,6.473600
2021-01-15,6.480000
2021-01-19,6.477700
2021-01-21,6.459500
2021-01-22,6.481000
2021-01-25,6.478400
2021-01-26,6.463500
2021-01-27,6.482200
2021-01-28,6.449100
2021-01-29,6.428200
2021-02-01,6.466900
2021-02-02,6.457000
2021-02-03,6.461400
2021-02-04,6.471500
2021-02-05,6.466400
2021-02-08,6.447500
2021-02-09,6.434400
2021-02-10,6.457600
2021-02-11,6.456700
2021-02-12,6.456700
2021-02-16,6.456700
2021-02-17,6.456700
2021-02-18,6.486900
2021-02-19,6.455500
2021-02-22,6.462500
2021-02-23,6.464000
2021-02-24,6.455600
2021-02-25,6.454100
2021-02-26,6.473000
2021-03-01,6.464800
2021-03-02,6.470200
2021-03-03,6.467500
2021-03-04,6.469400
2021-03-05,6.496000
2021-03-08,6.525000
2021-03-09,6.505000
2021-03-10,6.505000
2021-03-11,6.493200
2021-03-12,6.508100
2021-03-15,6.499600
2021-03-16,6.505200
2021-03-17,6.503000
2021-03-18,6.505400
2021-03-19,6.507000
2021-03-22,6.507000
2021-03-23,6.516000
2021-03-24,6.523000
2021-03-25,6.545200
2021-03-26,6.541200
2021-03-29,6.569600
2021-03-30,6.571600
2021-03-31,6.551800
2021-04-01,6.564500
2021-04-02,6.564600
2021-04-05,6.564900
2021-04-06,6.537000
2021-04-07,6.541500
2021-04-08,6.550500
2021-04-09,6.552200
2021-04-12,6.547500
2021-04-13,6.543100
2021-04-14,6.529200
2021-04-15,6.522000
2021-04-16,6.520300
2021-04-19,6.508500
2021-04-20,6.498100
2021-04-21,6.490300
2021-04-22,6.491000
2021-04-23,6.494500
2021-04-26,6.484400
2021-04-27,6.483000
2021-04-28,6.477100
2021-04-29,6.471000
2021-04-30,6.474900
2021-05-03,6.474900
2021-05-04,6.474900
2021-05-05,6.474900
2021-05-06,6.463500
2021-05-07,6.431000
2021-05-10,6.415600
2021-05-11,6.428500
2021-05-12,6.456600
2021-05-13,6.450600
2021-05-14,6.436700
2021-05-17,6.438800
2021-05-18,6.425000
2021-05-19,6.434200
2021-05-20,6.433900
2021-05-21,6.433900
2021-05-24,6.417700
2021-05-25,6.410000
2021-05-26,6.390500
2021-05-27,6.382400
2021-05-28,6.367400
2021-06-01,6.379600
2021-06-02,6.380500
2021-06-03,6.403600
2021-06-04,6.394500
2021-06-07,6.396300
2021-06-08,6.400000
2021-06-09,6.386500
2021-06-10,6.392900
2021-06-11,6.396700
2021-06-14,6.397900
2021-06-15,6.405200
2021-06-16,6.396900
2021-06-17,6.447700
2021-06-18,6.452500
2021-06-21,6.465900
2021-06-22,6.481100
2021-06-23,6.472700
2021-06-24,6.470100
2021-06-25,6.454500
2021-06-28,6.455500
2021-06-29,6.463500
2021-06-30,6.456600
2021-07-01,6.467900
2021-07-02,6.472100
2021-07-06,6.478600
2021-07-07,6.471800
2021-07-08,6.489800
2021-07-09,6.478800
2021-07-12,6.475100
2021-07-13,6.468500
2021-07-14,6.468800
2021-07-15,6.460000
2021-07-16,6.478500
2021-07-19,6.489300
2021-07-20,6.484500
2021-07-21,6.466400
2021-07-22,6.470000
2021-07-23,6.480800
2021-07-26,6.482500
2021-07-27,6.510400
2021-07-28,6.490500
2021-07-29,6.456200
2021-07-30,6.460900
2021-08-02,6.462000
2021-08-03,6.470000
2021-08-04,6.465500
2021-08-05,6.460800
2021-08-06,6.482500
2021-08-09,6.485700
2021-08-10,6.485200
2021-08-11,6.478300
2021-08-12,6.478200
2021-08-13,6.476800
2021-08-16,6.474200
2021-08-17,6.485400
2021-08-18,6.484100
2021-08-19,6.494200
2021-08-20,6.501200
2021-08-23,6.480500
2021-08-24,6.471000
2021-08-25,6.475600
2021-08-26,6.480900
2021-08-27,6.471100
2021-08-30,6.465800
2021-08-31,6.460400
2021-09-01,6.458600
2021-09-02,6.456000
2021-09-03,6.452800
2021-09-07,6.466200
2021-09-08,6.461200
2021-09-09,6.454700
2021-09-10,6.444000
2021-09-13,6.451100
2021-09-14,6.438200
2021-09-15,6.432000
2021-09-16,6.456600
2021-09-17,6.465500
2021-09-20,6.465100
2021-09-21,6.465100
2021-09-22,6.461100
2021-09-23,6.459000
2021-09-24,6.466000
2021-09-27,6.456000
2021-09-28,6.459500
2021-09-29,6.470200
2021-09-30,6.443400
2021-10-01,6.443400
2021-10-04,6.443400
2021-10-05,6.443400
2021-10-06,6.443400
2021-10-07,6.443400
2021-10-08,6.443500
2021-10-12,6.448500
2021-10-13,6.426200
2021-10-14,6.438000
2021-10-15,6.434000
2021-10-18,6.429000
2021-10-19,6.382200
2021-10-20,6.393600
2021-10-21,6.392500
2021-10-22,6.383900
2021-10-25,6.385600
2021-10-26,6.382000
2021-10-27,6.391500
2021-10-28,6.391700
2021-10-29,6.405000
2021-11-01,6.397200
2021-11-02,6.399500
2021-11-03,6.406100
2021-11-04,6.397000
2021-11-05,6.396100
2021-11-08,6.390200
2021-11-09,6.391600
2021-11-10,6.388200
2021-11-12,6.378700
2021-11-15,6.382400
2021-11-16,6.391900
2021-11-17,6.377500
2021-11-18,6.385100
2021-11-19,6.386300
2021-11-22,6.384200
2021-11-23,6.391000
2021-11-24,6.391700
2021-11-26,6.392400
2021-11-29,6.387500
2021-11-30,6.364000
2021-12-01,6.364100
2021-12-02,6.376300
2021-12-03,6.375800
2021-12-06,6.375600
2021-12-07,6.365700
2021-12-08,6.343500
2021-12-09,6.377200
2021-12-10,6.368500
2021-12-13,6.365900
2021-12-14,6.367100
2021-12-15,6.367300
2021-12-16,6.367400
2021-12-17,6.374800
2021-12-20,6.375600
2021-12-21,6.371600
2021-12-22,6.369500
2021-12-23,6.369600
2021-12-27,6.370500
2021-12-28,6.368400
2021-12-29,6.368000
2021-12-30,6.372600
2022-01-03,6.355000
2022-01-04,6.372100
2022-01-05,6.364000
2022-01-06,6.382200
2022-01-07,6.376900
2022-01-10,6.375600
2022-01-11,6.373500
2022-01-12,6.358000
2022-01-13,6.359500
2022-01-14,6.352400
2022-01-18,6.352500
2022-01-19,6.344700
2022-01-20,6.340600
2022-01-21,6.338500
2022-01-24,6.330400
2022-01-25,6.325700
2022-01-26,6.320600
2022-01-27,6.367700
2022-01-28,6.360500
2022-01-31,6.361000
2022-02-01,6.361000
2022-02-02,6.361000
2022-02-03,6.361000
2022-02-04,6.361000
2022-02-07,6.361000
2022-02-08,6.366000
2022-02-09,6.361900
2022-02-10,6.352600
2022-02-11,6.354000
2022-02-14,6.356700
2022-02-15,6.338500
2022-02-16,6.336600
2022-02-17,6.338100
2022-02-18,6.325100
2022-02-22,6.326000
2022-02-23,6.313400
2022-02-24,6.328300
2022-02-25,6.316900
2022-02-28,6.308400
2022-03-01,6.311600
2022-03-02,6.321000
2022-03-03,6.319500
2022-03-04,6.318800
2022-03-07,6.319400
2022-03-08,6.317800
2022-03-09,6.317400
2022-03-10,6.321200
2022-03-11,6.338900
2022-03-14,6.364500
2022-03-15,6.369600
2022-03-16,6.351000
2022-03-17,6.345900
2022-03-18,6.360900
2022-03-21,6.355200
2022-03-22,6.366000
2022-03-23,6.372000
2022-03-24,6.367000
2022-03-25,6.365800
2022-03-28,6.371400
2022-03-29,6.363500
2022-03-30,6.347000
2022-03-31,6.339300
2022-04-01,6.362500
2022-04-04,6.361900
2022-04-05,6.361900
2022-04-06,6.359000
2022-04-07,6.360000
2022-04-08,6.364300
2022-04-11,6.369200
2022-04-12,6.365100
2022-04-13,6.367800
2022-04-14,6.377500
2022-04-15,6.370500
2022-04-18,6.363000
2022-04-19,6.393000
2022-04-20,6.418800
2022-04-21,6.450000
2022-04-22,6.501000
2022-04-25,6.558500
2022-04-26,6.555200
2022-04-27,6.559500
2022-04-28,6.624300
2022-04-29,6.608000
2022-05-02,6.607900
2022-05-03,6.607900
2022-05-04,6.607900
2022-05-05,6.653500
2022-05-06,6.665100
2022-05-09,6.729500
2022-05-10,6.734300
2022-05-11,6.718600
2022-05-12,6.786000
2022-05-13,6.788000
2022-05-16,6.785200
2022-05-17,6.736100
2022-05-18,6.754000
2022-05-19,6.710900
2022-05-20,6.692100
2022-05-23,6.649000
2022-05-24,6.653000
2022-05-25,6.691600
2022-05-26,6.738000
2022-05-27,6.698000
2022-05-31,6.671500
2022-06-01,6.685800
2022-06-02,6.659600
2022-06-03,6.659500
2022-06-06,6.653400
2022-06-07,6.667500
2022-06-08,6.682500
2022-06-09,6.691500
2022-06-10,6.708100
2022-06-13,6.753000
2022-06-14,6.739500
2022-06-15,6.712800
2022-06-16,6.703000
2022-06-17,6.716000
2022-06-21,6.688000
2022-06-22,6.698300
2022-06-23,6.698000
2022-06-24,6.687800
2022-06-27,6.689900
2022-06-28,6.707000
2022-06-29,6.699700
2022-06-30,6.698100
2022-07-01,6.700000
2022-07-05,6.719200
2022-07-06,6.707000
2022-07-07,6.700500
2022-07-08,6.694500
2022-07-11,6.717500
2022-07-12,6.723400
2022-07-13,6.717500
2022-07-14,6.754200
2022-07-15,6.756500
2022-07-18,6.742000
2022-07-19,6.743000
2022-07-20,6.754000
2022-07-21,6.765500
2022-07-22,6.750000
2022-07-25,6.749900
2022-07-26,6.761600
2022-07-27,6.757000
2022-07-28,6.746500
2022-07-29,6.743300
2022-08-01,6.767400
2022-08-02,6.749900
2022-08-03,6.756500
2022-08-04,6.748500
2022-08-05,6.760700
2022-08-08,6.750500
2022-08-09,6.752500
2022-08-10,6.723000
2022-08-11,6.744500
2022-08-12,6.742500
2022-08-15,6.771500
2022-08-16,6.787500
2022-08-17,6.780500
2022-08-18,6.785500
2022-08-19,6.816400
2022-08-22,6.847600
2022-08-23,6.847600
2022-08-24,6.858100
2022-08-25,6.847700
2022-08-26,6.871500
2022-08-29,6.906700
2022-08-30,6.910000
2022-08-31,6.889000
2022-09-01,6.906600
2022-09-02,6.898500
2022-09-06,6.953200
2022-09-07,6.965000
2022-09-08,6.956200
2022-09-09,6.924000
2022-09-12,6.926500
2022-09-13,6.924500
2022-09-14,6.961200
2022-09-15,6.993400
2022-09-16,6.979900
2022-09-19,7.005000
2022-09-20,7.017600
2022-09-21,7.047900
2022-09-22,7.077200
2022-09-23,7.126600
2022-09-26,7.138400
2022-09-27,7.176000
2022-09-28,7.199000
2022-09-29,7.119600
2022-09-30,7.113500
2022-10-03,7.110300
2022-10-04,7.110300
2022-10-05,7.110300
2022-10-06,7.110300
2022-10-07,7.110300
2022-10-11,7.163900
2022-10-12,7.172000
2022-10-13,7.170000
2022-10-14,7.189500
2022-10-17,7.194600
2022-10-18,7.200100
2022-10-19,7.228000
2022-10-20,7.212900
2022-10-21,7.239900
2022-10-24,7.262900
2022-10-25,7.268800
2022-10-26,7.171000
2022-10-27,7.223900
2022-10-28,7.249900
2022-10-31,7.304800
2022-11-01,7.273000
2022-11-02,7.289000
2022-11-03,7.300000
2022-11-04,7.299600
2022-11-07,7.226600
2022-11-08,7.248500
2022-11-09,7.240100
2022-11-10,7.184000
2022-11-14,7.071000
2022-11-15,7.044000
2022-11-16,7.096400
2022-11-17,7.155100
2022-11-18,7.119200
2022-11-21,7.164000
2022-11-22,7.138800
2022-11-23,7.158000
2022-11-25,7.164200
2022-11-28,7.207400
2022-11-29,7.156800
2022-11-30,7.087900
2022-12-01,7.042400
2022-12-02,7.019000
2022-12-05,6.961000
2022-12-06,6.993500
2022-12-07,6.970200
2022-12-08,6.964900
2022-12-09,6.955900
2022-12-12,6.977300
2022-12-13,6.943000
2022-12-14,6.949800
2022-12-15,6.971600
2022-12-16,6.970800
2022-12-19,6.977200
2022-12-20,6.960000
2022-12-21,6.981000
2022-12-22,6.982900
2022-12-23,6.988000
2022-12-27,6.960000
2022-12-28,6.977400
2022-12-29,6.962500
2022-12-30,6.897200
2023-01-03,6.913500
2023-01-04,6.887500
2023-01-05,6.880000
2023-01-06,6.837000
2023-01-09,6.770000
2023-01-10,6.777000
2023-01-11,6.770000
2023-01-12,6.736500
2023-01-13,6.701000
2023-01-17,6.772300
2023-01-18,6.753400
2023-01-19,6.773800
2023-01-20,6.782500
2023-01-23,6.789900
2023-01-24,6.789900
2023-01-25,6.789900
2023-01-26,6.789900
2023-01-27,6.789900
2023-01-30,6.750100
2023-01-31,6.754000
2023-02-01,6.740600
2023-02-02,6.726600
2023-02-03,6.773300
2023-02-06,6.791800
2023-02-07,6.791000
2023-02-08,6.789000
2023-02-09,6.778200
2023-02-10,6.810600
2023-02-13,6.819800
2023-02-14,6.825500
2023-02-15,6.851000
2023-02-16,6.859000
2023-02-17,6.866100
2023-02-21,6.870000
2023-02-22,6.890800
2023-02-23,6.907500
2023-02-24,6.954500
2023-02-27,6.945000
2023-02-28,6.932500
2023-03-01,6.865600
2023-03-02,6.912200
2023-03-03,6.904800
2023-03-06,6.929500
2023-03-07,6.960500
2023-03-08,6.949600
2023-03-09,6.963000
2023-03-10,6.902500
2023-03-13,6.845500
2023-03-14,6.868000
2023-03-15,6.900500
2023-03-16,6.896500
2023-03-17,6.887000
2023-03-20,6.877000
2023-03-21,6.883000
2023-03-22,6.880200
2023-03-23,6.818800
2023-03-24,6.867500
2023-03-27,6.883400
2023-03-28,6.872500
2023-03-29,6.886200
2023-03-30,6.870000
2023-03-31,6.867600
2023-04-03,6.877600
2023-04-04,6.878000
2023-04-05,6.878100
2023-04-06,6.875000
2023-04-07,6.875000
2023-04-10,6.880700
2023-04-11,6.886600
2023-04-12,6.873000
2023-04-13,6.867700
2023-04-14,6.869000
2023-04-17,6.878600
2023-04-18,6.875500
2023-04-19,6.885100
2023-04-20,6.872500
2023-04-21,6.892000
2023-04-24,6.895800
2023-04-25,6.932000
2023-04-26,6.926100
2023-04-27,6.922000
2023-04-28,6.911000
2023-05-01,6.916400
2023-05-02,6.916400
2023-05-03,6.916400
2023-05-04,6.909400
2023-05-05,6.910100
2023-05-08,6.912500
2023-05-09,6.920100
2023-05-10,6.932100
2023-05-11,6.948000
2023-05-12,6.957500
2023-05-15,6.952000
2023-05-16,6.975100
2023-05-17,6.998100
2023-05-18,7.035500
2023-05-19,7.006000
2023-05-22,7.035100
2023-05-23,7.049000
2023-05-24,7.058500
2023-05-25,7.077500
2023-05-26,7.063000
2023-05-30,7.079200
2023-05-31,7.110000
2023-06-01,7.093400
2023-06-02,7.082700
2023-06-05,7.105000
2023-06-06,7.119000
2023-06-07,7.128700
2023-06-08,7.110900
2023-06-09,7.127300
2023-06-12,7.143700
2023-06-13,7.158500
2023-06-14,7.148000
2023-06-15,7.130000
2023-06-16,7.125000
2023-06-20,7.181100
2023-06-21,7.177900
2023-06-22,7.177700
2023-06-23,7.177700
2023-06-26,7.236400
2023-06-27,7.219300
2023-06-28,7.243600
2023-06-29,7.251500
2023-06-30,7.251300
2023-07-03,7.240000
2023-07-05,7.246500
2023-07-06,7.250000
2023-07-07,7.220500
2023-07-10,7.231500
2023-07-11,7.209000
2023-07-12,7.165600
2023-07-13,7.150000
2023-07-14,7.140300
2023-07-17,7.171100
2023-07-18,7.178600
2023-07-19,7.226000
2023-07-20,7.176100
2023-07-21,7.186100
2023-07-24,7.185500
2023-07-25,7.134000
2023-07-26,7.150300
2023-07-27,7.173000
2023-07-28,7.148800
2023-07-31,7.142600
2023-08-01,7.177500
2023-08-02,7.192000
2023-08-03,7.165100
2023-08-04,7.170900
2023-08-07,7.189500
2023-08-08,7.216000
2023-08-09,7.208500
2023-08-10,7.216500
2023-08-11,7.236700
2023-08-14,7.258500
2023-08-15,7.281700
2023-08-16,7.298500
2023-08-17,7.291000
2023-08-18,7.280000
2023-08-21,7.286500
2023-08-22,7.293000
2023-08-23,7.277100
2023-08-24,7.278600
2023-08-25,7.289000
2023-08-28,7.290000
2023-08-29,7.279600
2023-08-30,7.283900
2023-08-31,7.258200
2023-09-01,7.260600
2023-09-05,7.301800
2023-09-06,7.316000
2023-09-07,7.328700
2023-09-08,7.343000
2023-09-11,7.288200
2023-09-12,7.291100
2023-09-13,7.270000
2023-09-14,7.277000
2023-09-15,7.274400
2023-09-18,7.291500
2023-09-19,7.296400
2023-09-20,7.287000
2023-09-21,7.306600
2023-09-22,7.298000
2023-09-25,7.311000
2023-09-26,7.310000
2023-09-27,7.310500
2023-09-28,7.301000
2023-09-29,7.296000
2023-10-02,7.296000
2023-10-03,7.296000
2023-10-04,7.296000
2023-10-05,7.296000
2023-10-06,7.296000
2023-10-10,7.294800
2023-10-11,7.299200
2023-10-12,7.301900
2023-10-13,7.304900
2023-10-16,7.310500
2023-10-17,7.310500
2023-10-18,7.316100
2023-10-19,7.312600
2023-10-20,7.315500
2023-10-23,7.315800
2023-10-24,7.309000
2023-10-25,7.316500
2023-10-26,7.315000
2023-10-27,7.317100
2023-10-30,7.313300
2023-10-31,7.316600
2023-11-01,7.317500
2023-11-02,7.316000
2023-11-03,7.300500
2023-11-06,7.269500
2023-11-07,7.278800
2023-11-08,7.280000
2023-11-09,7.283500
2023-11-13,7.289000
2023-11-14,7.253000
2023-11-15,7.246600
2023-11-16,7.241600
2023-11-17,7.212000
2023-11-20,7.168000
2023-11-21,7.135200
2023-11-22,7.155000
2023-11-24,7.148800
2023-11-27,7.152800
2023-11-28,7.138000
2023-11-29,7.130000
2023-11-30,7.136000
2023-12-01,7.138600
2023-12-04,7.142400
2023-12-05,7.144400
2023-12-06,7.158000
2023-12-07,7.151500
2023-12-08,7.164500
2023-12-11,7.176500
2023-12-12,7.175500
2023-12-13,7.172500
2023-12-14,7.108800
2023-12-15,7.117900
2023-12-18,7.129700
2023-12-19,7.128700
2023-12-20,7.135500
2023-12-21,7.138100
2023-12-22,7.131500
2023-12-26,7.143200
2023-12-27,7.140500
2023-12-28,7.106500
2023-12-29,7.099900
2024-01-02,7.142600
2024-01-03,7.149700
2024-01-04,7.158900
2024-01-05,7.145000
2024-01-08,7.154000
2024-01-09,7.167500
2024-01-10,7.171100
2024-01-11,7.167000
2024-01-12,7.166500
2024-01-16,7.187400
2024-01-17,7.196000
2024-01-18,7.196100
2024-01-19,7.193100
2024-01-22,7.192000
2024-01-23,7.172000
2024-01-24,7.158000
2024-01-25,7.169000
2024-01-26,7.176300
2024-01-29,7.179800
2024-01-30,7.175500
2024-01-31,7.167300
2024-02-01,7.179900
2024-02-02,7.192000
2024-02-05,7.198200
2024-02-06,7.190800
2024-02-07,7.194300
2024-02-08,7.196500
2024-02-09,7.192900
2024-02-12,7.192800
2024-02-13,7.192800
2024-02-14,7.192800
2024-02-15,7.192800
2024-02-16,7.192800
2024-02-20,7.190500
2024-02-21,7.189100
2024-02-22,7.194400
2024-02-23,7.197000
2024-02-26,7.197200
2024-02-27,7.197700
2024-02-28,7.197600
2024-02-29,7.197700
2024-03-01,7.196000
2024-03-04,7.198700
2024-03-05,7.196500
2024-03-06,7.197700
2024-03-07,7.192500
2024-03-08,7.185500
2024-03-11,7.182000
2024-03-12,7.180400
2024-03-13,7.187500
2024-03-14,7.193200
2024-03-15,7.195300
2024-03-18,7.198100
2024-03-19,7.199100
2024-03-20,7.199200
2024-03-21,7.199300
2024-03-22,7.228900
2024-03-25,7.210200
2024-03-26,7.217600
2024-03-27,7.227000
2024-03-28,7.226200
2024-03-29,7.220300
2024-04-01,7.230800
2024-04-02,7.232000
2024-04-03,7.233000
2024-04-04,7.233900
2024-04-05,7.233900
2024-04-08,7.230500
2024-04-09,7.231600
2024-04-10,7.234100
2024-04-11,7.237300
2024-04-12,7.237400
2024-04-15,7.238200
2024-04-16,7.238300
2024-04-17,7.238900
2024-04-18,7.238200
2024-04-19,7.240300
2024-04-22,7.240300
2024-04-23,7.244500
2024-04-24,7.246000
2024-04-25,7.246000
2024-04-26,7.246400
2024-04-29,7.231800
2024-04-30,7.240100
2024-05-01,7.240500
2024-05-02,7.240500
2024-05-03,7.240500
2024-05-06,7.207100
2024-05-07,7.218500
2024-05-08,7.218500
2024-05-09,7.219800
2024-05-10,7.226000
2024-05-13,7.232500
2024-05-14,7.233500
2024-05-15,7.219000
2024-05-16,7.218100
2024-05-17,7.223300
2024-05-20,7.234400
2024-05-21,7.237600
2024-05-22,7.240500
2024-05-23,7.242100
2024-05-24,7.242500
2024-05-28,7.245100
2024-05-29,7.249400
2024-05-30,7.249300
2024-05-31,7.241000
2024-06-03,7.242000
2024-06-04,7.239300
2024-06-05,7.247500
2024-06-06,7.245100
2024-06-07,7.246600
2024-06-10,7.247500
2024-06-11,7.254400
2024-06-12,7.254400
2024-06-13,7.251900
2024-06-14,7.255700
2024-06-17,7.256100
2024-06-18,7.254300
2024-06-20,7.260400
2024-06-21,7.260900
2024-06-24,7.258600
2024-06-25,7.262900
2024-06-26,7.266600
2024-06-27,7.268800
2024-06-28,7.267200
2024-07-01,7.268300
2024-07-02,7.271200
2024-07-03,7.269900
2024-07-05,7.268000
2024-07-08,7.268300
2024-07-09,7.272500
2024-07-10,7.275800
2024-07-11,7.257300
2024-07-12,7.249500
2024-07-15,7.259200
2024-07-16,7.268500
2024-07-17,7.260700
2024-07-18,7.260000
2024-07-19,7.269500
2024-07-22,7.273600
2024-07-23,7.274800
2024-07-24,7.262200
2024-07-25,7.231000
2024-07-26,7.250200
2024-07-29,7.259700
2024-07-30,7.251100
2024-07-31,7.219300
2024-08-01,7.244100
2024-08-02,7.160000
2024-08-05,7.130000
2024-08-06,7.156300
2024-08-07,7.176000
2024-08-08,7.174700
2024-08-09,7.166000
2024-08-12,7.174400
2024-08-13,7.155800
2024-08-14,7.138200
2024-08-15,7.173400
2024-08-16,7.164400
2024-08-19,7.139300
2024-08-20,7.132000
2024-08-21,7.134400
2024-08-22,7.144000
2024-08-23,7.124400
2024-08-26,7.121200
2024-08-27,7.124400
2024-08-28,7.124500
2024-08-29,7.097200
2024-08-30,7.090000
2024-09-03,7.120900
2024-09-04,7.111900
2024-09-05,7.092100
2024-09-06,7.087600
2024-09-09,7.113300
2024-09-10,7.120500
2024-09-11,7.119200
2024-09-12,7.117300
2024-09-13,7.093000
2024-09-16,7.095800
2024-09-17,7.095800
2024-09-18,7.081200
2024-09-19,7.067500
2024-09-20,7.050500
2024-09-23,7.050800
2024-09-24,7.031800
2024-09-25,7.031500
2024-09-26,7.010600
2024-09-27,7.011100
2024-09-30,7.017600
2024-10-01,7.017500
2024-10-02,7.017500
2024-10-03,7.017500
2024-10-04,7.017500
2024-10-07,7.017500
2024-10-08,7.059500
2024-10-09,7.081800
2024-10-10,7.079400
2024-10-11,7.066700
2024-10-15,7.119200
2024-10-16,7.119200
2024-10-17,7.121600
2024-10-18,7.101500
2024-10-21,7.118900
2024-10-22,7.123000
2024-10-23,7.125200
2024-10-24,7.119000
2024-10-25,7.119900
2024-10-28,7.125400
2024-10-29,7.130100
2024-10-30,7.122900
2024-10-31,7.117800
2024-11-01,7.121400
2024-11-04,7.099500
2024-11-05,7.104700
2024-11-06,7.178200
2024-11-07,7.141200
2024-11-08,7.178500
2024-11-12,7.232000
2024-11-13,7.224500
2024-11-14,7.227200
2024-11-15,7.228800
2024-11-18,7.236400
2024-11-19,7.239200
2024-11-20,7.245900
2024-11-21,7.236800
2024-11-22,7.245500
2024-11-25,7.239500
2024-11-26,7.252000
2024-11-27,7.245800
2024-11-29,7.242300
2024-12-02,7.271400
2024-12-03,7.285800
2024-12-04,7.263200
2024-12-05,7.255800
2024-12-06,7.270000
2024-12-09,7.260400
2024-12-10,7.250000
2024-12-11,7.260500
2024-12-12,7.268500
2024-12-13,7.275600
2024-12-16,7.283600
2024-12-17,7.284600
2024-12-18,7.286400
2024-12-19,7.296500
2024-12-20,7.295300
2024-12-23,7.297700
2024-12-24,7.294600
2024-12-26,7.298100
2024-12-27,7.298000
2024-12-30,7.299300
2024-12-31,7.299300
2025-01-02,7.299400
2025-01-03,7.319900
2025-01-06,7.322300
2025-01-07,7.326400
2025-01-08,7.331600
2025-01-09,7.332100
2025-01-10,7.332600
2025-01-13,7.331900
2025-01-14,7.331100
2025-01-15,7.330400
2025-01-16,7.331600
2025-01-17,7.324900
2025-01-21,7.271200
2025-01-22,7.272800
2025-01-23,7.288000
2025-01-24,7.244000
2025-01-27,7.250700
2025-01-28,7.242200
2025-01-29,7.242200
2025-01-30,7.242200
2025-01-31,7.242200
2025-02-03,7.242200
2025-02-04,7.242200
2025-02-05,7.272000
2025-02-06,7.288300
2025-02-07,7.294300
2025-02-10,7.304500
2025-02-11,7.307200
2025-02-12,7.308800
2025-02-13,7.288800
2025-02-14,7.253000
2025-02-18,7.278600
2025-02-19,7.283300
2025-02-20,7.255500
2025-02-21,7.250100
2025-02-24,7.247600
2025-02-25,7.251200
2025-02-26,7.259500
2025-02-27,7.285300
2025-02-28,7.282800
2025-03-03,7.284300
2025-03-04,7.265100
2025-03-05,7.250600
2025-03-06,7.246800
2025-03-07,7.234000
2025-03-10,7.259100
2025-03-11,7.227800
2025-03-12,7.237200
2025-03-13,7.243900
2025-03-14,7.237700
2025-03-17,7.232700
2025-03-18,7.227300
2025-03-19,7.230000
2025-03-20,7.247700
2025-03-21,7.248600
2025-03-24,7.253100
2025-03-25,7.256900
2025-03-26,7.267500
2025-03-27,7.264500
2025-03-28,7.262800
2025-03-31,7.256700
2025-04-01,7.269700
2025-04-02,7.267500
2025-04-03,7.281300
2025-04-04,7.280300
2025-04-07,7.308100
2025-04-08,7.338800
2025-04-09,7.349900
2025-04-10,7.314000
2025-04-11,7.291500
2025-04-14,7.311900
2025-04-15,7.315000
2025-04-16,7.305300
2025-04-17,7.299000
2025-04-18,7.299600
2025-04-21,7.291400
2025-04-22,7.311800
2025-04-23,7.286000
2025-04-24,7.287900
2025-04-25,7.286400
2025-04-28,7.294200
2025-04-29,7.269000
2025-04-30,7.270600
2025-05-01,7.270600
2025-05-02,7.270600
2025-05-05,7.270600
2025-05-06,7.216400
2025-05-07,7.225000
2025-05-08,7.234000
2025-05-09,7.236400
2025-05-12,7.201800
2025-05-13,7.205700
2025-05-14,7.208000
2025-05-15,7.206700
2025-05-16,7.209000
2025-05-19,7.214400
2025-05-20,7.219400
2025-05-21,7.201900
2025-05-22,7.203700
2025-05-23,7.179800
2025-05-27,7.195000
2025-05-28,7.194100
2025-05-29,7.185500
2025-05-30,7.199100
2025-06-02,7.197500
2025-06-03,7.187200
2025-06-04,7.184400
2025-06-05,7.175000
2025-06-06,7.188600
2025-06-09,7.180200
2025-06-10,7.187000
2025-06-11,7.192800
2025-06-12,7.172600
2025-06-13,7.181000
2025-06-16,7.179000
2025-06-17,7.184500
2025-06-18,7.188800
2025-06-20,7.178500
2025-06-23,7.179000
2025-06-24,7.171300
2025-06-25,7.176400
2025-06-26,7.167500
2025-06-27,7.172100
2025-06-30,7.163600
2025-07-01,7.164700
2025-07-02,7.164900
2025-07-03,7.168400
2025-07-07,7.174400
2025-07-08,7.173800
2025-07-09,7.180000
2025-07-10,7.174800
2025-07-11,7.168100
2025-07-14,7.167000
2025-07-15,7.172900
2025-07-16,7.179100
2025-07-17,7.183200
2025-07-18,7.177600
2025-07-21,7.176000
2025-07-22,7.174800
2025-07-23,7.159900
2025-07-24,7.154100
2025-07-25,7.167900
2025-07-28,7.177800
2025-07-29,7.176900
2025-07-30,7.193400
2025-07-31,7.200200
2025-08-01,7.211600
2025-08-04,7.178000
2025-08-05,7.183500
2025-08-06,7.182200
2025-08-07,7.180600
2025-08-08,7.183900
2025-08-11,7.188400
2025-08-12,7.178500
2025-08-13,7.174400
2025-08-14,7.179500
2025-08-15,7.181700
2025-08-18,7.184700
2025-08-19,7.181900
2025-08-20,7.175700
2025-08-21,7.179300
2025-08-22,7.165100
2025-08-25,7.151000
2025-08-26,7.152000
2025-08-27,7.153600
2025-08-28,7.130600
2025-08-29,7.130400
2025-09-02,7.139000
2025-09-03,7.141500
2025-09-04,7.141400
2025-09-05,7.132300
2025-09-08,7.129300
2025-09-09,7.120900
2025-09-10,7.120700
2025-09-11,7.118400
2025-09-12,7.124200
2025-09-15,7.118600
2025-09-16,7.114200
2025-09-17,7.103300
2025-09-18,7.112500
2025-09-19,7.114200
2025-09-22,7.114000
2025-09-23,7.111600
2025-09-24,7.131500
2025-09-25,7.133800
2025-09-26,7.132800
2025-09-29,7.119400
2025-09-30,7.119000
2025-10-01,7.120000
2025-10-02,7.120000
2025-10-03,7.120000
2025-10-06,7.120000
2025-10-07,7.120000
2025-10-08,7.120000
2025-10-09,7.127500
2025-10-10,7.134000
2025-10-14,7.138400
2025-10-15,7.126200
2025-10-16,7.123000
2025-10-17,7.126400
2025-10-20,7.119500
2025-10-21,7.121800
2025-10-22,7.125700
2025-10-23,7.122100
2025-10-24,7.121100
2025-10-27,7.110200
2025-10-28,7.098800
2025-10-29,7.098000
2025-10-30,7.109700
2025-10-31,7.116900
2025-11-03,7.122200
2025-11-04,7.129500
2025-11-05,7.126000
2025-11-06,7.119500
2025-11-07,7.121900
2025-11-10,7.119300
2025-11-12,7.112000
2025-11-13,7.095000
2025-11-14,7.099200
2025-11-17,7.107500
2025-11-18,7.107400
2025-11-19,7.110600
2025-11-20,7.109800
2025-11-21,7.106600
2025-11-24,7.102000
2025-11-25,7.084500
2025-11-26,7.075800
2025-11-28,7.075100
2025-12-01,7.071700
2025-12-02,7.070000
2025-12-03,7.063600
2025-12-04,7.071400
2025-12-05,7.069600
2025-12-08,7.071000
2025-12-09,7.063300
2025-12-10,7.064000
2025-12-11,7.057900
2025-12-12,7.054800
2025-12-15,7.047000
2025-12-16,7.041700
2025-12-17,7.043100
2025-12-18,7.040400
2025-12-19,7.040900
2025-12-22,7.036700
2025-12-23,7.028000
2025-12-24,7.014200
2025-12-26,7.006300
2025-12-29,7.005600
2025-12-30,6.996100
2025-12-31,6.993100
2026-01-02,6.987700
2026-01-05,6.988000
2026-01-06,6.983400
2026-01-07,6.996500
2026-01-08,6.983500
2026-01-09,6.977200
2026-01-12,6.973100
2026-01-13,6.977500
2026-01-14,6.973000
2026-01-15,6.966000
2026-01-16,6.968100
2026-01-20,6.959900
2026-01-21,6.963700
2026-01-22,6.970000
2026-01-23,6.963100
2026-01-26,6.954200
2026-01-27,6.954500
2026-01-28,6.946200
2026-01-29,6.948000
2026-01-30,6.951000
2026-02-02,6.946300
2026-02-03,6.937700
2026-02-04,6.941500
2026-02-05,6.937800
2026-02-06,6.938800
2026-02-09,6.920000
2026-02-10,6.910600
2026-02-11,6.912500
2026-02-12,6.901000
2026-02-13,6.908000
2026-02-17,6.903100
2026-02-18,6.903100
2026-02-19,6.903100
2026-02-20,6.903100
2026-02-23,6.903100
2026-02-24,6.883000
2026-02-25,6.869200
2026-02-26,6.840900
2026-02-27,6.857900
2026-03-02,6.882100
2026-03-03,6.899600
2026-03-04,6.896900
2026-03-05,6.891200
2026-03-06,6.896500
2026-03-09,6.906600
2026-03-10,6.876600
2026-03-11,6.865500
2026-03-12,6.868900
2026-03-13,6.896100
2026-03-16,6.895500
2026-03-17,6.886300
2026-03-18,6.872600
2026-03-19,6.899800
2026-03-20,6.885700
2026-03-23,6.880700
2026-03-24,6.891800
2026-03-25,6.901100
2026-03-26,6.910700
2026-03-27,6.911600
2026-03-30,6.911900
2026-03-31,6.898000
2026-04-01,6.872000
2026-04-02,6.885600
2026-04-03,6.882400
2026-04-06,6.877800
2026-04-07,6.856700
2026-04-08,6.828700
2026-04-09,6.831400
2026-04-10,6.827800
2026-04-13,6.830300
2026-04-14,6.815700
2026-04-15,6.818000
2026-04-16,6.820800
2026-04-17,6.817000
2026-04-20,6.817200
2026-04-21,6.820800
2026-04-22,6.827500
2026-04-23,6.826000
2026-04-24,6.835900
2026-04-27,6.822800
2026-04-28,6.837400
2026-04-29,6.837500
2026-04-30,6.827300
2026-05-01,6.827600
2026-05-04,6.830000
2026-05-05,6.827600
2026-05-06,6.811000
2026-05-07,6.801400
2026-05-08,6.800500
2026-05-11,6.794800
2026-05-12,6.792000
2026-05-13,6.790800
2026-05-14,6.785100
2026-05-15,6.809200
2026-05-18,6.800000
2026-05-19,6.814500
2026-05-20,6.800500
2026-05-21,6.802500
2026-05-22,6.794500
2026-05-26,6.786000
2026-05-27,6.778800
2026-05-28,6.779600
2026-05-29,6.766200
2026-06-01,6.765000
2026-06-02,6.762200
2026-06-03,6.769200
2026-06-04,6.773500
2026-06-05,6.765500
2026-06-08,6.783200
2026-06-09,6.772200
2026-06-10,6.774500
2026-06-11,6.775600
2026-06-12,6.762600
2026-06-15,6.757000
2026-06-16,6.756200
2026-06-17,6.757700
2026-06-18,6.768600
2026-06-22,6.774500
2026-06-23,6.790000
2026-06-24,6.810600
2026-06-25,6.797600
2026-06-26,6.798000
2026-06-29,6.793600
2026-06-30,6.785100
2026-07-01,6.794200
2026-07-02,6.788600
2026-07-06,6.795800
2026-07-07,6.793400
2026-07-08,6.802500
2026-07-09,6.792100
2026-07-10,6.776600
2026-07-13,6.779500
2026-07-14,6.770000
2026-07-15,6.768200
2026-07-16,6.772600
2026-07-17,6.776000
2026-07-20,6.766800
2026-07-21,6.765600
2026-07-22,6.772500
2026-07-23,6.770100
2026-07-24,6.771900
2026-07-27,6.765700
2026-07-28,6.771000
2026-07-29,6.766100
2026-07-30,6.755000
2026-07-31,6.750900
2026-08-03,6.756300
2026-08-04,6.753200
2026-08-05,6.748300
2026-08-06,6.748800
2026-08-07,6.747400
2026-08-10,6.745200
2026-08-11,6.745000
2026-08-12,6.743300
2026-08-13,6.742800
2026-08-14,6.741200
2026-08-17,6.739900
2026-08-18,6.743000
2026-08-19,6.729500
2026-08-20,6.722500
2026-08-21,6.721000
