date,value
1971-01-04,357.730000
1971-01-05,357.810000
1971-01-06,357.860000
1971-01-07,357.870000
1971-01-08,357.820000
1971-01-11,357.950000
1971-01-12,358.060000
1971-01-13,358.440000
1971-01-14,358.400000
1971-01-15,358.400000
1971-01-18,358.290000
1971-01-19,358.350000
1971-01-20,358.400000
1971-01-21,358.270000
1971-01-22,357.900000
1971-01-25,357.730000
1971-01-26,357.780000
1971-01-27,357.790000
1971-01-28,357.830000
1971-01-29,357.720000
1971-02-01,357.670000
1971-02-02,357.550000
1971-02-03,357.540000
1971-02-04,357.510000
1971-02-05,357.530000
1971-02-08,357.490000
1971-02-09,357.500000
1971-02-10,357.500000
1971-02-11,357.500000
1971-02-16,357.530000
1971-02-17,357.530000
1971-02-18,357.530000
1971-02-19,357.560000
1971-02-22,357.600000
1971-02-23,357.550000
1971-02-24,357.600000
1971-02-25,357.560000
1971-02-26,357.560000
1971-03-01,357.630000
1971-03-02,357.560000
1971-03-03,357.490000
1971-03-04,357.450000
1971-03-05,357.590000
1971-03-08,357.550000
1971-03-09,357.460000
1971-03-10,357.590000
1971-03-11,357.560000
1971-03-12,357.580000
1971-03-15,357.540000
1971-03-16,357.490000
1971-03-17,357.530000
1971-03-18,357.560000
1971-03-19,357.560000
1971-03-22,357.440000
1971-03-23,357.530000
1971-03-24,357.530000
1971-03-25,357.470000
1971-03-26,357.470000
1971-03-29,357.440000
1971-03-30,357.490000
1971-03-31,357.420000
1971-04-01,357.490000
1971-04-02,357.530000
1971-04-05,357.500000
1971-04-06,357.460000
1971-04-07,357.550000
1971-04-08,357.550000
1971-04-09,357.500000
1971-04-12,357.500000
1971-04-13,357.620000
1971-04-14,357.580000
1971-04-15,357.500000
1971-04-16,357.540000
1971-04-19,357.490000
1971-04-20,357.490000
1971-04-21,357.490000
1971-04-22,357.490000
1971-04-23,357.490000
1971-04-26,357.500000
1971-04-27,357.490000
1971-04-28,357.500000
1971-04-29,357.410000
1971-04-30,357.400000
1971-05-03,357.410000
1971-05-04,357.400000
1971-05-05,357.400000
1971-05-06,357.410000
1971-05-07,357.410000
1971-05-10,357.140000
1971-05-11,357.440000
1971-05-12,357.530000
1971-05-13,357.490000
1971-05-14,357.490000
1971-05-17,357.400000
1971-05-18,357.440000
1971-05-19,357.400000
1971-05-20,357.460000
1971-05-21,357.400000
1971-05-24,357.400000
1971-05-25,357.400000
1971-05-26,357.440000
1971-05-27,357.400000
1971-05-28,357.400000
1971-06-01,357.460000
1971-06-02,357.400000
1971-06-03,357.460000
1971-06-04,357.400000
1971-06-07,357.400000
1971-06-08,357.400000
1971-06-09,357.400000
1971-06-10,357.400000
1971-06-11,357.400000
1971-06-14,357.400000
1971-06-15,357.460000
1971-06-16,357.460000
1971-06-17,357.460000
1971-06-18,357.400000
1971-06-21,357.400000
1971-06-22,357.400000
1971-06-23,357.400000
1971-06-24,357.400000
1971-06-25,357.400000
1971-06-28,357.370000
1971-06-29,357.390000
1971-06-30,357.400000
1971-07-01,357.400000
1971-07-02,357.400000
1971-07-06,357.450000
1971-07-07,357.460000
1971-07-08,357.460000
1971-07-09,357.400000
1971-07-12,357.410000
1971-07-13,357.440000
1971-07-14,357.400000
1971-07-15,357.400000
1971-07-16,357.400000
1971-07-19,357.390000
1971-07-20,357.390000
1971-07-21,357.400000
1971-07-22,357.370000
1971-07-23,357.360000
1971-07-26,357.400000
1971-07-27,357.370000
1971-07-28,357.400000
1971-07-29,357.400000
1971-07-30,357.390000
1971-08-02,357.410000
1971-08-03,357.370000
1971-08-04,357.370000
1971-08-05,357.370000
1971-08-06,357.370000
1971-08-09,357.350000
1971-08-10,357.390000
1971-08-11,357.350000
1971-08-12,357.400000
1971-08-13,357.350000
1971-08-31,339.850000
1971-09-01,341.010000
1971-09-02,338.980000
1971-09-03,340.140000
1971-09-07,339.790000
1971-09-08,339.390000
1971-09-09,339.070000
1971-09-10,338.810000
1971-09-13,338.980000
1971-09-14,338.240000
1971-09-15,338.410000
1971-09-16,337.840000
1971-09-17,337.950000
1971-09-20,337.270000
1971-09-21,337.340000
1971-09-22,337.440000
1971-09-23,337.270000
1971-09-24,336.980000
1971-09-27,336.250000
1971-09-28,336.360000
1971-09-29,335.570000
1971-09-30,335.350000
1971-10-01,333.390000
1971-10-04,333.170000
1971-10-05,333.140000
1971-10-06,332.650000
1971-10-07,332.610000
1971-10-08,332.370000
1971-10-12,330.520000
1971-10-13,331.400000
1971-10-14,330.850000
1971-10-15,330.580000
1971-10-18,329.600000
1971-10-19,330.850000
1971-10-20,331.070000
1971-10-21,330.790000
1971-10-22,330.360000
1971-10-26,329.000000
1971-10-27,329.540000
1971-10-28,329.710000
1971-10-29,329.500000
1971-11-01,329.450000
1971-11-03,329.500000
1971-11-04,330.870000
1971-11-05,329.160000
1971-11-08,329.220000
1971-11-09,329.160000
1971-11-10,329.110000
1971-11-11,329.110000
1971-11-12,329.490000
1971-11-15,328.730000
1971-11-16,328.620000
1971-11-17,328.800000
1971-11-18,328.680000
1971-11-19,328.400000
1971-11-22,328.410000
1971-11-23,328.190000
1971-11-24,328.040000
1971-11-26,327.600000
1971-11-29,327.060000
1971-11-30,327.440000
1971-12-01,327.600000
1971-12-02,326.000000
1971-12-03,325.100000
1971-12-06,326.530000
1971-12-07,323.620000
1971-12-08,323.500000
1971-12-09,323.520000
1971-12-10,323.100000
1971-12-13,322.790000
1971-12-14,322.580000
1971-12-15,321.540000
1971-12-16,320.000000
1971-12-17,320.360000
1971-12-21,314.980000
1971-12-22,314.960000
1971-12-23,315.010000
1971-12-24,315.210000
1971-12-27,314.960000
1971-12-28,315.010000
1971-12-29,315.210000
1971-12-30,315.010000
1971-12-31,315.010000
1972-01-03,314.860000
1972-01-04,314.960000
1972-01-05,314.860000
1972-01-06,312.010000
1972-01-07,312.500000
1972-01-10,312.990000
1972-01-11,314.470000
1972-01-12,313.480000
1972-01-13,313.970000
1972-01-14,312.990000
1972-01-17,313.380000
1972-01-18,312.890000
1972-01-19,312.790000
1972-01-20,312.010000
1972-01-21,312.300000
1972-01-24,312.210000
1972-01-25,311.820000
1972-01-26,311.530000
1972-01-27,310.080000
1972-01-28,310.460000
1972-01-31,310.560000
1972-02-01,310.370000
1972-02-02,308.550000
1972-02-03,309.120000
1972-02-04,308.640000
1972-02-07,308.170000
1972-02-08,307.690000
1972-02-09,304.790000
1972-02-10,304.690000
1972-02-11,304.690000
1972-02-14,304.230000
1972-02-15,304.140000
1972-02-16,303.950000
1972-02-17,303.950000
1972-02-18,303.490000
1972-02-22,302.850000
1972-02-23,302.480000
1972-02-24,302.110000
1972-02-25,302.480000
1972-02-28,303.950000
1972-02-29,303.400000
1972-03-01,303.210000
1972-03-02,303.030000
1972-03-03,302.660000
1972-03-06,302.750000
1972-03-07,302.300000
1972-03-08,302.020000
1972-03-09,301.660000
1972-03-10,301.930000
1972-03-13,302.300000
1972-03-14,302.210000
1972-03-15,302.110000
1972-03-16,302.020000
1972-03-17,302.110000
1972-03-20,302.300000
1972-03-21,302.110000
1972-03-22,302.110000
1972-03-23,301.930000
1972-03-24,302.300000
1972-03-27,302.570000
1972-03-28,302.850000
1972-03-29,303.770000
1972-03-30,303.770000
1972-03-31,304.320000
1972-04-03,304.140000
1972-04-04,304.970000
1972-04-05,305.160000
1972-04-06,304.880000
1972-04-07,303.210000
1972-04-10,302.110000
1972-04-11,302.300000
1972-04-12,302.430000
1972-04-13,302.570000
1972-04-14,302.940000
1972-04-17,302.570000
1972-04-18,302.390000
1972-04-19,302.940000
1972-04-20,303.030000
1972-04-21,303.210000
1972-04-24,305.160000
1972-04-25,304.320000
1972-04-26,303.770000
1972-04-27,304.230000
1972-04-28,304.880000
1972-05-01,304.410000
1972-05-02,304.230000
1972-05-03,304.320000
1972-05-04,304.230000
1972-05-05,304.320000
1972-05-08,305.060000
1972-05-09,304.970000
1972-05-10,303.770000
1972-05-11,303.580000
1972-05-12,303.860000
1972-05-15,304.320000
1972-05-16,304.410000
1972-05-17,304.510000
1972-05-18,304.600000
1972-05-19,304.040000
1972-05-22,304.410000
1972-05-23,304.230000
1972-05-24,304.320000
1972-05-25,304.320000
1972-05-26,304.410000
1972-05-30,305.340000
1972-05-31,304.690000
1972-06-01,304.410000
1972-06-02,304.230000
1972-06-05,304.690000
1972-06-06,304.510000
1972-06-07,304.410000
1972-06-08,304.320000
1972-06-09,304.230000
1972-06-12,304.510000
1972-06-13,304.040000
1972-06-14,303.950000
1972-06-15,304.040000
1972-06-16,303.950000
1972-06-19,303.860000
1972-06-20,303.400000
1972-06-21,302.940000
1972-06-22,302.070000
1972-06-23,294.120000
1972-06-26,298.510000
1972-06-27,298.510000
1972-06-28,296.740000
1972-06-29,300.750000
1972-06-30,300.930000
1972-07-03,300.840000
1972-07-05,300.030000
1972-07-06,300.570000
1972-07-07,300.930000
1972-07-10,301.300000
1972-07-11,301.570000
1972-07-12,301.200000
1972-07-13,301.020000
1972-07-14,301.200000
1972-07-17,301.020000
1972-07-18,300.750000
1972-07-19,301.200000
1972-07-20,300.930000
1972-07-21,301.110000
1972-07-24,301.200000
1972-07-25,300.750000
1972-07-26,301.200000
1972-07-27,301.200000
1972-07-28,301.200000
1972-07-31,301.390000
1972-08-01,301.200000
1972-08-02,301.200000
1972-08-03,301.200000
1972-08-04,300.930000
1972-08-07,301.110000
1972-08-08,301.200000
1972-08-09,301.200000
1972-08-10,301.110000
1972-08-11,301.110000
1972-08-14,301.110000
1972-08-15,301.200000
1972-08-16,301.200000
1972-08-17,301.200000
1972-08-18,301.200000
1972-08-21,301.110000
1972-08-22,301.200000
1972-08-23,301.200000
1972-08-24,301.200000
1972-08-25,301.200000
1972-08-28,301.200000
1972-08-29,301.200000
1972-08-30,301.110000
1972-08-31,301.110000
1972-09-01,301.110000
1972-09-05,301.200000
1972-09-06,301.200000
1972-09-07,301.110000
1972-09-08,301.110000
1972-09-11,301.200000
1972-09-12,301.110000
1972-09-13,301.110000
1972-09-14,301.110000
1972-09-15,301.110000
1972-09-18,301.110000
1972-09-19,301.110000
1972-09-20,301.110000
1972-09-21,301.110000
1972-09-22,301.110000
1972-09-25,301.110000
1972-09-26,301.110000
1972-09-27,301.020000
1972-09-28,301.110000
1972-09-29,301.110000
1972-10-02,301.110000
1972-10-03,301.110000
1972-10-04,301.110000
1972-10-05,301.110000
1972-10-06,300.930000
1972-10-10,300.930000
1972-10-11,301.020000
1972-10-12,301.020000
1972-10-13,301.110000
1972-10-16,301.110000
1972-10-17,301.110000
1972-10-18,301.110000
1972-10-19,301.020000
1972-10-20,300.750000
1972-10-24,301.020000
1972-10-25,301.200000
1972-10-26,300.840000
1972-10-27,300.480000
1972-10-30,301.020000
1972-10-31,301.110000
1972-11-01,301.020000
1972-11-02,300.660000
1972-11-03,299.940000
1972-11-06,301.020000
1972-11-08,301.020000
1972-11-09,301.020000
1972-11-10,300.930000
1972-11-13,301.020000
1972-11-14,301.020000
1972-11-15,301.110000
1972-11-16,301.110000
1972-11-17,301.020000
1972-11-20,301.110000
1972-11-21,301.110000
1972-11-22,301.110000
1972-11-24,301.020000
1972-11-27,301.110000
1972-11-28,301.200000
1972-11-29,301.110000
1972-11-30,301.110000
1972-12-01,301.110000
1972-12-04,301.110000
1972-12-05,301.110000
1972-12-06,301.110000
1972-12-07,301.110000
1972-12-08,301.110000
1972-12-11,301.070000
1972-12-12,301.110000
1972-12-13,301.110000
1972-12-14,301.110000
1972-12-15,301.110000
1972-12-18,301.110000
1972-12-19,301.110000
1972-12-20,301.110000
1972-12-21,301.110000
1972-12-22,301.110000
1972-12-26,301.390000
1972-12-27,302.020000
1972-12-28,302.020000
1972-12-29,301.660000
1973-01-02,301.390000
1973-01-03,301.430000
1973-01-04,301.200000
1973-01-05,301.300000
1973-01-08,302.210000
1973-01-09,302.070000
1973-01-10,301.840000
1973-01-11,301.480000
1973-01-12,301.660000
1973-01-15,301.660000
1973-01-16,301.930000
1973-01-17,302.110000
1973-01-18,302.210000
1973-01-19,302.570000
1973-01-22,302.480000
1973-01-23,301.660000
1973-01-24,302.110000
1973-01-25,301.840000
1973-01-26,301.750000
1973-01-29,301.660000
1973-01-30,301.390000
1973-01-31,301.390000
1973-02-01,300.930000
1973-02-02,299.580000
1973-02-05,300.750000
1973-02-06,299.850000
1973-02-07,299.850000
1973-02-08,299.400000
1973-02-09,293.260000
1973-02-13,266.670000
1973-02-14,265.960000
1973-02-15,263.020000
1973-02-16,263.850000
1973-02-20,265.960000
1973-02-21,264.900000
1973-02-22,265.460000
1973-02-23,264.900000
1973-02-26,265.600000
1973-02-27,265.960000
1973-02-28,265.670000
1973-03-01,265.600000
1973-03-02,262.120000
1973-03-05,259.070000
1973-03-06,261.780000
1973-03-07,261.920000
1973-03-08,261.440000
1973-03-09,260.420000
1973-03-12,257.070000
1973-03-13,254.970000
1973-03-14,254.450000
1973-03-15,255.750000
1973-03-16,260.080000
1973-03-19,263.160000
1973-03-20,263.160000
1973-03-21,263.160000
1973-03-22,263.500000
1973-03-23,266.030000
1973-03-26,265.530000
1973-03-27,265.390000
1973-03-28,265.600000
1973-03-29,265.670000
1973-03-30,265.960000
1973-04-02,266.030000
1973-04-03,265.460000
1973-04-04,264.970000
1973-04-05,264.550000
1973-04-06,264.760000
1973-04-09,265.530000
1973-04-10,265.530000
1973-04-11,265.670000
1973-04-12,266.030000
1973-04-13,265.890000
1973-04-16,265.600000
1973-04-17,265.460000
1973-04-18,265.460000
1973-04-19,265.530000
1973-04-20,265.600000
1973-04-23,265.600000
1973-04-24,265.460000
1973-04-25,265.460000
1973-04-26,265.600000
1973-04-27,265.600000
1973-04-30,265.530000
1973-05-01,265.530000
1973-05-02,265.530000
1973-05-03,265.530000
1973-05-04,265.530000
1973-05-07,265.530000
1973-05-08,265.670000
1973-05-09,265.040000
1973-05-10,265.040000
1973-05-11,265.460000
1973-05-14,264.760000
1973-05-15,262.470000
1973-05-16,262.950000
1973-05-17,264.480000
1973-05-18,264.270000
1973-05-21,262.950000
1973-05-22,263.570000
1973-05-23,264.200000
1973-05-24,264.550000
1973-05-25,264.830000
1973-05-29,264.900000
1973-05-30,264.830000
1973-05-31,264.690000
1973-06-01,264.060000
1973-06-04,262.880000
1973-06-05,262.880000
1973-06-06,264.130000
1973-06-07,264.270000
1973-06-08,264.410000
1973-06-11,264.690000
1973-06-12,264.690000
1973-06-13,264.620000
1973-06-14,264.690000
1973-06-15,264.690000
1973-06-18,264.690000
1973-06-19,264.830000
1973-06-20,264.970000
1973-06-21,265.040000
1973-06-22,265.040000
1973-06-25,265.180000
1973-06-26,265.180000
1973-06-27,265.180000
1973-06-28,265.180000
1973-06-29,263.160000
1973-07-02,265.250000
1973-07-03,265.040000
1973-07-05,265.110000
1973-07-06,262.120000
1973-07-09,259.400000
1973-07-10,263.160000
1973-07-11,264.830000
1973-07-12,264.760000
1973-07-13,265.040000
1973-07-16,265.110000
1973-07-17,265.250000
1973-07-18,265.110000
1973-07-19,265.180000
1973-07-20,265.600000
1973-07-23,266.170000
1973-07-24,265.600000
1973-07-25,265.530000
1973-07-26,265.600000
1973-07-27,264.760000
1973-07-30,263.570000
1973-07-31,263.440000
1973-08-01,263.440000
1973-08-02,264.760000
1973-08-03,265.390000
1973-08-06,265.110000
1973-08-07,265.250000
1973-08-08,265.180000
1973-08-09,265.110000
1973-08-10,265.250000
1973-08-13,265.460000
1973-08-14,265.460000
1973-08-15,265.460000
1973-08-16,265.390000
1973-08-17,265.530000
1973-08-20,265.600000
1973-08-21,265.180000
1973-08-22,265.250000
1973-08-23,265.250000
1973-08-24,265.250000
1973-08-27,265.320000
1973-08-28,265.320000
1973-08-29,265.320000
1973-08-30,265.390000
1973-08-31,265.390000
1973-09-04,265.460000
1973-09-05,265.390000
1973-09-06,265.390000
1973-09-07,265.390000
1973-09-10,265.390000
1973-09-11,265.460000
1973-09-12,265.600000
1973-09-13,265.600000
1973-09-14,265.600000
1973-09-17,265.530000
1973-09-18,265.530000
1973-09-19,265.460000
1973-09-20,265.390000
1973-09-21,265.250000
1973-09-24,265.390000
1973-09-25,265.460000
1973-09-26,265.530000
1973-09-27,265.600000
1973-09-28,265.600000
1973-10-01,265.600000
1973-10-02,265.750000
1973-10-03,265.890000
1973-10-04,265.960000
1973-10-05,266.170000
1973-10-09,266.310000
1973-10-10,266.310000
1973-10-11,266.240000
1973-10-12,266.240000
1973-10-15,266.450000
1973-10-16,266.450000
1973-10-17,266.380000
1973-10-18,266.310000
1973-10-19,266.380000
1973-10-23,266.450000
1973-10-24,266.380000
1973-10-25,266.450000
1973-10-26,266.670000
1973-10-29,266.740000
1973-10-30,266.950000
1973-10-31,266.950000
1973-11-01,270.270000
1973-11-02,276.010000
1973-11-05,275.180000
1973-11-07,275.180000
1973-11-08,275.250000
1973-11-09,275.330000
1973-11-12,275.250000
1973-11-13,280.190000
1973-11-14,280.660000
1973-11-15,280.270000
1973-11-16,280.110000
1973-11-19,280.110000
1973-11-20,280.430000
1973-11-21,280.110000
1973-11-23,280.660000
1973-11-26,280.110000
1973-11-27,280.110000
1973-11-28,279.800000
1973-11-29,280.110000
1973-11-30,280.110000
1973-12-03,280.110000
1973-12-04,280.110000
1973-12-05,280.110000
1973-12-06,280.110000
1973-12-07,280.110000
1973-12-10,280.110000
1973-12-11,280.110000
1973-12-12,280.030000
1973-12-13,280.110000
1973-12-14,280.110000
1973-12-17,280.110000
1973-12-18,280.110000
1973-12-19,280.110000
1973-12-20,280.110000
1973-12-21,280.110000
1973-12-24,280.350000
1973-12-26,280.270000
1973-12-27,280.660000
1973-12-28,280.430000
1973-12-31,280.270000
1974-01-02,280.820000
1974-01-03,283.690000
1974-01-04,282.090000
1974-01-07,300.300000
1974-01-08,299.940000
1974-01-09,299.940000
1974-01-10,299.940000
1974-01-11,300.030000
1974-01-14,300.120000
1974-01-15,300.120000
1974-01-16,300.120000
1974-01-17,300.120000
1974-01-18,300.120000
1974-01-21,305.340000
1974-01-22,304.880000
1974-01-23,303.580000
1974-01-24,300.120000
1974-01-25,299.800000
1974-01-28,299.850000
1974-01-29,300.030000
1974-01-30,299.220000
1974-01-31,298.770000
1974-02-01,298.860000
1974-02-04,297.000000
1974-02-05,293.690000
1974-02-06,297.620000
1974-02-07,296.820000
1974-02-08,296.300000
1974-02-11,295.510000
1974-02-13,291.890000
1974-02-14,291.550000
1974-02-15,293.170000
1974-02-19,290.110000
1974-02-20,289.020000
1974-02-21,282.090000
1974-02-22,280.580000
1974-02-25,283.370000
1974-02-26,286.530000
1974-02-27,287.030000
1974-02-28,288.430000
1974-03-01,292.060000
1974-03-04,292.740000
1974-03-05,289.440000
1974-03-06,287.030000
1974-03-07,286.860000
1974-03-08,287.190000
1974-03-11,285.710000
1974-03-12,281.690000
1974-03-13,282.330000
1974-03-14,282.890000
1974-03-15,282.490000
1974-03-18,281.930000
1974-03-19,280.980000
1974-03-20,280.190000
1974-03-21,279.100000
1974-03-22,276.780000
1974-03-25,275.180000
1974-03-26,274.880000
1974-03-27,275.480000
1974-03-28,274.420000
1974-03-29,276.090000
1974-04-01,280.110000
1974-04-02,275.480000
1974-04-03,275.860000
1974-04-04,278.320000
1974-04-05,279.330000
1974-04-08,278.010000
1974-04-09,279.250000
1974-04-10,278.010000
1974-04-11,276.780000
1974-04-12,278.550000
1974-04-15,278.550000
1974-04-16,276.930000
1974-04-17,276.400000
1974-04-18,276.400000
1974-04-19,276.930000
1974-04-22,277.390000
1974-04-23,275.560000
1974-04-24,276.240000
1974-04-25,278.160000
1974-04-26,279.800000
1974-04-29,279.330000
1974-04-30,279.640000
1974-05-01,279.410000
1974-05-02,279.960000
1974-05-03,279.800000
1974-05-06,279.410000
1974-05-07,279.560000
1974-05-08,277.620000
1974-05-09,277.620000
1974-05-10,277.620000
1974-05-13,277.620000
1974-05-14,277.780000
1974-05-15,277.390000
1974-05-16,277.620000
1974-05-17,277.700000
1974-05-20,278.240000
1974-05-21,279.100000
1974-05-22,279.880000
1974-05-23,279.560000
1974-05-24,279.490000
1974-05-28,279.330000
1974-05-29,279.720000
1974-05-30,280.900000
1974-05-31,281.930000
1974-06-03,283.690000
1974-06-04,282.890000
1974-06-05,281.850000
1974-06-06,281.930000
1974-06-07,282.650000
1974-06-10,282.170000
1974-06-11,282.250000
1974-06-12,282.970000
1974-06-13,282.490000
1974-06-14,282.570000
1974-06-17,282.730000
1974-06-18,282.730000
1974-06-19,282.650000
1974-06-20,282.890000
1974-06-21,283.210000
1974-06-24,283.610000
1974-06-25,283.850000
1974-06-26,284.090000
1974-06-27,283.930000
1974-06-28,284.250000
1974-07-01,285.310000
1974-07-02,286.610000
1974-07-03,285.880000
1974-07-05,287.360000
1974-07-08,287.940000
1974-07-09,288.430000
1974-07-10,290.700000
1974-07-11,291.970000
1974-07-12,289.180000
1974-07-15,288.850000
1974-07-16,288.100000
1974-07-17,289.940000
1974-07-18,290.360000
1974-07-19,290.700000
1974-07-22,291.290000
1974-07-23,292.740000
1974-07-24,292.830000
1974-07-25,293.940000
1974-07-26,295.420000
1974-07-29,298.240000
1974-07-30,297.530000
1974-07-31,298.240000
1974-08-01,299.580000
1974-08-02,300.120000
1974-08-05,300.210000
1974-08-06,300.750000
1974-08-07,302.110000
1974-08-08,302.750000
1974-08-09,302.570000
1974-08-12,302.110000
1974-08-13,301.840000
1974-08-14,302.480000
1974-08-15,302.750000
1974-08-16,302.940000
1974-08-19,303.120000
1974-08-20,303.120000
1974-08-21,303.490000
1974-08-22,303.860000
1974-08-23,303.120000
1974-08-26,302.850000
1974-08-27,302.110000
1974-08-28,302.480000
1974-08-29,302.940000
1974-08-30,302.940000
1974-09-03,302.660000
1974-09-04,302.750000
1974-09-05,302.570000
1974-09-06,302.660000
1974-09-09,302.480000
1974-09-10,302.750000
1974-09-11,302.110000
1974-09-12,301.200000
1974-09-13,299.580000
1974-09-16,299.400000
1974-09-17,296.120000
1974-09-18,296.030000
1974-09-19,296.820000
1974-09-20,295.860000
1974-09-23,295.860000
1974-09-24,294.810000
1974-09-25,296.210000
1974-09-26,296.740000
1974-09-27,296.740000
1974-09-30,298.330000
1974-10-01,298.150000
1974-10-02,297.970000
1974-10-03,299.040000
1974-10-04,299.040000
1974-10-07,300.030000
1974-10-08,299.760000
1974-10-09,298.690000
1974-10-10,298.770000
1974-10-11,299.130000
1974-10-15,299.130000
1974-10-16,299.040000
1974-10-17,298.950000
1974-10-18,299.310000
1974-10-21,299.670000
1974-10-22,299.940000
1974-10-23,299.670000
1974-10-24,299.940000
1974-10-25,299.850000
1974-10-28,300.120000
1974-10-29,299.940000
1974-10-30,299.940000
1974-10-31,299.940000
1974-11-01,300.480000
1974-11-04,300.480000
1974-11-06,300.480000
1974-11-07,299.760000
1974-11-08,299.670000
1974-11-12,300.300000
1974-11-13,300.120000
1974-11-14,300.300000
1974-11-15,299.940000
1974-11-18,299.670000
1974-11-19,299.940000
1974-11-20,299.940000
1974-11-21,299.940000
1974-11-22,299.850000
1974-11-25,300.210000
1974-11-26,300.120000
1974-11-27,299.850000
1974-11-29,300.300000
1974-12-02,300.390000
1974-12-03,300.030000
1974-12-04,299.760000
1974-12-05,300.030000
1974-12-06,299.940000
1974-12-09,299.850000
1974-12-10,299.760000
1974-12-11,299.760000
1974-12-12,300.030000
1974-12-13,300.030000
1974-12-16,300.300000
1974-12-17,300.480000
1974-12-18,300.660000
1974-12-19,300.840000
1974-12-20,301.110000
1974-12-23,301.020000
1974-12-24,301.200000
1974-12-26,301.110000
1974-12-27,300.750000
1974-12-30,300.570000
1974-12-31,301.020000
1975-01-02,300.660000
1975-01-03,300.840000
1975-01-06,301.020000
1975-01-07,300.930000
1975-01-08,300.750000
1975-01-09,300.840000
1975-01-10,300.840000
1975-01-13,300.930000
1975-01-14,300.930000
1975-01-15,301.020000
1975-01-16,300.750000
1975-01-17,300.840000
1975-01-20,301.020000
1975-01-21,300.840000
1975-01-22,300.300000
1975-01-23,299.670000
1975-01-24,295.330000
1975-01-27,294.990000
1975-01-28,297.440000
1975-01-29,297.350000
1975-01-30,297.800000
1975-01-31,297.970000
1975-02-03,297.440000
1975-02-04,297.090000
1975-02-05,297.270000
1975-02-06,297.000000
1975-02-07,295.600000
1975-02-10,292.400000
1975-02-11,291.630000
1975-02-13,292.830000
1975-02-14,293.260000
1975-02-18,293.340000
1975-02-19,291.550000
1975-02-20,291.120000
1975-02-21,289.520000
1975-02-24,285.880000
1975-02-25,285.960000
1975-02-26,285.630000
1975-02-27,285.880000
1975-02-28,286.450000
1975-03-03,285.390000
1975-03-04,284.660000
1975-03-05,285.230000
1975-03-06,285.710000
1975-03-07,285.960000
1975-03-10,286.210000
1975-03-11,286.120000
1975-03-12,287.270000
1975-03-13,288.850000
1975-03-14,288.100000
1975-03-17,286.530000
1975-03-18,287.190000
1975-03-19,288.180000
1975-03-20,287.190000
1975-03-21,287.440000
1975-03-24,287.770000
1975-03-25,290.020000
1975-03-26,290.530000
1975-03-27,292.060000
1975-03-28,292.480000
1975-03-31,294.030000
1975-04-01,290.870000
1975-04-02,291.550000
1975-04-03,292.310000
1975-04-04,292.230000
1975-04-07,291.970000
1975-04-08,291.890000
1975-04-09,291.890000
1975-04-10,291.800000
1975-04-11,291.120000
1975-04-14,291.290000
1975-04-15,290.950000
1975-04-16,291.380000
1975-04-17,291.720000
1975-04-18,291.800000
1975-04-21,292.830000
1975-04-22,292.830000
1975-04-23,292.740000
1975-04-24,292.830000
1975-04-25,293.690000
1975-04-28,294.550000
1975-04-29,293.860000
1975-04-30,292.230000
1975-05-01,292.140000
1975-05-02,290.360000
1975-05-05,290.440000
1975-05-06,291.380000
1975-05-07,291.210000
1975-05-08,291.380000
1975-05-09,291.460000
1975-05-12,291.290000
1975-05-13,291.460000
1975-05-14,291.800000
1975-05-15,291.630000
1975-05-16,291.550000
1975-05-19,291.800000
1975-05-20,292.230000
1975-05-21,292.060000
1975-05-22,291.890000
1975-05-23,291.040000
1975-05-27,291.290000
1975-05-28,290.700000
1975-05-29,291.380000
1975-05-30,291.550000
1975-06-02,291.460000
1975-06-03,291.040000
1975-06-04,291.290000
1975-06-05,292.230000
1975-06-06,291.800000
1975-06-09,291.800000
1975-06-10,291.890000
1975-06-11,291.890000
1975-06-12,292.480000
1975-06-13,292.650000
1975-06-16,294.120000
1975-06-17,293.430000
1975-06-18,294.120000
1975-06-19,294.120000
1975-06-20,293.940000
1975-06-23,294.720000
1975-06-24,295.330000
1975-06-25,297.000000
1975-06-26,295.770000
1975-06-27,296.030000
1975-06-30,295.680000
1975-07-01,295.680000
1975-07-02,295.510000
1975-07-03,295.420000
1975-07-07,295.510000
1975-07-08,295.680000
1975-07-09,295.950000
1975-07-10,296.120000
1975-07-11,296.120000
1975-07-14,295.860000
1975-07-15,295.860000
1975-07-16,296.030000
1975-07-17,296.300000
1975-07-18,296.210000
1975-07-21,296.120000
1975-07-22,296.470000
1975-07-23,296.820000
1975-07-24,297.620000
1975-07-25,296.650000
1975-07-28,297.800000
1975-07-29,297.350000
1975-07-30,297.440000
1975-07-31,297.710000
1975-08-01,297.890000
1975-08-04,297.970000
1975-08-05,297.970000
1975-08-06,298.060000
1975-08-07,297.970000
1975-08-08,297.620000
1975-08-11,297.800000
1975-08-12,298.060000
1975-08-13,297.970000
1975-08-14,297.970000
1975-08-15,297.970000
1975-08-18,298.150000
1975-08-19,298.060000
1975-08-20,297.970000
1975-08-21,297.890000
1975-08-22,297.970000
1975-08-25,298.060000
1975-08-26,298.150000
1975-08-27,297.970000
1975-08-28,298.060000
1975-08-29,297.970000
1975-09-02,297.970000
1975-09-03,297.800000
1975-09-04,297.890000
1975-09-05,297.970000
1975-09-08,297.970000
1975-09-09,298.060000
1975-09-10,297.970000
1975-09-11,298.060000
1975-09-12,298.060000
1975-09-15,298.060000
1975-09-16,298.060000
1975-09-17,298.330000
1975-09-18,300.480000
1975-09-19,301.570000
1975-09-22,302.940000
1975-09-23,303.310000
1975-09-24,303.120000
1975-09-25,302.660000
1975-09-26,301.750000
1975-09-29,303.210000
1975-09-30,302.850000
1975-10-01,302.570000
1975-10-02,302.660000
1975-10-03,303.030000
1975-10-06,303.120000
1975-10-07,302.940000
1975-10-08,303.120000
1975-10-09,303.030000
1975-10-10,302.940000
1975-10-14,302.660000
1975-10-15,302.940000
1975-10-16,302.940000
1975-10-17,302.760000
1975-10-20,302.480000
1975-10-21,301.110000
1975-10-22,301.570000
1975-10-23,301.840000
1975-10-24,301.660000
1975-10-27,301.570000
1975-10-28,301.480000
1975-10-29,301.570000
1975-10-30,301.660000
1975-10-31,301.750000
1975-11-03,301.750000
1975-11-05,301.840000
1975-11-06,301.750000
1975-11-07,301.750000
1975-11-10,302.300000
1975-11-12,301.930000
1975-11-13,302.210000
1975-11-14,302.570000
1975-11-17,302.660000
1975-11-18,302.940000
1975-11-19,303.120000
1975-11-20,302.940000
1975-11-21,303.120000
1975-11-24,302.940000
1975-11-25,303.120000
1975-11-26,303.210000
1975-11-28,303.120000
1975-12-01,304.410000
1975-12-02,304.410000
1975-12-03,305.060000
1975-12-04,304.970000
1975-12-05,306.750000
1975-12-08,306.840000
1975-12-09,306.190000
1975-12-10,306.090000
1975-12-11,305.900000
1975-12-12,305.900000
1975-12-15,306.000000
1975-12-16,305.530000
1975-12-17,305.620000
1975-12-18,305.620000
1975-12-19,306.090000
1975-12-22,306.090000
1975-12-23,306.000000
1975-12-24,305.900000
1975-12-26,305.900000
1975-12-29,305.250000
1975-12-30,305.060000
1975-12-31,305.160000
1976-01-02,305.060000
1976-01-05,305.160000
1976-01-06,305.060000
1976-01-07,305.250000
1976-01-08,305.620000
1976-01-09,306.000000
1976-01-12,305.160000
1976-01-13,305.250000
1976-01-14,305.340000
1976-01-15,305.250000
1976-01-16,305.250000
1976-01-19,304.140000
1976-01-20,303.860000
1976-01-21,304.410000
1976-01-22,304.140000
1976-01-23,304.040000
1976-01-26,303.770000
1976-01-27,303.670000
1976-01-28,303.580000
1976-01-29,303.670000
1976-01-30,303.670000
1976-02-02,303.210000
1976-02-03,302.760000
1976-02-04,300.570000
1976-02-05,300.570000
1976-02-06,301.390000
1976-02-09,300.750000
1976-02-10,300.660000
1976-02-11,300.120000
1976-02-13,300.750000
1976-02-17,301.570000
1976-02-18,301.660000
1976-02-19,301.750000
1976-02-20,302.110000
1976-02-23,302.570000
1976-02-24,302.020000
1976-02-25,302.020000
1976-02-26,302.110000
1976-02-27,302.110000
1976-03-01,301.660000
1976-03-02,301.660000
1976-03-03,301.570000
1976-03-04,301.660000
1976-03-05,301.570000
1976-03-08,300.750000
1976-03-09,301.110000
1976-03-10,301.300000
1976-03-11,301.300000
1976-03-12,300.840000
1976-03-15,300.660000
1976-03-16,300.570000
1976-03-17,299.940000
1976-03-18,299.940000
1976-03-19,299.670000
1976-03-22,299.850000
1976-03-23,299.760000
1976-03-24,299.760000
1976-03-25,299.670000
1976-03-26,299.580000
1976-03-29,299.670000
1976-03-30,299.850000
1976-03-31,299.580000
1976-04-01,299.490000
1976-04-02,299.310000
1976-04-05,299.310000
1976-04-06,299.040000
1976-04-07,298.860000
1976-04-08,297.440000
1976-04-09,297.890000
1976-04-12,298.420000
1976-04-13,298.600000
1976-04-14,298.060000
1976-04-15,299.400000
1976-04-16,299.310000
1976-04-19,300.030000
1976-04-20,299.490000
1976-04-21,299.580000
1976-04-22,299.670000
1976-04-23,299.760000
1976-04-26,299.850000
1976-04-27,299.310000
1976-04-28,299.220000
1976-04-29,299.310000
1976-04-30,299.040000
1976-05-03,298.950000
1976-05-04,297.890000
1976-05-05,297.970000
1976-05-06,298.240000
1976-05-07,298.510000
1976-05-10,298.420000
1976-05-11,298.420000
1976-05-12,298.690000
1976-05-13,298.950000
1976-05-14,298.780000
1976-05-17,299.310000
1976-05-18,299.130000
1976-05-19,299.220000
1976-05-20,299.400000
1976-05-21,299.580000
1976-05-24,299.580000
1976-05-25,299.580000
1976-05-26,299.760000
1976-05-27,299.670000
1976-05-28,300.030000
1976-06-01,300.390000
1976-06-02,300.300000
1976-06-03,300.480000
1976-06-04,300.390000
1976-06-07,300.300000
1976-06-08,300.120000
1976-06-09,299.940000
1976-06-10,299.940000
1976-06-11,300.030000
1976-06-14,299.940000
1976-06-15,299.760000
1976-06-16,299.850000
1976-06-17,300.030000
1976-06-18,299.310000
1976-06-21,299.310000
1976-06-22,299.220000
1976-06-23,296.820000
1976-06-24,297.270000
1976-06-25,297.800000
1976-06-28,296.030000
1976-06-29,297.000000
1976-06-30,297.970000
1976-07-01,296.910000
1976-07-02,297.180000
1976-07-06,296.380000
1976-07-07,296.650000
1976-07-08,296.470000
1976-07-09,296.740000
1976-07-12,296.380000
1976-07-13,294.900000
1976-07-14,292.650000
1976-07-15,293.170000
1976-07-16,294.030000
1976-07-19,293.690000
1976-07-20,293.340000
1976-07-21,293.600000
1976-07-22,293.690000
1976-07-23,293.940000
1976-07-26,293.510000
1976-07-27,293.860000
1976-07-28,293.510000
1976-07-29,293.600000
1976-07-30,293.260000
1976-08-02,292.910000
1976-08-03,292.910000
1976-08-04,292.830000
1976-08-05,293.000000
1976-08-06,293.000000
1976-08-09,292.650000
1976-08-10,292.830000
1976-08-11,292.570000
1976-08-12,292.650000
1976-08-13,291.120000
1976-08-16,290.360000
1976-08-17,287.850000
1976-08-18,288.270000
1976-08-19,288.770000
1976-08-20,289.350000
1976-08-23,289.770000
1976-08-24,288.430000
1976-08-25,288.850000
1976-08-26,288.930000
1976-08-27,288.600000
1976-08-30,288.770000
1976-08-31,289.350000
1976-09-01,288.930000
1976-09-02,288.680000
1976-09-03,287.770000
1976-09-07,287.770000
1976-09-08,287.600000
1976-09-09,286.040000
1976-09-10,286.940000
1976-09-13,286.620000
1976-09-14,286.530000
1976-09-15,286.120000
1976-09-16,286.700000
1976-09-17,287.270000
1976-09-20,287.110000
1976-09-21,288.020000
1976-09-22,287.110000
1976-09-23,287.770000
1976-09-24,287.850000
1976-09-27,287.600000
1976-09-28,287.520000
1976-09-29,287.770000
1976-09-30,286.860000
1976-10-01,287.110000
1976-10-04,287.270000
1976-10-05,287.440000
1976-10-06,288.020000
1976-10-07,288.100000
1976-10-08,288.770000
1976-10-12,289.860000
1976-10-13,290.360000
1976-10-14,292.310000
1976-10-15,293.000000
1976-10-18,292.480000
1976-10-19,292.230000
1976-10-20,292.140000
1976-10-21,292.740000
1976-10-22,293.690000
1976-10-25,293.340000
1976-10-26,293.770000
1976-10-27,293.170000
1976-10-28,293.600000
1976-10-29,294.380000
1976-11-01,295.860000
1976-11-03,295.160000
1976-11-04,295.330000
1976-11-05,294.990000
1976-11-08,293.770000
1976-11-09,294.290000
1976-11-10,294.380000
1976-11-12,294.640000
1976-11-15,294.720000
1976-11-16,295.160000
1976-11-17,295.070000
1976-11-18,295.160000
1976-11-19,295.420000
1976-11-22,295.070000
1976-11-23,295.420000
1976-11-24,295.420000
1976-11-26,295.510000
1976-11-29,295.680000
1976-11-30,297.090000
1976-12-01,296.910000
1976-12-02,296.820000
1976-12-03,297.890000
1976-12-06,296.560000
1976-12-07,296.380000
1976-12-08,296.300000
1976-12-09,295.770000
1976-12-10,294.810000
1976-12-13,294.720000
1976-12-14,295.330000
1976-12-15,294.720000
1976-12-16,295.510000
1976-12-17,294.640000
1976-12-20,293.600000
1976-12-21,293.940000
1976-12-22,293.860000
1976-12-23,293.430000
1976-12-24,293.510000
1976-12-27,292.310000
1976-12-28,292.140000
1976-12-29,292.910000
1976-12-30,293.000000
1976-12-31,293.080000
1977-01-03,292.480000
1977-01-04,291.720000
1977-01-05,292.310000
1977-01-06,292.910000
1977-01-07,292.830000
1977-01-10,292.480000
1977-01-11,292.480000
1977-01-12,292.400000
1977-01-13,292.570000
1977-01-14,292.060000
1977-01-17,291.720000
1977-01-18,291.210000
1977-01-19,289.600000
1977-01-20,290.280000
1977-01-21,290.440000
1977-01-24,290.110000
1977-01-25,289.270000
1977-01-26,288.180000
1977-01-27,289.100000
1977-01-28,289.520000
1977-01-31,288.430000
1977-02-01,288.020000
1977-02-02,288.270000
1977-02-03,288.350000
1977-02-04,288.100000
1977-02-07,287.940000
1977-02-08,287.110000
1977-02-09,285.960000
1977-02-10,285.630000
1977-02-11,285.060000
1977-02-14,281.690000
1977-02-15,283.930000
1977-02-16,283.770000
1977-02-17,282.970000
1977-02-18,283.450000
1977-02-22,283.370000
1977-02-23,283.450000
1977-02-24,283.530000
1977-02-25,282.010000
1977-02-28,282.810000
1977-03-01,282.490000
1977-03-02,281.530000
1977-03-03,281.290000
1977-03-04,282.090000
1977-03-07,281.930000
1977-03-08,282.090000
1977-03-09,282.330000
1977-03-10,282.010000
1977-03-11,282.010000
1977-03-14,281.210000
1977-03-15,281.530000
1977-03-16,281.850000
1977-03-17,281.690000
1977-03-18,280.820000
1977-03-21,279.100000
1977-03-22,278.940000
1977-03-23,277.240000
1977-03-24,278.470000
1977-03-25,278.320000
1977-03-28,276.850000
1977-03-29,276.630000
1977-03-30,277.240000
1977-03-31,277.550000
1977-04-01,276.170000
1977-04-04,274.650000
1977-04-05,273.000000
1977-04-06,273.220000
1977-04-07,273.600000
1977-04-08,273.220000
1977-04-11,271.300000
1977-04-12,270.710000
1977-04-13,272.550000
1977-04-14,273.370000
1977-04-15,273.820000
1977-04-18,275.330000
1977-04-19,275.790000
1977-04-20,278.780000
1977-04-21,276.850000
1977-04-22,277.780000
1977-04-25,278.010000
1977-04-26,278.320000
1977-04-27,278.010000
1977-04-28,277.090000
1977-04-29,277.780000
1977-05-02,278.010000
1977-05-03,278.160000
1977-05-04,276.700000
1977-05-05,275.940000
1977-05-06,276.850000
1977-05-09,278.010000
1977-05-10,277.470000
1977-05-11,277.930000
1977-05-12,278.010000
1977-05-13,277.620000
1977-05-16,277.700000
1977-05-17,277.550000
1977-05-18,277.390000
1977-05-19,276.970000
1977-05-20,277.240000
1977-05-23,277.550000
1977-05-24,277.780000
1977-05-25,277.390000
1977-05-26,277.120000
1977-05-27,277.280000
1977-05-31,277.280000
1977-06-01,277.320000
1977-06-02,276.550000
1977-06-03,276.280000
1977-06-06,275.180000
1977-06-07,275.560000
1977-06-08,274.420000
1977-06-09,273.750000
1977-06-10,273.670000
1977-06-13,271.810000
1977-06-14,272.330000
1977-06-15,272.780000
1977-06-16,272.440000
1977-06-17,272.700000
1977-06-20,272.780000
1977-06-21,272.440000
1977-06-22,271.740000
1977-06-23,271.810000
1977-06-24,272.000000
1977-06-27,271.480000
1977-06-28,270.860000
1977-06-29,267.450000
1977-06-30,267.590000
1977-07-01,267.130000
1977-07-05,264.900000
1977-07-06,265.390000
1977-07-07,264.690000
1977-07-08,264.760000
1977-07-11,263.090000
1977-07-12,264.480000
1977-07-13,264.270000
1977-07-15,265.320000
1977-07-18,263.990000
1977-07-19,264.270000
1977-07-20,264.830000
1977-07-21,264.760000
1977-07-22,264.240000
1977-07-25,264.340000
1977-07-26,264.410000
1977-07-27,264.760000
1977-07-28,265.960000
1977-07-29,266.810000
1977-08-01,267.130000
1977-08-02,266.520000
1977-08-03,265.570000
1977-08-04,265.530000
1977-08-05,265.850000
1977-08-08,266.240000
1977-08-09,265.960000
1977-08-10,266.060000
1977-08-11,265.960000
1977-08-12,266.380000
1977-08-15,267.920000
1977-08-16,267.670000
1977-08-17,266.740000
1977-08-18,266.740000
1977-08-19,267.270000
1977-08-22,266.700000
1977-08-23,266.770000
1977-08-24,266.210000
1977-08-25,267.310000
1977-08-26,267.090000
1977-08-29,267.060000
1977-08-30,267.400000
1977-08-31,267.500000
1977-09-01,268.170000
1977-09-02,267.970000
1977-09-06,267.590000
1977-09-07,266.810000
1977-09-08,266.880000
1977-09-09,266.840000
1977-09-12,266.670000
1977-09-13,266.840000
1977-09-14,267.130000
1977-09-15,267.060000
1977-09-16,267.090000
1977-09-19,266.920000
1977-09-20,266.880000
1977-09-21,266.880000
1977-09-22,266.810000
1977-09-23,266.810000
1977-09-26,266.700000
1977-09-27,266.630000
1977-09-28,266.670000
1977-09-29,265.110000
1977-09-30,263.710000
1977-10-03,260.720000
1977-10-04,260.820000
1977-10-05,261.100000
1977-10-06,258.550000
1977-10-07,257.600000
1977-10-11,257.800000
1977-10-12,256.810000
1977-10-13,254.970000
1977-10-14,253.000000
1977-10-17,252.530000
1977-10-18,252.210000
1977-10-19,254.450000
1977-10-20,254.190000
1977-10-21,254.320000
1977-10-24,251.950000
1977-10-25,252.330000
1977-10-26,251.600000
1977-10-27,250.310000
1977-10-28,250.500000
1977-10-31,249.130000
1977-11-01,246.730000
1977-11-02,248.320000
1977-11-03,247.740000
1977-11-04,249.000000
1977-11-07,248.690000
1977-11-09,247.100000
1977-11-10,246.180000
1977-11-14,245.100000
1977-11-15,245.280000
1977-11-16,245.250000
1977-11-17,245.400000
1977-11-18,243.490000
1977-11-21,242.780000
1977-11-22,240.640000
1977-11-23,239.750000
1977-11-25,239.980000
1977-11-28,240.240000
1977-11-29,243.660000
1977-11-30,244.020000
1977-12-01,243.070000
1977-12-02,242.510000
1977-12-05,242.010000
1977-12-06,241.600000
1977-12-07,241.430000
1977-12-08,241.720000
1977-12-09,242.370000
1977-12-12,241.780000
1977-12-13,240.530000
1977-12-14,237.810000
1977-12-15,239.120000
1977-12-16,240.590000
1977-12-19,241.020000
1977-12-20,240.500000
1977-12-21,240.380000
1977-12-22,241.550000
1977-12-23,241.660000
1977-12-27,241.370000
1977-12-28,240.440000
1977-12-29,240.040000
1977-12-30,239.980000
1978-01-03,237.590000
1978-01-04,237.420000
1978-01-05,241.080000
1978-01-06,240.380000
1978-01-09,241.460000
1978-01-10,241.490000
1978-01-11,240.500000
1978-01-12,241.600000
1978-01-13,241.490000
1978-01-16,241.600000
1978-01-17,242.010000
1978-01-18,242.420000
1978-01-19,242.130000
1978-01-20,241.850000
1978-01-23,241.460000
1978-01-24,241.660000
1978-01-25,241.250000
1978-01-26,240.560000
1978-01-27,241.370000
1978-01-30,241.780000
1978-01-31,241.600000
1978-02-01,241.600000
1978-02-02,241.810000
1978-02-03,241.840000
1978-02-06,241.140000
1978-02-07,241.430000
1978-02-08,241.490000
1978-02-09,241.550000
1978-02-10,241.580000
1978-02-14,240.700000
1978-02-15,240.670000
1978-02-16,240.150000
1978-02-17,239.810000
1978-02-21,238.410000
1978-02-22,238.830000
1978-02-23,238.150000
1978-02-24,240.210000
1978-02-27,239.230000
1978-02-28,238.100000
1978-03-01,238.270000
1978-03-02,238.410000
1978-03-03,237.020000
1978-03-06,236.410000
1978-03-07,235.570000
1978-03-08,234.410000
1978-03-09,235.020000
1978-03-10,235.900000
1978-03-13,234.030000
1978-03-14,233.050000
1978-03-15,233.050000
1978-03-16,235.630000
1978-03-17,231.000000
1978-03-20,231.160000
1978-03-21,230.630000
1978-03-22,230.360000
1978-03-23,230.020000
1978-03-24,228.000000
1978-03-27,225.230000
1978-03-28,225.020000
1978-03-29,222.270000
1978-03-30,222.370000
1978-03-31,229.890000
1978-04-03,218.340000
1978-04-04,219.300000
1978-04-05,218.960000
1978-04-06,218.630000
1978-04-07,220.120000
1978-04-10,219.830000
1978-04-11,219.330000
1978-04-12,218.720000
1978-04-13,219.350000
1978-04-14,219.400000
1978-04-17,220.600000
1978-04-18,221.530000
1978-04-19,221.880000
1978-04-20,226.760000
1978-04-21,225.890000
1978-04-24,228.100000
1978-04-25,227.580000
1978-04-26,225.630000
1978-04-27,222.220000
1978-04-28,224.970000
1978-05-01,225.780000
1978-05-02,226.070000
1978-05-03,226.140000
1978-05-04,224.770000
1978-05-05,224.590000
1978-05-08,225.120000
1978-05-09,225.380000
1978-05-10,224.920000
1978-05-11,225.230000
1978-05-12,225.630000
1978-05-15,226.220000
1978-05-16,228.410000
1978-05-17,227.950000
1978-05-18,227.530000
1978-05-19,228.000000
1978-05-22,228.830000
1978-05-23,229.040000
1978-05-24,228.410000
1978-05-25,225.840000
1978-05-26,225.680000
1978-05-29,225.050000
1978-05-31,221.340000
1978-06-01,221.510000
1978-06-02,221.240000
1978-06-05,220.990000
1978-06-06,220.990000
1978-06-07,220.990000
1978-06-08,220.900000
1978-06-09,220.600000
1978-06-12,218.010000
1978-06-13,216.920000
1978-06-14,215.380000
1978-06-15,216.170000
1978-06-16,215.890000
1978-06-19,213.490000
1978-06-20,211.150000
1978-06-21,210.660000
1978-06-22,211.100000
1978-06-23,207.470000
1978-06-26,206.060000
1978-06-27,205.930000
1978-06-28,205.970000
1978-06-29,205.210000
1978-06-30,203.710000
1978-07-03,202.430000
1978-07-05,201.610000
1978-07-06,203.090000
1978-07-07,202.350000
1978-07-10,201.690000
1978-07-11,202.860000
1978-07-12,203.290000
1978-07-13,202.650000
1978-07-14,202.590000
1978-07-17,203.790000
1978-07-18,202.550000
1978-07-19,201.530000
1978-07-20,201.570000
1978-07-21,200.940000
1978-07-24,198.020000
1978-07-25,195.470000
1978-07-26,194.100000
1978-07-27,193.650000
1978-07-28,190.590000
1978-07-31,189.140000
1978-08-01,186.570000
1978-08-02,186.290000
1978-08-03,188.320000
1978-08-04,190.190000
1978-08-07,188.790000
1978-08-08,187.340000
1978-08-09,187.620000
1978-08-10,186.670000
1978-08-11,185.530000
1978-08-14,183.760000
1978-08-15,185.290000
1978-08-16,184.640000
1978-08-17,188.320000
1978-08-18,188.860000
1978-08-21,193.010000
1978-08-22,191.310000
1978-08-23,191.900000
1978-08-24,191.020000
1978-08-25,192.570000
1978-08-28,193.350000
1978-08-29,189.390000
1978-08-30,189.070000
1978-08-31,190.510000
1978-09-01,190.800000
1978-09-05,190.150000
1978-09-06,190.000000
1978-09-07,191.050000
1978-09-08,192.900000
1978-09-11,191.900000
1978-09-12,191.500000
1978-09-13,189.900000
1978-09-14,190.150000
1978-09-15,189.850000
1978-09-18,190.800000
1978-09-19,190.300000
1978-09-20,188.800000
1978-09-21,187.750000
1978-09-22,188.250000
1978-09-25,187.650000
1978-09-26,189.150000
1978-09-27,189.100000
1978-09-28,189.200000
1978-09-29,189.190000
1978-10-02,188.850000
1978-10-03,187.500000
1978-10-04,187.000000
1978-10-05,187.300000
1978-10-06,188.400000
1978-10-10,187.900000
1978-10-11,185.850000
1978-10-12,186.600000
1978-10-13,185.900000
1978-10-16,183.850000
1978-10-17,182.250000
1978-10-18,182.300000
1978-10-19,183.250000
1978-10-20,181.800000
1978-10-23,181.550000
1978-10-24,182.550000
1978-10-25,179.550000
1978-10-26,178.300000
1978-10-27,179.000000
1978-10-30,177.050000
1978-10-31,179.500000
1978-11-01,186.000000
1978-11-02,187.850000
1978-11-03,189.000000
1978-11-06,190.250000
1978-11-08,187.250000
1978-11-09,187.900000
1978-11-10,188.600000
1978-11-13,188.450000
1978-11-14,188.950000
1978-11-15,191.000000
1978-11-16,194.100000
1978-11-17,195.600000
1978-11-20,194.800000
1978-11-21,195.000000
1978-11-22,194.200000
1978-11-24,195.050000
1978-11-27,196.000000
1978-11-28,196.750000
1978-11-29,197.000000
1978-11-30,199.100000
1978-12-01,201.700000
1978-12-04,197.650000
1978-12-05,197.500000
1978-12-06,197.550000
1978-12-07,198.650000
1978-12-08,198.100000
1978-12-11,196.000000
1978-12-12,196.350000
1978-12-13,196.250000
1978-12-14,195.550000
1978-12-15,195.800000
1978-12-18,193.050000
1978-12-19,193.300000
1978-12-20,194.600000
1978-12-21,195.200000
1978-12-22,194.100000
1978-12-26,195.000000
1978-12-27,194.500000
1978-12-28,193.950000
1978-12-29,194.300000
1979-01-02,194.580000
1979-01-03,196.600000
1979-01-04,196.400000
1979-01-05,196.650000
1979-01-08,195.650000
1979-01-09,196.650000
1979-01-10,196.650000
1979-01-11,198.250000
1979-01-12,197.600000
1979-01-15,197.800000
1979-01-16,197.150000
1979-01-17,196.800000
1979-01-18,196.750000
1979-01-19,198.250000
1979-01-22,197.630000
1979-01-23,197.900000
1979-01-24,197.700000
1979-01-25,199.000000
1979-01-26,199.550000
1979-01-29,200.100000
1979-01-30,200.750000
1979-01-31,202.200000
1979-02-01,202.750000
1979-02-02,201.600000
1979-02-05,199.850000
1979-02-06,199.050000
1979-02-07,196.000000
1979-02-08,197.700000
1979-02-09,198.800000
1979-02-13,199.700000
1979-02-14,200.400000
1979-02-15,200.250000
1979-02-16,200.700000
1979-02-20,201.050000
1979-02-21,201.850000
1979-02-22,201.400000
1979-02-23,201.400000
1979-02-26,202.080000
1979-02-27,201.900000
1979-02-28,202.650000
1979-03-01,203.750000
1979-03-02,204.900000
1979-03-05,204.730000
1979-03-06,204.500000
1979-03-07,204.000000
1979-03-08,204.180000
1979-03-09,204.700000
1979-03-12,205.730000
1979-03-13,208.650000
1979-03-14,207.280000
1979-03-15,206.950000
1979-03-16,207.450000
1979-03-19,207.000000
1979-03-20,207.170000
1979-03-21,206.950000
1979-03-22,205.500000
1979-03-23,205.900000
1979-03-26,206.800000
1979-03-27,207.150000
1979-03-28,207.880000
1979-03-29,208.370000
1979-03-30,209.580000
1979-04-02,211.650000
1979-04-03,214.400000
1979-04-04,215.280000
1979-04-05,215.230000
1979-04-06,214.900000
1979-04-09,213.500000
1979-04-10,212.750000
1979-04-11,213.500000
1979-04-12,215.750000
1979-04-13,215.900000
1979-04-16,216.450000
1979-04-17,218.000000
1979-04-18,215.400000
1979-04-19,216.180000
1979-04-20,218.300000
1979-04-23,218.350000
1979-04-24,218.450000
1979-04-25,218.200000
1979-04-26,218.100000
1979-04-27,219.900000
1979-04-30,221.800000
1979-05-01,224.400000
1979-05-02,224.950000
1979-05-03,224.800000
1979-05-04,221.500000
1979-05-07,214.800000
1979-05-08,215.150000
1979-05-09,213.150000
1979-05-10,214.580000
1979-05-11,215.130000
1979-05-14,214.000000
1979-05-15,214.200000
1979-05-16,214.350000
1979-05-17,216.700000
1979-05-18,218.800000
1979-05-21,218.800000
1979-05-22,219.400000
1979-05-23,219.150000
1979-05-24,218.650000
1979-05-25,219.750000
1979-05-28,220.450000
1979-05-29,222.050000
1979-05-31,220.350000
1979-06-01,221.280000
1979-06-04,219.750000
1979-06-05,221.150000
1979-06-06,220.350000
1979-06-07,219.550000
1979-06-08,218.600000
1979-06-11,218.830000
1979-06-12,219.700000
1979-06-13,220.150000
1979-06-14,220.180000
1979-06-15,218.800000
1979-06-18,219.900000
1979-06-19,218.650000
1979-06-20,219.000000
1979-06-21,218.950000
1979-06-22,215.800000
1979-06-25,213.240000
1979-06-26,215.900000
1979-06-27,216.400000
1979-06-28,216.550000
1979-06-29,217.800000
1979-07-02,218.300000
1979-07-03,218.400000
1979-07-05,217.000000
1979-07-06,217.500000
1979-07-09,217.500000
1979-07-10,217.680000
1979-07-11,217.450000
1979-07-12,217.250000
1979-07-13,217.350000
1979-07-16,216.800000
1979-07-17,216.450000
1979-07-18,213.600000
1979-07-19,216.000000
1979-07-20,217.100000
1979-07-23,215.750000
1979-07-24,214.400000
1979-07-25,215.250000
1979-07-26,215.030000
1979-07-27,215.400000
1979-07-30,215.800000
1979-07-31,216.700000
1979-08-01,216.050000
1979-08-02,216.550000
1979-08-03,216.900000
1979-08-06,216.450000
1979-08-07,216.500000
1979-08-08,216.500000
1979-08-09,216.050000
1979-08-10,215.900000
1979-08-13,216.580000
1979-08-14,216.800000
1979-08-15,216.850000
1979-08-16,216.980000
1979-08-17,217.300000
1979-08-20,217.380000
1979-08-21,217.850000
1979-08-22,219.500000
1979-08-23,219.120000
1979-08-24,219.250000
1979-08-27,220.950000
1979-08-28,220.550000
1979-08-29,221.930000
1979-08-30,219.950000
1979-08-31,220.400000
1979-09-04,221.050000
1979-09-05,221.500000
1979-09-06,220.850000
1979-09-07,220.800000
1979-09-10,220.900000
1979-09-11,221.550000
1979-09-12,222.200000
1979-09-13,223.600000
1979-09-14,223.400000
1979-09-17,223.480000
1979-09-18,223.800000
1979-09-19,223.430000
1979-09-20,220.300000
1979-09-21,222.450000
1979-09-24,223.100000
1979-09-25,222.800000
1979-09-26,222.600000
1979-09-27,223.550000
1979-09-28,224.500000
1979-10-01,225.250000
1979-10-02,225.350000
1979-10-03,224.450000
1979-10-04,223.400000
1979-10-05,224.150000
1979-10-09,226.000000
1979-10-10,225.600000
1979-10-11,226.400000
1979-10-12,227.500000
1979-10-15,229.800000
1979-10-16,232.000000
1979-10-17,234.100000
1979-10-18,232.180000
1979-10-19,230.650000
1979-10-22,233.800000
1979-10-23,235.400000
1979-10-24,234.500000
1979-10-25,233.900000
1979-10-26,234.300000
1979-10-29,235.980000
1979-10-30,238.100000
1979-10-31,237.850000
1979-11-01,238.150000
1979-11-02,234.550000
1979-11-05,237.100000
1979-11-07,240.200000
1979-11-08,241.300000
1979-11-09,243.550000
1979-11-13,246.600000
1979-11-14,243.350000
1979-11-15,247.200000
1979-11-16,246.500000
1979-11-19,245.250000
1979-11-20,246.200000
1979-11-21,248.100000
1979-11-23,249.000000
1979-11-26,250.850000
1979-11-27,249.450000
1979-11-28,248.950000
1979-11-29,248.850000
1979-11-30,249.550000
1979-12-03,248.890000
1979-12-04,247.500000
1979-12-05,245.700000
1979-12-06,243.600000
1979-12-07,240.200000
1979-12-10,232.650000
1979-12-11,233.300000
1979-12-12,237.900000
1979-12-13,240.700000
1979-12-14,242.550000
1979-12-17,240.100000
1979-12-18,239.400000
1979-12-19,239.000000
1979-12-20,236.600000
1979-12-21,239.900000
1979-12-24,239.800000
1979-12-26,239.050000
1979-12-27,239.800000
1979-12-28,240.550000
1979-12-31,240.300000
1980-01-02,238.450000
1980-01-03,238.350000
1980-01-04,234.800000
1980-01-07,231.550000
1980-01-08,234.750000
1980-01-09,234.950000
1980-01-10,235.800000
1980-01-11,236.050000
1980-01-14,236.200000
1980-01-15,239.650000
1980-01-16,238.150000
1980-01-17,239.900000
1980-01-18,239.650000
1980-01-21,241.000000
1980-01-22,239.700000
1980-01-23,237.250000
1980-01-24,239.350000
1980-01-25,239.600000
1980-01-28,240.220000
1980-01-29,239.350000
1980-01-30,239.500000
1980-01-31,239.330000
1980-02-01,240.450000
1980-02-04,240.290000
1980-02-05,240.100000
1980-02-06,240.100000
1980-02-07,240.090000
1980-02-08,241.650000
1980-02-11,241.400000
1980-02-13,242.100000
1980-02-14,243.390000
1980-02-15,243.200000
1980-02-19,245.360000
1980-02-20,246.050000
1980-02-21,246.090000
1980-02-22,247.450000
1980-02-25,248.350000
1980-02-26,248.080000
1980-02-27,248.450000
1980-02-28,248.400000
1980-02-29,251.650000
1980-03-03,247.850000
1980-03-04,246.400000
1980-03-05,246.880000
1980-03-06,248.100000
1980-03-07,247.850000
1980-03-10,247.930000
1980-03-11,247.300000
1980-03-12,247.500000
1980-03-13,248.100000
1980-03-14,249.050000
1980-03-17,248.900000
1980-03-18,249.100000
1980-03-19,248.650000
1980-03-20,248.700000
1980-03-21,248.920000
1980-03-24,249.150000
1980-03-25,249.070000
1980-03-26,249.100000
1980-03-27,249.900000
1980-03-28,249.650000
1980-03-31,249.950000
1980-04-01,254.650000
1980-04-02,257.150000
1980-04-03,257.200000
1980-04-04,258.750000
1980-04-07,261.400000
1980-04-08,258.200000
1980-04-09,251.800000
1980-04-10,249.500000
1980-04-11,252.500000
1980-04-14,251.350000
1980-04-15,252.700000
1980-04-16,249.100000
1980-04-17,248.700000
1980-04-18,249.400000
1980-04-21,249.800000
1980-04-22,250.000000
1980-04-23,243.250000
1980-04-24,244.650000
1980-04-25,246.000000
1980-04-28,241.300000
1980-04-29,239.300000
1980-04-30,239.350000
1980-05-01,240.500000
1980-05-02,240.350000
1980-05-05,237.200000
1980-05-06,231.800000
1980-05-07,231.850000
1980-05-08,233.600000
1980-05-09,231.800000
1980-05-12,226.800000
1980-05-13,227.750000
1980-05-14,227.200000
1980-05-15,227.800000
1980-05-16,229.600000
1980-05-19,229.000000
1980-05-20,226.750000
1980-05-21,224.400000
1980-05-22,224.050000
1980-05-23,221.250000
1980-05-27,219.200000
1980-05-28,223.500000
1980-05-29,223.800000
1980-05-30,223.000000
1980-06-02,223.550000
1980-06-03,222.700000
1980-06-04,221.400000
1980-06-05,220.350000
1980-06-06,219.300000
1980-06-09,216.350000
1980-06-10,215.800000
1980-06-11,217.750000
1980-06-12,216.500000
1980-06-13,216.000000
1980-06-16,216.000000
1980-06-17,216.000000
1980-06-18,215.750000
1980-06-19,216.350000
1980-06-20,217.200000
1980-06-23,216.070000
1980-06-24,216.600000
1980-06-25,217.950000
1980-06-26,217.200000
1980-06-27,217.550000
1980-06-30,219.900000
1980-07-01,219.500000
1980-07-02,218.800000
1980-07-03,219.000000
1980-07-07,217.900000
1980-07-08,219.100000
1980-07-09,218.150000
1980-07-10,216.850000
1980-07-11,217.700000
1980-07-14,218.250000
1980-07-15,219.400000
1980-07-16,218.800000
1980-07-17,218.500000
1980-07-18,220.270000
1980-07-21,220.380000
1980-07-22,221.000000
1980-07-23,224.150000
1980-07-24,223.200000
1980-07-25,225.400000
1980-07-28,227.400000
1980-07-29,226.800000
1980-07-30,227.050000
1980-07-31,227.400000
1980-08-01,227.000000
1980-08-04,226.050000
1980-08-05,226.250000
1980-08-06,225.300000
1980-08-07,225.700000
1980-08-08,226.300000
1980-08-11,225.780000
1980-08-12,222.900000
1980-08-13,224.000000
1980-08-14,224.400000
1980-08-15,225.750000
1980-08-18,226.300000
1980-08-19,224.380000
1980-08-20,224.150000
1980-08-21,224.750000
1980-08-22,223.800000
1980-08-25,223.200000
1980-08-26,219.400000
1980-08-27,219.680000
1980-08-28,218.000000
1980-08-29,219.100000
1980-09-02,215.930000
1980-09-03,216.700000
1980-09-04,217.200000
1980-09-05,218.000000
1980-09-08,216.700000
1980-09-09,216.800000
1980-09-10,216.550000
1980-09-11,214.470000
1980-09-12,213.200000
1980-09-15,212.650000
1980-09-16,211.470000
1980-09-17,211.950000
1980-09-18,212.980000
1980-09-19,210.800000
1980-09-22,214.800000
1980-09-23,218.150000
1980-09-24,214.450000
1980-09-25,215.000000
1980-09-26,211.700000
1980-09-29,212.400000
1980-09-30,210.850000
1980-10-01,208.500000
1980-10-02,208.150000
1980-10-03,207.600000
1980-10-06,207.900000
1980-10-07,208.850000
1980-10-08,208.350000
1980-10-09,208.950000
1980-10-10,209.000000
1980-10-14,206.500000
1980-10-15,207.300000
1980-10-16,208.150000
1980-10-17,208.200000
1980-10-20,208.650000
1980-10-21,207.950000
1980-10-22,209.350000
1980-10-23,210.400000
1980-10-24,212.750000
1980-10-27,213.750000
1980-10-28,213.250000
1980-10-29,210.000000
1980-10-30,210.500000
1980-10-31,211.050000
1980-11-03,210.800000
1980-11-05,211.350000
1980-11-06,212.650000
1980-11-07,213.100000
1980-11-10,209.500000
1980-11-12,213.100000
1980-11-13,212.300000
1980-11-14,212.900000
1980-11-17,213.600000
1980-11-18,213.300000
1980-11-19,212.650000
1980-11-20,213.700000
1980-11-21,213.800000
1980-11-24,213.350000
1980-11-25,213.650000
1980-11-26,216.450000
1980-11-28,216.600000
1980-12-01,217.850000
1980-12-02,216.550000
1980-12-03,213.550000
1980-12-04,211.000000
1980-12-05,211.600000
1980-12-08,208.500000
1980-12-09,209.100000
1980-12-10,210.100000
1980-12-11,210.450000
1980-12-12,210.500000
1980-12-15,209.400000
1980-12-16,208.750000
1980-12-17,208.900000
1980-12-18,209.500000
1980-12-19,208.200000
1980-12-22,207.650000
1980-12-23,207.900000
1980-12-24,208.000000
1980-12-26,208.400000
1980-12-29,206.650000
1980-12-30,203.100000
1980-12-31,203.100000
1981-01-02,202.500000
1981-01-05,199.050000
1981-01-06,199.700000
1981-01-07,201.050000
1981-01-08,201.700000
1981-01-09,203.000000
1981-01-12,204.100000
1981-01-13,203.300000
1981-01-14,203.050000
1981-01-15,201.750000
1981-01-16,202.900000
1981-01-19,202.300000
1981-01-20,200.650000
1981-01-21,199.200000
1981-01-22,200.850000
1981-01-23,202.750000
1981-01-26,203.550000
1981-01-27,202.500000
1981-01-28,204.500000
1981-01-29,204.600000
1981-01-30,206.700000
1981-02-02,203.150000
1981-02-03,204.050000
1981-02-04,202.900000
1981-02-05,202.950000
1981-02-06,203.800000
1981-02-09,203.900000
1981-02-10,203.900000
1981-02-11,203.900000
1981-02-13,207.450000
1981-02-17,206.800000
1981-02-18,206.550000
1981-02-19,206.800000
1981-02-20,206.800000
1981-02-23,208.050000
1981-02-24,207.000000
1981-02-25,207.300000
1981-02-26,207.900000
1981-02-27,209.700000
1981-03-02,211.100000
1981-03-03,208.600000
1981-03-04,208.600000
1981-03-05,208.900000
1981-03-06,209.000000
1981-03-09,206.000000
1981-03-10,207.000000
1981-03-11,207.600000
1981-03-12,207.600000
1981-03-13,207.550000
1981-03-16,207.270000
1981-03-17,207.700000
1981-03-18,207.600000
1981-03-19,208.750000
1981-03-20,208.250000
1981-03-23,208.600000
1981-03-24,208.550000
1981-03-25,208.850000
1981-03-26,211.450000
1981-03-27,211.800000
1981-03-30,211.400000
1981-03-31,211.250000
1981-04-01,212.400000
1981-04-02,213.800000
1981-04-03,213.200000
1981-04-06,214.000000
1981-04-07,213.100000
1981-04-08,213.450000
1981-04-09,214.100000
1981-04-10,215.170000
1981-04-13,216.250000
1981-04-14,215.220000
1981-04-15,216.700000
1981-04-16,216.800000
1981-04-17,217.500000
1981-04-20,218.200000
1981-04-21,218.350000
1981-04-22,216.850000
1981-04-23,215.200000
1981-04-24,214.300000
1981-04-27,212.100000
1981-04-28,212.300000
1981-04-29,214.700000
1981-04-30,215.780000
1981-05-01,215.750000
1981-05-04,217.100000
1981-05-05,217.800000
1981-05-06,216.900000
1981-05-07,217.900000
1981-05-08,217.600000
1981-05-11,217.950000
1981-05-12,219.750000
1981-05-13,220.450000
1981-05-14,222.350000
1981-05-15,223.050000
1981-05-18,221.970000
1981-05-19,221.000000
1981-05-20,220.800000
1981-05-21,222.500000
1981-05-22,222.500000
1981-05-26,224.350000
1981-05-27,224.950000
1981-05-28,224.000000
1981-05-29,223.900000
1981-06-01,222.500000
1981-06-02,223.850000
1981-06-03,223.400000
1981-06-04,226.400000
1981-06-05,227.800000
1981-06-08,227.900000
1981-06-09,228.100000
1981-06-10,225.450000
1981-06-11,226.100000
1981-06-12,224.150000
1981-06-15,219.700000
1981-06-16,220.150000
1981-06-17,220.900000
1981-06-18,222.100000
1981-06-19,223.350000
1981-06-22,222.520000
1981-06-23,221.800000
1981-06-24,222.800000
1981-06-25,225.450000
1981-06-26,224.850000
1981-06-29,225.850000
1981-06-30,226.850000
1981-07-01,228.250000
1981-07-02,226.750000
1981-07-03,228.500000
1981-07-06,229.830000
1981-07-07,228.750000
1981-07-08,229.450000
1981-07-09,228.850000
1981-07-10,228.300000
1981-07-13,228.300000
1981-07-14,231.000000
1981-07-15,230.600000
1981-07-16,231.280000
1981-07-17,231.970000
1981-07-20,233.000000
1981-07-21,234.350000
1981-07-22,234.500000
1981-07-23,234.900000
1981-07-24,234.520000
1981-07-27,236.100000
1981-07-28,237.250000
1981-07-29,237.850000
1981-07-30,238.800000
1981-07-31,240.400000
1981-08-03,245.400000
1981-08-04,246.100000
1981-08-05,240.900000
1981-08-06,239.900000
1981-08-07,234.900000
1981-08-10,236.100000
1981-08-11,235.750000
1981-08-12,230.200000
1981-08-13,231.700000
1981-08-14,233.750000
1981-08-17,229.800000
1981-08-18,229.200000
1981-08-19,230.350000
1981-08-20,228.900000
1981-08-21,227.250000
1981-08-24,228.400000
1981-08-25,230.600000
1981-08-26,230.100000
1981-08-27,230.950000
1981-08-28,229.100000
1981-08-31,230.500000
1981-09-01,230.950000
1981-09-02,229.700000
1981-09-03,230.400000
1981-09-04,229.700000
1981-09-08,232.500000
1981-09-09,233.800000
1981-09-10,230.900000
1981-09-11,231.350000
1981-09-14,230.200000
1981-09-15,225.700000
1981-09-16,226.950000
1981-09-17,226.300000
1981-09-18,226.300000
1981-09-21,224.200000
1981-09-22,226.800000
1981-09-23,227.900000
1981-09-24,229.100000
1981-09-25,229.700000
1981-09-28,232.450000
1981-09-29,231.900000
1981-09-30,232.300000
1981-10-01,233.100000
1981-10-02,232.050000
1981-10-05,227.600000
1981-10-06,230.400000
1981-10-07,228.500000
1981-10-08,228.350000
1981-10-09,226.550000
1981-10-13,228.600000
1981-10-14,228.750000
1981-10-15,230.600000
1981-10-16,230.600000
1981-10-19,232.350000
1981-10-20,232.700000
1981-10-21,233.700000
1981-10-22,233.650000
1981-10-23,232.300000
1981-10-26,236.150000
1981-10-27,234.750000
1981-10-28,234.050000
1981-10-29,234.350000
1981-10-30,232.800000
1981-11-02,229.150000
1981-11-04,227.300000
1981-11-05,228.500000
1981-11-06,229.050000
1981-11-09,226.780000
1981-11-10,229.850000
1981-11-12,227.250000
1981-11-13,227.350000
1981-11-16,225.700000
1981-11-17,224.250000
1981-11-18,222.200000
1981-11-19,220.300000
1981-11-20,218.650000
1981-11-23,217.600000
1981-11-24,215.900000
1981-11-25,216.600000
1981-11-27,215.650000
1981-11-30,214.200000
1981-12-01,216.400000
1981-12-02,214.700000
1981-12-03,216.650000
1981-12-04,216.500000
1981-12-07,217.550000
1981-12-08,218.000000
1981-12-09,218.400000
1981-12-10,218.600000
1981-12-11,219.300000
1981-12-14,220.750000
1981-12-15,217.500000
1981-12-16,218.300000
1981-12-17,218.450000
1981-12-18,219.000000
1981-12-21,220.050000
1981-12-22,219.350000
1981-12-23,220.700000
1981-12-24,222.100000
1981-12-28,222.800000
1981-12-29,222.300000
1981-12-30,219.800000
1981-12-31,219.800000
1982-01-04,218.750000
1982-01-05,219.700000
1982-01-06,219.600000
1982-01-07,222.000000
1982-01-08,221.400000
1982-01-11,223.300000
1982-01-12,223.050000
1982-01-13,224.350000
1982-01-14,224.500000
1982-01-15,224.500000
1982-01-18,225.350000
1982-01-19,224.500000
1982-01-20,225.500000
1982-01-21,225.650000
1982-01-22,227.400000
1982-01-25,229.400000
1982-01-26,228.250000
1982-01-27,229.600000
1982-01-28,231.000000
1982-01-29,228.300000
1982-02-01,232.600000
1982-02-02,233.250000
1982-02-03,234.800000
1982-02-04,233.150000
1982-02-05,233.500000
1982-02-08,234.750000
1982-02-09,236.500000
1982-02-10,236.350000
1982-02-11,235.750000
1982-02-16,240.650000
1982-02-17,240.350000
1982-02-18,235.500000
1982-02-19,233.600000
1982-02-22,232.100000
1982-02-23,234.900000
1982-02-24,234.450000
1982-02-25,236.050000
1982-02-26,237.250000
1982-03-01,238.300000
1982-03-02,237.700000
1982-03-03,236.600000
1982-03-04,236.550000
1982-03-05,233.900000
1982-03-08,234.300000
1982-03-09,237.550000
1982-03-10,237.250000
1982-03-11,239.400000
1982-03-12,240.100000
1982-03-15,240.500000
1982-03-16,241.600000
1982-03-17,241.400000
1982-03-18,242.100000
1982-03-19,244.000000
1982-03-22,245.300000
1982-03-23,244.900000
1982-03-24,243.600000
1982-03-25,245.350000
1982-03-26,247.100000
1982-03-29,247.200000
1982-03-30,245.300000
1982-03-31,248.250000
1982-04-01,246.200000
1982-04-02,245.600000
1982-04-05,248.400000
1982-04-06,248.400000
1982-04-07,245.900000
1982-04-08,248.750000
1982-04-09,248.050000
1982-04-12,248.000000
1982-04-13,246.700000
1982-04-14,247.450000
1982-04-15,248.400000
1982-04-16,247.800000
1982-04-19,245.000000
1982-04-20,243.150000
1982-04-21,243.200000
1982-04-22,242.800000
1982-04-23,241.150000
1982-04-26,238.400000
1982-04-27,238.000000
1982-04-28,237.250000
1982-04-29,235.900000
1982-04-30,235.850000
1982-05-03,236.600000
1982-05-04,237.550000
1982-05-05,234.100000
1982-05-06,233.550000
1982-05-07,232.920000
1982-05-10,233.300000
1982-05-11,232.850000
1982-05-12,233.800000
1982-05-13,235.200000
1982-05-14,235.250000
1982-05-17,236.850000
1982-05-18,237.250000
1982-05-19,238.950000
1982-05-20,238.300000
1982-05-21,237.600000
1982-05-24,238.400000
1982-05-25,240.200000
1982-05-26,240.400000
1982-05-27,242.900000
1982-05-28,243.300000
1982-06-01,244.300000
1982-06-02,244.700000
1982-06-03,243.200000
1982-06-04,243.650000
1982-06-07,245.650000
1982-06-08,247.000000
1982-06-09,248.950000
1982-06-10,249.300000
1982-06-11,247.550000
1982-06-14,250.650000
1982-06-15,251.650000
1982-06-16,252.850000
1982-06-17,254.500000
1982-06-18,255.150000
1982-06-21,257.150000
1982-06-22,254.500000
1982-06-23,256.000000
1982-06-24,252.400000
1982-06-25,257.700000
1982-06-28,258.950000
1982-06-29,255.550000
1982-06-30,255.000000
1982-07-01,255.950000
1982-07-02,257.000000
1982-07-06,257.700000
1982-07-07,259.000000
1982-07-08,257.850000
1982-07-09,255.800000
1982-07-12,254.250000
1982-07-13,257.500000
1982-07-14,256.350000
1982-07-15,255.950000
1982-07-16,254.050000
1982-07-19,254.650000
1982-07-20,253.750000
1982-07-21,252.050000
1982-07-22,251.850000
1982-07-23,249.200000
1982-07-26,250.950000
1982-07-27,252.300000
1982-07-28,254.800000
1982-07-29,256.600000
1982-07-30,258.100000
1982-08-02,256.600000
1982-08-03,257.850000
1982-08-04,260.350000
1982-08-05,259.850000
1982-08-06,260.100000
1982-08-09,262.300000
1982-08-10,263.900000
1982-08-11,263.400000
1982-08-12,263.200000
1982-08-13,262.100000
1982-08-16,264.050000
1982-08-17,264.050000
1982-08-18,259.200000
1982-08-19,258.350000
1982-08-20,254.750000
1982-08-23,254.600000
1982-08-24,251.500000
1982-08-25,251.000000
1982-08-26,253.200000
1982-08-27,256.600000
1982-08-30,260.950000
1982-08-31,261.100000
1982-09-01,259.100000
1982-09-02,256.200000
1982-09-03,257.800000
1982-09-07,257.450000
1982-09-08,259.500000
1982-09-09,258.650000
1982-09-10,262.650000
1982-09-13,264.000000
1982-09-14,263.250000
1982-09-15,263.400000
1982-09-16,263.400000
1982-09-17,263.200000
1982-09-20,264.500000
1982-09-21,265.100000
1982-09-22,262.650000
1982-09-23,264.950000
1982-09-24,266.250000
1982-09-27,269.800000
1982-09-28,270.000000
1982-09-29,268.850000
1982-09-30,268.300000
1982-10-01,268.900000
1982-10-04,273.500000
1982-10-05,273.800000
1982-10-06,273.950000
1982-10-07,270.100000
1982-10-08,267.700000
1982-10-12,262.600000
1982-10-13,266.650000
1982-10-14,268.500000
1982-10-15,269.700000
1982-10-18,268.550000
1982-10-19,268.300000
1982-10-20,270.400000
1982-10-21,273.000000
1982-10-22,273.450000
1982-10-25,276.550000
1982-10-26,276.050000
1982-10-27,276.050000
1982-10-28,277.450000
1982-10-29,277.100000
1982-11-01,276.900000
1982-11-03,276.520000
1982-11-04,277.650000
1982-11-05,275.800000
1982-11-08,276.000000
1982-11-09,271.150000
1982-11-10,268.100000
1982-11-12,268.500000
1982-11-15,267.350000
1982-11-16,263.700000
1982-11-17,263.300000
1982-11-18,262.700000
1982-11-19,257.850000
1982-11-22,254.650000
1982-11-23,257.050000
1982-11-24,250.700000
1982-11-26,250.200000
1982-11-29,250.350000
1982-11-30,249.200000
1982-12-01,248.600000
1982-12-02,248.100000
1982-12-03,246.600000
1982-12-06,245.100000
1982-12-07,242.750000
1982-12-08,242.150000
1982-12-09,245.700000
1982-12-10,244.250000
1982-12-13,247.300000
1982-12-14,244.300000
1982-12-15,244.950000
1982-12-16,243.300000
1982-12-17,244.150000
1982-12-20,244.450000
1982-12-21,242.100000
1982-12-22,240.500000
1982-12-23,238.100000
1982-12-24,238.100000
1982-12-27,237.500000
1982-12-28,234.650000
1982-12-29,232.800000
1982-12-30,234.500000
1982-12-31,234.700000
1983-01-03,232.000000
1983-01-04,229.800000
1983-01-05,229.100000
1983-01-06,229.800000
1983-01-07,229.100000
1983-01-10,226.750000
1983-01-11,228.800000
1983-01-12,230.550000
1983-01-13,229.100000
1983-01-14,230.500000
1983-01-17,229.600000
1983-01-18,232.150000
1983-01-19,234.950000
1983-01-20,235.300000
1983-01-21,236.350000
1983-01-24,240.200000
1983-01-25,235.850000
1983-01-26,235.350000
1983-01-27,235.850000
1983-01-28,236.400000
1983-01-31,239.850000
1983-02-01,239.400000
1983-02-02,242.200000
1983-02-03,238.850000
1983-02-04,240.300000
1983-02-07,237.450000
1983-02-08,237.450000
1983-02-09,236.600000
1983-02-10,235.100000
1983-02-11,234.700000
1983-02-14,234.800000
1983-02-15,234.100000
1983-02-16,232.600000
1983-02-17,233.200000
1983-02-18,233.600000
1983-02-22,233.800000
1983-02-23,235.050000
1983-02-24,234.200000
1983-02-25,235.050000
1983-02-28,237.850000
1983-03-01,239.000000
1983-03-02,237.300000
1983-03-03,236.400000
1983-03-04,235.800000
1983-03-07,235.700000
1983-03-08,238.700000
1983-03-09,237.700000
1983-03-10,237.050000
1983-03-11,238.450000
1983-03-14,237.500000
1983-03-15,237.250000
1983-03-16,237.250000
1983-03-17,239.100000
1983-03-18,240.300000
1983-03-21,240.850000
1983-03-22,239.400000
1983-03-23,238.800000
1983-03-24,237.250000
1983-03-25,237.100000
1983-03-28,240.100000
1983-03-29,240.050000
1983-03-30,239.800000
1983-03-31,239.000000
1983-04-01,239.600000
1983-04-04,239.000000
1983-04-05,237.650000
1983-04-06,237.050000
1983-04-07,237.900000
1983-04-08,239.300000
1983-04-11,237.950000
1983-04-12,238.050000
1983-04-13,238.500000
1983-04-14,238.250000
1983-04-15,237.600000
1983-04-18,237.800000
1983-04-19,237.050000
1983-04-20,237.380000
1983-04-21,236.400000
1983-04-22,236.850000
1983-04-25,236.250000
1983-04-26,237.350000
1983-04-27,236.250000
1983-04-28,238.200000
1983-04-29,238.300000
1983-05-02,237.600000
1983-05-03,237.650000
1983-05-04,236.250000
1983-05-05,235.200000
1983-05-06,234.700000
1983-05-09,232.650000
1983-05-10,232.500000
1983-05-11,230.900000
1983-05-12,231.500000
1983-05-13,231.300000
1983-05-16,233.300000
1983-05-17,233.400000
1983-05-18,232.750000
1983-05-19,234.400000
1983-05-20,234.100000
1983-05-23,235.400000
1983-05-24,236.600000
1983-05-25,236.300000
1983-05-26,236.550000
1983-05-27,237.970000
1983-05-31,238.850000
1983-06-01,239.850000
1983-06-02,238.350000
1983-06-03,239.000000
1983-06-06,240.500000
1983-06-07,240.350000
1983-06-08,241.380000
1983-06-09,242.700000
1983-06-10,242.180000
1983-06-13,242.550000
1983-06-14,243.050000
1983-06-15,242.450000
1983-06-16,240.550000
1983-06-17,239.900000
1983-06-20,239.250000
1983-06-21,239.600000
1983-06-22,237.400000
1983-06-23,237.500000
1983-06-24,237.300000
1983-06-27,239.400000
1983-06-28,238.800000
1983-06-29,239.350000
1983-06-30,239.280000
1983-07-01,239.150000
1983-07-05,240.700000
1983-07-06,239.500000
1983-07-07,240.850000
1983-07-08,241.350000
1983-07-11,241.650000
1983-07-12,240.650000
1983-07-13,239.800000
1983-07-14,240.100000
1983-07-15,241.250000
1983-07-18,240.800000
1983-07-19,240.800000
1983-07-20,239.300000
1983-07-21,239.600000
1983-07-22,240.250000
1983-07-25,240.550000
1983-07-26,240.600000
1983-07-27,240.870000
1983-07-28,240.800000
1983-07-29,241.750000
1983-08-01,243.700000
1983-08-02,243.150000
1983-08-03,243.250000
1983-08-04,243.600000
1983-08-05,243.900000
1983-08-08,244.250000
1983-08-09,243.980000
1983-08-10,245.800000
1983-08-11,246.350000
1983-08-12,247.050000
1983-08-15,246.900000
1983-08-16,243.150000
1983-08-17,243.600000
1983-08-18,242.980000
1983-08-19,244.000000
1983-08-22,243.100000
1983-08-23,243.250000
1983-08-24,242.900000
1983-08-25,243.200000
1983-08-26,245.650000
1983-08-29,246.150000
1983-08-30,246.250000
1983-08-31,246.450000
1983-09-01,246.500000
1983-09-02,246.800000
1983-09-06,245.850000
1983-09-07,245.700000
1983-09-08,244.600000
1983-09-09,244.550000
1983-09-12,243.420000
1983-09-13,244.200000
1983-09-14,245.300000
1983-09-15,244.650000
1983-09-16,243.550000
1983-09-19,241.700000
1983-09-20,242.500000
1983-09-21,242.250000
1983-09-22,242.800000
1983-09-23,239.600000
1983-09-26,238.050000
1983-09-27,237.900000
1983-09-28,236.900000
1983-09-29,236.800000
1983-09-30,235.650000
1983-10-03,234.150000
1983-10-04,234.100000
1983-10-05,232.900000
1983-10-06,232.400000
1983-10-07,230.850000
1983-10-11,232.050000
1983-10-12,234.280000
1983-10-13,233.150000
1983-10-14,232.800000
1983-10-17,232.950000
1983-10-18,232.300000
1983-10-19,232.650000
1983-10-20,232.500000
1983-10-21,232.380000
1983-10-24,233.500000
1983-10-25,232.450000
1983-10-26,232.950000
1983-10-27,232.600000
1983-10-28,232.700000
1983-10-31,234.050000
1983-11-01,234.770000
1983-11-02,234.450000
1983-11-03,234.350000
1983-11-04,236.650000
1983-11-07,237.000000
1983-11-09,235.400000
1983-11-10,234.450000
1983-11-14,234.650000
1983-11-15,234.450000
1983-11-16,235.400000
1983-11-17,236.250000
1983-11-18,235.950000
1983-11-21,235.200000
1983-11-22,234.500000
1983-11-23,235.050000
1983-11-25,235.100000
1983-11-28,234.850000
1983-11-29,234.600000
1983-11-30,232.500000
1983-12-01,232.530000
1983-12-02,233.400000
1983-12-05,235.200000
1983-12-06,234.300000
1983-12-07,234.050000
1983-12-08,234.300000
1983-12-09,236.900000
1983-12-12,236.650000
1983-12-13,236.250000
1983-12-14,235.080000
1983-12-15,234.900000
1983-12-16,235.500000
1983-12-19,236.100000
1983-12-20,234.800000
1983-12-21,234.700000
1983-12-22,234.050000
1983-12-23,233.900000
1983-12-27,233.800000
1983-12-28,233.400000
1983-12-29,232.200000
1983-12-30,231.700000
1984-01-03,232.450000
1984-01-04,233.420000
1984-01-05,232.700000
1984-01-06,232.700000
1984-01-09,233.300000
1984-01-10,233.450000
1984-01-11,234.450000
1984-01-12,234.870000
1984-01-13,233.400000
1984-01-16,233.300000
1984-01-17,234.280000
1984-01-18,233.600000
1984-01-19,233.350000
1984-01-20,234.500000
1984-01-23,233.850000
1984-01-24,234.350000
1984-01-25,234.200000
1984-01-26,234.100000
1984-01-27,234.280000
1984-01-30,234.580000
1984-01-31,234.670000
1984-02-01,234.250000
1984-02-02,233.600000
1984-02-03,232.700000
1984-02-06,233.100000
1984-02-07,234.500000
1984-02-08,234.150000
1984-02-09,233.880000
1984-02-10,234.600000
1984-02-14,233.950000
1984-02-15,233.200000
1984-02-16,232.850000
1984-02-17,233.200000
1984-02-21,234.100000
1984-02-22,233.200000
1984-02-23,233.600000
1984-02-24,233.200000
1984-02-27,233.300000
1984-02-28,233.520000
1984-02-29,233.430000
1984-03-01,233.430000
1984-03-02,228.200000
1984-03-05,223.350000
1984-03-06,223.350000
1984-03-07,223.250000
1984-03-08,224.550000
1984-03-09,224.800000
1984-03-12,224.830000
1984-03-13,223.150000
1984-03-14,223.700000
1984-03-15,224.100000
1984-03-16,225.850000
1984-03-19,225.800000
1984-03-20,226.000000
1984-03-21,226.800000
1984-03-22,226.450000
1984-03-23,225.630000
1984-03-26,224.670000
1984-03-27,224.450000
1984-03-28,224.700000
1984-03-29,224.050000
1984-03-30,224.750000
1984-04-02,224.650000
1984-04-03,225.100000
1984-04-04,225.350000
1984-04-05,225.600000
1984-04-06,225.350000
1984-04-09,225.500000
1984-04-10,225.180000
1984-04-11,222.700000
1984-04-12,224.100000
1984-04-13,224.700000
1984-04-16,225.420000
1984-04-17,225.050000
1984-04-18,224.800000
1984-04-19,225.100000
1984-04-20,225.100000
1984-04-23,224.750000
1984-04-24,225.850000
1984-04-25,225.600000
1984-04-26,225.750000
1984-04-27,226.550000
1984-04-30,227.000000
1984-05-01,226.950000
1984-05-02,227.050000
1984-05-03,226.400000
1984-05-04,226.850000
1984-05-07,229.000000
1984-05-08,229.150000
1984-05-09,228.870000
1984-05-10,229.200000
1984-05-11,230.300000
1984-05-14,231.200000
1984-05-15,231.750000
1984-05-16,231.100000
1984-05-17,232.330000
1984-05-18,233.350000
1984-05-21,233.000000
1984-05-22,233.250000
1984-05-23,232.370000
1984-05-24,231.830000
1984-05-25,231.700000
1984-05-29,231.800000
1984-05-30,231.480000
1984-05-31,231.580000
1984-06-01,230.150000
1984-06-04,229.700000
1984-06-05,230.450000
1984-06-06,230.500000
1984-06-07,231.350000
1984-06-08,231.720000
1984-06-11,231.930000
1984-06-12,232.650000
1984-06-13,232.400000
1984-06-14,231.650000
1984-06-15,233.000000
1984-06-18,233.450000
1984-06-19,232.950000
1984-06-20,234.550000
1984-06-21,234.850000
1984-06-22,235.950000
1984-06-25,237.950000
1984-06-26,237.080000
1984-06-27,238.000000
1984-06-28,237.300000
1984-06-29,237.300000
1984-07-02,238.500000
1984-07-03,239.630000
1984-07-05,240.350000
1984-07-06,241.250000
1984-07-09,242.630000
1984-07-10,241.450000
1984-07-11,242.100000
1984-07-12,242.680000
1984-07-13,241.450000
1984-07-16,240.700000
1984-07-17,242.350000
1984-07-18,243.850000
1984-07-19,243.150000
1984-07-20,245.200000
1984-07-23,246.950000
1984-07-24,246.180000
1984-07-25,245.600000
1984-07-26,243.650000
1984-07-27,245.400000
1984-07-30,246.050000
1984-07-31,245.300000
1984-08-01,245.750000
1984-08-02,245.420000
1984-08-03,241.800000
1984-08-06,243.150000
1984-08-07,244.500000
1984-08-08,243.100000
1984-08-09,243.350000
1984-08-10,242.500000
1984-08-13,244.080000
1984-08-14,241.700000
1984-08-15,241.900000
1984-08-16,240.800000
1984-08-17,241.100000
1984-08-20,241.050000
1984-08-21,242.150000
1984-08-22,241.300000
1984-08-23,240.600000
1984-08-24,241.200000
1984-08-27,241.600000
1984-08-28,241.200000
1984-08-29,240.600000
1984-08-30,241.250000
1984-08-31,241.900000
1984-09-04,243.750000
1984-09-05,244.700000
1984-09-06,244.100000
1984-09-07,245.800000
1984-09-10,245.600000
1984-09-11,245.550000
1984-09-12,244.950000
1984-09-13,245.800000
1984-09-14,245.650000
1984-09-17,247.200000
1984-09-18,246.180000
1984-09-19,245.750000
1984-09-20,246.900000
1984-09-21,244.400000
1984-09-24,244.200000
1984-09-25,246.000000
1984-09-26,245.150000
1984-09-27,245.100000
1984-09-28,246.900000
1984-10-01,246.400000
1984-10-02,246.000000
1984-10-03,245.750000
1984-10-04,246.200000
1984-10-05,246.950000
1984-10-09,247.600000
1984-10-10,247.050000
1984-10-11,248.000000
1984-10-12,248.100000
1984-10-15,248.800000
1984-10-16,248.980000
1984-10-17,249.100000
1984-10-18,248.900000
1984-10-19,247.250000
1984-10-22,247.300000
1984-10-23,244.600000
1984-10-24,244.120000
1984-10-25,244.050000
1984-10-26,245.500000
1984-10-29,246.650000
1984-10-30,245.600000
1984-10-31,245.700000
1984-11-01,244.300000
1984-11-02,242.000000
1984-11-05,242.050000
1984-11-07,240.800000
1984-11-08,240.950000
1984-11-09,241.000000
1984-11-13,240.450000
1984-11-14,242.450000
1984-11-15,242.500000
1984-11-16,242.800000
1984-11-19,243.650000
1984-11-20,244.800000
1984-11-21,245.530000
1984-11-23,245.400000
1984-11-26,246.150000
1984-11-27,245.400000
1984-11-28,245.450000
1984-11-29,245.800000
1984-11-30,247.500000
1984-12-03,248.200000
1984-12-04,246.450000
1984-12-05,246.800000
1984-12-06,246.550000
1984-12-07,247.400000
1984-12-10,246.820000
1984-12-11,247.000000
1984-12-12,247.250000
1984-12-13,247.550000
1984-12-14,247.750000
1984-12-17,247.550000
1984-12-18,246.750000
1984-12-19,247.760000
1984-12-20,248.100000
1984-12-21,247.950000
1984-12-24,248.100000
1984-12-26,249.050000
1984-12-27,250.200000
1984-12-28,250.450000
1984-12-31,251.600000
1985-01-02,251.800000
1985-01-03,252.450000
1985-01-04,253.200000
1985-01-07,255.950000
1985-01-08,253.750000
1985-01-09,255.100000
1985-01-10,253.700000
1985-01-11,253.830000
1985-01-14,255.400000
1985-01-15,254.700000
1985-01-16,254.950000
1985-01-17,254.550000
1985-01-18,254.580000
1985-01-22,254.000000
1985-01-23,254.400000
1985-01-24,253.700000
1985-01-25,253.950000
1985-01-28,254.180000
1985-01-29,254.350000
1985-01-30,254.500000
1985-01-31,254.800000
1985-02-01,256.750000
1985-02-04,259.420000
1985-02-05,259.700000
1985-02-06,259.530000
1985-02-07,260.650000
1985-02-08,260.700000
1985-02-11,261.650000
1985-02-13,262.800000
1985-02-14,260.500000
1985-02-15,257.850000
1985-02-19,260.700000
1985-02-20,261.300000
1985-02-21,261.800000
1985-02-22,262.800000
1985-02-25,262.650000
1985-02-26,261.050000
1985-02-27,259.300000
1985-02-28,259.450000
1985-03-01,260.350000
1985-03-04,260.100000
1985-03-05,261.000000
1985-03-06,261.200000
1985-03-07,261.000000
1985-03-08,261.630000
1985-03-11,259.250000
1985-03-12,260.100000
1985-03-13,260.250000
1985-03-14,260.550000
1985-03-15,260.550000
1985-03-18,259.900000
1985-03-19,256.300000
1985-03-20,256.400000
1985-03-21,254.100000
1985-03-22,255.650000
1985-03-25,256.650000
1985-03-26,255.400000
1985-03-27,251.950000
1985-03-28,253.000000
1985-03-29,251.000000
1985-04-01,252.450000
1985-04-02,254.300000
1985-04-03,253.150000
1985-04-04,254.500000
1985-04-05,254.850000
1985-04-08,255.500000
1985-04-09,254.900000
1985-04-10,254.250000
1985-04-11,251.700000
1985-04-12,251.350000
1985-04-15,249.950000
1985-04-16,249.550000
1985-04-17,249.550000
1985-04-18,247.600000
1985-04-19,247.400000
1985-04-22,248.800000
1985-04-23,250.000000
1985-04-24,251.300000
1985-04-25,252.350000
1985-04-26,252.950000
1985-04-29,252.700000
1985-04-30,251.500000
1985-05-01,252.750000
1985-05-02,252.950000
1985-05-03,253.850000
1985-05-06,254.550000
1985-05-07,252.900000
1985-05-08,253.750000
1985-05-09,251.550000
1985-05-10,252.400000
1985-05-13,251.350000
1985-05-14,249.600000
1985-05-15,251.000000
1985-05-16,251.500000
1985-05-17,250.700000
1985-05-20,249.650000
1985-05-21,250.250000
1985-05-22,250.750000
1985-05-23,251.300000
1985-05-24,251.100000
1985-05-28,251.600000
1985-05-29,251.750000
1985-05-30,251.600000
1985-05-31,251.200000
1985-06-03,248.600000
1985-06-04,249.100000
1985-06-05,249.450000
1985-06-06,247.700000
1985-06-07,249.550000
1985-06-10,250.000000
1985-06-11,249.900000
1985-06-12,249.850000
1985-06-13,249.800000
1985-06-14,248.750000
1985-06-17,248.700000
1985-06-18,247.550000
1985-06-19,247.700000
1985-06-20,248.350000
1985-06-21,248.150000
1985-06-24,248.800000
1985-06-25,249.000000
1985-06-26,248.450000
1985-06-27,249.000000
1985-06-28,248.400000
1985-07-01,247.950000
1985-07-02,248.350000
1985-07-03,248.050000
1985-07-05,247.000000
1985-07-08,246.050000
1985-07-09,244.250000
1985-07-10,243.450000
1985-07-11,243.000000
1985-07-12,240.950000
1985-07-15,237.650000
1985-07-16,237.900000
1985-07-17,236.500000
1985-07-18,238.200000
1985-07-19,238.750000
1985-07-22,240.050000
1985-07-23,238.000000
1985-07-24,239.750000
1985-07-25,238.900000
1985-07-26,239.250000
1985-07-29,237.150000
1985-07-30,237.400000
1985-07-31,236.450000
1985-08-01,237.650000
1985-08-02,237.450000
1985-08-05,237.500000
1985-08-06,238.450000
1985-08-07,238.400000
1985-08-08,238.500000
1985-08-09,238.550000
1985-08-12,237.300000
1985-08-13,237.350000
1985-08-14,238.000000
1985-08-15,237.150000
1985-08-16,236.850000
1985-08-19,236.850000
1985-08-20,237.400000
1985-08-21,237.000000
1985-08-22,235.850000
1985-08-23,236.500000
1985-08-26,236.890000
1985-08-27,237.380000
1985-08-28,237.000000
1985-08-29,237.120000
1985-08-30,239.000000
1985-09-03,239.500000
1985-09-04,239.600000
1985-09-05,239.950000
1985-09-06,243.600000
1985-09-09,243.450000
1985-09-10,242.750000
1985-09-11,243.550000
1985-09-12,243.200000
1985-09-13,242.000000
1985-09-16,241.350000
1985-09-17,241.700000
1985-09-18,242.250000
1985-09-19,242.050000
1985-09-20,240.100000
1985-09-23,231.900000
1985-09-24,229.800000
1985-09-25,226.900000
1985-09-26,220.300000
1985-09-27,220.100000
1985-09-30,216.500000
1985-10-01,215.000000
1985-10-02,214.100000
1985-10-03,212.790000
1985-10-04,213.450000
1985-10-07,215.450000
1985-10-08,216.000000
1985-10-09,214.800000
1985-10-10,215.400000
1985-10-11,214.650000
1985-10-15,215.450000
1985-10-16,217.300000
1985-10-17,215.150000
1985-10-18,215.150000
1985-10-21,215.700000
1985-10-22,216.100000
1985-10-23,215.900000
1985-10-24,216.700000
1985-10-25,214.900000
1985-10-28,213.500000
1985-10-29,212.430000
1985-10-30,211.500000
1985-10-31,211.550000
1985-11-01,209.000000
1985-11-04,207.900000
1985-11-05,208.000000
1985-11-06,205.250000
1985-11-07,205.600000
1985-11-08,205.850000
1985-11-12,205.850000
1985-11-13,204.000000
1985-11-14,203.350000
1985-11-15,204.300000
1985-11-18,203.450000
1985-11-19,203.000000
1985-11-20,203.450000
1985-11-21,202.100000
1985-11-22,201.350000
1985-11-25,200.800000
1985-11-26,201.000000
1985-11-27,201.050000
1985-11-29,202.100000
1985-12-02,204.030000
1985-12-03,204.750000
1985-12-04,202.650000
1985-12-05,203.000000
1985-12-06,203.400000
1985-12-09,203.500000
1985-12-10,203.600000
1985-12-11,203.900000
1985-12-12,202.050000
1985-12-13,202.800000
1985-12-16,202.600000
1985-12-17,201.950000
1985-12-18,203.150000
1985-12-19,202.970000
1985-12-20,202.700000
1985-12-23,202.450000
1985-12-24,202.750000
1985-12-26,202.800000
1985-12-27,202.200000
1985-12-30,201.050000
1985-12-31,200.250000
1986-01-02,199.150000
1986-01-03,202.530000
1986-01-06,201.900000
1986-01-07,201.700000
1986-01-08,202.100000
1986-01-09,202.100000
1986-01-10,202.350000
1986-01-13,202.700000
1986-01-14,202.600000
1986-01-15,202.500000
1986-01-16,202.550000
1986-01-17,202.520000
1986-01-21,202.350000
1986-01-22,201.700000
1986-01-23,202.050000
1986-01-24,196.050000
1986-01-27,195.750000
1986-01-28,195.650000
1986-01-29,194.100000
1986-01-30,193.050000
1986-01-31,192.300000
1986-02-03,191.550000
1986-02-04,192.050000
1986-02-05,190.650000
1986-02-06,190.480000
1986-02-07,191.350000
1986-02-10,188.150000
1986-02-11,187.450000
1986-02-12,186.720000
1986-02-13,182.300000
1986-02-14,182.000000
1986-02-18,181.050000
1986-02-19,179.400000
1986-02-20,181.100000
1986-02-21,182.980000
1986-02-24,182.150000
1986-02-25,180.950000
1986-02-26,181.150000
1986-02-27,180.150000
1986-02-28,180.550000
1986-03-03,179.650000
1986-03-04,179.000000
1986-03-05,181.450000
1986-03-06,179.300000
1986-03-07,179.450000
1986-03-10,180.700000
1986-03-11,179.900000
1986-03-12,180.200000
1986-03-13,179.900000
1986-03-14,177.150000
1986-03-17,175.730000
1986-03-18,175.000000
1986-03-19,177.100000
1986-03-20,176.370000
1986-03-21,175.800000
1986-03-24,178.900000
1986-03-25,180.200000
1986-03-26,179.800000
1986-03-27,179.520000
1986-03-28,179.850000
1986-03-31,177.600000
1986-04-01,178.150000
1986-04-02,179.500000
1986-04-03,179.900000
1986-04-04,180.350000
1986-04-07,182.850000
1986-04-08,180.050000
1986-04-09,180.050000
1986-04-10,178.800000
1986-04-11,178.350000
1986-04-14,179.120000
1986-04-15,178.250000
1986-04-16,176.500000
1986-04-17,175.150000
1986-04-18,173.800000
1986-04-21,172.000000
1986-04-22,170.150000
1986-04-23,169.350000
1986-04-24,169.000000
1986-04-25,168.100000
1986-04-28,167.150000
1986-04-29,167.850000
1986-04-30,167.600000
1986-05-01,169.650000
1986-05-02,169.900000
1986-05-05,165.620000
1986-05-06,166.250000
1986-05-07,165.100000
1986-05-08,163.620000
1986-05-09,162.350000
1986-05-12,161.150000
1986-05-13,163.000000
1986-05-14,163.300000
1986-05-15,163.600000
1986-05-16,165.400000
1986-05-19,168.150000
1986-05-20,168.600000
1986-05-21,168.770000
1986-05-22,169.300000
1986-05-23,169.600000
1986-05-27,169.200000
1986-05-28,169.000000
1986-05-29,171.600000
1986-05-30,174.500000
1986-06-02,174.900000
1986-06-03,171.600000
1986-06-04,171.530000
1986-06-05,168.900000
1986-06-06,167.700000
1986-06-09,167.870000
1986-06-10,166.900000
1986-06-11,166.350000
1986-06-12,165.850000
1986-06-13,165.250000
1986-06-16,165.500000
1986-06-17,167.800000
1986-06-18,167.650000
1986-06-19,166.880000
1986-06-20,167.700000
1986-06-23,167.900000
1986-06-24,166.650000
1986-06-25,166.100000
1986-06-26,166.100000
1986-06-27,165.450000
1986-06-30,163.800000
1986-07-01,162.700000
1986-07-02,163.350000
1986-07-03,161.400000
1986-07-07,160.700000
1986-07-08,161.000000
1986-07-09,161.080000
1986-07-10,160.500000
1986-07-11,161.350000
1986-07-14,160.250000
1986-07-15,159.500000
1986-07-16,158.400000
1986-07-17,157.350000
1986-07-18,156.450000
1986-07-21,155.050000
1986-07-22,156.800000
1986-07-23,157.450000
1986-07-24,156.700000
1986-07-25,157.700000
1986-07-28,155.950000
1986-07-29,155.700000
1986-07-30,156.100000
1986-07-31,153.850000
1986-08-01,153.850000
1986-08-04,154.000000
1986-08-05,154.950000
1986-08-06,154.400000
1986-08-07,153.800000
1986-08-08,154.150000
1986-08-11,153.770000
1986-08-12,154.700000
1986-08-13,154.300000
1986-08-14,153.730000
1986-08-15,154.200000
1986-08-18,154.200000
1986-08-19,153.500000
1986-08-20,153.400000
1986-08-21,153.250000
1986-08-22,153.450000
1986-08-25,153.840000
1986-08-26,154.950000
1986-08-27,154.680000
1986-08-28,156.050000
1986-08-29,154.550000
1986-09-02,154.250000
1986-09-03,154.700000
1986-09-04,154.900000
1986-09-05,155.400000
1986-09-08,156.150000
1986-09-09,155.700000
1986-09-10,154.800000
1986-09-11,156.400000
1986-09-12,155.350000
1986-09-15,155.180000
1986-09-16,156.350000
1986-09-17,154.800000
1986-09-18,153.650000
1986-09-19,152.000000
1986-09-22,153.600000
1986-09-23,154.660000
1986-09-24,154.570000
1986-09-25,154.550000
1986-09-26,154.350000
1986-09-29,153.650000
1986-09-30,154.350000
1986-10-01,154.150000
1986-10-02,153.920000
1986-10-03,154.170000
1986-10-06,154.060000
1986-10-07,154.070000
1986-10-08,154.350000
1986-10-09,154.950000
1986-10-10,154.450000
1986-10-14,153.970000
1986-10-15,154.200000
1986-10-16,154.200000
1986-10-17,154.230000
1986-10-20,154.750000
1986-10-21,155.160000
1986-10-22,155.800000
1986-10-23,158.130000
1986-10-24,161.350000
1986-10-27,160.700000
1986-10-28,160.100000
1986-10-29,160.500000
1986-10-30,161.780000
1986-10-31,163.400000
1986-11-03,164.000000
1986-11-04,163.920000
1986-11-05,164.500000
1986-11-06,163.300000
1986-11-07,163.200000
1986-11-10,162.850000
1986-11-12,160.620000
1986-11-13,160.900000
1986-11-14,161.450000
1986-11-17,162.820000
1986-11-18,162.800000
1986-11-19,162.400000
1986-11-20,162.750000
1986-11-21,164.050000
1986-11-24,164.180000
1986-11-25,162.550000
1986-11-26,162.950000
1986-11-28,162.050000
1986-12-01,162.250000
1986-12-02,162.000000
1986-12-03,162.260000
1986-12-04,162.770000
1986-12-05,162.420000
1986-12-08,162.400000
1986-12-09,162.600000
1986-12-10,162.750000
1986-12-11,162.700000
1986-12-12,163.050000
1986-12-15,163.250000
1986-12-16,163.950000
1986-12-17,163.650000
1986-12-18,163.000000
1986-12-19,162.200000
1986-12-22,162.750000
1986-12-23,162.700000
1986-12-24,161.450000
1986-12-26,159.750000
1986-12-29,159.050000
1986-12-30,159.900000
1986-12-31,158.300000
1987-01-02,158.250000
1987-01-05,159.400000
1987-01-06,158.780000
1987-01-07,158.050000
1987-01-08,158.230000
1987-01-09,158.200000
1987-01-12,156.770000
1987-01-13,155.750000
1987-01-14,152.800000
1987-01-15,153.550000
1987-01-16,153.400000
1987-01-20,152.680000
1987-01-21,153.950000
1987-01-22,151.900000
1987-01-23,153.080000
1987-01-26,152.650000
1987-01-27,151.650000
1987-01-28,151.750000
1987-01-29,152.100000
1987-01-30,153.650000
1987-02-02,152.570000
1987-02-03,152.500000
1987-02-04,152.800000
1987-02-05,153.630000
1987-02-06,154.450000
1987-02-09,152.550000
1987-02-10,152.400000
1987-02-11,153.700000
1987-02-12,154.100000
1987-02-13,153.700000
1987-02-17,153.220000
1987-02-18,153.850000
1987-02-19,154.130000
1987-02-20,153.650000
1987-02-23,153.680000
1987-02-24,153.780000
1987-02-25,153.600000
1987-02-26,153.150000
1987-02-27,153.270000
1987-03-02,153.500000
1987-03-03,153.650000
1987-03-04,153.710000
1987-03-05,153.200000
1987-03-06,153.470000
1987-03-09,153.800000
1987-03-10,153.650000
1987-03-11,153.820000
1987-03-12,153.630000
1987-03-13,152.650000
1987-03-16,151.650000
1987-03-17,151.950000
1987-03-18,151.950000
1987-03-19,151.480000
1987-03-20,151.700000
1987-03-23,150.250000
1987-03-24,149.320000
1987-03-25,149.150000
1987-03-26,149.200000
1987-03-27,147.720000
1987-03-30,146.400000
1987-03-31,145.680000
1987-04-01,146.820000
1987-04-02,146.500000
1987-04-03,146.200000
1987-04-06,146.100000
1987-04-07,145.350000
1987-04-08,146.600000
1987-04-09,144.700000
1987-04-10,142.550000
1987-04-13,142.650000
1987-04-14,141.130000
1987-04-15,141.750000
1987-04-16,143.000000
1987-04-17,143.200000
1987-04-20,142.400000
1987-04-21,142.350000
1987-04-22,142.350000
1987-04-23,141.200000
1987-04-24,139.750000
1987-04-27,138.400000
1987-04-28,139.900000
1987-04-29,140.200000
1987-04-30,140.670000
1987-05-01,140.350000
1987-05-04,139.100000
1987-05-05,138.670000
1987-05-06,139.200000
1987-05-07,139.400000
1987-05-08,139.600000
1987-05-11,139.500000
1987-05-12,139.600000
1987-05-13,139.760000
1987-05-14,139.500000
1987-05-15,139.800000
1987-05-18,139.950000
1987-05-19,140.000000
1987-05-20,139.780000
1987-05-21,140.450000
1987-05-22,140.600000
1987-05-26,143.300000
1987-05-27,143.520000
1987-05-28,143.400000
1987-05-29,144.100000
1987-06-01,145.450000
1987-06-02,142.250000
1987-06-03,142.800000
1987-06-04,144.300000
1987-06-05,143.800000
1987-06-08,143.450000
1987-06-09,142.500000
1987-06-10,142.450000
1987-06-11,142.550000
1987-06-12,143.850000
1987-06-15,144.800000
1987-06-16,144.450000
1987-06-17,144.650000
1987-06-18,144.600000
1987-06-19,145.050000
1987-06-22,145.900000
1987-06-23,146.030000
1987-06-24,145.080000
1987-06-25,146.330000
1987-06-26,146.300000
1987-06-29,146.700000
1987-06-30,146.800000
1987-07-01,146.850000
1987-07-02,147.300000
1987-07-03,148.820000
1987-07-06,149.130000
1987-07-07,149.700000
1987-07-08,150.570000
1987-07-09,149.980000
1987-07-10,150.650000
1987-07-13,150.980000
1987-07-14,151.080000
1987-07-15,148.650000
1987-07-16,150.550000
1987-07-17,152.760000
1987-07-20,152.850000
1987-07-21,152.660000
1987-07-22,152.340000
1987-07-23,150.780000
1987-07-24,149.950000
1987-07-27,150.450000
1987-07-28,150.380000
1987-07-29,150.780000
1987-07-30,149.650000
1987-07-31,149.900000
1987-08-03,150.500000
1987-08-04,152.100000
1987-08-05,150.750000
1987-08-06,151.450000
1987-08-07,151.570000
1987-08-10,151.120000
1987-08-11,151.770000
1987-08-12,151.250000
1987-08-13,151.450000
1987-08-14,150.000000
1987-08-17,149.920000
1987-08-18,146.070000
1987-08-19,145.100000
1987-08-20,144.150000
1987-08-21,142.750000
1987-08-24,142.000000
1987-08-25,143.220000
1987-08-26,143.050000
1987-08-27,142.050000
1987-08-28,142.000000
1987-08-31,141.750000
1987-09-01,141.830000
1987-09-02,141.030000
1987-09-03,141.030000
1987-09-04,141.750000
1987-09-08,141.750000
1987-09-09,141.600000
1987-09-10,142.570000
1987-09-11,142.800000
1987-09-14,144.500000
1987-09-15,144.050000
1987-09-16,144.360000
1987-09-17,143.400000
1987-09-18,142.670000
1987-09-21,143.550000
1987-09-22,144.150000
1987-09-23,143.900000
1987-09-24,143.730000
1987-09-25,143.670000
1987-09-28,144.070000
1987-09-29,146.200000
1987-09-30,146.500000
1987-10-01,146.900000
1987-10-02,146.400000
1987-10-05,146.850000
1987-10-06,146.710000
1987-10-07,145.650000
1987-10-08,144.890000
1987-10-09,143.850000
1987-10-13,143.750000
1987-10-14,142.750000
1987-10-15,142.150000
1987-10-16,142.750000
1987-10-19,141.830000
1987-10-20,143.900000
1987-10-21,144.200000
1987-10-22,144.680000
1987-10-23,142.850000
1987-10-26,142.200000
1987-10-27,141.580000
1987-10-28,139.180000
1987-10-29,138.250000
1987-10-30,138.400000
1987-11-02,137.000000
1987-11-03,137.380000
1987-11-04,137.280000
1987-11-05,134.700000
1987-11-06,135.400000
1987-11-09,134.300000
1987-11-10,134.550000
1987-11-12,136.450000
1987-11-13,135.850000
1987-11-16,136.600000
1987-11-17,135.720000
1987-11-18,135.550000
1987-11-19,135.150000
1987-11-20,135.450000
1987-11-23,134.730000
1987-11-24,135.520000
1987-11-25,134.800000
1987-11-27,133.700000
1987-11-30,132.420000
1987-12-01,133.000000
1987-12-02,132.700000
1987-12-03,132.900000
1987-12-04,132.850000
1987-12-07,132.800000
1987-12-08,132.720000
1987-12-09,132.400000
1987-12-10,129.400000
1987-12-11,128.500000
1987-12-14,128.020000
1987-12-15,127.600000
1987-12-16,127.280000
1987-12-17,126.250000
1987-12-18,127.100000
1987-12-21,127.080000
1987-12-22,126.550000
1987-12-23,126.750000
1987-12-24,126.120000
1987-12-28,123.150000
1987-12-29,123.500000
1987-12-30,123.400000
1987-12-31,121.250000
1988-01-04,122.700000
1988-01-05,126.900000
1988-01-06,129.650000
1988-01-07,128.580000
1988-01-08,129.150000
1988-01-11,128.200000
1988-01-12,127.380000
1988-01-13,126.650000
1988-01-14,126.730000
1988-01-15,130.500000
1988-01-19,128.600000
1988-01-20,127.750000
1988-01-21,127.200000
1988-01-22,127.850000
1988-01-25,127.780000
1988-01-26,127.880000
1988-01-27,127.600000
1988-01-28,127.170000
1988-01-29,127.750000
1988-02-01,129.380000
1988-02-02,128.280000
1988-02-03,127.900000
1988-02-04,128.500000
1988-02-05,129.050000
1988-02-08,128.600000
1988-02-09,129.180000
1988-02-10,129.020000
1988-02-11,129.140000
1988-02-12,131.150000
1988-02-16,130.250000
1988-02-17,130.300000
1988-02-18,130.230000
1988-02-19,130.050000
1988-02-22,129.280000
1988-02-23,128.780000
1988-02-24,128.800000
1988-02-25,128.800000
1988-02-26,128.190000
1988-02-29,128.450000
1988-03-01,128.270000
1988-03-02,129.200000
1988-03-03,129.250000
1988-03-04,128.750000
1988-03-07,128.170000
1988-03-08,128.090000
1988-03-09,128.020000
1988-03-10,128.100000
1988-03-11,127.380000
1988-03-14,126.920000
1988-03-15,127.150000
1988-03-16,127.430000
1988-03-17,128.650000
1988-03-18,128.350000
1988-03-21,127.080000
1988-03-22,127.120000
1988-03-23,126.800000
1988-03-24,125.750000
1988-03-25,125.350000
1988-03-28,124.200000
1988-03-29,124.650000
1988-03-30,124.840000
1988-03-31,124.100000
1988-04-01,124.000000
1988-04-04,124.400000
1988-04-05,125.180000
1988-04-06,125.500000
1988-04-07,125.820000
1988-04-08,125.550000
1988-04-11,126.680000
1988-04-12,126.560000
1988-04-13,126.330000
1988-04-14,123.650000
1988-04-15,123.880000
1988-04-18,124.060000
1988-04-19,124.180000
1988-04-20,123.980000
1988-04-21,124.150000
1988-04-22,124.700000
1988-04-25,124.820000
1988-04-26,124.790000
1988-04-27,125.100000
1988-04-28,124.600000
1988-04-29,124.920000
1988-05-02,124.950000
1988-05-03,124.880000
1988-05-04,125.000000
1988-05-05,124.650000
1988-05-06,124.880000
1988-05-09,124.820000
1988-05-10,124.440000
1988-05-11,124.250000
1988-05-12,124.390000
1988-05-13,124.680000
1988-05-16,124.950000
1988-05-17,125.730000
1988-05-18,125.400000
1988-05-19,124.870000
1988-05-20,124.840000
1988-05-23,124.550000
1988-05-24,124.350000
1988-05-25,124.350000
1988-05-26,124.440000
1988-05-27,125.000000
1988-05-31,125.110000
1988-06-01,125.200000
1988-06-02,126.550000
1988-06-03,125.970000
1988-06-06,126.180000
1988-06-07,125.720000
1988-06-08,125.250000
1988-06-09,125.200000
1988-06-10,124.920000
1988-06-13,125.200000
1988-06-14,126.400000
1988-06-15,126.270000
1988-06-16,125.780000
1988-06-17,125.870000
1988-06-20,126.250000
1988-06-21,126.470000
1988-06-22,128.630000
1988-06-23,128.670000
1988-06-24,130.600000
1988-06-27,130.880000
1988-06-28,130.950000
1988-06-29,133.750000
1988-06-30,133.530000
1988-07-01,134.100000
1988-07-05,134.290000
1988-07-06,133.600000
1988-07-07,131.770000
1988-07-08,133.230000
1988-07-11,132.900000
1988-07-12,132.630000
1988-07-13,132.900000
1988-07-14,133.130000
1988-07-15,135.300000
1988-07-18,134.750000
1988-07-19,133.900000
1988-07-20,133.180000
1988-07-21,132.250000
1988-07-22,130.700000
1988-07-25,132.100000
1988-07-26,132.550000
1988-07-27,131.700000
1988-07-28,132.400000
1988-07-29,133.050000
1988-08-01,132.800000
1988-08-02,132.920000
1988-08-03,132.870000
1988-08-04,133.020000
1988-08-05,133.680000
1988-08-08,133.750000
1988-08-09,134.750000
1988-08-10,134.450000
1988-08-11,133.860000
1988-08-12,133.150000
1988-08-15,133.250000
1988-08-16,132.920000
1988-08-17,134.070000
1988-08-18,133.350000
1988-08-19,133.450000
1988-08-22,134.100000
1988-08-23,133.850000
1988-08-24,134.250000
1988-08-25,133.350000
1988-08-26,133.660000
1988-08-29,134.130000
1988-08-30,134.470000
1988-08-31,136.520000
1988-09-01,136.350000
1988-09-02,136.100000
1988-09-06,135.300000
1988-09-07,133.670000
1988-09-08,133.870000
1988-09-09,133.620000
1988-09-12,133.500000
1988-09-13,133.300000
1988-09-14,134.600000
1988-09-15,133.670000
1988-09-16,134.300000
1988-09-19,133.550000
1988-09-20,133.900000
1988-09-21,134.250000
1988-09-22,134.630000
1988-09-23,134.470000
1988-09-26,134.650000
1988-09-27,134.450000
1988-09-28,134.230000
1988-09-29,134.360000
1988-09-30,133.900000
1988-10-03,133.650000
1988-10-04,133.260000
1988-10-05,133.500000
1988-10-06,133.410000
1988-10-07,133.300000
1988-10-11,131.070000
1988-10-12,128.960000
1988-10-13,128.030000
1988-10-14,127.150000
1988-10-17,127.280000
1988-10-18,126.670000
1988-10-19,127.300000
1988-10-20,127.200000
1988-10-21,126.350000
1988-10-24,126.830000
1988-10-25,126.700000
1988-10-26,125.700000
1988-10-27,125.900000
1988-10-28,125.850000
1988-10-31,125.500000
1988-11-01,125.300000
1988-11-02,124.600000
1988-11-03,124.200000
1988-11-04,125.320000
1988-11-07,124.720000
1988-11-08,125.570000
1988-11-09,124.250000
1988-11-10,123.980000
1988-11-14,123.430000
1988-11-15,123.420000
1988-11-16,122.550000
1988-11-17,122.730000
1988-11-18,122.650000
1988-11-21,121.950000
1988-11-22,121.350000
1988-11-23,121.300000
1988-11-25,121.100000
1988-11-28,122.220000
1988-11-29,121.500000
1988-11-30,121.900000
1988-12-01,121.600000
1988-12-02,121.470000
1988-12-05,121.500000
1988-12-06,121.750000
1988-12-07,123.500000
1988-12-08,122.570000
1988-12-09,122.350000
1988-12-12,122.850000
1988-12-13,123.150000
1988-12-14,122.710000
1988-12-15,123.370000
1988-12-16,124.500000
1988-12-19,124.100000
1988-12-20,125.100000
1988-12-21,124.350000
1988-12-22,124.710000
1988-12-23,124.850000
1988-12-27,124.850000
1988-12-28,125.580000
1988-12-29,125.850000
1988-12-30,125.050000
1989-01-03,123.600000
1989-01-04,125.050000
1989-01-05,125.590000
1989-01-06,126.620000
1989-01-09,126.450000
1989-01-10,126.300000
1989-01-11,126.130000
1989-01-12,126.170000
1989-01-13,126.700000
1989-01-17,127.750000
1989-01-18,128.500000
1989-01-19,129.700000
1989-01-20,128.270000
1989-01-23,127.800000
1989-01-24,127.650000
1989-01-25,127.730000
1989-01-26,128.150000
1989-01-27,129.240000
1989-01-30,129.350000
1989-01-31,130.500000
1989-02-01,129.600000
1989-02-02,129.150000
1989-02-03,129.650000
1989-02-06,129.650000
1989-02-07,129.290000
1989-02-08,129.600000
1989-02-09,128.580000
1989-02-10,128.490000
1989-02-13,128.400000
1989-02-14,126.730000
1989-02-15,126.400000
1989-02-16,126.320000
1989-02-17,125.900000
1989-02-21,126.750000
1989-02-22,126.580000
1989-02-23,126.200000
1989-02-24,126.320000
1989-02-27,126.530000
1989-02-28,126.870000
1989-03-01,128.100000
1989-03-02,127.880000
1989-03-03,127.700000
1989-03-06,128.850000
1989-03-07,128.740000
1989-03-08,128.700000
1989-03-09,129.050000
1989-03-10,129.500000
1989-03-13,129.880000
1989-03-14,129.680000
1989-03-15,130.600000
1989-03-16,131.220000
1989-03-17,131.600000
1989-03-20,131.700000
1989-03-21,131.280000
1989-03-22,131.150000
1989-03-23,131.200000
1989-03-24,131.500000
1989-03-27,132.700000
1989-03-28,133.080000
1989-03-29,132.830000
1989-03-30,132.950000
1989-03-31,132.770000
1989-04-03,132.050000
1989-04-04,130.900000
1989-04-05,131.800000
1989-04-06,131.930000
1989-04-07,132.450000
1989-04-10,132.630000
1989-04-11,132.750000
1989-04-12,132.980000
1989-04-13,132.200000
1989-04-14,132.150000
1989-04-17,131.950000
1989-04-18,131.520000
1989-04-19,132.340000
1989-04-20,131.350000
1989-04-21,131.450000
1989-04-24,131.600000
1989-04-25,131.390000
1989-04-26,132.250000
1989-04-27,132.190000
1989-04-28,132.850000
1989-05-01,134.070000
1989-05-02,133.810000
1989-05-03,134.200000
1989-05-04,133.950000
1989-05-05,134.330000
1989-05-08,134.800000
1989-05-09,134.830000
1989-05-10,134.430000
1989-05-11,135.300000
1989-05-12,135.950000
1989-05-15,137.240000
1989-05-16,137.300000
1989-05-17,139.250000
1989-05-18,138.650000
1989-05-19,138.800000
1989-05-22,142.050000
1989-05-23,142.000000
1989-05-24,142.800000
1989-05-25,142.000000
1989-05-26,141.430000
1989-05-30,143.480000
1989-05-31,142.330000
1989-06-01,142.730000
1989-06-02,141.750000
1989-06-05,141.820000
1989-06-06,142.950000
1989-06-07,142.500000
1989-06-08,143.400000
1989-06-09,146.150000
1989-06-12,148.800000
1989-06-13,149.200000
1989-06-14,149.050000
1989-06-15,149.620000
1989-06-16,145.550000
1989-06-19,144.450000
1989-06-20,144.070000
1989-06-21,143.850000
1989-06-22,141.070000
1989-06-23,138.500000
1989-06-26,140.820000
1989-06-27,141.100000
1989-06-28,142.800000
1989-06-29,143.400000
1989-06-30,144.000000
1989-07-03,141.250000
1989-07-05,138.900000
1989-07-06,139.400000
1989-07-07,139.800000
1989-07-10,139.000000
1989-07-11,140.300000
1989-07-12,139.850000
1989-07-13,139.450000
1989-07-14,140.500000
1989-07-17,141.550000
1989-07-18,141.300000
1989-07-19,141.950000
1989-07-20,141.450000
1989-07-21,141.920000
1989-07-24,143.180000
1989-07-25,142.550000
1989-07-26,140.650000
1989-07-27,138.950000
1989-07-28,139.580000
1989-07-31,136.950000
1989-08-01,136.820000
1989-08-02,136.150000
1989-08-03,136.950000
1989-08-04,139.450000
1989-08-07,139.500000
1989-08-08,138.800000
1989-08-09,139.250000
1989-08-10,139.080000
1989-08-11,141.940000
1989-08-14,141.700000
1989-08-15,142.190000
1989-08-16,142.150000
1989-08-17,143.800000
1989-08-18,145.850000
1989-08-21,142.420000
1989-08-22,142.580000
1989-08-23,143.230000
1989-08-24,143.340000
1989-08-25,143.300000
1989-08-28,144.200000
1989-08-29,143.130000
1989-08-30,143.730000
1989-08-31,144.600000
1989-09-01,145.850000
1989-09-05,147.050000
1989-09-06,146.250000
1989-09-07,146.900000
1989-09-08,146.300000
1989-09-11,146.820000
1989-09-12,147.150000
1989-09-13,146.950000
1989-09-14,146.550000
1989-09-15,148.750000
1989-09-18,145.850000
1989-09-19,145.650000
1989-09-20,145.050000
1989-09-21,145.350000
1989-09-22,145.600000
1989-09-25,142.700000
1989-09-26,141.880000
1989-09-27,140.600000
1989-09-28,140.550000
1989-09-29,139.600000
1989-10-02,139.480000
1989-10-03,141.130000
1989-10-04,141.050000
1989-10-05,142.400000
1989-10-06,142.800000
1989-10-10,143.950000
1989-10-11,144.800000
1989-10-12,144.200000
1989-10-13,143.200000
1989-10-16,141.800000
1989-10-17,141.500000
1989-10-18,141.700000
1989-10-19,141.950000
1989-10-20,142.300000
1989-10-23,142.350000
1989-10-24,141.550000
1989-10-25,141.650000
1989-10-26,141.650000
1989-10-27,142.000000
1989-10-30,142.150000
1989-10-31,142.730000
1989-11-01,143.110000
1989-11-02,143.700000
1989-11-03,143.180000
1989-11-06,143.700000
1989-11-07,143.440000
1989-11-08,143.140000
1989-11-09,142.860000
1989-11-10,143.300000
1989-11-13,143.880000
1989-11-14,143.680000
1989-11-15,143.750000
1989-11-16,143.800000
1989-11-17,144.400000
1989-11-20,144.500000
1989-11-21,143.750000
1989-11-22,143.850000
1989-11-24,143.500000
1989-11-27,143.400000
1989-11-28,143.720000
1989-11-29,142.650000
1989-11-30,142.910000
1989-12-01,143.100000
1989-12-04,143.580000
1989-12-05,143.800000
1989-12-06,143.850000
1989-12-07,144.320000
1989-12-08,144.280000
1989-12-11,144.500000
1989-12-12,143.900000
1989-12-13,144.170000
1989-12-14,144.100000
1989-12-15,144.150000
1989-12-18,144.100000
1989-12-19,143.850000
1989-12-20,144.020000
1989-12-21,143.700000
1989-12-22,142.880000
1989-12-26,142.150000
1989-12-27,142.100000
1989-12-28,143.350000
1989-12-29,143.800000
1990-01-02,146.250000
1990-01-03,145.700000
1990-01-04,143.370000
1990-01-05,143.820000
1990-01-08,144.100000
1990-01-09,145.200000
1990-01-10,145.250000
1990-01-11,145.400000
1990-01-12,145.400000
1990-01-16,145.480000
1990-01-17,145.490000
1990-01-18,146.120000
1990-01-19,145.650000
1990-01-22,146.430000
1990-01-23,146.090000
1990-01-24,145.320000
1990-01-25,144.420000
1990-01-26,143.350000
1990-01-29,143.130000
1990-01-30,144.100000
1990-01-31,144.550000
1990-02-01,144.900000
1990-02-02,145.380000
1990-02-05,145.390000
1990-02-06,145.130000
1990-02-07,145.470000
1990-02-08,145.400000
1990-02-09,145.200000
1990-02-12,144.200000
1990-02-13,144.400000
1990-02-14,144.270000
1990-02-15,144.400000
1990-02-16,144.150000
1990-02-20,145.450000
1990-02-21,145.320000
1990-02-22,145.890000
1990-02-23,146.920000
1990-02-26,148.850000
1990-02-27,148.630000
1990-02-28,148.820000
1990-03-01,149.670000
1990-03-02,150.280000
1990-03-05,149.780000
1990-03-06,149.800000
1990-03-07,151.220000
1990-03-08,150.830000
1990-03-09,151.340000
1990-03-12,152.380000
1990-03-13,152.550000
1990-03-14,152.240000
1990-03-15,152.550000
1990-03-16,152.380000
1990-03-19,153.500000
1990-03-20,153.880000
1990-03-21,154.160000
1990-03-22,155.100000
1990-03-23,153.900000
1990-03-26,156.500000
1990-03-27,157.400000
1990-03-28,158.750000
1990-03-29,156.750000
1990-03-30,157.820000
1990-04-02,158.900000
1990-04-03,159.130000
1990-04-04,158.600000
1990-04-05,157.680000
1990-04-06,157.650000
1990-04-09,157.500000
1990-04-10,158.580000
1990-04-11,158.280000
1990-04-12,158.190000
1990-04-13,158.750000
1990-04-16,159.370000
1990-04-17,159.900000
1990-04-18,159.100000
1990-04-19,156.500000
1990-04-20,157.850000
1990-04-23,157.700000
1990-04-24,158.720000
1990-04-25,158.730000
1990-04-26,158.750000
1990-04-27,158.900000
1990-04-30,158.850000
1990-05-01,158.850000
1990-05-02,158.300000
1990-05-03,158.150000
1990-05-04,158.350000
1990-05-07,158.000000
1990-05-08,157.900000
1990-05-09,156.450000
1990-05-10,157.000000
1990-05-11,152.730000
1990-05-14,152.770000
1990-05-15,151.400000
1990-05-16,151.430000
1990-05-17,152.350000
1990-05-18,152.850000
1990-05-21,153.530000
1990-05-22,151.600000
1990-05-23,151.230000
1990-05-24,151.550000
1990-05-25,149.690000
1990-05-29,150.880000
1990-05-30,151.320000
1990-05-31,152.640000
1990-06-01,151.390000
1990-06-04,151.600000
1990-06-05,152.650000
1990-06-06,152.550000
1990-06-07,152.530000
1990-06-08,153.530000
1990-06-11,154.520000
1990-06-12,154.440000
1990-06-13,154.790000
1990-06-14,154.070000
1990-06-15,154.200000
1990-06-18,153.700000
1990-06-19,153.650000
1990-06-20,154.000000
1990-06-21,154.820000
1990-06-22,154.750000
1990-06-25,155.370000
1990-06-26,155.150000
1990-06-27,154.380000
1990-06-28,153.170000
1990-06-29,152.350000
1990-07-02,151.270000
1990-07-03,151.200000
1990-07-05,150.770000
1990-07-06,151.030000
1990-07-09,151.100000
1990-07-10,148.900000
1990-07-11,148.680000
1990-07-12,148.600000
1990-07-13,147.500000
1990-07-16,148.050000
1990-07-17,148.350000
1990-07-18,147.300000
1990-07-19,148.050000
1990-07-20,148.970000
1990-07-23,148.450000
1990-07-24,148.350000
1990-07-25,148.880000
1990-07-26,150.450000
1990-07-27,149.600000
1990-07-30,148.200000
1990-07-31,146.130000
1990-08-01,147.250000
1990-08-02,149.600000
1990-08-03,149.900000
1990-08-06,149.750000
1990-08-07,149.800000
1990-08-08,150.150000
1990-08-09,149.820000
1990-08-10,150.150000
1990-08-13,150.350000
1990-08-14,149.480000
1990-08-15,147.450000
1990-08-16,148.380000
1990-08-17,147.570000
1990-08-20,146.870000
1990-08-21,146.400000
1990-08-22,145.750000
1990-08-23,146.600000
1990-08-24,146.550000
1990-08-27,144.450000
1990-08-28,143.480000
1990-08-29,143.620000
1990-08-30,144.300000
1990-08-31,143.930000
1990-09-04,143.550000
1990-09-05,141.680000
1990-09-06,141.050000
1990-09-07,140.100000
1990-09-10,139.200000
1990-09-11,139.850000
1990-09-12,137.700000
1990-09-13,137.350000
1990-09-14,136.670000
1990-09-17,137.000000
1990-09-18,137.500000
1990-09-19,137.500000
1990-09-20,136.930000
1990-09-21,136.900000
1990-09-24,136.100000
1990-09-25,137.380000
1990-09-26,137.270000
1990-09-27,138.370000
1990-09-28,138.270000
1990-10-01,136.900000
1990-10-02,136.950000
1990-10-03,136.130000
1990-10-04,133.900000
1990-10-05,132.400000
1990-10-09,130.330000
1990-10-10,129.970000
1990-10-11,129.950000
1990-10-12,128.650000
1990-10-15,128.150000
1990-10-16,127.250000
1990-10-17,125.270000
1990-10-18,125.050000
1990-10-19,125.750000
1990-10-22,126.050000
1990-10-23,127.500000
1990-10-24,128.050000
1990-10-25,127.300000
1990-10-26,128.000000
1990-10-29,128.400000
1990-10-30,129.100000
1990-10-31,129.950000
1990-11-01,130.480000
1990-11-02,128.600000
1990-11-05,126.800000
1990-11-06,127.300000
1990-11-07,128.150000
1990-11-08,129.900000
1990-11-09,129.730000
1990-11-13,129.600000
1990-11-14,129.620000
1990-11-15,129.270000
1990-11-16,129.430000
1990-11-19,129.000000
1990-11-20,128.950000
1990-11-21,127.650000
1990-11-23,127.350000
1990-11-26,128.750000
1990-11-27,128.330000
1990-11-28,129.850000
1990-11-29,132.450000
1990-11-30,133.100000
1990-12-03,134.400000
1990-12-04,134.050000
1990-12-05,134.530000
1990-12-06,132.350000
1990-12-07,131.050000
1990-12-10,131.900000
1990-12-11,132.100000
1990-12-12,131.820000
1990-12-13,132.130000
1990-12-14,132.950000
1990-12-17,133.250000
1990-12-18,133.230000
1990-12-19,134.150000
1990-12-20,134.850000
1990-12-21,135.600000
1990-12-24,136.050000
1990-12-26,136.050000
1990-12-27,136.450000
1990-12-28,135.120000
1990-12-31,135.750000
1991-01-02,134.600000
1991-01-03,133.050000
1991-01-04,135.100000
1991-01-07,136.700000
1991-01-08,136.450000
1991-01-09,134.050000
1991-01-10,134.600000
1991-01-11,134.250000
1991-01-14,135.050000
1991-01-15,135.900000
1991-01-16,136.850000
1991-01-17,132.880000
1991-01-18,132.800000
1991-01-22,131.700000
1991-01-23,132.410000
1991-01-24,132.230000
1991-01-25,132.270000
1991-01-28,132.200000
1991-01-29,131.530000
1991-01-30,131.600000
1991-01-31,131.450000
1991-02-01,131.450000
1991-02-04,131.080000
1991-02-05,129.730000
1991-02-06,128.350000
1991-02-07,127.950000
1991-02-08,127.900000
1991-02-11,127.720000
1991-02-12,128.300000
1991-02-13,129.080000
1991-02-14,129.800000
1991-02-15,130.450000
1991-02-19,131.550000
1991-02-20,131.800000
1991-02-21,131.400000
1991-02-22,132.200000
1991-02-25,133.350000
1991-02-26,132.850000
1991-02-27,132.270000
1991-02-28,132.950000
1991-03-01,134.550000
1991-03-04,135.550000
1991-03-05,135.390000
1991-03-06,136.250000
1991-03-07,135.800000
1991-03-08,136.250000
1991-03-11,138.100000
1991-03-12,136.300000
1991-03-13,136.400000
1991-03-14,135.950000
1991-03-15,137.200000
1991-03-18,138.150000
1991-03-19,138.150000
1991-03-20,138.600000
1991-03-21,137.600000
1991-03-22,137.200000
1991-03-25,138.430000
1991-03-26,138.350000
1991-03-27,139.100000
1991-03-28,141.200000
1991-03-29,140.600000
1991-04-01,140.200000
1991-04-02,138.300000
1991-04-03,137.400000
1991-04-04,135.970000
1991-04-05,136.900000
1991-04-08,137.250000
1991-04-09,135.100000
1991-04-10,136.350000
1991-04-11,135.950000
1991-04-12,136.300000
1991-04-15,134.480000
1991-04-16,134.850000
1991-04-17,136.350000
1991-04-18,136.800000
1991-04-19,138.580000
1991-04-22,139.450000
1991-04-23,137.940000
1991-04-24,138.050000
1991-04-25,138.050000
1991-04-26,138.130000
1991-04-29,137.700000
1991-04-30,136.380000
1991-05-01,137.600000
1991-05-02,138.100000
1991-05-03,138.550000
1991-05-06,138.470000
1991-05-07,137.950000
1991-05-08,138.350000
1991-05-09,139.300000
1991-05-10,138.750000
1991-05-13,139.420000
1991-05-14,138.150000
1991-05-15,137.990000
1991-05-16,137.550000
1991-05-17,138.500000
1991-05-20,138.220000
1991-05-21,137.500000
1991-05-22,138.050000
1991-05-23,137.730000
1991-05-24,138.400000
1991-05-28,137.800000
1991-05-29,138.200000
1991-05-30,137.850000
1991-05-31,138.450000
1991-06-03,139.080000
1991-06-04,138.660000
1991-06-05,139.130000
1991-06-06,139.180000
1991-06-07,140.310000
1991-06-10,141.900000
1991-06-11,141.200000
1991-06-12,141.900000
1991-06-13,141.330000
1991-06-14,140.550000
1991-06-17,140.970000
1991-06-18,140.900000
1991-06-19,140.080000
1991-06-20,138.740000
1991-06-21,139.000000
1991-06-24,138.900000
1991-06-25,138.820000
1991-06-26,138.300000
1991-06-27,138.100000
1991-06-28,137.900000
1991-07-01,138.400000
1991-07-02,138.780000
1991-07-03,139.500000
1991-07-05,138.350000
1991-07-08,138.730000
1991-07-09,138.650000
1991-07-10,138.530000
1991-07-11,138.580000
1991-07-12,136.750000
1991-07-15,136.700000
1991-07-16,137.150000
1991-07-17,136.800000
1991-07-18,136.800000
1991-07-19,136.450000
1991-07-22,137.450000
1991-07-23,136.980000
1991-07-24,137.380000
1991-07-25,138.850000
1991-07-26,137.900000
1991-07-29,138.180000
1991-07-30,137.930000
1991-07-31,137.420000
1991-08-01,137.670000
1991-08-02,136.740000
1991-08-05,136.680000
1991-08-06,135.730000
1991-08-07,135.850000
1991-08-08,136.470000
1991-08-09,136.900000
1991-08-12,136.540000
1991-08-13,136.520000
1991-08-14,136.610000
1991-08-15,136.470000
1991-08-16,137.250000
1991-08-19,138.300000
1991-08-20,137.450000
1991-08-21,136.800000
1991-08-22,136.430000
1991-08-23,137.100000
1991-08-26,137.000000
1991-08-27,137.000000
1991-08-28,136.600000
1991-08-29,137.000000
1991-08-30,136.850000
1991-09-03,136.020000
1991-09-04,135.300000
1991-09-05,135.870000
1991-09-06,136.150000
1991-09-09,134.950000
1991-09-10,134.850000
1991-09-11,134.950000
1991-09-12,134.060000
1991-09-13,133.980000
1991-09-16,133.650000
1991-09-17,133.820000
1991-09-18,134.170000
1991-09-19,134.500000
1991-09-20,134.370000
1991-09-23,133.050000
1991-09-24,133.080000
1991-09-25,133.300000
1991-09-26,133.670000
1991-09-27,133.400000
1991-09-30,132.850000
1991-10-01,133.200000
1991-10-02,132.680000
1991-10-03,130.770000
1991-10-04,130.030000
1991-10-07,129.300000
1991-10-08,130.100000
1991-10-09,130.250000
1991-10-10,130.350000
1991-10-11,129.730000
1991-10-15,130.220000
1991-10-16,130.020000
1991-10-17,129.830000
1991-10-18,129.770000
1991-10-21,130.730000
1991-10-22,131.200000
1991-10-23,131.550000
1991-10-24,131.180000
1991-10-25,131.400000
1991-10-28,132.250000
1991-10-29,130.750000
1991-10-30,131.080000
1991-10-31,130.600000
1991-11-01,130.300000
1991-11-04,128.900000
1991-11-05,129.800000
1991-11-06,129.900000
1991-11-07,129.700000
1991-11-08,130.320000
1991-11-12,129.650000
1991-11-13,130.120000
1991-11-14,129.870000
1991-11-15,130.050000
1991-11-18,129.300000
1991-11-19,129.950000
1991-11-20,129.770000
1991-11-21,129.620000
1991-11-22,129.530000
1991-11-25,127.770000
1991-11-26,128.100000
1991-11-27,130.280000
1991-11-29,130.080000
1991-12-02,129.950000
1991-12-03,129.550000
1991-12-04,129.550000
1991-12-05,128.770000
1991-12-06,128.200000
1991-12-09,128.400000
1991-12-10,128.700000
1991-12-11,129.150000
1991-12-12,129.240000
1991-12-13,128.800000
1991-12-16,128.470000
1991-12-17,128.600000
1991-12-18,128.450000
1991-12-19,128.330000
1991-12-20,127.570000
1991-12-23,126.550000
1991-12-24,127.550000
1991-12-26,126.780000
1991-12-27,125.570000
1991-12-30,125.750000
1991-12-31,124.900000
1992-01-02,124.500000
1992-01-03,124.800000
1992-01-06,124.100000
1992-01-07,124.400000
1992-01-08,124.900000
1992-01-09,125.400000
1992-01-10,127.050000
1992-01-13,126.850000
1992-01-14,126.800000
1992-01-15,128.400000
1992-01-16,128.280000
1992-01-17,127.450000
1992-01-21,123.200000
1992-01-22,123.220000
1992-01-23,123.900000
1992-01-24,123.420000
1992-01-27,125.400000
1992-01-28,125.620000
1992-01-29,125.450000
1992-01-30,126.000000
1992-01-31,125.550000
1992-02-03,125.950000
1992-02-04,126.150000
1992-02-05,125.830000
1992-02-06,125.650000
1992-02-07,125.220000
1992-02-10,126.700000
1992-02-11,126.930000
1992-02-12,127.680000
1992-02-13,127.680000
1992-02-14,127.930000
1992-02-18,128.000000
1992-02-19,128.400000
1992-02-20,128.650000
1992-02-21,128.720000
1992-02-24,129.100000
1992-02-25,129.450000
1992-02-26,129.680000
1992-02-27,129.410000
1992-02-28,129.150000
1992-03-02,129.630000
1992-03-03,130.840000
1992-03-04,132.110000
1992-03-05,131.850000
1992-03-06,131.760000
1992-03-09,131.920000
1992-03-10,132.880000
1992-03-11,133.450000
1992-03-12,134.250000
1992-03-13,133.600000
1992-03-16,133.980000
1992-03-17,133.450000
1992-03-18,132.050000
1992-03-19,133.270000
1992-03-20,134.150000
1992-03-23,133.700000
1992-03-24,133.690000
1992-03-25,133.350000
1992-03-26,133.950000
1992-03-27,133.120000
1992-03-30,133.060000
1992-03-31,132.920000
1992-04-01,134.500000
1992-04-02,133.830000
1992-04-03,133.250000
1992-04-06,132.720000
1992-04-07,133.280000
1992-04-08,132.600000
1992-04-09,132.230000
1992-04-10,132.900000
1992-04-13,133.280000
1992-04-14,132.790000
1992-04-15,133.390000
1992-04-16,133.900000
1992-04-17,134.000000
1992-04-20,134.500000
1992-04-21,134.230000
1992-04-22,134.150000
1992-04-23,134.530000
1992-04-24,134.530000
1992-04-27,133.130000
1992-04-28,133.330000
1992-04-29,133.500000
1992-04-30,133.300000
1992-05-01,132.750000
1992-05-04,132.700000
1992-05-05,133.070000
1992-05-06,132.500000
1992-05-07,132.700000
1992-05-08,133.400000
1992-05-11,133.170000
1992-05-12,130.500000
1992-05-13,130.400000
1992-05-14,130.200000
1992-05-15,130.250000
1992-05-18,128.800000
1992-05-19,129.100000
1992-05-20,129.580000
1992-05-21,130.250000
1992-05-22,129.400000
1992-05-26,129.330000
1992-05-27,129.950000
1992-05-28,129.620000
1992-05-29,127.750000
1992-06-01,127.450000
1992-06-02,127.530000
1992-06-03,127.800000
1992-06-04,127.570000
1992-06-05,126.800000
1992-06-08,127.200000
1992-06-09,127.550000
1992-06-10,127.650000
1992-06-11,126.750000
1992-06-12,126.650000
1992-06-15,126.800000
1992-06-16,126.700000
1992-06-17,127.050000
1992-06-18,126.650000
1992-06-19,126.930000
1992-06-22,127.100000
1992-06-23,127.230000
1992-06-24,126.680000
1992-06-25,125.450000
1992-06-26,125.720000
1992-06-29,125.250000
1992-06-30,125.870000
1992-07-01,124.920000
1992-07-02,124.600000
1992-07-03,124.800000
1992-07-06,124.550000
1992-07-07,124.420000
1992-07-08,124.850000
1992-07-09,125.800000
1992-07-10,125.400000
1992-07-13,124.950000
1992-07-14,126.000000
1992-07-15,125.000000
1992-07-16,125.450000
1992-07-17,124.550000
1992-07-20,125.250000
1992-07-21,125.300000
1992-07-22,126.900000
1992-07-23,126.630000
1992-07-24,127.670000
1992-07-27,127.730000
1992-07-28,127.580000
1992-07-29,127.930000
1992-07-30,127.650000
1992-07-31,127.350000
1992-08-03,127.280000
1992-08-04,127.250000
1992-08-05,127.400000
1992-08-06,127.750000
1992-08-07,127.500000
1992-08-10,128.050000
1992-08-11,128.050000
1992-08-12,127.720000
1992-08-13,127.270000
1992-08-14,126.250000
1992-08-17,125.750000
1992-08-18,126.250000
1992-08-19,126.300000
1992-08-20,126.320000
1992-08-21,126.070000
1992-08-24,124.680000
1992-08-25,124.900000
1992-08-26,124.950000
1992-08-27,124.900000
1992-08-28,123.260000
1992-08-31,122.950000
1992-09-01,122.950000
1992-09-02,123.000000
1992-09-03,124.000000
1992-09-04,123.220000
1992-09-08,122.680000
1992-09-09,123.230000
1992-09-10,122.980000
1992-09-11,124.230000
1992-09-14,124.250000
1992-09-15,124.380000
1992-09-16,124.950000
1992-09-17,124.430000
1992-09-18,124.630000
1992-09-21,123.720000
1992-09-22,121.200000
1992-09-23,120.150000
1992-09-24,120.700000
1992-09-25,120.500000
1992-09-28,119.580000
1992-09-29,119.750000
1992-09-30,120.000000
1992-10-01,120.000000
1992-10-02,119.350000
1992-10-05,119.650000
1992-10-06,119.920000
1992-10-07,120.020000
1992-10-08,120.970000
1992-10-09,122.000000
1992-10-13,121.500000
1992-10-14,121.020000
1992-10-15,120.400000
1992-10-16,119.850000
1992-10-19,119.850000
1992-10-20,121.950000
1992-10-21,121.800000
1992-10-22,120.750000
1992-10-23,121.770000
1992-10-26,122.030000
1992-10-27,122.480000
1992-10-28,122.500000
1992-10-29,123.360000
1992-10-30,123.300000
1992-11-02,123.950000
1992-11-03,122.250000
1992-11-04,122.800000
1992-11-05,122.670000
1992-11-06,123.200000
1992-11-09,123.900000
1992-11-10,124.400000
1992-11-12,124.120000
1992-11-13,123.850000
1992-11-16,124.850000
1992-11-17,124.550000
1992-11-18,124.380000
1992-11-19,123.550000
1992-11-20,124.220000
1992-11-23,124.180000
1992-11-24,124.100000
1992-11-25,123.930000
1992-11-27,124.400000
1992-11-30,124.420000
1992-12-01,124.400000
1992-12-02,124.410000
1992-12-03,124.670000
1992-12-04,124.900000
1992-12-07,124.440000
1992-12-08,124.000000
1992-12-09,124.100000
1992-12-10,123.730000
1992-12-11,123.890000
1992-12-14,123.850000
1992-12-15,124.100000
1992-12-16,122.900000
1992-12-17,123.100000
1992-12-18,123.280000
1992-12-21,122.970000
1992-12-22,123.520000
1992-12-23,123.850000
1992-12-24,123.900000
1992-12-28,124.750000
1992-12-29,124.700000
1992-12-30,124.590000
1992-12-31,124.850000
1993-01-04,125.400000
1993-01-05,125.110000
1993-01-06,125.100000
1993-01-07,125.250000
1993-01-08,125.270000
1993-01-11,125.050000
1993-01-12,125.300000
1993-01-13,126.030000
1993-01-14,125.750000
1993-01-15,126.100000
1993-01-19,125.550000
1993-01-20,124.900000
1993-01-21,125.000000
1993-01-22,124.850000
1993-01-25,123.280000
1993-01-26,123.630000
1993-01-27,124.100000
1993-01-28,124.230000
1993-01-29,124.970000
1993-02-01,124.950000
1993-02-02,124.860000
1993-02-03,124.330000
1993-02-04,124.580000
1993-02-05,124.430000
1993-02-08,124.020000
1993-02-09,121.380000
1993-02-10,120.970000
1993-02-11,120.500000
1993-02-12,120.900000
1993-02-16,119.800000
1993-02-17,119.400000
1993-02-18,119.600000
1993-02-19,119.110000
1993-02-22,116.450000
1993-02-23,116.650000
1993-02-24,116.900000
1993-02-25,117.500000
1993-02-26,118.100000
1993-03-01,118.750000
1993-03-02,117.770000
1993-03-03,117.250000
1993-03-04,116.800000
1993-03-05,117.650000
1993-03-08,116.620000
1993-03-09,117.400000
1993-03-10,118.120000
1993-03-11,117.570000
1993-03-12,117.800000
1993-03-15,118.450000
1993-03-16,116.900000
1993-03-17,117.250000
1993-03-18,116.880000
1993-03-19,115.950000
1993-03-22,115.670000
1993-03-23,115.700000
1993-03-24,116.880000
1993-03-25,117.300000
1993-03-26,116.400000
1993-03-29,116.770000
1993-03-30,116.620000
1993-03-31,114.900000
1993-04-01,114.100000
1993-04-02,114.200000
1993-04-05,113.600000
1993-04-06,114.000000
1993-04-07,113.700000
1993-04-08,113.450000
1993-04-09,113.200000
1993-04-12,112.750000
1993-04-13,113.400000
1993-04-14,113.900000
1993-04-15,113.400000
1993-04-16,112.630000
1993-04-19,111.030000
1993-04-20,110.800000
1993-04-21,111.100000
1993-04-22,110.050000
1993-04-23,110.620000
1993-04-26,110.450000
1993-04-27,111.250000
1993-04-28,112.400000
1993-04-29,111.750000
1993-04-30,111.270000
1993-05-03,110.900000
1993-05-04,110.300000
1993-05-05,110.250000
1993-05-06,110.300000
1993-05-07,110.350000
1993-05-10,111.750000
1993-05-11,111.050000
1993-05-12,111.500000
1993-05-13,111.700000
1993-05-14,110.850000
1993-05-17,111.400000
1993-05-18,111.590000
1993-05-19,110.520000
1993-05-20,110.500000
1993-05-21,110.430000
1993-05-24,110.350000
1993-05-25,109.500000
1993-05-26,108.650000
1993-05-27,107.800000
1993-05-28,107.170000
1993-06-01,107.230000
1993-06-02,107.680000
1993-06-03,107.400000
1993-06-04,107.750000
1993-06-07,107.360000
1993-06-08,106.300000
1993-06-09,106.550000
1993-06-10,106.160000
1993-06-11,106.100000
1993-06-14,105.150000
1993-06-15,105.600000
1993-06-16,106.600000
1993-06-17,106.750000
1993-06-18,109.500000
1993-06-21,111.050000
1993-06-22,111.350000
1993-06-23,109.150000
1993-06-24,109.250000
1993-06-25,106.150000
1993-06-28,106.050000
1993-06-29,107.130000
1993-06-30,106.800000
1993-07-01,107.850000
1993-07-02,108.700000
1993-07-06,108.280000
1993-07-07,107.700000
1993-07-08,108.750000
1993-07-09,109.670000
1993-07-12,109.650000
1993-07-13,108.340000
1993-07-14,107.500000
1993-07-15,108.250000
1993-07-16,107.800000
1993-07-19,108.500000
1993-07-20,108.400000
1993-07-21,108.500000
1993-07-22,106.900000
1993-07-23,106.800000
1993-07-26,106.900000
1993-07-27,106.350000
1993-07-28,105.330000
1993-07-29,106.300000
1993-07-30,105.050000
1993-08-02,104.350000
1993-08-03,104.430000
1993-08-04,104.800000
1993-08-05,104.250000
1993-08-06,104.450000
1993-08-09,104.930000
1993-08-10,104.670000
1993-08-11,103.680000
1993-08-12,103.170000
1993-08-13,102.180000
1993-08-16,101.100000
1993-08-17,101.550000
1993-08-18,101.600000
1993-08-19,103.950000
1993-08-20,104.850000
1993-08-23,103.120000
1993-08-24,103.730000
1993-08-25,104.950000
1993-08-26,104.400000
1993-08-27,104.000000
1993-08-30,103.940000
1993-08-31,104.730000
1993-09-01,105.700000
1993-09-02,106.000000
1993-09-03,105.050000
1993-09-07,104.050000
1993-09-08,105.640000
1993-09-09,105.200000
1993-09-10,106.200000
1993-09-13,106.300000
1993-09-14,105.850000
1993-09-15,106.300000
1993-09-16,104.450000
1993-09-17,104.500000
1993-09-20,104.310000
1993-09-21,106.500000
1993-09-22,106.500000
1993-09-23,106.070000
1993-09-24,106.050000
1993-09-27,105.900000
1993-09-28,105.250000
1993-09-29,105.200000
1993-09-30,106.050000
1993-10-01,106.050000
1993-10-04,105.800000
1993-10-05,105.570000
1993-10-06,105.600000
1993-10-07,105.150000
1993-10-08,105.570000
1993-10-12,105.950000
1993-10-13,106.020000
1993-10-14,107.430000
1993-10-15,107.080000
1993-10-18,107.470000
1993-10-19,107.070000
1993-10-20,107.310000
1993-10-21,108.350000
1993-10-22,108.160000
1993-10-25,108.360000
1993-10-26,108.140000
1993-10-27,108.470000
1993-10-28,108.500000
1993-10-29,108.350000
1993-11-01,108.280000
1993-11-02,107.570000
1993-11-03,107.300000
1993-11-04,108.270000
1993-11-05,108.200000
1993-11-08,108.070000
1993-11-09,108.260000
1993-11-10,107.280000
1993-11-12,106.300000
1993-11-15,106.900000
1993-11-16,106.730000
1993-11-17,107.000000
1993-11-18,107.100000
1993-11-19,108.300000
1993-11-22,108.270000
1993-11-23,108.450000
1993-11-24,108.150000
1993-11-26,108.750000
1993-11-29,109.270000
1993-11-30,109.080000
1993-12-01,108.700000
1993-12-02,108.740000
1993-12-03,108.460000
1993-12-06,108.230000
1993-12-07,107.600000
1993-12-08,108.620000
1993-12-09,108.750000
1993-12-10,109.180000
1993-12-13,108.980000
1993-12-14,109.380000
1993-12-15,109.660000
1993-12-16,109.720000
1993-12-17,110.100000
1993-12-20,110.550000
1993-12-21,111.080000
1993-12-22,110.570000
1993-12-23,110.550000
1993-12-24,110.950000
1993-12-27,111.530000
1993-12-28,111.350000
1993-12-29,111.600000
1993-12-30,112.000000
1993-12-31,111.700000
1994-01-03,112.500000
1994-01-04,112.750000
1994-01-05,113.100000
1994-01-06,112.750000
1994-01-07,111.970000
1994-01-10,112.380000
1994-01-11,112.350000
1994-01-12,112.400000
1994-01-13,111.920000
1994-01-14,111.240000
1994-01-18,110.750000
1994-01-19,110.850000
1994-01-20,111.600000
1994-01-21,111.250000
1994-01-24,111.800000
1994-01-25,111.150000
1994-01-26,110.280000
1994-01-27,109.620000
1994-01-28,109.450000
1994-01-31,108.720000
1994-02-01,108.050000
1994-02-02,108.030000
1994-02-03,108.180000
1994-02-04,108.980000
1994-02-07,108.560000
1994-02-08,108.660000
1994-02-09,107.890000
1994-02-10,108.450000
1994-02-11,107.670000
1994-02-14,104.080000
1994-02-15,103.950000
1994-02-16,103.800000
1994-02-17,104.200000
1994-02-18,104.150000
1994-02-22,105.270000
1994-02-23,105.800000
1994-02-24,105.150000
1994-02-25,104.630000
1994-02-28,104.220000
1994-03-01,104.800000
1994-03-02,103.700000
1994-03-03,103.730000
1994-03-04,105.600000
1994-03-07,105.730000
1994-03-08,105.300000
1994-03-09,105.880000
1994-03-10,105.700000
1994-03-11,105.050000
1994-03-14,106.000000
1994-03-15,105.970000
1994-03-16,105.850000
1994-03-17,105.820000
1994-03-18,106.050000
1994-03-21,106.250000
1994-03-22,106.000000
1994-03-23,106.400000
1994-03-24,105.520000
1994-03-25,104.850000
1994-03-28,104.120000
1994-03-29,103.450000
1994-03-30,103.070000
1994-03-31,102.400000
1994-04-01,103.750000
1994-04-04,103.300000
1994-04-05,103.850000
1994-04-06,104.450000
1994-04-07,104.850000
1994-04-08,105.020000
1994-04-11,103.450000
1994-04-12,103.620000
1994-04-13,103.570000
1994-04-14,104.150000
1994-04-15,103.600000
1994-04-18,103.400000
1994-04-19,103.230000
1994-04-20,103.300000
1994-04-21,103.650000
1994-04-22,103.600000
1994-04-25,103.260000
1994-04-26,102.950000
1994-04-27,102.350000
1994-04-28,101.770000
1994-04-29,102.050000
1994-05-02,101.790000
1994-05-03,101.200000
1994-05-04,102.000000
1994-05-05,102.700000
1994-05-06,102.720000
1994-05-09,102.700000
1994-05-10,104.000000
1994-05-11,104.420000
1994-05-12,104.230000
1994-05-13,104.900000
1994-05-16,104.800000
1994-05-17,104.370000
1994-05-18,103.550000
1994-05-19,104.250000
1994-05-20,103.970000
1994-05-23,104.330000
1994-05-24,104.900000
1994-05-25,104.500000
1994-05-26,104.450000
1994-05-27,104.300000
1994-05-31,104.740000
1994-06-01,104.700000
1994-06-02,104.980000
1994-06-03,105.380000
1994-06-06,105.250000
1994-06-07,104.900000
1994-06-08,104.050000
1994-06-09,104.450000
1994-06-10,103.700000
1994-06-13,103.000000
1994-06-14,102.500000
1994-06-15,102.780000
1994-06-16,103.280000
1994-06-17,102.750000
1994-06-20,101.900000
1994-06-21,101.780000
1994-06-22,101.170000
1994-06-23,101.100000
1994-06-24,100.500000
1994-06-27,100.050000
1994-06-28,100.030000
1994-06-29,98.820000
1994-06-30,98.510000
1994-07-01,98.510000
1994-07-05,98.870000
1994-07-06,98.230000
1994-07-07,98.860000
1994-07-08,98.100000
1994-07-11,97.370000
1994-07-12,96.810000
1994-07-13,97.900000
1994-07-14,98.400000
1994-07-15,98.100000
1994-07-18,98.510000
1994-07-19,99.200000
1994-07-20,98.550000
1994-07-21,98.550000
1994-07-22,98.550000
1994-07-25,98.950000
1994-07-26,98.030000
1994-07-27,98.180000
1994-07-28,99.180000
1994-07-29,100.050000
1994-08-01,99.350000
1994-08-02,100.370000
1994-08-03,100.420000
1994-08-04,100.200000
1994-08-05,100.370000
1994-08-08,101.330000
1994-08-09,101.200000
1994-08-10,101.200000
1994-08-11,100.850000
1994-08-12,100.270000
1994-08-15,100.100000
1994-08-16,100.310000
1994-08-17,100.310000
1994-08-18,98.850000
1994-08-19,98.570000
1994-08-22,98.010000
1994-08-23,98.400000
1994-08-24,98.620000
1994-08-25,99.710000
1994-08-26,100.400000
1994-08-29,100.050000
1994-08-30,99.630000
1994-08-31,100.110000
1994-09-01,99.630000
1994-09-02,99.200000
1994-09-06,98.770000
1994-09-07,99.250000
1994-09-08,99.480000
1994-09-09,99.200000
1994-09-12,99.000000
1994-09-13,98.960000
1994-09-14,99.050000
1994-09-15,99.450000
1994-09-16,98.720000
1994-09-19,98.580000
1994-09-20,97.790000
1994-09-21,97.920000
1994-09-22,98.050000
1994-09-23,97.700000
1994-09-26,98.650000
1994-09-27,98.370000
1994-09-28,98.770000
1994-09-29,98.670000
1994-09-30,99.050000
1994-10-03,99.500000
1994-10-04,99.650000
1994-10-05,99.470000
1994-10-06,99.650000
1994-10-07,100.370000
1994-10-11,100.500000
1994-10-12,99.950000
1994-10-13,99.750000
1994-10-14,98.430000
1994-10-17,97.680000
1994-10-18,97.790000
1994-10-19,97.300000
1994-10-20,97.200000
1994-10-21,97.370000
1994-10-24,97.200000
1994-10-25,96.950000
1994-10-26,97.050000
1994-10-27,96.950000
1994-10-28,97.400000
1994-10-31,96.900000
1994-11-01,96.770000
1994-11-02,97.000000
1994-11-03,98.200000
1994-11-04,97.650000
1994-11-07,97.240000
1994-11-08,96.930000
1994-11-09,97.780000
1994-11-10,97.920000
1994-11-14,98.070000
1994-11-15,98.280000
1994-11-16,98.370000
1994-11-17,98.100000
1994-11-18,98.500000
1994-11-21,98.410000
1994-11-22,98.190000
1994-11-23,98.270000
1994-11-25,98.750000
1994-11-28,98.590000
1994-11-29,98.950000
1994-11-30,98.910000
1994-12-01,99.400000
1994-12-02,100.390000
1994-12-05,100.320000
1994-12-06,100.350000
1994-12-07,100.130000
1994-12-08,100.410000
1994-12-09,100.220000
1994-12-12,100.040000
1994-12-13,100.320000
1994-12-14,100.300000
1994-12-15,100.260000
1994-12-16,100.280000
1994-12-19,100.150000
1994-12-20,100.320000
1994-12-21,100.230000
1994-12-22,100.450000
1994-12-23,100.220000
1994-12-27,100.460000
1994-12-28,100.330000
1994-12-29,99.650000
1994-12-30,99.600000
1995-01-03,100.520000
1995-01-04,101.400000
1995-01-05,100.970000
1995-01-06,101.370000
1995-01-09,100.330000
1995-01-10,100.400000
1995-01-11,99.900000
1995-01-12,98.800000
1995-01-13,98.770000
1995-01-17,99.000000
1995-01-18,99.550000
1995-01-19,99.430000
1995-01-20,99.400000
1995-01-23,99.750000
1995-01-24,99.640000
1995-01-25,99.600000
1995-01-26,99.310000
1995-01-27,99.350000
1995-01-30,98.400000
1995-01-31,99.430000
1995-02-01,99.400000
1995-02-02,99.500000
1995-02-03,99.750000
1995-02-06,99.300000
1995-02-07,99.420000
1995-02-08,98.980000
1995-02-09,98.850000
1995-02-10,98.860000
1995-02-13,98.660000
1995-02-14,98.650000
1995-02-15,98.520000
1995-02-16,97.550000
1995-02-17,97.480000
1995-02-21,97.300000
1995-02-22,97.030000
1995-02-23,96.800000
1995-02-24,97.100000
1995-02-27,96.750000
1995-02-28,96.600000
1995-03-01,96.750000
1995-03-02,95.810000
1995-03-03,94.400000
1995-03-06,92.600000
1995-03-07,90.850000
1995-03-08,91.270000
1995-03-09,90.570000
1995-03-10,91.230000
1995-03-13,90.500000
1995-03-14,90.970000
1995-03-15,89.400000
1995-03-16,90.300000
1995-03-17,89.190000
1995-03-20,89.420000
1995-03-21,89.380000
1995-03-22,88.920000
1995-03-23,88.310000
1995-03-24,89.100000
1995-03-27,89.070000
1995-03-28,89.220000
1995-03-29,88.310000
1995-03-30,89.530000
1995-03-31,86.850000
1995-04-03,86.250000
1995-04-04,86.360000
1995-04-05,86.250000
1995-04-06,85.470000
1995-04-07,84.320000
1995-04-10,83.100000
1995-04-11,83.800000
1995-04-12,84.000000
1995-04-13,83.590000
1995-04-14,83.350000
1995-04-17,82.100000
1995-04-18,81.400000
1995-04-19,81.120000
1995-04-20,82.950000
1995-04-21,82.920000
1995-04-24,83.260000
1995-04-25,81.950000
1995-04-26,83.980000
1995-04-27,83.580000
1995-04-28,84.040000
1995-05-01,83.530000
1995-05-02,83.690000
1995-05-03,83.450000
1995-05-04,83.620000
1995-05-05,84.030000
1995-05-08,83.000000
1995-05-09,82.950000
1995-05-10,83.870000
1995-05-11,85.800000
1995-05-12,87.000000
1995-05-15,86.860000
1995-05-16,86.200000
1995-05-17,86.730000
1995-05-18,87.430000
1995-05-19,86.770000
1995-05-22,87.470000
1995-05-23,87.380000
1995-05-24,87.150000
1995-05-25,85.050000
1995-05-26,82.850000
1995-05-30,83.000000
1995-05-31,84.650000
1995-06-01,84.950000
1995-06-02,84.900000
1995-06-05,84.630000
1995-06-06,85.100000
1995-06-07,84.240000
1995-06-08,84.900000
1995-06-09,84.400000
1995-06-12,83.920000
1995-06-13,84.330000
1995-06-14,84.400000
1995-06-15,84.820000
1995-06-16,84.660000
1995-06-19,84.950000
1995-06-20,84.650000
1995-06-21,84.380000
1995-06-22,84.650000
1995-06-23,84.500000
1995-06-26,84.340000
1995-06-27,84.080000
1995-06-28,85.700000
1995-06-29,84.700000
1995-06-30,84.780000
1995-07-03,84.800000
1995-07-05,84.940000
1995-07-06,85.180000
1995-07-07,86.770000
1995-07-10,87.090000
1995-07-11,87.450000
1995-07-12,87.510000
1995-07-13,87.400000
1995-07-14,87.890000
1995-07-17,88.650000
1995-07-18,88.350000
1995-07-19,87.750000
1995-07-20,87.760000
1995-07-21,88.550000
1995-07-24,87.550000
1995-07-25,87.880000
1995-07-26,87.950000
1995-07-27,87.950000
1995-07-28,88.180000
1995-07-31,88.340000
1995-08-01,88.430000
1995-08-02,90.820000
1995-08-03,90.450000
1995-08-04,91.250000
1995-08-07,91.300000
1995-08-08,91.770000
1995-08-09,91.570000
1995-08-10,92.830000
1995-08-11,93.770000
1995-08-14,93.610000
1995-08-15,96.680000
1995-08-16,97.800000
1995-08-17,97.850000
1995-08-18,96.950000
1995-08-21,96.550000
1995-08-22,96.730000
1995-08-23,96.500000
1995-08-24,96.550000
1995-08-25,96.640000
1995-08-28,96.600000
1995-08-29,97.630000
1995-08-30,98.950000
1995-08-31,97.750000
1995-09-01,97.490000
1995-09-05,97.770000
1995-09-06,98.790000
1995-09-07,98.580000
1995-09-08,99.750000
1995-09-11,99.780000
1995-09-12,100.870000
1995-09-13,102.500000
1995-09-14,102.550000
1995-09-15,103.520000
1995-09-18,103.550000
1995-09-19,104.200000
1995-09-20,103.250000
1995-09-21,100.100000
1995-09-22,98.500000
1995-09-25,99.880000
1995-09-26,100.830000
1995-09-27,100.170000
1995-09-28,99.730000
1995-09-29,99.100000
1995-10-02,100.720000
1995-10-03,101.650000
1995-10-04,100.730000
1995-10-05,100.250000
1995-10-06,100.850000
1995-10-10,100.640000
1995-10-11,100.900000
1995-10-12,100.280000
1995-10-13,100.800000
1995-10-16,100.450000
1995-10-17,100.330000
1995-10-18,100.620000
1995-10-19,100.590000
1995-10-20,100.250000
1995-10-23,99.700000
1995-10-24,100.170000
1995-10-25,101.270000
1995-10-26,101.800000
1995-10-27,101.710000
1995-10-30,101.650000
1995-10-31,102.260000
1995-11-01,103.070000
1995-11-02,103.590000
1995-11-03,103.880000
1995-11-06,103.200000
1995-11-07,103.180000
1995-11-08,102.500000
1995-11-09,100.750000
1995-11-10,100.950000
1995-11-13,101.700000
1995-11-14,101.680000
1995-11-15,100.900000
1995-11-16,102.150000
1995-11-17,102.030000
1995-11-20,101.350000
1995-11-21,101.630000
1995-11-22,100.500000
1995-11-24,101.500000
1995-11-27,101.800000
1995-11-28,101.120000
1995-11-29,101.460000
1995-11-30,101.800000
1995-12-01,101.200000
1995-12-04,101.050000
1995-12-05,101.420000
1995-12-06,101.370000
1995-12-07,101.400000
1995-12-08,100.950000
1995-12-11,101.070000
1995-12-12,101.850000
1995-12-13,101.750000
1995-12-14,101.500000
1995-12-15,102.140000
1995-12-18,101.700000
1995-12-19,101.850000
1995-12-20,102.000000
1995-12-21,101.810000
1995-12-22,102.600000
1995-12-26,102.380000
1995-12-27,102.800000
1995-12-28,102.870000
1995-12-29,103.280000
1996-01-02,103.920000
1996-01-03,104.350000
1996-01-04,106.410000
1996-01-05,105.130000
1996-01-08,105.800000
1996-01-09,104.900000
1996-01-10,105.280000
1996-01-11,104.800000
1996-01-12,105.070000
1996-01-16,105.880000
1996-01-17,105.380000
1996-01-18,105.440000
1996-01-19,105.400000
1996-01-22,105.760000
1996-01-23,105.800000
1996-01-24,106.920000
1996-01-25,106.900000
1996-01-26,106.600000
1996-01-29,106.800000
1996-01-30,107.290000
1996-01-31,106.950000
1996-02-01,107.080000
1996-02-02,106.700000
1996-02-05,105.020000
1996-02-06,105.540000
1996-02-07,106.200000
1996-02-08,106.900000
1996-02-09,107.100000
1996-02-12,106.670000
1996-02-13,106.930000
1996-02-14,106.770000
1996-02-15,106.180000
1996-02-16,105.350000
1996-02-20,106.100000
1996-02-21,105.250000
1996-02-22,104.950000
1996-02-23,104.730000
1996-02-26,104.330000
1996-02-27,104.370000
1996-02-28,104.470000
1996-02-29,105.120000
1996-03-01,105.700000
1996-03-04,105.050000
1996-03-05,105.100000
1996-03-06,105.370000
1996-03-07,105.250000
1996-03-08,105.940000
1996-03-11,105.350000
1996-03-12,105.540000
1996-03-13,105.290000
1996-03-14,105.480000
1996-03-15,105.870000
1996-03-18,106.020000
1996-03-19,106.260000
1996-03-20,106.440000
1996-03-21,106.720000
1996-03-22,106.800000
1996-03-25,106.190000
1996-03-26,106.390000
1996-03-27,106.640000
1996-03-28,106.340000
1996-03-29,107.000000
1996-04-01,107.530000
1996-04-02,107.480000
1996-04-03,106.940000
1996-04-04,107.090000
1996-04-05,107.670000
1996-04-08,107.420000
1996-04-09,108.180000
1996-04-10,108.560000
1996-04-11,108.520000
1996-04-12,108.670000
1996-04-15,108.360000
1996-04-16,108.280000
1996-04-17,108.270000
1996-04-18,107.100000
1996-04-19,107.100000
1996-04-22,106.700000
1996-04-23,106.590000
1996-04-24,106.770000
1996-04-25,106.470000
1996-04-26,105.540000
1996-04-29,104.520000
1996-04-30,104.630000
1996-05-01,105.080000
1996-05-02,104.490000
1996-05-03,104.830000
1996-05-06,104.930000
1996-05-07,104.970000
1996-05-08,105.150000
1996-05-09,104.800000
1996-05-10,105.500000
1996-05-13,104.960000
1996-05-14,105.800000
1996-05-15,106.850000
1996-05-16,106.670000
1996-05-17,106.530000
1996-05-20,107.140000
1996-05-21,107.000000
1996-05-22,107.040000
1996-05-23,106.780000
1996-05-24,107.900000
1996-05-28,108.700000
1996-05-29,108.770000
1996-05-30,107.650000
1996-05-31,107.990000
1996-06-03,108.370000
1996-06-04,109.200000
1996-06-05,108.840000
1996-06-06,109.260000
1996-06-07,109.230000
1996-06-10,109.070000
1996-06-11,109.500000
1996-06-12,109.470000
1996-06-13,108.850000
1996-06-14,108.870000
1996-06-17,108.850000
1996-06-18,108.040000
1996-06-19,108.050000
1996-06-20,108.100000
1996-06-21,109.100000
1996-06-24,108.940000
1996-06-25,109.030000
1996-06-26,109.500000
1996-06-27,109.450000
1996-06-28,109.480000
1996-07-01,109.560000
1996-07-02,110.100000
1996-07-03,110.310000
1996-07-05,110.950000
1996-07-08,110.940000
1996-07-09,110.280000
1996-07-10,110.180000
1996-07-11,110.180000
1996-07-12,110.690000
1996-07-15,110.450000
1996-07-16,109.150000
1996-07-17,108.620000
1996-07-18,107.930000
1996-07-19,108.220000
1996-07-22,107.500000
1996-07-23,108.090000
1996-07-24,108.290000
1996-07-25,108.380000
1996-07-26,108.330000
1996-07-29,109.200000
1996-07-30,108.080000
1996-07-31,106.770000
1996-08-01,106.750000
1996-08-02,107.050000
1996-08-05,106.640000
1996-08-06,106.920000
1996-08-07,107.950000
1996-08-08,108.140000
1996-08-09,108.120000
1996-08-12,107.720000
1996-08-13,107.590000
1996-08-14,107.940000
1996-08-15,108.010000
1996-08-16,107.960000
1996-08-19,107.870000
1996-08-20,108.300000
1996-08-21,108.340000
1996-08-22,108.230000
1996-08-23,108.400000
1996-08-26,107.700000
1996-08-27,107.780000
1996-08-28,108.440000
1996-08-29,108.500000
1996-08-30,108.700000
1996-09-03,109.280000
1996-09-04,108.850000
1996-09-05,109.090000
1996-09-06,109.370000
1996-09-09,109.190000
1996-09-10,109.840000
1996-09-11,110.250000
1996-09-12,110.300000
1996-09-13,110.440000
1996-09-16,110.150000
1996-09-17,110.390000
1996-09-18,109.210000
1996-09-19,109.380000
1996-09-20,109.870000
1996-09-23,109.860000
1996-09-24,109.820000
1996-09-25,110.380000
1996-09-26,110.450000
1996-09-27,110.850000
1996-09-30,111.650000
1996-10-01,111.370000
1996-10-02,111.660000
1996-10-03,111.480000
1996-10-04,111.630000
1996-10-07,111.270000
1996-10-08,111.310000
1996-10-09,111.470000
1996-10-10,111.280000
1996-10-11,111.660000
1996-10-15,112.280000
1996-10-16,112.140000
1996-10-17,112.220000
1996-10-18,112.540000
1996-10-21,112.760000
1996-10-22,112.860000
1996-10-23,112.970000
1996-10-24,112.850000
1996-10-25,113.330000
1996-10-28,114.120000
1996-10-29,114.110000
1996-10-30,113.970000
1996-10-31,113.790000
1996-11-01,113.280000
1996-11-04,113.970000
1996-11-05,114.220000
1996-11-06,113.980000
1996-11-07,111.540000
1996-11-08,111.630000
1996-11-12,111.500000
1996-11-13,111.410000
1996-11-14,111.290000
1996-11-15,111.300000
1996-11-18,111.310000
1996-11-19,111.550000
1996-11-20,111.250000
1996-11-21,111.420000
1996-11-22,111.410000
1996-11-25,112.690000
1996-11-26,112.660000
1996-11-27,113.330000
1996-11-29,113.880000
1996-12-02,113.800000
1996-12-03,113.590000
1996-12-04,113.130000
1996-12-05,112.350000
1996-12-06,112.840000
1996-12-09,113.270000
1996-12-10,113.280000
1996-12-11,112.900000
1996-12-12,113.550000
1996-12-13,113.800000
1996-12-16,114.240000
1996-12-17,113.630000
1996-12-18,113.650000
1996-12-19,114.000000
1996-12-20,114.250000
1996-12-23,114.120000
1996-12-24,114.500000
1996-12-26,114.920000
1996-12-27,116.130000
1996-12-30,115.880000
1996-12-31,115.770000
1997-01-02,115.490000
1997-01-03,116.330000
1997-01-06,115.800000
1997-01-07,115.340000
1997-01-08,115.860000
1997-01-09,116.190000
1997-01-10,116.100000
1997-01-13,116.410000
1997-01-14,116.900000
1997-01-15,117.240000
1997-01-16,116.540000
1997-01-17,117.110000
1997-01-21,117.800000
1997-01-22,118.920000
1997-01-23,119.650000
1997-01-24,119.060000
1997-01-27,119.450000
1997-01-28,121.190000
1997-01-29,121.980000
1997-01-30,121.550000
1997-01-31,121.250000
1997-02-03,121.680000
1997-02-04,122.340000
1997-02-05,123.590000
1997-02-06,123.820000
1997-02-07,124.540000
1997-02-10,122.740000
1997-02-11,123.170000
1997-02-12,124.020000
1997-02-13,124.350000
1997-02-14,124.060000
1997-02-18,123.920000
1997-02-19,124.300000
1997-02-20,122.830000
1997-02-21,123.280000
1997-02-24,122.180000
1997-02-25,121.930000
1997-02-26,121.900000
1997-02-27,120.800000
1997-02-28,120.830000
1997-03-03,121.150000
1997-03-04,121.950000
1997-03-05,121.500000
1997-03-06,121.280000
1997-03-07,121.880000
1997-03-10,121.700000
1997-03-11,121.770000
1997-03-12,122.680000
1997-03-13,123.240000
1997-03-14,123.460000
1997-03-17,123.650000
1997-03-18,122.450000
1997-03-19,122.800000
1997-03-20,123.590000
1997-03-21,122.820000
1997-03-24,122.930000
1997-03-25,123.900000
1997-03-26,124.230000
1997-03-27,123.650000
1997-03-28,123.900000
1997-03-31,123.720000
1997-04-01,122.700000
1997-04-02,122.720000
1997-04-03,122.800000
1997-04-04,124.270000
1997-04-07,125.670000
1997-04-08,126.080000
1997-04-09,126.860000
1997-04-10,125.950000
1997-04-11,126.040000
1997-04-14,126.480000
1997-04-15,126.350000
1997-04-16,125.750000
1997-04-17,126.050000
1997-04-18,125.880000
1997-04-21,125.660000
1997-04-22,126.250000
1997-04-23,126.160000
1997-04-24,125.960000
1997-04-25,125.880000
1997-04-28,126.680000
1997-04-29,126.810000
1997-04-30,127.030000
1997-05-01,126.640000
1997-05-02,126.570000
1997-05-05,126.700000
1997-05-06,125.450000
1997-05-07,125.090000
1997-05-08,123.850000
1997-05-09,120.730000
1997-05-12,118.950000
1997-05-13,118.750000
1997-05-14,118.330000
1997-05-15,116.280000
1997-05-16,115.430000
1997-05-19,116.050000
1997-05-20,113.800000
1997-05-21,114.080000
1997-05-22,115.960000
1997-05-23,115.800000
1997-05-27,116.450000
1997-05-28,115.520000
1997-05-29,116.210000
1997-05-30,116.400000
1997-06-02,116.740000
1997-06-03,116.150000
1997-06-04,116.300000
1997-06-05,115.670000
1997-06-06,115.400000
1997-06-09,112.630000
1997-06-10,112.600000
1997-06-11,111.420000
1997-06-12,113.980000
1997-06-13,113.500000
1997-06-16,113.490000
1997-06-17,113.350000
1997-06-18,113.500000
1997-06-19,114.090000
1997-06-20,114.620000
1997-06-23,115.300000
1997-06-24,114.800000
1997-06-25,113.950000
1997-06-26,113.230000
1997-06-27,114.670000
1997-06-30,114.610000
1997-07-01,114.930000
1997-07-02,114.520000
1997-07-03,113.460000
1997-07-07,112.600000
1997-07-08,112.760000
1997-07-09,112.970000
1997-07-10,113.080000
1997-07-11,113.880000
1997-07-14,113.760000
1997-07-15,115.870000
1997-07-16,116.280000
1997-07-17,116.130000
1997-07-18,115.460000
1997-07-21,115.880000
1997-07-22,115.680000
1997-07-23,115.850000
1997-07-24,115.950000
1997-07-25,116.750000
1997-07-28,117.760000
1997-07-29,118.000000
1997-07-30,118.330000
1997-07-31,118.370000
1997-08-01,118.470000
1997-08-04,118.340000
1997-08-05,119.260000
1997-08-06,118.650000
1997-08-07,118.400000
1997-08-08,115.300000
1997-08-11,115.850000
1997-08-12,116.210000
1997-08-13,115.780000
1997-08-14,117.750000
1997-08-15,117.800000
1997-08-18,117.810000
1997-08-19,118.450000
1997-08-20,118.080000
1997-08-21,117.780000
1997-08-22,117.260000
1997-08-25,118.730000
1997-08-26,118.320000
1997-08-27,118.880000
1997-08-28,118.750000
1997-08-29,120.650000
1997-09-02,121.550000
1997-09-03,121.030000
1997-09-04,120.720000
1997-09-05,121.090000
1997-09-08,121.020000
1997-09-09,119.050000
1997-09-10,119.260000
1997-09-11,119.580000
1997-09-12,120.930000
1997-09-15,120.400000
1997-09-16,121.100000
1997-09-17,120.990000
1997-09-18,121.980000
1997-09-19,121.930000
1997-09-22,122.250000
1997-09-23,121.530000
1997-09-24,120.400000
1997-09-25,121.300000
1997-09-26,120.870000
1997-09-29,121.000000
1997-09-30,120.710000
1997-10-01,120.800000
1997-10-02,121.800000
1997-10-03,121.930000
1997-10-06,121.930000
1997-10-07,122.010000
1997-10-08,121.090000
1997-10-09,121.180000
1997-10-10,120.130000
1997-10-14,121.750000
1997-10-15,121.310000
1997-10-16,119.870000
1997-10-17,120.190000
1997-10-20,121.400000
1997-10-21,120.660000
1997-10-22,120.710000
1997-10-23,121.670000
1997-10-24,121.730000
1997-10-27,121.870000
1997-10-28,119.700000
1997-10-29,120.530000
1997-10-30,120.680000
1997-10-31,120.390000
1997-11-03,121.040000
1997-11-04,121.830000
1997-11-05,122.560000
1997-11-06,123.160000
1997-11-07,123.970000
1997-11-10,124.150000
1997-11-12,126.100000
1997-11-13,125.930000
1997-11-14,126.780000
1997-11-17,125.850000
1997-11-18,125.850000
1997-11-19,127.220000
1997-11-20,126.810000
1997-11-21,125.850000
1997-11-24,127.070000
1997-11-25,127.450000
1997-11-26,127.510000
1997-11-28,127.740000
1997-12-01,129.150000
1997-12-02,128.770000
1997-12-03,128.720000
1997-12-04,129.400000
1997-12-05,130.200000
1997-12-08,130.500000
1997-12-09,129.800000
1997-12-10,129.090000
1997-12-11,129.920000
1997-12-12,130.730000
1997-12-15,131.080000
1997-12-16,130.870000
1997-12-17,127.000000
1997-12-18,128.530000
1997-12-19,129.100000
1997-12-22,130.380000
1997-12-23,130.000000
1997-12-24,130.060000
1997-12-26,130.300000
1997-12-29,130.050000
1997-12-30,130.050000
1997-12-31,130.450000
1998-01-02,132.400000
1998-01-05,133.990000
1998-01-06,133.880000
1998-01-07,131.700000
1998-01-08,132.490000
1998-01-09,131.520000
1998-01-12,132.830000
1998-01-13,131.720000
1998-01-14,131.430000
1998-01-15,130.410000
1998-01-16,128.880000
1998-01-20,128.800000
1998-01-21,127.500000
1998-01-22,127.220000
1998-01-23,125.780000
1998-01-26,126.640000
1998-01-27,126.020000
1998-01-28,125.260000
1998-01-29,125.380000
1998-01-30,127.100000
1998-02-02,126.650000
1998-02-03,126.020000
1998-02-04,123.780000
1998-02-05,123.310000
1998-02-06,124.260000
1998-02-09,124.280000
1998-02-10,123.470000
1998-02-11,123.530000
1998-02-12,123.780000
1998-02-13,125.370000
1998-02-17,126.870000
1998-02-18,126.350000
1998-02-19,126.250000
1998-02-20,127.730000
1998-02-23,128.920000
1998-02-24,128.150000
1998-02-25,128.620000
1998-02-26,127.720000
1998-02-27,126.120000
1998-03-02,125.380000
1998-03-03,126.050000
1998-03-04,126.790000
1998-03-05,127.610000
1998-03-06,128.420000
1998-03-09,127.780000
1998-03-10,127.630000
1998-03-11,129.300000
1998-03-12,129.250000
1998-03-13,128.230000
1998-03-16,129.400000
1998-03-17,129.410000
1998-03-18,130.170000
1998-03-19,130.430000
1998-03-20,130.340000
1998-03-23,130.280000
1998-03-24,130.250000
1998-03-25,128.760000
1998-03-26,128.710000
1998-03-27,130.170000
1998-03-30,132.160000
1998-03-31,133.290000
1998-04-01,133.760000
1998-04-02,133.500000
1998-04-03,135.050000
1998-04-06,134.710000
1998-04-07,133.680000
1998-04-08,132.640000
1998-04-09,130.210000
1998-04-10,128.960000
1998-04-13,129.520000
1998-04-14,129.350000
1998-04-15,129.450000
1998-04-16,131.780000
1998-04-17,131.850000
1998-04-20,132.230000
1998-04-21,131.330000
1998-04-22,130.770000
1998-04-23,130.190000
1998-04-24,130.900000
1998-04-27,132.090000
1998-04-28,132.190000
1998-04-29,132.050000
1998-04-30,132.370000
1998-05-01,133.010000
1998-05-04,132.980000
1998-05-05,131.740000
1998-05-06,132.730000
1998-05-07,133.090000
1998-05-08,132.880000
1998-05-11,132.840000
1998-05-12,134.000000
1998-05-13,134.180000
1998-05-14,134.230000
1998-05-15,134.390000
1998-05-18,135.950000
1998-05-19,136.340000
1998-05-20,135.990000
1998-05-21,135.650000
1998-05-22,135.770000
1998-05-26,137.380000
1998-05-27,137.360000
1998-05-28,138.910000
1998-05-29,138.500000
1998-06-01,139.570000
1998-06-02,138.970000
1998-06-03,138.340000
1998-06-04,138.400000
1998-06-05,139.660000
1998-06-08,140.580000
1998-06-09,140.250000
1998-06-10,141.520000
1998-06-11,143.250000
1998-06-12,144.360000
1998-06-15,146.420000
1998-06-16,144.050000
1998-06-17,137.680000
1998-06-18,137.610000
1998-06-19,134.200000
1998-06-22,137.900000
1998-06-23,139.130000
1998-06-24,140.750000
1998-06-25,141.670000
1998-06-26,142.750000
1998-06-29,141.920000
1998-06-30,138.290000
1998-07-01,138.650000
1998-07-02,141.440000
1998-07-03,139.350000
1998-07-06,140.180000
1998-07-07,138.780000
1998-07-08,139.600000
1998-07-09,141.300000
1998-07-10,141.050000
1998-07-13,140.980000
1998-07-14,139.840000
1998-07-15,140.670000
1998-07-16,140.250000
1998-07-17,139.600000
1998-07-20,138.850000
1998-07-21,140.390000
1998-07-22,141.100000
1998-07-23,141.540000
1998-07-24,140.930000
1998-07-27,142.240000
1998-07-28,141.750000
1998-07-29,142.460000
1998-07-30,142.510000
1998-07-31,144.650000
1998-08-03,145.800000
1998-08-04,144.840000
1998-08-05,144.380000
1998-08-06,144.600000
1998-08-07,146.300000
1998-08-10,146.540000
1998-08-11,147.140000
1998-08-12,146.090000
1998-08-13,145.050000
1998-08-14,146.370000
1998-08-17,145.780000
1998-08-18,145.020000
1998-08-19,143.850000
1998-08-20,142.600000
1998-08-21,144.940000
1998-08-24,143.960000
1998-08-25,144.940000
1998-08-26,144.430000
1998-08-27,142.200000
1998-08-28,142.550000
1998-08-31,140.900000
1998-09-01,136.230000
1998-09-02,137.760000
1998-09-03,134.820000
1998-09-04,133.990000
1998-09-08,132.100000
1998-09-09,136.450000
1998-09-10,134.320000
1998-09-11,131.050000
1998-09-14,133.220000
1998-09-15,133.050000
1998-09-16,134.920000
1998-09-17,131.880000
1998-09-18,132.630000
1998-09-21,133.400000
1998-09-22,135.200000
1998-09-23,136.450000
1998-09-24,135.330000
1998-09-25,135.100000
1998-09-28,135.700000
1998-09-29,133.900000
1998-09-30,136.590000
1998-10-01,135.750000
1998-10-02,135.600000
1998-10-05,134.540000
1998-10-06,131.150000
1998-10-07,123.970000
1998-10-08,118.850000
1998-10-09,117.000000
1998-10-13,118.850000
1998-10-14,119.270000
1998-10-15,117.500000
1998-10-16,115.450000
1998-10-19,114.460000
1998-10-20,118.090000
1998-10-21,116.850000
1998-10-22,117.880000
1998-10-23,118.060000
1998-10-26,118.840000
1998-10-27,118.600000
1998-10-28,117.560000
1998-10-29,117.300000
1998-10-30,116.450000
1998-11-02,114.520000
1998-11-03,115.500000
1998-11-04,116.550000
1998-11-05,117.450000
1998-11-06,118.730000
1998-11-09,121.980000
1998-11-10,122.880000
1998-11-12,122.770000
1998-11-13,122.680000
1998-11-16,119.700000
1998-11-17,121.300000
1998-11-18,121.440000
1998-11-19,119.650000
1998-11-20,120.320000
1998-11-23,120.930000
1998-11-24,120.850000
1998-11-25,121.800000
1998-11-27,123.240000
1998-11-30,123.210000
1998-12-01,122.200000
1998-12-02,120.170000
1998-12-03,118.790000
1998-12-04,119.350000
1998-12-07,119.630000
1998-12-08,119.550000
1998-12-09,118.080000
1998-12-10,117.070000
1998-12-11,116.780000
1998-12-14,115.080000
1998-12-15,116.730000
1998-12-16,115.680000
1998-12-17,116.330000
1998-12-18,115.670000
1998-12-21,116.080000
1998-12-22,116.850000
1998-12-23,116.020000
1998-12-24,116.240000
1998-12-28,115.880000
1998-12-29,115.420000
1998-12-30,114.880000
1998-12-31,113.080000
1999-01-04,112.150000
1999-01-05,111.150000
1999-01-06,112.780000
1999-01-07,111.690000
1999-01-08,111.520000
1999-01-11,108.830000
1999-01-12,112.070000
1999-01-13,113.460000
1999-01-14,113.250000
1999-01-15,114.190000
1999-01-19,113.760000
1999-01-20,113.450000
1999-01-21,113.750000
1999-01-22,114.650000
1999-01-25,113.800000
1999-01-26,114.030000
1999-01-27,115.620000
1999-01-28,116.360000
1999-01-29,116.000000
1999-02-01,115.090000
1999-02-02,112.120000
1999-02-03,112.460000
1999-02-04,112.030000
1999-02-05,113.140000
1999-02-08,114.380000
1999-02-09,114.420000
1999-02-10,114.450000
1999-02-11,114.700000
1999-02-12,114.320000
1999-02-16,118.080000
1999-02-17,119.030000
1999-02-18,119.820000
1999-02-19,121.000000
1999-02-22,120.350000
1999-02-23,121.450000
1999-02-24,121.900000
1999-02-25,119.260000
1999-02-26,118.700000
1999-03-01,119.790000
1999-03-02,120.470000
1999-03-03,121.680000
1999-03-04,123.500000
1999-03-05,122.570000
1999-03-08,121.730000
1999-03-09,121.400000
1999-03-10,119.840000
1999-03-11,119.570000
1999-03-12,118.990000
1999-03-15,117.700000
1999-03-16,117.740000
1999-03-17,118.150000
1999-03-18,117.530000
1999-03-19,117.050000
1999-03-22,118.140000
1999-03-23,118.020000
1999-03-24,117.350000
1999-03-25,118.050000
1999-03-26,120.300000
1999-03-29,119.780000
1999-03-30,120.100000
1999-03-31,118.430000
1999-04-01,120.190000
1999-04-02,120.600000
1999-04-05,122.000000
1999-04-06,120.740000
1999-04-07,121.340000
1999-04-08,120.850000
1999-04-09,121.090000
1999-04-12,120.140000
1999-04-13,120.040000
1999-04-14,118.890000
1999-04-15,119.040000
1999-04-16,117.860000
1999-04-19,117.990000
1999-04-20,118.180000
1999-04-21,119.760000
1999-04-22,119.840000
1999-04-23,119.260000
1999-04-26,119.130000
1999-04-27,120.230000
1999-04-28,119.130000
1999-04-29,119.260000
1999-04-30,119.430000
1999-05-03,120.140000
1999-05-04,120.940000
1999-05-05,120.910000
1999-05-06,120.770000
1999-05-07,120.780000
1999-05-10,120.680000
1999-05-11,120.960000
1999-05-12,120.860000
1999-05-13,121.670000
1999-05-14,122.640000
1999-05-17,123.270000
1999-05-18,123.240000
1999-05-19,124.450000
1999-05-20,124.150000
1999-05-21,123.900000
1999-05-24,123.570000
1999-05-25,122.880000
1999-05-26,122.030000
1999-05-27,121.270000
1999-05-28,120.880000
1999-06-01,120.750000
1999-06-02,121.140000
1999-06-03,121.500000
1999-06-04,121.990000
1999-06-07,121.310000
1999-06-08,119.880000
1999-06-09,119.200000
1999-06-10,118.850000
1999-06-11,118.140000
1999-06-14,120.400000
1999-06-15,120.630000
1999-06-16,120.030000
1999-06-17,119.470000
1999-06-18,120.480000
1999-06-21,122.280000
1999-06-22,121.680000
1999-06-23,122.050000
1999-06-24,121.830000
1999-06-25,121.280000
1999-06-28,121.300000
1999-06-29,120.810000
1999-06-30,120.940000
1999-07-01,120.990000
1999-07-02,121.130000
1999-07-06,121.940000
1999-07-07,122.190000
1999-07-08,122.570000
1999-07-09,122.370000
1999-07-12,122.220000
1999-07-13,121.380000
1999-07-14,120.580000
1999-07-15,120.490000
1999-07-16,120.980000
1999-07-19,119.180000
1999-07-20,118.940000
1999-07-21,118.250000
1999-07-22,117.270000
1999-07-23,116.510000
1999-07-26,116.660000
1999-07-27,116.230000
1999-07-28,116.170000
1999-07-29,115.190000
1999-07-30,114.700000
1999-08-02,114.510000
1999-08-03,115.100000
1999-08-04,114.200000
1999-08-05,113.980000
1999-08-06,114.600000
1999-08-09,115.370000
1999-08-10,114.440000
1999-08-11,115.100000
1999-08-12,115.760000
1999-08-13,115.660000
1999-08-16,114.830000
1999-08-17,114.180000
1999-08-18,112.300000
1999-08-19,111.140000
1999-08-20,111.440000
1999-08-23,111.730000
1999-08-24,111.530000
1999-08-25,111.180000
1999-08-26,111.830000
1999-08-27,111.680000
1999-08-30,111.130000
1999-08-31,109.300000
1999-09-01,109.350000
1999-09-02,109.240000
1999-09-03,110.090000
1999-09-07,110.920000
1999-09-08,110.990000
1999-09-09,108.000000
1999-09-10,109.000000
1999-09-13,106.190000
1999-09-14,105.330000
1999-09-15,103.780000
1999-09-16,105.100000
1999-09-17,106.940000
1999-09-20,106.420000
1999-09-21,104.850000
1999-09-22,104.030000
1999-09-23,104.180000
1999-09-24,104.140000
1999-09-27,106.070000
1999-09-28,106.140000
1999-09-29,106.800000
1999-09-30,106.820000
1999-10-01,105.080000
1999-10-04,106.350000
1999-10-05,106.960000
1999-10-06,107.540000
1999-10-07,107.670000
1999-10-08,107.380000
1999-10-12,106.280000
1999-10-13,107.450000
1999-10-14,106.960000
1999-10-15,105.430000
1999-10-18,104.930000
1999-10-19,105.500000
1999-10-20,106.160000
1999-10-21,105.960000
1999-10-22,105.810000
1999-10-25,105.350000
1999-10-26,104.830000
1999-10-27,104.240000
1999-10-28,105.130000
1999-10-29,104.290000
1999-11-01,104.190000
1999-11-02,104.150000
1999-11-03,105.000000
1999-11-04,104.480000
1999-11-05,106.330000
1999-11-08,105.770000
1999-11-09,104.860000
1999-11-10,104.580000
1999-11-12,105.340000
1999-11-15,104.880000
1999-11-16,105.830000
1999-11-17,105.470000
1999-11-18,105.850000
1999-11-19,106.130000
1999-11-22,104.870000
1999-11-23,104.200000
1999-11-24,104.620000
1999-11-26,102.190000
1999-11-29,102.430000
1999-11-30,101.800000
1999-12-01,102.370000
1999-12-02,102.690000
1999-12-03,102.550000
1999-12-06,103.100000
1999-12-07,102.390000
1999-12-08,102.970000
1999-12-09,102.570000
1999-12-10,102.400000
1999-12-13,103.260000
1999-12-14,103.470000
1999-12-15,103.540000
1999-12-16,103.040000
1999-12-17,103.270000
1999-12-20,102.720000
1999-12-21,102.060000
1999-12-22,101.530000
1999-12-23,101.730000
1999-12-24,102.950000
1999-12-27,102.100000
1999-12-28,102.190000
1999-12-29,102.050000
1999-12-30,102.330000
1999-12-31,102.160000
2000-01-03,101.700000
2000-01-04,103.090000
2000-01-05,103.770000
2000-01-06,105.190000
2000-01-07,105.170000
2000-01-10,105.280000
2000-01-11,106.090000
2000-01-12,105.760000
2000-01-13,106.090000
2000-01-14,105.860000
2000-01-18,105.490000
2000-01-19,105.390000
2000-01-20,105.450000
2000-01-21,104.960000
2000-01-24,105.520000
2000-01-25,105.870000
2000-01-26,105.850000
2000-01-27,104.910000
2000-01-28,107.150000
2000-01-31,107.330000
2000-02-01,107.670000
2000-02-02,108.400000
2000-02-03,107.920000
2000-02-04,107.540000
2000-02-07,108.750000
2000-02-08,109.590000
2000-02-09,109.110000
2000-02-10,108.740000
2000-02-11,108.990000
2000-02-14,108.650000
2000-02-15,108.750000
2000-02-16,109.380000
2000-02-17,110.270000
2000-02-18,110.880000
2000-02-22,111.040000
2000-02-23,111.110000
2000-02-24,110.950000
2000-02-25,110.980000
2000-02-28,109.170000
2000-02-29,109.880000
2000-03-01,107.100000
2000-03-02,107.370000
2000-03-03,107.800000
2000-03-06,107.740000
2000-03-07,106.200000
2000-03-08,106.890000
2000-03-09,106.450000
2000-03-10,106.270000
2000-03-13,105.320000
2000-03-14,104.850000
2000-03-15,105.580000
2000-03-16,105.630000
2000-03-17,106.100000
2000-03-20,106.500000
2000-03-21,106.910000
2000-03-22,106.770000
2000-03-23,107.450000
2000-03-24,107.250000
2000-03-27,107.130000
2000-03-28,105.900000
2000-03-29,105.600000
2000-03-30,105.530000
2000-03-31,102.730000
2000-04-03,104.820000
2000-04-04,105.330000
2000-04-05,105.000000
2000-04-06,104.780000
2000-04-07,105.330000
2000-04-10,106.370000
2000-04-11,106.950000
2000-04-12,105.860000
2000-04-13,105.760000
2000-04-14,105.120000
2000-04-17,104.190000
2000-04-18,104.590000
2000-04-19,104.940000
2000-04-20,105.450000
2000-04-21,105.880000
2000-04-24,105.660000
2000-04-25,105.710000
2000-04-26,106.460000
2000-04-27,106.360000
2000-04-28,107.980000
2000-05-01,108.890000
2000-05-02,108.630000
2000-05-03,109.140000
2000-05-04,108.170000
2000-05-05,108.530000
2000-05-08,109.030000
2000-05-09,109.610000
2000-05-10,109.330000
2000-05-11,108.470000
2000-05-12,108.740000
2000-05-15,109.480000
2000-05-16,109.750000
2000-05-17,109.530000
2000-05-18,108.700000
2000-05-19,106.890000
2000-05-22,107.020000
2000-05-23,106.720000
2000-05-24,107.580000
2000-05-25,107.480000
2000-05-26,107.180000
2000-05-30,106.440000
2000-05-31,107.740000
2000-06-01,108.740000
2000-06-02,108.150000
2000-06-05,107.440000
2000-06-06,105.640000
2000-06-07,105.500000
2000-06-08,105.860000
2000-06-09,106.780000
2000-06-12,106.650000
2000-06-13,106.790000
2000-06-14,106.890000
2000-06-15,106.520000
2000-06-16,106.220000
2000-06-19,105.740000
2000-06-20,105.420000
2000-06-21,105.500000
2000-06-22,104.400000
2000-06-23,104.590000
2000-06-26,105.660000
2000-06-27,105.530000
2000-06-28,105.510000
2000-06-29,105.090000
2000-06-30,106.140000
2000-07-03,105.640000
2000-07-05,106.910000
2000-07-06,107.370000
2000-07-07,107.810000
2000-07-10,107.100000
2000-07-11,106.930000
2000-07-12,108.360000
2000-07-13,108.270000
2000-07-14,107.880000
2000-07-17,108.530000
2000-07-18,108.300000
2000-07-19,108.200000
2000-07-20,107.890000
2000-07-21,109.080000
2000-07-24,108.920000
2000-07-25,109.300000
2000-07-26,109.280000
2000-07-27,109.150000
2000-07-28,109.630000
2000-07-31,109.680000
2000-08-01,109.470000
2000-08-02,108.770000
2000-08-03,108.360000
2000-08-04,108.540000
2000-08-07,108.990000
2000-08-08,108.640000
2000-08-09,107.990000
2000-08-10,108.700000
2000-08-11,108.680000
2000-08-14,109.520000
2000-08-15,109.000000
2000-08-16,108.550000
2000-08-17,108.480000
2000-08-18,108.430000
2000-08-21,108.530000
2000-08-22,108.340000
2000-08-23,107.020000
2000-08-24,106.890000
2000-08-25,107.170000
2000-08-28,106.450000
2000-08-29,106.200000
2000-08-30,106.470000
2000-08-31,106.660000
2000-09-01,105.780000
2000-09-05,105.880000
2000-09-06,106.080000
2000-09-07,105.100000
2000-09-08,106.030000
2000-09-11,105.970000
2000-09-12,106.930000
2000-09-13,107.110000
2000-09-14,107.250000
2000-09-15,107.330000
2000-09-18,106.870000
2000-09-19,107.020000
2000-09-20,106.770000
2000-09-21,106.500000
2000-09-22,107.940000
2000-09-25,107.630000
2000-09-26,107.630000
2000-09-27,107.440000
2000-09-28,107.590000
2000-09-29,107.900000
2000-10-02,108.810000
2000-10-03,108.660000
2000-10-04,109.290000
2000-10-05,109.300000
2000-10-06,108.810000
2000-10-10,107.900000
2000-10-11,107.630000
2000-10-12,107.580000
2000-10-13,107.670000
2000-10-16,108.300000
2000-10-17,108.150000
2000-10-18,107.780000
2000-10-19,108.550000
2000-10-20,109.040000
2000-10-23,108.450000
2000-10-24,108.080000
2000-10-25,108.050000
2000-10-26,108.360000
2000-10-27,108.750000
2000-10-30,108.990000
2000-10-31,109.150000
2000-11-01,108.480000
2000-11-02,108.390000
2000-11-03,107.580000
2000-11-06,107.340000
2000-11-07,107.300000
2000-11-08,107.570000
2000-11-09,107.410000
2000-11-10,107.830000
2000-11-13,107.700000
2000-11-14,108.150000
2000-11-15,108.750000
2000-11-16,109.080000
2000-11-17,108.860000
2000-11-20,109.790000
2000-11-21,110.290000
2000-11-22,110.160000
2000-11-24,111.380000
2000-11-27,110.700000
2000-11-28,110.230000
2000-11-29,111.280000
2000-11-30,110.930000
2000-12-01,111.150000
2000-12-04,111.070000
2000-12-05,111.000000
2000-12-06,110.420000
2000-12-07,110.700000
2000-12-08,111.290000
2000-12-11,110.770000
2000-12-12,111.500000
2000-12-13,112.400000
2000-12-14,112.420000
2000-12-15,112.550000
2000-12-18,112.060000
2000-12-19,112.550000
2000-12-20,112.580000
2000-12-21,112.180000
2000-12-22,112.750000
2000-12-26,113.620000
2000-12-27,114.200000
2000-12-28,114.620000
2000-12-29,114.350000
2001-01-02,114.730000
2001-01-03,114.260000
2001-01-04,115.470000
2001-01-05,116.190000
2001-01-08,115.970000
2001-01-09,116.640000
2001-01-10,116.260000
2001-01-11,117.560000
2001-01-12,117.760000
2001-01-16,117.280000
2001-01-17,118.350000
2001-01-18,117.780000
2001-01-19,117.230000
2001-01-22,116.620000
2001-01-23,116.950000
2001-01-24,118.180000
2001-01-25,116.910000
2001-01-26,117.160000
2001-01-29,116.670000
2001-01-30,115.750000
2001-01-31,116.390000
2001-02-01,115.330000
2001-02-02,115.650000
2001-02-05,114.990000
2001-02-06,114.880000
2001-02-07,116.210000
2001-02-08,116.300000
2001-02-09,117.570000
2001-02-12,117.620000
2001-02-13,117.300000
2001-02-14,116.650000
2001-02-15,115.670000
2001-02-16,115.460000
2001-02-20,115.570000
2001-02-21,116.450000
2001-02-22,116.530000
2001-02-23,116.150000
2001-02-26,116.630000
2001-02-27,116.200000
2001-02-28,117.280000
2001-03-01,117.330000
2001-03-02,119.060000
2001-03-05,119.080000
2001-03-06,118.870000
2001-03-07,119.860000
2001-03-08,119.510000
2001-03-09,119.710000
2001-03-12,120.630000
2001-03-13,120.200000
2001-03-14,120.970000
2001-03-15,122.230000
2001-03-16,122.850000
2001-03-19,122.570000
2001-03-20,122.730000
2001-03-21,123.620000
2001-03-22,123.840000
2001-03-23,122.640000
2001-03-26,122.810000
2001-03-27,122.990000
2001-03-28,122.620000
2001-03-29,123.450000
2001-03-30,125.540000
2001-04-02,126.750000
2001-04-03,125.410000
2001-04-04,125.380000
2001-04-05,124.330000
2001-04-06,124.030000
2001-04-09,124.850000
2001-04-10,124.480000
2001-04-11,124.820000
2001-04-12,123.510000
2001-04-13,124.150000
2001-04-16,124.640000
2001-04-17,123.670000
2001-04-18,122.350000
2001-04-19,121.870000
2001-04-20,122.520000
2001-04-23,121.680000
2001-04-24,122.080000
2001-04-25,122.210000
2001-04-26,123.130000
2001-04-27,123.760000
2001-04-30,123.570000
2001-05-01,121.920000
2001-05-02,121.720000
2001-05-03,121.190000
2001-05-04,121.050000
2001-05-07,121.340000
2001-05-08,121.660000
2001-05-09,122.250000
2001-05-10,122.710000
2001-05-11,122.500000
2001-05-14,123.120000
2001-05-15,123.260000
2001-05-16,123.590000
2001-05-17,122.680000
2001-05-18,123.670000
2001-05-21,122.910000
2001-05-22,122.790000
2001-05-23,120.390000
2001-05-24,120.150000
2001-05-25,120.750000
2001-05-29,120.100000
2001-05-30,120.270000
2001-05-31,118.880000
2001-06-01,119.130000
2001-06-04,119.500000
2001-06-05,120.270000
2001-06-06,120.350000
2001-06-07,119.910000
2001-06-08,120.600000
2001-06-11,122.020000
2001-06-12,121.740000
2001-06-13,121.890000
2001-06-14,121.420000
2001-06-15,122.970000
2001-06-18,123.200000
2001-06-19,122.970000
2001-06-20,123.300000
2001-06-21,124.400000
2001-06-22,124.250000
2001-06-25,124.020000
2001-06-26,123.820000
2001-06-27,124.250000
2001-06-28,124.630000
2001-06-29,124.730000
2001-07-02,124.220000
2001-07-03,124.480000
2001-07-05,125.770000
2001-07-06,125.850000
2001-07-09,125.430000
2001-07-10,125.530000
2001-07-11,124.060000
2001-07-12,124.100000
2001-07-13,124.750000
2001-07-16,125.440000
2001-07-17,124.890000
2001-07-18,124.350000
2001-07-19,123.610000
2001-07-20,122.850000
2001-07-23,124.190000
2001-07-24,124.000000
2001-07-25,123.640000
2001-07-26,123.830000
2001-07-27,123.290000
2001-07-30,125.180000
2001-07-31,125.000000
2001-08-01,124.870000
2001-08-02,123.720000
2001-08-03,123.460000
2001-08-06,123.850000
2001-08-07,123.830000
2001-08-08,123.200000
2001-08-09,123.030000
2001-08-10,121.970000
2001-08-13,122.460000
2001-08-14,121.600000
2001-08-15,119.920000
2001-08-16,120.110000
2001-08-17,120.370000
2001-08-20,120.720000
2001-08-21,119.910000
2001-08-22,119.910000
2001-08-23,119.840000
2001-08-24,120.130000
2001-08-27,120.120000
2001-08-28,120.480000
2001-08-29,119.790000
2001-08-30,119.400000
2001-08-31,118.750000
2001-09-04,119.490000
2001-09-05,120.760000
2001-09-06,120.950000
2001-09-07,120.070000
2001-09-10,121.080000
2001-09-12,119.530000
2001-09-13,118.810000
2001-09-14,117.380000
2001-09-17,117.590000
2001-09-18,117.320000
2001-09-19,117.300000
2001-09-20,115.890000
2001-09-21,116.730000
2001-09-24,117.520000
2001-09-25,117.780000
2001-09-26,117.890000
2001-09-27,119.690000
2001-09-28,119.230000
2001-10-01,120.270000
2001-10-02,120.780000
2001-10-03,120.670000
2001-10-04,120.630000
2001-10-05,120.370000
2001-10-09,120.200000
2001-10-10,120.430000
2001-10-11,121.570000
2001-10-12,120.930000
2001-10-15,120.940000
2001-10-16,121.270000
2001-10-17,121.050000
2001-10-18,121.180000
2001-10-19,121.150000
2001-10-22,122.450000
2001-10-23,122.830000
2001-10-24,122.860000
2001-10-25,122.720000
2001-10-26,122.990000
2001-10-29,122.080000
2001-10-30,122.070000
2001-10-31,122.540000
2001-11-01,121.870000
2001-11-02,121.680000
2001-11-05,121.720000
2001-11-06,121.150000
2001-11-07,121.050000
2001-11-08,119.980000
2001-11-09,120.250000
2001-11-13,121.450000
2001-11-14,121.670000
2001-11-15,122.400000
2001-11-16,122.670000
2001-11-19,123.270000
2001-11-20,122.620000
2001-11-21,123.190000
2001-11-23,124.440000
2001-11-26,124.200000
2001-11-27,124.170000
2001-11-28,123.290000
2001-11-29,123.820000
2001-11-30,123.220000
2001-12-03,123.900000
2001-12-04,124.280000
2001-12-05,124.400000
2001-12-06,124.830000
2001-12-07,125.660000
2001-12-10,126.270000
2001-12-11,126.230000
2001-12-12,126.520000
2001-12-13,126.320000
2001-12-14,127.240000
2001-12-17,127.540000
2001-12-18,127.970000
2001-12-19,128.200000
2001-12-20,128.550000
2001-12-21,129.480000
2001-12-24,129.900000
2001-12-26,130.790000
2001-12-27,131.470000
2001-12-28,131.300000
2001-12-31,131.040000
2002-01-02,132.020000
2002-01-03,131.760000
2002-01-04,131.020000
2002-01-07,130.930000
2002-01-08,132.530000
2002-01-09,132.620000
2002-01-10,132.610000
2002-01-11,132.170000
2002-01-14,131.830000
2002-01-15,131.140000
2002-01-16,131.770000
2002-01-17,132.130000
2002-01-18,132.640000
2002-01-22,133.980000
2002-01-23,134.250000
2002-01-24,134.640000
2002-01-25,134.470000
2002-01-28,133.430000
2002-01-29,133.510000
2002-01-30,132.840000
2002-01-31,134.060000
2002-02-01,133.770000
2002-02-04,132.710000
2002-02-05,133.900000
2002-02-06,133.720000
2002-02-07,133.490000
2002-02-08,134.770000
2002-02-11,133.620000
2002-02-12,132.820000
2002-02-13,133.230000
2002-02-14,132.260000
2002-02-15,132.760000
2002-02-19,133.450000
2002-02-20,133.760000
2002-02-21,134.270000
2002-02-22,133.850000
2002-02-25,133.890000
2002-02-26,134.350000
2002-02-27,134.630000
2002-02-28,133.960000
2002-03-01,133.350000
2002-03-04,132.200000
2002-03-05,132.310000
2002-03-06,130.850000
2002-03-07,127.070000
2002-03-08,128.210000
2002-03-11,128.080000
2002-03-12,128.670000
2002-03-13,129.430000
2002-03-14,128.940000
2002-03-15,129.100000
2002-03-18,131.270000
2002-03-19,132.300000
2002-03-20,131.600000
2002-03-21,131.860000
2002-03-22,132.880000
2002-03-25,133.460000
2002-03-26,132.780000
2002-03-27,132.610000
2002-03-28,132.610000
2002-03-29,132.700000
2002-04-01,133.320000
2002-04-02,133.400000
2002-04-03,132.650000
2002-04-04,132.300000
2002-04-05,131.730000
2002-04-08,131.270000
2002-04-09,131.030000
2002-04-10,130.750000
2002-04-11,131.550000
2002-04-12,132.090000
2002-04-15,131.950000
2002-04-16,131.190000
2002-04-17,130.700000
2002-04-18,129.840000
2002-04-19,130.500000
2002-04-22,129.900000
2002-04-23,129.890000
2002-04-24,129.760000
2002-04-25,128.400000
2002-04-26,128.180000
2002-04-29,128.130000
2002-04-30,128.450000
2002-05-01,127.450000
2002-05-02,128.020000
2002-05-03,127.210000
2002-05-06,127.270000
2002-05-07,127.800000
2002-05-08,128.640000
2002-05-09,128.360000
2002-05-10,127.890000
2002-05-13,127.690000
2002-05-14,128.660000
2002-05-15,127.920000
2002-05-16,128.190000
2002-05-17,126.030000
2002-05-20,125.640000
2002-05-21,123.830000
2002-05-22,124.160000
2002-05-23,124.840000
2002-05-24,124.710000
2002-05-28,124.380000
2002-05-29,124.350000
2002-05-30,123.080000
2002-05-31,124.130000
2002-06-03,123.690000
2002-06-04,123.950000
2002-06-05,124.400000
2002-06-06,124.340000
2002-06-07,124.490000
2002-06-10,124.600000
2002-06-11,125.560000
2002-06-12,125.640000
2002-06-13,125.120000
2002-06-14,124.250000
2002-06-17,124.370000
2002-06-18,124.560000
2002-06-19,124.040000
2002-06-20,123.330000
2002-06-21,121.230000
2002-06-24,121.280000
2002-06-25,121.900000
2002-06-26,119.830000
2002-06-27,119.380000
2002-06-28,119.850000
2002-07-01,120.040000
2002-07-02,120.130000
2002-07-03,119.770000
2002-07-05,120.190000
2002-07-08,118.660000
2002-07-09,117.850000
2002-07-10,117.940000
2002-07-11,116.620000
2002-07-12,116.730000
2002-07-15,116.060000
2002-07-16,115.710000
2002-07-17,116.240000
2002-07-18,117.020000
2002-07-19,115.730000
2002-07-22,116.220000
2002-07-23,117.350000
2002-07-24,116.330000
2002-07-25,116.870000
2002-07-26,118.780000
2002-07-29,119.870000
2002-07-30,119.900000
2002-07-31,119.770000
2002-08-01,119.100000
2002-08-02,118.980000
2002-08-05,119.260000
2002-08-06,121.140000
2002-08-07,120.370000
2002-08-08,121.040000
2002-08-09,120.150000
2002-08-12,118.850000
2002-08-13,119.080000
2002-08-14,116.530000
2002-08-15,117.280000
2002-08-16,117.510000
2002-08-19,118.530000
2002-08-20,118.840000
2002-08-21,118.540000
2002-08-22,119.850000
2002-08-23,119.530000
2002-08-26,119.540000
2002-08-27,118.310000
2002-08-28,118.310000
2002-08-29,118.340000
2002-08-30,118.760000
2002-09-03,117.120000
2002-09-04,118.010000
2002-09-05,118.340000
2002-09-06,118.480000
2002-09-09,118.850000
2002-09-10,119.780000
2002-09-11,120.640000
2002-09-12,120.680000
2002-09-13,121.500000
2002-09-16,122.170000
2002-09-17,122.640000
2002-09-18,121.490000
2002-09-19,121.480000
2002-09-20,123.160000
2002-09-23,123.930000
2002-09-24,123.380000
2002-09-25,122.720000
2002-09-26,122.590000
2002-09-27,122.860000
2002-09-30,121.740000
2002-10-01,122.730000
2002-10-02,123.210000
2002-10-03,123.040000
2002-10-04,123.020000
2002-10-07,124.440000
2002-10-08,124.260000
2002-10-09,123.550000
2002-10-10,123.640000
2002-10-11,124.040000
2002-10-15,124.660000
2002-10-16,124.300000
2002-10-17,124.800000
2002-10-18,125.520000
2002-10-21,124.710000
2002-10-22,125.090000
2002-10-23,124.170000
2002-10-24,124.770000
2002-10-25,124.140000
2002-10-28,123.640000
2002-10-29,122.550000
2002-10-30,122.910000
2002-10-31,122.780000
2002-11-01,122.160000
2002-11-04,122.460000
2002-11-05,121.840000
2002-11-06,122.220000
2002-11-07,121.260000
2002-11-08,119.720000
2002-11-12,119.570000
2002-11-13,120.280000
2002-11-14,120.450000
2002-11-15,120.370000
2002-11-18,121.150000
2002-11-19,121.650000
2002-11-20,122.520000
2002-11-21,122.920000
2002-11-22,122.840000
2002-11-25,122.320000
2002-11-26,121.890000
2002-11-27,122.210000
2002-11-29,122.720000
2002-12-02,124.610000
2002-12-03,124.420000
2002-12-04,124.840000
2002-12-05,124.990000
2002-12-06,123.690000
2002-12-09,123.360000
2002-12-10,123.660000
2002-12-11,123.460000
2002-12-12,122.750000
2002-12-13,120.710000
2002-12-16,121.280000
2002-12-17,121.270000
2002-12-18,121.120000
2002-12-19,120.860000
2002-12-20,120.520000
2002-12-23,120.770000
2002-12-24,120.270000
2002-12-26,120.120000
2002-12-27,119.920000
2002-12-30,118.380000
2002-12-31,118.750000
2003-01-02,119.860000
2003-01-03,119.850000
2003-01-06,119.060000
2003-01-07,120.180000
2003-01-08,119.350000
2003-01-09,119.570000
2003-01-10,119.440000
2003-01-13,119.030000
2003-01-14,117.960000
2003-01-15,117.910000
2003-01-16,118.020000
2003-01-17,117.880000
2003-01-21,118.570000
2003-01-22,118.150000
2003-01-23,117.830000
2003-01-24,117.800000
2003-01-27,118.640000
2003-01-28,118.670000
2003-01-29,118.130000
2003-01-30,119.220000
2003-01-31,119.960000
2003-02-03,120.470000
2003-02-04,119.750000
2003-02-05,119.780000
2003-02-06,119.930000
2003-02-07,120.400000
2003-02-10,121.250000
2003-02-11,121.190000
2003-02-12,121.300000
2003-02-13,120.490000
2003-02-14,120.410000
2003-02-18,118.930000
2003-02-19,118.650000
2003-02-20,118.180000
2003-02-21,118.780000
2003-02-24,117.780000
2003-02-25,117.140000
2003-02-26,117.190000
2003-02-27,117.580000
2003-02-28,118.220000
2003-03-03,117.930000
2003-03-04,117.960000
2003-03-05,117.320000
2003-03-06,117.220000
2003-03-07,116.470000
2003-03-10,116.550000
2003-03-11,117.070000
2003-03-12,117.180000
2003-03-13,118.310000
2003-03-14,118.590000
2003-03-17,118.450000
2003-03-18,118.900000
2003-03-19,120.130000
2003-03-20,120.050000
2003-03-21,121.420000
2003-03-24,120.690000
2003-03-25,120.030000
2003-03-26,120.130000
2003-03-27,119.780000
2003-03-28,120.180000
2003-03-31,118.070000
2003-04-01,118.250000
2003-04-02,119.170000
2003-04-03,119.550000
2003-04-04,120.050000
2003-04-07,120.410000
2003-04-08,119.910000
2003-04-09,120.550000
2003-04-10,119.580000
2003-04-11,120.470000
2003-04-14,120.300000
2003-04-15,120.200000
2003-04-16,120.040000
2003-04-17,119.300000
2003-04-18,119.720000
2003-04-21,120.550000
2003-04-22,119.680000
2003-04-23,120.330000
2003-04-24,119.830000
2003-04-25,120.250000
2003-04-28,120.340000
2003-04-29,120.140000
2003-04-30,119.070000
2003-05-01,118.560000
2003-05-02,119.100000
2003-05-05,118.640000
2003-05-06,117.940000
2003-05-07,116.510000
2003-05-08,116.650000
2003-05-09,117.200000
2003-05-12,116.940000
2003-05-13,116.560000
2003-05-14,116.160000
2003-05-15,115.940000
2003-05-16,116.010000
2003-05-19,116.580000
2003-05-20,116.770000
2003-05-21,117.230000
2003-05-22,117.250000
2003-05-23,116.890000
2003-05-27,117.120000
2003-05-28,118.730000
2003-05-29,118.450000
2003-05-30,119.500000
2003-06-02,118.520000
2003-06-03,119.270000
2003-06-04,118.600000
2003-06-05,117.610000
2003-06-06,118.830000
2003-06-09,118.110000
2003-06-10,117.680000
2003-06-11,117.690000
2003-06-12,117.660000
2003-06-13,117.460000
2003-06-16,117.790000
2003-06-17,118.200000
2003-06-18,118.400000
2003-06-19,118.740000
2003-06-20,118.390000
2003-06-23,117.550000
2003-06-24,117.960000
2003-06-25,117.540000
2003-06-26,119.320000
2003-06-27,119.720000
2003-06-30,119.870000
2003-07-01,119.450000
2003-07-02,118.630000
2003-07-03,118.240000
2003-07-07,118.080000
2003-07-08,118.580000
2003-07-09,117.850000
2003-07-10,117.690000
2003-07-11,117.800000
2003-07-14,117.540000
2003-07-15,117.240000
2003-07-16,118.240000
2003-07-17,118.870000
2003-07-18,118.400000
2003-07-21,118.350000
2003-07-22,119.340000
2003-07-23,118.770000
2003-07-24,119.250000
2003-07-25,118.820000
2003-07-28,119.420000
2003-07-29,119.780000
2003-07-30,120.550000
2003-07-31,120.420000
2003-08-01,120.000000
2003-08-04,120.470000
2003-08-05,119.950000
2003-08-06,120.330000
2003-08-07,118.910000
2003-08-08,119.020000
2003-08-11,118.360000
2003-08-12,118.530000
2003-08-13,119.070000
2003-08-14,119.140000
2003-08-15,119.240000
2003-08-18,119.430000
2003-08-19,119.260000
2003-08-20,118.230000
2003-08-21,117.580000
2003-08-22,117.580000
2003-08-25,117.430000
2003-08-26,117.490000
2003-08-27,117.740000
2003-08-28,117.440000
2003-08-29,116.710000
2003-09-02,116.150000
2003-09-03,116.040000
2003-09-04,116.770000
2003-09-05,117.060000
2003-09-08,116.480000
2003-09-09,116.330000
2003-09-10,117.130000
2003-09-11,117.070000
2003-09-12,117.380000
2003-09-15,117.410000
2003-09-16,116.270000
2003-09-17,115.990000
2003-09-18,115.270000
2003-09-19,113.990000
2003-09-22,111.950000
2003-09-23,111.650000
2003-09-24,111.700000
2003-09-25,111.860000
2003-09-26,111.800000
2003-09-29,111.070000
2003-09-30,111.430000
2003-10-01,110.610000
2003-10-02,110.590000
2003-10-03,110.900000
2003-10-06,110.810000
2003-10-07,109.810000
2003-10-08,109.550000
2003-10-09,109.340000
2003-10-10,108.570000
2003-10-14,109.290000
2003-10-15,109.560000
2003-10-16,109.360000
2003-10-17,109.570000
2003-10-20,110.220000
2003-10-21,109.690000
2003-10-22,108.950000
2003-10-23,109.590000
2003-10-24,109.230000
2003-10-27,108.380000
2003-10-28,108.330000
2003-10-29,108.180000
2003-10-30,108.270000
2003-10-31,110.100000
2003-11-03,111.200000
2003-11-04,109.600000
2003-11-05,109.910000
2003-11-06,110.150000
2003-11-07,109.290000
2003-11-10,107.980000
2003-11-12,108.550000
2003-11-13,108.330000
2003-11-14,108.430000
2003-11-17,108.980000
2003-11-18,108.110000
2003-11-19,109.060000
2003-11-20,108.990000
2003-11-21,108.870000
2003-11-24,109.390000
2003-11-25,109.720000
2003-11-26,109.110000
2003-11-28,109.530000
2003-12-01,109.610000
2003-12-02,108.820000
2003-12-03,108.170000
2003-12-04,108.190000
2003-12-05,107.780000
2003-12-08,107.230000
2003-12-09,107.300000
2003-12-10,108.400000
2003-12-11,108.230000
2003-12-12,107.730000
2003-12-15,107.520000
2003-12-16,107.600000
2003-12-17,107.420000
2003-12-18,107.920000
2003-12-19,107.940000
2003-12-22,107.400000
2003-12-23,107.440000
2003-12-24,107.290000
2003-12-26,107.180000
2003-12-29,106.930000
2003-12-30,107.000000
2003-12-31,107.130000
2004-01-02,106.950000
2004-01-05,106.100000
2004-01-06,106.200000
2004-01-07,106.190000
2004-01-08,106.170000
2004-01-09,106.540000
2004-01-12,106.480000
2004-01-13,106.250000
2004-01-14,106.060000
2004-01-15,106.100000
2004-01-16,106.870000
2004-01-20,107.170000
2004-01-21,106.840000
2004-01-22,106.080000
2004-01-23,106.210000
2004-01-26,106.150000
2004-01-27,105.560000
2004-01-28,105.520000
2004-01-29,106.090000
2004-01-30,105.840000
2004-02-02,105.590000
2004-02-03,105.360000
2004-02-04,105.530000
2004-02-05,105.520000
2004-02-06,105.570000
2004-02-09,105.680000
2004-02-10,105.550000
2004-02-11,105.370000
2004-02-12,105.420000
2004-02-13,105.600000
2004-02-17,105.800000
2004-02-18,106.370000
2004-02-19,107.090000
2004-02-20,108.830000
2004-02-23,108.220000
2004-02-24,108.110000
2004-02-25,108.990000
2004-02-26,109.590000
2004-02-27,109.260000
2004-03-01,108.930000
2004-03-02,110.270000
2004-03-03,110.250000
2004-03-04,110.740000
2004-03-05,111.420000
2004-03-08,112.120000
2004-03-09,111.200000
2004-03-10,111.040000
2004-03-11,110.890000
2004-03-12,110.820000
2004-03-15,110.480000
2004-03-16,108.950000
2004-03-17,108.180000
2004-03-18,106.600000
2004-03-19,106.970000
2004-03-22,106.840000
2004-03-23,106.630000
2004-03-24,106.230000
2004-03-25,106.060000
2004-03-26,105.930000
2004-03-29,105.520000
2004-03-30,105.610000
2004-03-31,104.180000
2004-04-01,103.700000
2004-04-02,104.550000
2004-04-05,105.360000
2004-04-06,105.900000
2004-04-07,105.200000
2004-04-08,106.100000
2004-04-09,106.450000
2004-04-12,105.500000
2004-04-13,106.960000
2004-04-14,108.530000
2004-04-15,108.580000
2004-04-16,107.690000
2004-04-19,108.500000
2004-04-20,108.430000
2004-04-21,109.550000
2004-04-22,109.850000
2004-04-23,109.380000
2004-04-26,108.550000
2004-04-27,109.480000
2004-04-28,109.850000
2004-04-29,109.960000
2004-04-30,110.370000
2004-05-03,110.340000
2004-05-04,110.020000
2004-05-05,108.500000
2004-05-06,109.580000
2004-05-07,112.300000
2004-05-10,114.030000
2004-05-11,113.670000
2004-05-12,113.210000
2004-05-13,114.250000
2004-05-14,114.300000
2004-05-17,114.100000
2004-05-18,114.060000
2004-05-19,112.770000
2004-05-20,113.180000
2004-05-21,112.090000
2004-05-24,112.660000
2004-05-25,112.210000
2004-05-26,111.700000
2004-05-27,110.770000
2004-05-28,110.180000
2004-06-01,110.450000
2004-06-02,110.280000
2004-06-03,111.140000
2004-06-04,111.270000
2004-06-07,109.610000
2004-06-08,109.770000
2004-06-09,109.740000
2004-06-10,109.330000
2004-06-11,110.090000
2004-06-14,111.150000
2004-06-15,109.590000
2004-06-16,110.150000
2004-06-17,109.630000
2004-06-18,108.650000
2004-06-21,108.570000
2004-06-22,109.000000
2004-06-23,108.640000
2004-06-24,107.100000
2004-06-25,107.820000
2004-06-28,107.950000
2004-06-29,108.180000
2004-06-30,109.430000
2004-07-01,108.240000
2004-07-02,108.600000
2004-07-06,109.240000
2004-07-07,108.380000
2004-07-08,108.760000
2004-07-09,108.210000
2004-07-12,108.240000
2004-07-13,109.370000
2004-07-14,109.130000
2004-07-15,109.520000
2004-07-16,108.770000
2004-07-19,108.280000
2004-07-20,108.380000
2004-07-21,110.100000
2004-07-22,109.680000
2004-07-23,110.110000
2004-07-26,110.080000
2004-07-27,111.090000
2004-07-28,111.780000
2004-07-29,111.880000
2004-07-30,111.390000
2004-08-02,111.080000
2004-08-03,110.600000
2004-08-04,111.290000
2004-08-05,111.530000
2004-08-06,110.050000
2004-08-09,110.570000
2004-08-10,110.790000
2004-08-11,110.780000
2004-08-12,111.140000
2004-08-13,110.670000
2004-08-16,110.640000
2004-08-17,110.070000
2004-08-18,109.710000
2004-08-19,109.340000
2004-08-20,109.320000
2004-08-23,109.470000
2004-08-24,109.630000
2004-08-25,110.380000
2004-08-26,109.730000
2004-08-27,109.510000
2004-08-30,109.840000
2004-08-31,109.000000
2004-09-01,109.620000
2004-09-02,109.520000
2004-09-03,110.470000
2004-09-07,109.320000
2004-09-08,109.220000
2004-09-09,109.690000
2004-09-10,109.330000
2004-09-13,110.130000
2004-09-14,109.400000
2004-09-15,110.340000
2004-09-16,109.750000
2004-09-17,109.970000
2004-09-20,109.870000
2004-09-21,109.940000
2004-09-22,110.530000
2004-09-23,110.390000
2004-09-24,110.720000
2004-09-27,111.130000
2004-09-28,111.480000
2004-09-29,110.900000
2004-09-30,110.200000
2004-10-01,110.450000
2004-10-04,111.130000
2004-10-05,111.210000
2004-10-06,111.340000
2004-10-07,111.150000
2004-10-08,109.440000
2004-10-12,109.790000
2004-10-13,109.780000
2004-10-14,109.600000
2004-10-15,109.140000
2004-10-18,109.230000
2004-10-19,108.360000
2004-10-20,108.160000
2004-10-21,107.430000
2004-10-22,107.420000
2004-10-25,106.610000
2004-10-26,106.630000
2004-10-27,106.670000
2004-10-28,106.090000
2004-10-29,106.040000
2004-11-01,106.410000
2004-11-02,106.290000
2004-11-03,106.200000
2004-11-04,106.020000
2004-11-05,105.600000
2004-11-08,105.570000
2004-11-09,105.570000
2004-11-10,106.910000
2004-11-12,105.530000
2004-11-15,105.530000
2004-11-16,105.350000
2004-11-17,104.180000
2004-11-18,104.230000
2004-11-19,102.800000
2004-11-22,103.200000
2004-11-23,103.420000
2004-11-24,102.940000
2004-11-26,102.580000
2004-11-29,102.610000
2004-11-30,103.040000
2004-12-01,102.780000
2004-12-02,103.110000
2004-12-03,102.560000
2004-12-06,102.680000
2004-12-07,102.740000
2004-12-08,104.740000
2004-12-09,104.930000
2004-12-10,105.450000
2004-12-13,104.670000
2004-12-14,105.590000
2004-12-15,104.020000
2004-12-16,104.360000
2004-12-17,104.280000
2004-12-20,104.010000
2004-12-21,104.330000
2004-12-22,103.950000
2004-12-23,103.710000
2004-12-24,103.650000
2004-12-27,102.970000
2004-12-28,103.130000
2004-12-29,104.190000
2004-12-30,103.110000
2004-12-31,102.680000
2005-01-03,102.830000
2005-01-04,104.270000
2005-01-05,103.950000
2005-01-06,104.870000
2005-01-07,104.930000
2005-01-10,104.320000
2005-01-11,103.420000
2005-01-12,102.260000
2005-01-13,102.550000
2005-01-14,102.500000
2005-01-18,102.360000
2005-01-19,102.520000
2005-01-20,103.310000
2005-01-21,102.850000
2005-01-24,102.670000
2005-01-25,104.160000
2005-01-26,102.900000
2005-01-27,103.150000
2005-01-28,103.450000
2005-01-31,103.550000
2005-02-01,103.930000
2005-02-02,104.050000
2005-02-03,104.550000
2005-02-04,103.700000
2005-02-07,104.680000
2005-02-08,105.650000
2005-02-09,105.840000
2005-02-10,105.690000
2005-02-11,105.750000
2005-02-14,104.940000
2005-02-15,104.470000
2005-02-16,105.620000
2005-02-17,105.400000
2005-02-18,105.690000
2005-02-22,104.150000
2005-02-23,104.960000
2005-02-24,105.410000
2005-02-25,105.210000
2005-02-28,104.250000
2005-03-01,104.370000
2005-03-02,104.710000
2005-03-03,105.020000
2005-03-04,104.460000
2005-03-07,105.220000
2005-03-08,104.510000
2005-03-09,103.870000
2005-03-10,104.150000
2005-03-11,103.930000
2005-03-14,105.010000
2005-03-15,104.540000
2005-03-16,104.100000
2005-03-17,104.570000
2005-03-18,104.700000
2005-03-21,105.100000
2005-03-22,104.990000
2005-03-23,105.760000
2005-03-24,106.260000
2005-03-25,106.320000
2005-03-28,107.220000
2005-03-29,107.490000
2005-03-30,107.330000
2005-03-31,107.220000
2005-04-01,107.570000
2005-04-04,108.280000
2005-04-05,108.430000
2005-04-06,108.670000
2005-04-07,108.440000
2005-04-08,108.260000
2005-04-11,107.790000
2005-04-12,108.260000
2005-04-13,107.320000
2005-04-14,108.180000
2005-04-15,107.650000
2005-04-18,107.390000
2005-04-19,107.020000
2005-04-20,106.820000
2005-04-21,106.850000
2005-04-22,105.850000
2005-04-25,105.670000
2005-04-26,106.030000
2005-04-27,105.980000
2005-04-28,105.970000
2005-04-29,104.640000
2005-05-02,105.070000
2005-05-03,105.160000
2005-05-04,104.770000
2005-05-05,104.410000
2005-05-06,104.930000
2005-05-09,105.540000
2005-05-10,105.530000
2005-05-11,105.740000
2005-05-12,106.680000
2005-05-13,107.140000
2005-05-16,107.020000
2005-05-17,107.150000
2005-05-18,107.050000
2005-05-19,107.430000
2005-05-20,108.170000
2005-05-23,107.720000
2005-05-24,107.460000
2005-05-25,107.730000
2005-05-26,107.950000
2005-05-27,107.880000
2005-05-31,107.970000
2005-06-01,108.420000
2005-06-02,108.310000
2005-06-03,107.840000
2005-06-06,106.860000
2005-06-07,106.640000
2005-06-08,106.890000
2005-06-09,107.520000
2005-06-10,108.450000
2005-06-13,109.580000
2005-06-14,109.380000
2005-06-15,109.340000
2005-06-16,109.080000
2005-06-17,108.830000
2005-06-20,109.420000
2005-06-21,108.520000
2005-06-22,108.890000
2005-06-23,108.790000
2005-06-24,109.220000
2005-06-27,109.390000
2005-06-28,109.890000
2005-06-29,110.270000
2005-06-30,110.910000
2005-07-01,111.680000
2005-07-05,111.610000
2005-07-06,112.070000
2005-07-07,112.080000
2005-07-08,112.170000
2005-07-11,111.760000
2005-07-12,110.940000
2005-07-13,112.080000
2005-07-14,112.140000
2005-07-15,112.320000
2005-07-18,111.620000
2005-07-19,112.950000
2005-07-20,113.420000
2005-07-21,110.470000
2005-07-22,110.980000
2005-07-25,111.590000
2005-07-26,112.300000
2005-07-27,112.300000
2005-07-28,112.340000
2005-07-29,112.250000
2005-08-01,112.120000
2005-08-02,111.280000
2005-08-03,111.050000
2005-08-04,111.170000
2005-08-05,112.090000
2005-08-08,111.870000
2005-08-09,112.070000
2005-08-10,110.670000
2005-08-11,109.920000
2005-08-12,109.550000
2005-08-15,109.400000
2005-08-16,109.370000
2005-08-17,109.630000
2005-08-18,110.540000
2005-08-19,110.680000
2005-08-22,109.750000
2005-08-23,109.830000
2005-08-24,110.350000
2005-08-25,109.900000
2005-08-26,109.850000
2005-08-29,110.530000
2005-08-30,111.490000
2005-08-31,110.840000
2005-09-01,110.160000
2005-09-02,109.660000
2005-09-06,109.670000
2005-09-07,110.060000
2005-09-08,110.490000
2005-09-09,109.690000
2005-09-12,109.910000
2005-09-13,110.850000
2005-09-14,110.270000
2005-09-15,110.480000
2005-09-16,111.380000
2005-09-19,111.300000
2005-09-20,111.540000
2005-09-21,111.330000
2005-09-22,111.630000
2005-09-23,112.170000
2005-09-26,112.410000
2005-09-27,113.320000
2005-09-28,113.270000
2005-09-29,113.140000
2005-09-30,113.290000
2005-10-03,114.170000
2005-10-04,114.330000
2005-10-05,113.720000
2005-10-06,113.540000
2005-10-07,113.820000
2005-10-11,114.210000
2005-10-12,114.360000
2005-10-13,114.970000
2005-10-14,114.030000
2005-10-17,114.860000
2005-10-18,115.710000
2005-10-19,115.470000
2005-10-20,115.480000
2005-10-21,115.930000
2005-10-24,115.180000
2005-10-25,114.780000
2005-10-26,115.810000
2005-10-27,115.140000
2005-10-28,115.520000
2005-10-31,116.360000
2005-11-01,116.630000
2005-11-02,116.760000
2005-11-03,117.210000
2005-11-04,118.200000
2005-11-07,117.570000
2005-11-08,117.100000
2005-11-09,117.510000
2005-11-10,118.050000
2005-11-14,118.880000
2005-11-15,118.930000
2005-11-16,119.170000
2005-11-17,118.810000
2005-11-18,119.210000
2005-11-21,119.030000
2005-11-22,119.220000
2005-11-23,118.760000
2005-11-25,119.650000
2005-11-28,119.250000
2005-11-29,119.480000
2005-11-30,119.660000
2005-12-01,120.620000
2005-12-02,120.770000
2005-12-05,120.830000
2005-12-06,120.820000
2005-12-07,120.930000
2005-12-08,120.270000
2005-12-09,120.540000
2005-12-12,119.900000
2005-12-13,120.110000
2005-12-14,116.810000
2005-12-15,116.550000
2005-12-16,115.780000
2005-12-19,116.010000
2005-12-20,117.010000
2005-12-21,117.400000
2005-12-22,116.550000
2005-12-23,116.380000
2005-12-27,117.070000
2005-12-28,117.620000
2005-12-29,117.860000
2005-12-30,117.880000
2006-01-03,116.340000
2006-01-04,116.310000
2006-01-05,115.960000
2006-01-06,114.450000
2006-01-09,114.660000
2006-01-10,114.640000
2006-01-11,113.960000
2006-01-12,114.310000
2006-01-13,114.430000
2006-01-17,115.830000
2006-01-18,115.350000
2006-01-19,115.070000
2006-01-20,115.420000
2006-01-23,114.670000
2006-01-24,114.540000
2006-01-25,115.730000
2006-01-26,116.270000
2006-01-27,117.160000
2006-01-30,117.550000
2006-01-31,116.880000
2006-02-01,117.850000
2006-02-02,118.260000
2006-02-03,118.950000
2006-02-06,118.940000
2006-02-07,118.010000
2006-02-08,118.690000
2006-02-09,118.660000
2006-02-10,117.640000
2006-02-13,117.630000
2006-02-14,117.430000
2006-02-15,117.930000
2006-02-16,117.910000
2006-02-17,118.430000
2006-02-21,118.850000
2006-02-22,118.510000
2006-02-23,117.000000
2006-02-24,116.870000
2006-02-27,115.970000
2006-02-28,115.820000
2006-03-01,116.180000
2006-03-02,116.070000
2006-03-03,116.460000
2006-03-06,117.460000
2006-03-07,117.760000
2006-03-08,117.900000
2006-03-09,117.960000
2006-03-10,119.070000
2006-03-13,119.010000
2006-03-14,117.360000
2006-03-15,117.300000
2006-03-16,117.130000
2006-03-17,115.890000
2006-03-20,116.250000
2006-03-21,117.230000
2006-03-22,116.720000
2006-03-23,117.600000
2006-03-24,117.500000
2006-03-27,116.620000
2006-03-28,117.230000
2006-03-29,117.800000
2006-03-30,117.410000
2006-03-31,117.480000
2006-04-03,117.820000
2006-04-04,117.440000
2006-04-05,117.590000
2006-04-06,117.720000
2006-04-07,118.310000
2006-04-10,118.660000
2006-04-11,118.610000
2006-04-12,118.470000
2006-04-13,118.420000
2006-04-14,118.650000
2006-04-17,117.680000
2006-04-18,117.750000
2006-04-19,117.580000
2006-04-20,117.490000
2006-04-21,116.910000
2006-04-24,114.930000
2006-04-25,114.830000
2006-04-26,114.720000
2006-04-27,114.020000
2006-04-28,113.790000
2006-05-01,113.060000
2006-05-02,113.260000
2006-05-03,113.440000
2006-05-04,113.460000
2006-05-05,112.450000
2006-05-08,111.550000
2006-05-09,111.310000
2006-05-10,110.550000
2006-05-11,110.260000
2006-05-12,110.490000
2006-05-15,110.210000
2006-05-16,110.070000
2006-05-17,110.600000
2006-05-18,110.890000
2006-05-19,111.760000
2006-05-22,111.620000
2006-05-23,111.350000
2006-05-24,112.800000
2006-05-25,111.920000
2006-05-26,112.580000
2006-05-30,112.180000
2006-05-31,112.260000
2006-06-01,112.430000
2006-06-02,111.660000
2006-06-05,111.700000
2006-06-06,113.260000
2006-06-07,113.350000
2006-06-08,114.220000
2006-06-09,113.890000
2006-06-12,114.170000
2006-06-13,115.060000
2006-06-14,114.850000
2006-06-15,115.060000
2006-06-16,115.120000
2006-06-19,115.260000
2006-06-20,115.020000
2006-06-21,114.760000
2006-06-22,115.940000
2006-06-23,116.260000
2006-06-26,116.380000
2006-06-27,116.260000
2006-06-28,116.420000
2006-06-29,116.170000
2006-06-30,114.510000
2006-07-03,114.920000
2006-07-05,115.650000
2006-07-06,115.180000
2006-07-07,113.980000
2006-07-10,113.970000
2006-07-11,114.150000
2006-07-12,115.410000
2006-07-13,115.450000
2006-07-14,116.330000
2006-07-17,117.080000
2006-07-18,117.440000
2006-07-19,117.080000
2006-07-20,116.830000
2006-07-21,116.340000
2006-07-24,116.650000
2006-07-25,117.300000
2006-07-26,116.850000
2006-07-27,115.550000
2006-07-28,114.740000
2006-07-31,114.440000
2006-08-01,114.960000
2006-08-02,114.540000
2006-08-03,115.270000
2006-08-04,114.210000
2006-08-07,114.850000
2006-08-08,115.010000
2006-08-09,115.140000
2006-08-10,115.590000
2006-08-11,116.180000
2006-08-14,116.530000
2006-08-15,115.960000
2006-08-16,115.710000
2006-08-17,115.440000
2006-08-18,115.790000
2006-08-21,115.860000
2006-08-22,116.610000
2006-08-23,116.430000
2006-08-24,116.380000
2006-08-25,117.310000
2006-08-28,117.150000
2006-08-29,116.920000
2006-08-30,117.070000
2006-08-31,117.350000
2006-09-01,117.210000
2006-09-05,116.040000
2006-09-06,116.730000
2006-09-07,116.300000
2006-09-08,116.890000
2006-09-11,117.570000
2006-09-12,117.820000
2006-09-13,117.470000
2006-09-14,117.470000
2006-09-15,117.720000
2006-09-18,118.020000
2006-09-19,117.600000
2006-09-20,117.290000
2006-09-21,116.760000
2006-09-22,116.450000
2006-09-25,116.430000
2006-09-26,117.160000
2006-09-27,117.530000
2006-09-28,117.840000
2006-09-29,117.990000
2006-10-02,117.660000
2006-10-03,117.840000
2006-10-04,118.020000
2006-10-05,117.690000
2006-10-06,118.890000
2006-10-10,119.680000
2006-10-11,119.490000
2006-10-12,119.530000
2006-10-13,119.810000
2006-10-16,119.250000
2006-10-17,118.630000
2006-10-18,119.090000
2006-10-19,118.350000
2006-10-20,118.730000
2006-10-23,119.320000
2006-10-24,119.250000
2006-10-25,119.130000
2006-10-26,118.620000
2006-10-27,117.610000
2006-10-30,117.380000
2006-10-31,116.820000
2006-11-01,117.010000
2006-11-02,117.120000
2006-11-03,118.060000
2006-11-06,118.400000
2006-11-07,117.440000
2006-11-08,117.740000
2006-11-09,117.920000
2006-11-10,117.470000
2006-11-13,118.140000
2006-11-14,117.720000
2006-11-15,118.060000
2006-11-16,118.120000
2006-11-17,117.730000
2006-11-20,118.160000
2006-11-21,118.000000
2006-11-22,116.610000
2006-11-24,115.930000
2006-11-27,116.120000
2006-11-28,116.140000
2006-11-29,116.290000
2006-11-30,115.550000
2006-12-01,115.330000
2006-12-04,115.370000
2006-12-05,114.980000
2006-12-06,115.070000
2006-12-07,115.130000
2006-12-08,116.230000
2006-12-11,117.020000
2006-12-12,117.150000
2006-12-13,117.430000
2006-12-14,117.610000
2006-12-15,117.840000
2006-12-18,118.140000
2006-12-19,117.930000
2006-12-20,118.390000
2006-12-21,118.260000
2006-12-22,118.900000
2006-12-26,118.930000
2006-12-27,118.760000
2006-12-28,118.950000
2006-12-29,119.020000
2007-01-02,118.830000
2007-01-03,119.580000
2007-01-04,119.280000
2007-01-05,118.770000
2007-01-08,118.490000
2007-01-09,119.450000
2007-01-10,119.520000
2007-01-11,120.490000
2007-01-12,120.360000
2007-01-16,120.640000
2007-01-17,120.540000
2007-01-18,121.320000
2007-01-19,121.220000
2007-01-22,121.560000
2007-01-23,121.540000
2007-01-24,120.770000
2007-01-25,120.970000
2007-01-26,121.530000
2007-01-29,121.810000
2007-01-30,121.700000
2007-01-31,121.020000
2007-02-01,120.670000
2007-02-02,121.020000
2007-02-05,120.340000
2007-02-06,120.350000
2007-02-07,120.650000
2007-02-08,121.190000
2007-02-09,121.590000
2007-02-12,121.770000
2007-02-13,121.240000
2007-02-14,120.800000
2007-02-15,119.490000
2007-02-16,119.230000
2007-02-20,120.100000
2007-02-21,120.990000
2007-02-22,121.300000
2007-02-23,121.100000
2007-02-26,120.760000
2007-02-27,118.670000
2007-02-28,118.330000
2007-03-01,117.530000
2007-03-02,116.820000
2007-03-05,116.010000
2007-03-06,116.500000
2007-03-07,116.410000
2007-03-08,117.350000
2007-03-09,118.150000
2007-03-12,117.510000
2007-03-13,116.960000
2007-03-14,116.330000
2007-03-15,117.260000
2007-03-16,116.770000
2007-03-19,117.580000
2007-03-20,117.320000
2007-03-21,117.830000
2007-03-22,117.790000
2007-03-23,117.820000
2007-03-26,117.840000
2007-03-27,117.800000
2007-03-28,116.830000
2007-03-29,117.750000
2007-03-30,117.560000
2007-04-02,117.690000
2007-04-03,118.830000
2007-04-04,118.720000
2007-04-05,118.660000
2007-04-06,119.330000
2007-04-09,119.280000
2007-04-10,119.070000
2007-04-11,119.360000
2007-04-12,118.990000
2007-04-13,119.270000
2007-04-16,119.840000
2007-04-17,118.960000
2007-04-18,118.270000
2007-04-19,118.360000
2007-04-20,118.810000
2007-04-23,118.470000
2007-04-24,118.520000
2007-04-25,118.620000
2007-04-26,119.500000
2007-04-27,119.590000
2007-04-30,119.440000
2007-05-01,119.770000
2007-05-02,120.050000
2007-05-03,120.330000
2007-05-04,120.160000
2007-05-07,119.960000
2007-05-08,119.890000
2007-05-09,119.800000
2007-05-10,120.370000
2007-05-11,120.190000
2007-05-14,120.370000
2007-05-15,120.220000
2007-05-16,120.740000
2007-05-17,121.300000
2007-05-18,121.090000
2007-05-21,121.570000
2007-05-22,121.470000
2007-05-23,121.520000
2007-05-24,121.460000
2007-05-25,121.720000
2007-05-29,121.790000
2007-05-30,121.480000
2007-05-31,121.760000
2007-06-01,122.100000
2007-06-04,121.720000
2007-06-05,121.490000
2007-06-06,121.080000
2007-06-07,121.340000
2007-06-08,121.620000
2007-06-11,121.780000
2007-06-12,121.760000
2007-06-13,122.370000
2007-06-14,122.970000
2007-06-15,123.550000
2007-06-18,123.670000
2007-06-19,123.390000
2007-06-20,123.600000
2007-06-21,123.680000
2007-06-22,124.090000
2007-06-25,123.840000
2007-06-26,123.490000
2007-06-27,122.520000
2007-06-28,123.010000
2007-06-29,123.390000
2007-07-02,122.320000
2007-07-03,122.400000
2007-07-05,122.820000
2007-07-06,123.270000
2007-07-09,123.340000
2007-07-10,122.190000
2007-07-11,122.130000
2007-07-12,122.500000
2007-07-13,121.990000
2007-07-16,121.900000
2007-07-17,122.360000
2007-07-18,121.830000
2007-07-19,122.060000
2007-07-20,121.150000
2007-07-23,121.310000
2007-07-24,120.570000
2007-07-25,120.330000
2007-07-26,119.140000
2007-07-27,118.560000
2007-07-30,118.410000
2007-07-31,119.130000
2007-08-01,118.710000
2007-08-02,119.350000
2007-08-03,118.430000
2007-08-06,118.040000
2007-08-07,118.480000
2007-08-08,119.760000
2007-08-09,118.690000
2007-08-10,118.000000
2007-08-13,118.470000
2007-08-14,118.210000
2007-08-15,117.190000
2007-08-16,114.030000
2007-08-17,113.810000
2007-08-20,114.490000
2007-08-21,114.420000
2007-08-22,114.950000
2007-08-23,115.810000
2007-08-24,116.120000
2007-08-27,116.050000
2007-08-28,114.700000
2007-08-29,115.520000
2007-08-30,115.810000
2007-08-31,115.830000
2007-09-03,115.830000
2007-09-04,116.210000
2007-09-05,115.150000
2007-09-06,115.330000
2007-09-07,113.570000
2007-09-10,113.430000
2007-09-11,113.970000
2007-09-12,114.240000
2007-09-13,115.370000
2007-09-14,115.310000
2007-09-17,114.930000
2007-09-18,115.750000
2007-09-19,116.210000
2007-09-20,114.180000
2007-09-21,115.600000
2007-09-24,114.920000
2007-09-25,114.480000
2007-09-26,115.660000
2007-09-27,115.760000
2007-09-28,114.970000
2007-10-01,115.910000
2007-10-02,115.830000
2007-10-03,116.740000
2007-10-04,116.590000
2007-10-05,116.830000
2007-10-08,116.830000
2007-10-09,116.980000
2007-10-10,117.170000
2007-10-11,117.710000
2007-10-12,117.500000
2007-10-15,117.370000
2007-10-16,116.610000
2007-10-17,116.620000
2007-10-18,115.640000
2007-10-19,115.150000
2007-10-22,114.070000
2007-10-23,114.650000
2007-10-24,113.940000
2007-10-25,114.090000
2007-10-26,114.010000
2007-10-29,114.690000
2007-10-30,114.720000
2007-10-31,115.270000
2007-11-01,114.870000
2007-11-02,114.740000
2007-11-05,114.540000
2007-11-06,114.510000
2007-11-07,113.290000
2007-11-08,112.660000
2007-11-09,110.900000
2007-11-13,110.310000
2007-11-14,111.380000
2007-11-15,110.780000
2007-11-16,111.050000
2007-11-19,110.050000
2007-11-20,110.050000
2007-11-21,108.540000
2007-11-22,108.540000
2007-11-23,108.170000
2007-11-26,108.170000
2007-11-27,108.640000
2007-11-28,110.380000
2007-11-29,109.940000
2007-11-30,111.020000
2007-12-03,110.440000
2007-12-04,109.680000
2007-12-05,110.850000
2007-12-06,111.050000
2007-12-07,111.720000
2007-12-10,111.600000
2007-12-11,111.770000
2007-12-12,112.360000
2007-12-13,112.260000
2007-12-14,113.350000
2007-12-17,113.200000
2007-12-18,113.170000
2007-12-19,113.440000
2007-12-20,112.970000
2007-12-21,113.950000
2007-12-24,114.450000
2007-12-26,114.080000
2007-12-27,114.000000
2007-12-28,112.930000
2007-12-31,111.710000
2008-01-02,109.700000
2008-01-03,109.580000
2008-01-04,108.380000
2008-01-07,109.100000
2008-01-08,109.290000
2008-01-09,109.400000
2008-01-10,109.380000
2008-01-11,109.110000
2008-01-14,108.180000
2008-01-15,107.070000
2008-01-16,107.270000
2008-01-17,107.010000
2008-01-18,106.820000
2008-01-22,106.760000
2008-01-23,105.420000
2008-01-24,106.680000
2008-01-25,107.310000
2008-01-28,106.650000
2008-01-29,107.080000
2008-01-30,107.250000
2008-01-31,106.740000
2008-02-01,106.300000
2008-02-04,106.730000
2008-02-05,106.940000
2008-02-06,106.750000
2008-02-07,106.820000
2008-02-08,107.340000
2008-02-11,106.640000
2008-02-12,107.420000
2008-02-13,108.150000
2008-02-14,107.970000
2008-02-15,107.670000
2008-02-19,107.500000
2008-02-20,107.970000
2008-02-21,107.600000
2008-02-22,106.980000
2008-02-25,107.880000
2008-02-26,107.730000
2008-02-27,106.380000
2008-02-28,105.640000
2008-02-29,104.190000
2008-03-03,103.570000
2008-03-04,102.670000
2008-03-05,103.990000
2008-03-06,103.100000
2008-03-07,102.690000
2008-03-10,101.800000
2008-03-11,102.870000
2008-03-12,102.380000
2008-03-13,100.580000
2008-03-14,100.200000
2008-03-17,96.880000
2008-03-18,98.230000
2008-03-19,99.340000
2008-03-20,98.790000
2008-03-21,99.400000
2008-03-24,100.770000
2008-03-25,100.070000
2008-03-26,99.120000
2008-03-27,99.870000
2008-03-28,99.710000
2008-03-31,99.850000
2008-04-01,101.770000
2008-04-02,102.770000
2008-04-03,102.210000
2008-04-04,101.750000
2008-04-07,102.620000
2008-04-08,102.550000
2008-04-09,101.830000
2008-04-10,101.710000
2008-04-11,101.090000
2008-04-14,100.870000
2008-04-15,101.330000
2008-04-16,101.400000
2008-04-17,102.220000
2008-04-18,104.560000
2008-04-21,103.380000
2008-04-22,102.700000
2008-04-23,103.550000
2008-04-24,104.200000
2008-04-25,104.170000
2008-04-28,104.300000
2008-04-29,103.400000
2008-04-30,104.530000
2008-05-01,104.040000
2008-05-02,105.330000
2008-05-05,105.120000
2008-05-06,104.540000
2008-05-07,105.280000
2008-05-08,103.870000
2008-05-09,103.010000
2008-05-12,103.830000
2008-05-13,104.410000
2008-05-14,105.200000
2008-05-15,104.610000
2008-05-16,103.860000
2008-05-19,104.550000
2008-05-20,103.660000
2008-05-21,103.340000
2008-05-22,104.030000
2008-05-23,103.220000
2008-05-27,103.980000
2008-05-28,104.690000
2008-05-29,105.520000
2008-05-30,105.460000
2008-06-02,104.410000
2008-06-03,105.290000
2008-06-04,104.990000
2008-06-05,106.000000
2008-06-06,105.330000
2008-06-09,106.060000
2008-06-10,107.190000
2008-06-11,106.770000
2008-06-12,107.940000
2008-06-13,107.920000
2008-06-16,108.190000
2008-06-17,108.030000
2008-06-18,108.050000
2008-06-19,107.950000
2008-06-20,107.420000
2008-06-23,107.890000
2008-06-24,107.760000
2008-06-25,108.290000
2008-06-26,107.290000
2008-06-27,106.280000
2008-06-30,106.170000
2008-07-01,105.730000
2008-07-02,105.870000
2008-07-03,106.790000
2008-07-07,107.550000
2008-07-08,107.350000
2008-07-09,107.120000
2008-07-10,107.030000
2008-07-11,106.140000
2008-07-14,106.180000
2008-07-15,104.780000
2008-07-16,104.640000
2008-07-17,105.820000
2008-07-18,106.750000
2008-07-21,106.740000
2008-07-22,107.110000
2008-07-23,107.680000
2008-07-24,107.620000
2008-07-25,107.890000
2008-07-28,107.490000
2008-07-29,108.190000
2008-07-30,108.170000
2008-07-31,108.100000
2008-08-01,107.590000
2008-08-04,108.230000
2008-08-05,108.200000
2008-08-06,109.390000
2008-08-07,109.440000
2008-08-08,110.090000
2008-08-11,110.080000
2008-08-12,109.780000
2008-08-13,108.710000
2008-08-14,109.750000
2008-08-15,110.480000
2008-08-18,110.070000
2008-08-19,109.680000
2008-08-20,109.980000
2008-08-21,108.350000
2008-08-22,109.880000
2008-08-25,109.110000
2008-08-26,109.830000
2008-08-27,109.720000
2008-08-28,109.560000
2008-08-29,108.690000
2008-09-02,108.850000
2008-09-03,108.180000
2008-09-04,107.760000
2008-09-05,106.960000
2008-09-08,107.910000
2008-09-09,107.100000
2008-09-10,107.860000
2008-09-11,106.660000
2008-09-12,107.510000
2008-09-15,105.670000
2008-09-16,105.110000
2008-09-17,104.710000
2008-09-18,104.850000
2008-09-19,107.180000
2008-09-22,106.350000
2008-09-23,105.800000
2008-09-24,106.030000
2008-09-25,106.480000
2008-09-26,106.060000
2008-09-29,105.100000
2008-09-30,105.940000
2008-10-01,106.060000
2008-10-02,105.300000
2008-10-03,105.760000
2008-10-06,101.260000
2008-10-07,102.300000
2008-10-08,99.730000
2008-10-09,100.670000
2008-10-10,99.440000
2008-10-14,102.170000
2008-10-15,101.470000
2008-10-16,100.460000
2008-10-17,101.400000
2008-10-20,101.740000
2008-10-21,100.430000
2008-10-22,98.630000
2008-10-23,97.600000
2008-10-24,92.640000
2008-10-27,93.280000
2008-10-28,95.680000
2008-10-29,97.480000
2008-10-30,97.470000
2008-10-31,98.280000
2008-11-03,98.950000
2008-11-04,100.480000
2008-11-05,98.950000
2008-11-06,98.040000
2008-11-07,98.150000
2008-11-10,97.960000
2008-11-12,95.540000
2008-11-13,95.950000
2008-11-14,96.660000
2008-11-17,97.030000
2008-11-18,97.380000
2008-11-19,96.750000
2008-11-20,94.980000
2008-11-21,95.420000
2008-11-24,96.690000
2008-11-25,95.530000
2008-11-26,95.460000
2008-11-28,95.460000
2008-12-01,93.710000
2008-12-02,93.640000
2008-12-03,93.250000
2008-12-04,92.780000
2008-12-05,92.180000
2008-12-08,92.770000
2008-12-09,92.440000
2008-12-10,92.940000
2008-12-11,91.960000
2008-12-12,91.260000
2008-12-15,90.680000
2008-12-16,89.980000
2008-12-17,87.840000
2008-12-18,89.810000
2008-12-19,89.480000
2008-12-22,90.070000
2008-12-23,90.570000
2008-12-24,90.680000
2008-12-26,90.650000
2008-12-29,90.200000
2008-12-30,90.370000
2008-12-31,90.790000
2009-01-02,91.120000
2009-01-05,93.200000
2009-01-06,94.200000
2009-01-07,92.700000
2009-01-08,91.150000
2009-01-09,90.250000
2009-01-12,88.920000
2009-01-13,89.650000
2009-01-14,89.280000
2009-01-15,89.590000
2009-01-16,90.290000
2009-01-20,90.190000
2009-01-21,87.800000
2009-01-22,88.640000
2009-01-23,88.720000
2009-01-26,89.250000
2009-01-27,88.990000
2009-01-28,88.870000
2009-01-29,89.770000
2009-01-30,89.830000
2009-02-02,89.860000
2009-02-03,89.090000
2009-02-04,89.530000
2009-02-05,91.010000
2009-02-06,91.950000
2009-02-09,91.470000
2009-02-10,90.650000
2009-02-11,90.660000
2009-02-12,90.550000
2009-02-13,91.840000
2009-02-17,92.170000
2009-02-18,93.810000
2009-02-19,94.090000
2009-02-20,93.870000
2009-02-23,94.630000
2009-02-24,96.600000
2009-02-25,97.330000
2009-02-26,98.550000
2009-02-27,97.740000
2009-03-02,97.170000
2009-03-03,98.160000
2009-03-04,99.340000
2009-03-05,98.320000
2009-03-06,97.880000
2009-03-09,98.870000
2009-03-10,98.390000
2009-03-11,97.740000
2009-03-12,97.860000
2009-03-13,98.040000
2009-03-16,98.170000
2009-03-17,98.850000
2009-03-18,98.080000
2009-03-19,93.850000
2009-03-20,96.180000
2009-03-23,97.300000
2009-03-24,97.860000
2009-03-25,97.700000
2009-03-26,98.470000
2009-03-27,97.990000
2009-03-30,97.440000
2009-03-31,99.150000
2009-04-01,98.930000
2009-04-02,99.480000
2009-04-03,99.940000
2009-04-06,100.650000
2009-04-07,100.710000
2009-04-08,99.950000
2009-04-09,100.430000
2009-04-10,100.300000
2009-04-13,100.120000
2009-04-14,99.080000
2009-04-15,99.370000
2009-04-16,99.290000
2009-04-17,99.210000
2009-04-20,98.290000
2009-04-21,98.600000
2009-04-22,98.140000
2009-04-23,97.880000
2009-04-24,97.080000
2009-04-27,96.570000
2009-04-28,96.490000
2009-04-29,96.970000
2009-04-30,98.760000
2009-05-01,99.240000
2009-05-04,99.120000
2009-05-05,98.760000
2009-05-06,98.600000
2009-05-07,99.000000
2009-05-08,99.010000
2009-05-11,97.450000
2009-05-12,96.590000
2009-05-13,95.750000
2009-05-14,95.620000
2009-05-15,94.890000
2009-05-18,96.050000
2009-05-19,96.100000
2009-05-20,95.160000
2009-05-21,94.970000
2009-05-22,94.450000
2009-05-26,94.810000
2009-05-27,95.010000
2009-05-28,96.760000
2009-05-29,95.550000
2009-06-01,96.530000
2009-06-02,95.720000
2009-06-03,95.720000
2009-06-04,96.370000
2009-06-05,98.180000
2009-06-08,98.560000
2009-06-09,97.600000
2009-06-10,98.130000
2009-06-11,97.830000
2009-06-12,98.170000
2009-06-15,98.030000
2009-06-16,96.260000
2009-06-17,95.650000
2009-06-18,96.360000
2009-06-19,96.150000
2009-06-22,95.900000
2009-06-23,95.320000
2009-06-24,95.380000
2009-06-25,96.210000
2009-06-26,95.190000
2009-06-29,95.840000
2009-06-30,96.420000
2009-07-01,96.410000
2009-07-02,95.900000
2009-07-03,95.950000
2009-07-06,95.000000
2009-07-07,95.110000
2009-07-08,92.900000
2009-07-09,92.790000
2009-07-10,92.330000
2009-07-13,92.740000
2009-07-14,93.030000
2009-07-15,94.090000
2009-07-16,93.590000
2009-07-17,94.080000
2009-07-20,94.520000
2009-07-21,93.360000
2009-07-22,93.770000
2009-07-23,94.750000
2009-07-24,94.860000
2009-07-27,95.320000
2009-07-28,94.600000
2009-07-29,95.130000
2009-07-30,95.670000
2009-07-31,94.540000
2009-08-03,95.230000
2009-08-04,95.410000
2009-08-05,94.980000
2009-08-06,95.560000
2009-08-07,97.650000
2009-08-10,97.230000
2009-08-11,95.940000
2009-08-12,96.160000
2009-08-13,95.460000
2009-08-14,94.640000
2009-08-17,94.330000
2009-08-18,94.720000
2009-08-19,93.870000
2009-08-20,94.120000
2009-08-21,94.600000
2009-08-24,94.470000
2009-08-25,94.280000
2009-08-26,94.250000
2009-08-27,93.570000
2009-08-28,93.550000
2009-08-31,92.820000
2009-09-01,93.090000
2009-09-02,92.430000
2009-09-03,92.540000
2009-09-04,92.750000
2009-09-08,92.210000
2009-09-09,91.850000
2009-09-10,91.860000
2009-09-11,90.300000
2009-09-14,90.850000
2009-09-15,90.950000
2009-09-16,91.000000
2009-09-17,91.150000
2009-09-18,91.310000
2009-09-21,91.870000
2009-09-22,91.080000
2009-09-23,91.450000
2009-09-24,91.160000
2009-09-25,89.830000
2009-09-28,89.340000
2009-09-29,90.260000
2009-09-30,89.490000
2009-10-01,89.730000
2009-10-02,89.620000
2009-10-05,89.560000
2009-10-06,88.770000
2009-10-07,88.760000
2009-10-08,88.440000
2009-10-09,89.690000
2009-10-13,89.710000
2009-10-14,89.440000
2009-10-15,90.390000
2009-10-16,90.730000
2009-10-19,90.720000
2009-10-20,90.830000
2009-10-21,91.040000
2009-10-22,91.420000
2009-10-23,91.880000
2009-10-26,91.960000
2009-10-27,92.040000
2009-10-28,91.070000
2009-10-29,91.410000
2009-10-30,90.500000
2009-11-02,90.560000
2009-11-03,90.300000
2009-11-04,90.960000
2009-11-05,90.450000
2009-11-06,89.860000
2009-11-09,89.920000
2009-11-10,89.820000
2009-11-12,90.400000
2009-11-13,89.550000
2009-11-16,89.280000
2009-11-17,89.410000
2009-11-18,89.360000
2009-11-19,88.950000
2009-11-20,88.900000
2009-11-23,89.140000
2009-11-24,88.580000
2009-11-25,87.650000
2009-11-27,86.870000
2009-11-30,86.120000
2009-12-01,86.620000
2009-12-02,87.130000
2009-12-03,88.200000
2009-12-04,89.870000
2009-12-07,89.440000
2009-12-08,88.410000
2009-12-09,87.830000
2009-12-10,88.200000
2009-12-11,89.230000
2009-12-14,88.650000
2009-12-15,89.910000
2009-12-16,89.520000
2009-12-17,90.350000
2009-12-18,90.470000
2009-12-21,90.950000
2009-12-22,91.670000
2009-12-23,91.520000
2009-12-24,91.690000
2009-12-28,91.570000
2009-12-29,91.950000
2009-12-30,92.660000
2009-12-31,93.080000
2010-01-04,92.550000
2010-01-05,91.480000
2010-01-06,92.530000
2010-01-07,93.310000
2010-01-08,92.700000
2010-01-11,91.900000
2010-01-12,90.950000
2010-01-13,91.380000
2010-01-14,91.030000
2010-01-15,90.790000
2010-01-19,91.130000
2010-01-20,91.230000
2010-01-21,90.250000
2010-01-22,90.070000
2010-01-25,90.120000
2010-01-26,89.630000
2010-01-27,89.410000
2010-01-28,90.080000
2010-01-29,90.380000
2010-02-01,90.800000
2010-02-02,90.390000
2010-02-03,91.110000
2010-02-04,89.110000
2010-02-05,89.250000
2010-02-08,89.320000
2010-02-09,89.450000
2010-02-10,89.880000
2010-02-11,89.820000
2010-02-12,90.000000
2010-02-16,90.460000
2010-02-17,90.790000
2010-02-18,91.430000
2010-02-19,91.940000
2010-02-22,91.110000
2010-02-23,90.040000
2010-02-24,90.060000
2010-02-25,88.850000
2010-02-26,88.840000
2010-03-01,89.280000
2010-03-02,88.950000
2010-03-03,88.430000
2010-03-04,89.020000
2010-03-05,90.320000
2010-03-08,90.300000
2010-03-09,89.890000
2010-03-10,90.620000
2010-03-11,90.600000
2010-03-12,90.460000
2010-03-15,90.450000
2010-03-16,90.430000
2010-03-17,90.420000
2010-03-18,90.460000
2010-03-19,90.500000
2010-03-22,90.020000
2010-03-23,90.240000
2010-03-24,91.890000
2010-03-25,92.690000
2010-03-26,92.560000
2010-03-29,92.650000
2010-03-30,92.890000
2010-03-31,93.400000
2010-04-01,93.830000
2010-04-02,94.510000
2010-04-05,94.280000
2010-04-06,93.810000
2010-04-07,93.590000
2010-04-08,93.160000
2010-04-09,93.280000
2010-04-12,93.210000
2010-04-13,92.780000
2010-04-14,93.010000
2010-04-15,93.040000
2010-04-16,92.030000
2010-04-19,92.180000
2010-04-20,93.280000
2010-04-21,93.240000
2010-04-22,93.010000
2010-04-23,94.180000
2010-04-26,94.060000
2010-04-27,93.010000
2010-04-28,94.070000
2010-04-29,94.160000
2010-04-30,94.240000
2010-05-03,94.680000
2010-05-04,94.580000
2010-05-05,94.300000
2010-05-06,92.220000
2010-05-07,91.670000
2010-05-10,93.390000
2010-05-11,92.830000
2010-05-12,92.930000
2010-05-13,92.700000
2010-05-14,91.940000
2010-05-17,92.080000
2010-05-18,92.520000
2010-05-19,91.160000
2010-05-20,90.070000
2010-05-21,90.210000
2010-05-24,90.490000
2010-05-25,89.890000
2010-05-26,90.280000
2010-05-27,90.710000
2010-05-28,90.810000
2010-06-01,91.160000
2010-06-02,92.210000
2010-06-03,92.330000
2010-06-04,91.830000
2010-06-07,92.000000
2010-06-08,91.300000
2010-06-09,91.540000
2010-06-10,91.040000
2010-06-11,91.720000
2010-06-14,91.800000
2010-06-15,91.250000
2010-06-16,91.390000
2010-06-17,90.920000
2010-06-18,90.790000
2010-06-21,91.180000
2010-06-22,90.590000
2010-06-23,89.820000
2010-06-24,89.400000
2010-06-25,89.350000
2010-06-28,89.230000
2010-06-29,88.390000
2010-06-30,88.490000
2010-07-01,87.420000
2010-07-02,87.690000
2010-07-06,87.550000
2010-07-07,87.160000
2010-07-08,88.440000
2010-07-09,88.480000
2010-07-12,88.530000
2010-07-13,88.240000
2010-07-14,88.590000
2010-07-15,87.410000
2010-07-16,86.400000
2010-07-19,86.770000
2010-07-20,87.220000
2010-07-21,87.300000
2010-07-22,87.000000
2010-07-23,87.310000
2010-07-26,87.200000
2010-07-27,87.880000
2010-07-28,87.620000
2010-07-29,86.870000
2010-07-30,86.430000
2010-08-02,86.420000
2010-08-03,85.880000
2010-08-04,86.260000
2010-08-05,85.830000
2010-08-06,85.250000
2010-08-09,85.880000
2010-08-10,85.880000
2010-08-11,85.360000
2010-08-12,85.830000
2010-08-13,86.200000
2010-08-16,85.330000
2010-08-17,85.510000
2010-08-18,85.310000
2010-08-19,85.270000
2010-08-20,85.630000
2010-08-23,85.160000
2010-08-24,84.160000
2010-08-25,84.560000
2010-08-26,84.610000
2010-08-27,85.100000
2010-08-30,84.670000
2010-08-31,84.100000
2010-09-01,84.480000
2010-09-02,84.150000
2010-09-03,84.450000
2010-09-07,83.750000
2010-09-08,83.850000
2010-09-09,83.830000
2010-09-10,84.130000
2010-09-13,83.530000
2010-09-14,83.050000
2010-09-15,85.630000
2010-09-16,85.720000
2010-09-17,85.770000
2010-09-20,85.740000
2010-09-21,85.360000
2010-09-22,84.370000
2010-09-23,84.320000
2010-09-24,84.240000
2010-09-27,84.170000
2010-09-28,83.820000
2010-09-29,83.610000
2010-09-30,83.530000
2010-10-01,83.300000
2010-10-04,83.330000
2010-10-05,83.170000
2010-10-06,82.800000
2010-10-07,82.350000
2010-10-08,81.860000
2010-10-12,81.740000
2010-10-13,81.810000
2010-10-14,81.440000
2010-10-15,81.320000
2010-10-18,81.160000
2010-10-19,81.600000
2010-10-20,81.140000
2010-10-21,81.160000
2010-10-22,81.480000
2010-10-25,80.610000
2010-10-26,81.280000
2010-10-27,81.550000
2010-10-28,80.990000
2010-10-29,80.480000
2010-11-01,80.660000
2010-11-02,80.800000
2010-11-03,81.410000
2010-11-04,80.610000
2010-11-05,81.350000
2010-11-08,81.140000
2010-11-09,81.150000
2010-11-10,82.530000
2010-11-12,82.440000
2010-11-15,82.900000
2010-11-16,83.410000
2010-11-17,83.150000
2010-11-18,83.640000
2010-11-19,83.490000
2010-11-22,83.460000
2010-11-23,82.860000
2010-11-24,83.380000
2010-11-26,84.080000
2010-11-29,84.340000
2010-11-30,83.560000
2010-12-01,84.000000
2010-12-02,83.530000
2010-12-03,82.730000
2010-12-06,82.700000
2010-12-07,83.040000
2010-12-08,84.160000
2010-12-09,83.850000
2010-12-10,83.870000
2010-12-13,83.570000
2010-12-14,83.520000
2010-12-15,84.040000
2010-12-16,84.230000
2010-12-17,84.150000
2010-12-20,83.720000
2010-12-21,83.760000
2010-12-22,83.560000
2010-12-23,82.970000
2010-12-27,82.910000
2010-12-28,82.210000
2010-12-29,81.900000
2010-12-30,81.670000
2011-01-03,81.560000
2011-01-04,81.960000
2011-01-05,83.220000
2011-01-06,83.150000
2011-01-07,83.040000
2011-01-10,82.780000
2011-01-11,83.360000
2011-01-12,83.290000
2011-01-13,82.720000
2011-01-14,82.990000
2011-01-18,82.660000
2011-01-19,82.030000
2011-01-20,83.020000
2011-01-21,82.630000
2011-01-24,82.440000
2011-01-25,82.350000
2011-01-26,82.270000
2011-01-27,83.030000
2011-01-28,82.030000
2011-01-31,81.970000
2011-02-01,81.480000
2011-02-02,81.820000
2011-02-03,81.480000
2011-02-04,81.990000
2011-02-07,82.400000
2011-02-08,81.920000
2011-02-09,82.470000
2011-02-10,83.110000
2011-02-11,83.520000
2011-02-14,83.320000
2011-02-15,83.790000
2011-02-16,83.730000
2011-02-17,83.250000
2011-02-18,83.220000
2011-02-22,82.940000
2011-02-23,82.390000
2011-02-24,81.670000
2011-02-25,81.760000
2011-02-28,81.940000
2011-03-01,81.860000
2011-03-02,81.620000
2011-03-03,82.410000
2011-03-04,82.350000
2011-03-07,82.120000
2011-03-08,82.690000
2011-03-09,82.780000
2011-03-10,82.980000
2011-03-11,81.770000
2011-03-14,81.650000
2011-03-15,80.820000
2011-03-16,80.170000
2011-03-17,78.740000
2011-03-18,81.140000
2011-03-21,81.110000
2011-03-22,81.000000
2011-03-23,80.940000
2011-03-24,80.820000
2011-03-25,81.120000
2011-03-28,81.670000
2011-03-29,82.380000
2011-03-30,82.980000
2011-03-31,82.760000
2011-04-01,84.050000
2011-04-04,83.980000
2011-04-05,84.650000
2011-04-06,85.260000
2011-04-07,84.980000
2011-04-08,84.990000
2011-04-11,84.580000
2011-04-12,83.790000
2011-04-13,83.590000
2011-04-14,83.230000
2011-04-15,83.130000
2011-04-18,82.430000
2011-04-19,82.410000
2011-04-20,82.580000
2011-04-21,81.810000
2011-04-22,81.920000
2011-04-25,81.930000
2011-04-26,81.930000
2011-04-27,82.600000
2011-04-28,81.570000
2011-04-29,81.310000
2011-05-02,81.230000
2011-05-03,81.020000
2011-05-04,80.690000
2011-05-05,80.120000
2011-05-06,80.510000
2011-05-09,80.660000
2011-05-10,80.750000
2011-05-11,80.780000
2011-05-12,80.750000
2011-05-13,80.760000
2011-05-16,80.820000
2011-05-17,81.390000
2011-05-18,81.370000
2011-05-19,81.780000
2011-05-20,81.640000
2011-05-23,81.810000
2011-05-24,82.120000
2011-05-25,81.960000
2011-05-26,81.440000
2011-05-27,80.750000
2011-05-31,81.290000
2011-06-01,80.820000
2011-06-02,80.980000
2011-06-03,80.380000
2011-06-06,80.190000
2011-06-07,80.210000
2011-06-08,79.870000
2011-06-09,80.070000
2011-06-10,80.260000
2011-06-13,80.160000
2011-06-14,80.500000
2011-06-15,80.710000
2011-06-16,80.700000
2011-06-17,80.100000
2011-06-20,80.260000
2011-06-21,80.150000
2011-06-22,80.060000
2011-06-23,80.450000
2011-06-24,80.320000
2011-06-27,80.890000
2011-06-28,80.850000
2011-06-29,80.800000
2011-06-30,80.640000
2011-07-01,80.810000
2011-07-05,81.140000
2011-07-06,80.900000
2011-07-07,81.260000
2011-07-08,80.640000
2011-07-11,80.370000
2011-07-12,79.530000
2011-07-13,78.990000
2011-07-14,79.110000
2011-07-15,79.030000
2011-07-18,79.100000
2011-07-19,78.910000
2011-07-20,78.760000
2011-07-21,78.470000
2011-07-22,78.440000
2011-07-25,78.310000
2011-07-26,78.040000
2011-07-27,77.990000
2011-07-28,77.870000
2011-07-29,77.180000
2011-08-01,76.870000
2011-08-02,77.130000
2011-08-03,76.870000
2011-08-04,79.010000
2011-08-05,78.480000
2011-08-08,77.530000
2011-08-09,77.160000
2011-08-10,76.410000
2011-08-11,76.680000
2011-08-12,76.790000
2011-08-15,76.730000
2011-08-16,76.760000
2011-08-17,76.460000
2011-08-18,76.520000
2011-08-19,76.460000
2011-08-22,76.770000
2011-08-23,76.590000
2011-08-24,76.780000
2011-08-25,77.380000
2011-08-26,76.620000
2011-08-29,76.960000
2011-08-30,76.750000
2011-08-31,76.500000
2011-09-01,76.810000
2011-09-02,76.790000
2011-09-06,77.480000
2011-09-07,77.390000
2011-09-08,77.430000
2011-09-09,77.310000
2011-09-12,77.150000
2011-09-13,76.880000
2011-09-14,76.710000
2011-09-15,76.700000
2011-09-16,76.890000
2011-09-19,76.480000
2011-09-20,76.520000
2011-09-21,76.380000
2011-09-22,76.310000
2011-09-23,76.300000
2011-09-26,76.350000
2011-09-27,76.600000
2011-09-28,76.510000
2011-09-29,76.680000
2011-09-30,77.040000
2011-10-03,76.660000
2011-10-04,76.860000
2011-10-05,76.860000
2011-10-06,76.640000
2011-10-07,76.770000
2011-10-11,76.660000
2011-10-12,77.300000
2011-10-13,76.880000
2011-10-14,77.360000
2011-10-17,76.800000
2011-10-18,76.750000
2011-10-19,76.790000
2011-10-20,76.910000
2011-10-21,76.100000
2011-10-24,76.100000
2011-10-25,75.880000
2011-10-26,76.050000
2011-10-27,75.800000
2011-10-28,75.720000
2011-10-31,77.970000
2011-11-01,78.280000
2011-11-02,78.040000
2011-11-03,77.960000
2011-11-04,78.170000
2011-11-07,78.060000
2011-11-08,77.790000
2011-11-09,77.770000
2011-11-10,77.580000
2011-11-14,77.020000
2011-11-15,76.990000
2011-11-16,77.020000
2011-11-17,76.980000
2011-11-18,76.930000
2011-11-21,76.970000
2011-11-22,77.070000
2011-11-23,77.410000
2011-11-25,77.660000
2011-11-28,78.050000
2011-11-29,77.860000
2011-11-30,77.580000
2011-12-01,77.600000
2011-12-02,77.880000
2011-12-05,77.770000
2011-12-06,77.730000
2011-12-07,77.690000
2011-12-08,77.670000
2011-12-09,77.580000
2011-12-12,77.870000
2011-12-13,77.860000
2011-12-14,78.080000
2011-12-15,77.870000
2011-12-16,77.650000
2011-12-19,77.960000
2011-12-20,77.760000
2011-12-21,78.000000
2011-12-22,78.130000
2011-12-23,78.130000
2011-12-27,77.830000
2011-12-28,77.980000
2011-12-29,77.710000
2011-12-30,76.980000
2012-01-03,76.670000
2012-01-04,76.680000
2012-01-05,77.180000
2012-01-06,77.060000
2012-01-09,76.880000
2012-01-10,76.840000
2012-01-11,76.900000
2012-01-12,76.760000
2012-01-13,76.900000
2012-01-17,76.800000
2012-01-18,76.810000
2012-01-19,77.230000
2012-01-20,76.970000
2012-01-23,76.920000
2012-01-24,77.780000
2012-01-25,78.130000
2012-01-26,77.470000
2012-01-27,76.680000
2012-01-30,76.280000
2012-01-31,76.340000
2012-02-01,76.110000
2012-02-02,76.130000
2012-02-03,76.540000
2012-02-06,76.540000
2012-02-07,76.880000
2012-02-08,76.900000
2012-02-09,77.420000
2012-02-10,77.570000
2012-02-13,77.520000
2012-02-14,78.390000
2012-02-15,78.220000
2012-02-16,78.770000
2012-02-17,79.330000
2012-02-21,79.730000
2012-02-22,80.300000
2012-02-23,80.210000
2012-02-24,80.880000
2012-02-27,80.420000
2012-02-28,80.440000
2012-02-29,81.100000
2012-03-01,81.160000
2012-03-02,81.560000
2012-03-05,81.430000
2012-03-06,80.860000
2012-03-07,81.060000
2012-03-08,81.500000
2012-03-09,82.590000
2012-03-12,82.210000
2012-03-13,82.660000
2012-03-14,83.780000
2012-03-15,83.280000
2012-03-16,83.340000
2012-03-19,83.310000
2012-03-20,83.620000
2012-03-21,83.620000
2012-03-22,82.500000
2012-03-23,82.350000
2012-03-26,82.840000
2012-03-27,83.150000
2012-03-28,82.740000
2012-03-29,82.280000
2012-03-30,82.410000
2012-04-02,82.160000
2012-04-03,82.180000
2012-04-04,82.620000
2012-04-05,82.330000
2012-04-06,81.560000
2012-04-09,81.360000
2012-04-10,80.940000
2012-04-11,80.880000
2012-04-12,80.870000
2012-04-13,80.990000
2012-04-16,80.460000
2012-04-17,80.720000
2012-04-18,81.290000
2012-04-19,81.570000
2012-04-20,81.600000
2012-04-23,81.160000
2012-04-24,81.210000
2012-04-25,81.330000
2012-04-26,80.780000
2012-04-27,80.480000
2012-04-30,79.810000
2012-05-01,80.170000
2012-05-02,80.190000
2012-05-03,80.360000
2012-05-04,79.840000
2012-05-07,79.880000
2012-05-08,79.790000
2012-05-09,79.640000
2012-05-10,79.910000
2012-05-11,79.860000
2012-05-14,79.830000
2012-05-15,80.090000
2012-05-16,80.320000
2012-05-17,79.260000
2012-05-18,79.140000
2012-05-21,79.310000
2012-05-22,79.980000
2012-05-23,79.330000
2012-05-24,79.470000
2012-05-25,79.640000
2012-05-29,79.440000
2012-05-30,78.930000
2012-05-31,78.290000
2012-06-01,78.210000
2012-06-04,78.300000
2012-06-05,78.570000
2012-06-06,79.110000
2012-06-07,79.670000
2012-06-08,79.470000
2012-06-11,79.500000
2012-06-12,79.440000
2012-06-13,79.350000
2012-06-14,79.290000
2012-06-15,78.650000
2012-06-18,78.950000
2012-06-19,78.920000
2012-06-20,79.540000
2012-06-21,80.180000
2012-06-22,80.520000
2012-06-25,79.500000
2012-06-26,79.460000
2012-06-27,79.830000
2012-06-28,79.350000
2012-06-29,79.810000
2012-07-02,79.420000
2012-07-03,79.770000
2012-07-05,79.950000
2012-07-06,79.610000
2012-07-09,79.660000
2012-07-10,79.440000
2012-07-11,79.700000
2012-07-12,79.290000
2012-07-13,79.200000
2012-07-16,78.800000
2012-07-17,79.040000
2012-07-18,78.790000
2012-07-19,78.600000
2012-07-20,78.490000
2012-07-23,78.380000
2012-07-24,78.190000
2012-07-25,78.210000
2012-07-26,78.240000
2012-07-27,78.550000
2012-07-30,78.200000
2012-07-31,78.100000
2012-08-01,78.190000
2012-08-02,78.220000
2012-08-03,78.600000
2012-08-06,78.170000
2012-08-07,78.710000
2012-08-08,78.440000
2012-08-09,78.640000
2012-08-10,78.240000
2012-08-13,78.340000
2012-08-14,78.820000
2012-08-15,78.890000
2012-08-16,79.250000
2012-08-17,79.500000
2012-08-20,79.410000
2012-08-21,79.430000
2012-08-22,79.190000
2012-08-23,78.460000
2012-08-24,78.650000
2012-08-27,78.670000
2012-08-28,78.500000
2012-08-29,78.720000
2012-08-30,78.550000
2012-08-31,78.300000
2012-09-04,78.350000
2012-09-05,78.340000
2012-09-06,78.960000
2012-09-07,78.140000
2012-09-10,78.240000
2012-09-11,77.780000
2012-09-12,77.860000
2012-09-13,77.410000
2012-09-14,78.220000
2012-09-17,78.680000
2012-09-18,78.590000
2012-09-19,78.400000
2012-09-20,78.300000
2012-09-21,78.170000
2012-09-24,77.900000
2012-09-25,77.910000
2012-09-26,77.780000
2012-09-27,77.620000
2012-09-28,77.920000
2012-10-01,78.000000
2012-10-02,78.010000
2012-10-03,78.570000
2012-10-04,78.440000
2012-10-05,78.660000
2012-10-09,78.230000
2012-10-10,78.260000
2012-10-11,78.440000
2012-10-12,78.310000
2012-10-15,78.760000
2012-10-16,78.920000
2012-10-17,78.740000
2012-10-18,79.240000
2012-10-19,79.260000
2012-10-22,79.840000
2012-10-23,79.790000
2012-10-24,79.820000
2012-10-25,80.040000
2012-10-26,79.630000
2012-10-29,79.810000
2012-10-30,79.580000
2012-10-31,79.940000
2012-11-01,80.140000
2012-11-02,80.530000
2012-11-05,80.170000
2012-11-06,80.280000
2012-11-07,79.850000
2012-11-08,79.740000
2012-11-09,79.460000
2012-11-13,79.420000
2012-11-14,80.200000
2012-11-15,81.160000
2012-11-16,81.280000
2012-11-19,81.180000
2012-11-20,81.720000
2012-11-21,82.360000
2012-11-23,82.340000
2012-11-26,82.110000
2012-11-27,82.230000
2012-11-28,81.840000
2012-11-29,82.060000
2012-11-30,82.540000
2012-12-03,82.240000
2012-12-04,81.860000
2012-12-05,82.400000
2012-12-06,82.290000
2012-12-07,82.370000
2012-12-10,82.370000
2012-12-11,82.420000
2012-12-12,83.100000
2012-12-13,83.540000
2012-12-14,83.520000
2012-12-17,83.700000
2012-12-18,84.000000
2012-12-19,84.320000
2012-12-20,84.330000
2012-12-21,84.100000
2012-12-24,84.810000
2012-12-26,85.620000
2012-12-27,86.060000
2012-12-28,86.120000
2012-12-31,86.640000
2013-01-02,87.100000
2013-01-03,86.920000
2013-01-04,88.140000
2013-01-07,87.680000
2013-01-08,87.310000
2013-01-09,87.900000
2013-01-10,88.160000
2013-01-11,89.220000
2013-01-14,89.340000
2013-01-15,88.650000
2013-01-16,88.640000
2013-01-17,89.410000
2013-01-18,89.900000
2013-01-22,88.620000
2013-01-23,88.440000
2013-01-24,90.040000
2013-01-25,91.040000
2013-01-28,90.730000
2013-01-29,90.650000
2013-01-30,91.050000
2013-01-31,91.280000
2013-02-01,92.540000
2013-02-04,92.570000
2013-02-05,93.340000
2013-02-06,93.560000
2013-02-07,93.240000
2013-02-08,92.720000
2013-02-11,93.440000
2013-02-12,93.140000
2013-02-13,93.390000
2013-02-14,93.100000
2013-02-15,93.640000
2013-02-19,93.540000
2013-02-20,93.530000
2013-02-21,92.960000
2013-02-22,93.350000
2013-02-25,93.350000
2013-02-26,91.380000
2013-02-27,91.880000
2013-02-28,92.360000
2013-03-01,93.380000
2013-03-04,93.320000
2013-03-05,93.390000
2013-03-06,93.640000
2013-03-07,95.000000
2013-03-08,96.000000
2013-03-11,96.120000
2013-03-12,95.960000
2013-03-13,96.000000
2013-03-14,96.160000
2013-03-15,95.260000
2013-03-18,94.920000
2013-03-19,94.850000
2013-03-20,95.510000
2013-03-21,95.060000
2013-03-22,94.480000
2013-03-25,94.340000
2013-03-26,94.220000
2013-03-27,94.380000
2013-03-28,94.020000
2013-03-29,94.160000
2013-04-01,93.300000
2013-04-02,93.430000
2013-04-03,92.960000
2013-04-04,96.120000
2013-04-05,96.860000
2013-04-08,98.900000
2013-04-09,99.020000
2013-04-10,99.610000
2013-04-11,99.420000
2013-04-12,98.980000
2013-04-15,98.000000
2013-04-16,97.860000
2013-04-17,97.740000
2013-04-18,98.220000
2013-04-19,99.280000
2013-04-22,99.290000
2013-04-23,99.430000
2013-04-24,99.390000
2013-04-25,99.420000
2013-04-26,97.840000
2013-04-29,98.090000
2013-04-30,97.520000
2013-05-01,97.280000
2013-05-02,97.960000
2013-05-03,99.100000
2013-05-06,99.350000
2013-05-07,99.000000
2013-05-08,98.900000
2013-05-09,99.290000
2013-05-10,101.740000
2013-05-13,101.840000
2013-05-14,102.180000
2013-05-15,102.440000
2013-05-16,102.220000
2013-05-17,102.980000
2013-05-20,102.540000
2013-05-21,102.360000
2013-05-22,103.520000
2013-05-23,101.660000
2013-05-24,100.980000
2013-05-28,102.070000
2013-05-29,100.910000
2013-05-30,101.060000
2013-05-31,100.830000
2013-06-03,99.180000
2013-06-04,100.150000
2013-06-05,99.160000
2013-06-06,97.760000
2013-06-07,97.200000
2013-06-10,98.880000
2013-06-11,96.820000
2013-06-12,95.360000
2013-06-13,94.290000
2013-06-14,94.340000
2013-06-17,94.870000
2013-06-18,95.200000
2013-06-19,95.220000
2013-06-20,98.180000
2013-06-21,97.480000
2013-06-24,97.700000
2013-06-25,97.870000
2013-06-26,97.430000
2013-06-27,98.400000
2013-06-28,99.210000
2013-07-01,99.620000
2013-07-02,100.430000
2013-07-03,99.820000
2013-07-05,100.940000
2013-07-08,101.070000
2013-07-09,101.080000
2013-07-10,100.100000
2013-07-11,98.800000
2013-07-12,99.390000
2013-07-15,100.040000
2013-07-16,99.370000
2013-07-17,99.700000
2013-07-18,100.600000
2013-07-19,100.300000
2013-07-22,99.600000
2013-07-23,99.760000
2013-07-24,100.210000
2013-07-25,99.560000
2013-07-26,98.240000
2013-07-29,97.800000
2013-07-30,98.020000
2013-07-31,98.350000
2013-08-01,99.300000
2013-08-02,99.040000
2013-08-05,98.540000
2013-08-06,97.850000
2013-08-07,96.720000
2013-08-08,96.030000
2013-08-09,96.240000
2013-08-12,96.440000
2013-08-13,98.060000
2013-08-14,98.150000
2013-08-15,97.810000
2013-08-16,97.600000
2013-08-19,97.940000
2013-08-20,97.120000
2013-08-21,97.660000
2013-08-22,98.530000
2013-08-23,98.570000
2013-08-26,98.640000
2013-08-27,97.300000
2013-08-28,97.650000
2013-08-29,98.460000
2013-08-30,98.220000
2013-09-03,99.430000
2013-09-04,99.610000
2013-09-05,100.080000
2013-09-06,99.040000
2013-09-09,99.550000
2013-09-10,100.220000
2013-09-11,100.080000
2013-09-12,99.240000
2013-09-13,99.380000
2013-09-16,98.980000
2013-09-17,99.160000
2013-09-18,99.040000
2013-09-19,99.330000
2013-09-20,99.380000
2013-09-23,98.760000
2013-09-24,98.760000
2013-09-25,98.620000
2013-09-26,98.950000
2013-09-27,98.300000
2013-09-30,98.290000
2013-10-01,98.050000
2013-10-02,97.360000
2013-10-03,97.080000
2013-10-04,97.200000
2013-10-07,97.020000
2013-10-08,96.940000
2013-10-09,97.230000
2013-10-10,98.090000
2013-10-11,98.420000
2013-10-15,98.580000
2013-10-16,98.900000
2013-10-17,97.850000
2013-10-18,97.770000
2013-10-21,98.140000
2013-10-22,98.180000
2013-10-23,97.280000
2013-10-24,97.360000
2013-10-25,97.460000
2013-10-28,97.700000
2013-10-29,98.090000
2013-10-30,98.140000
2013-10-31,98.100000
2013-11-01,98.780000
2013-11-04,98.620000
2013-11-05,98.600000
2013-11-06,98.600000
2013-11-07,98.560000
2013-11-08,99.030000
2013-11-12,99.650000
2013-11-13,99.310000
2013-11-14,99.930000
2013-11-15,100.170000
2013-11-18,100.040000
2013-11-19,100.140000
2013-11-20,100.020000
2013-11-21,100.950000
2013-11-22,101.290000
2013-11-25,101.700000
2013-11-26,101.380000
2013-11-27,102.180000
2013-11-29,102.450000
2013-12-02,103.040000
2013-12-03,102.360000
2013-12-04,102.480000
2013-12-05,101.820000
2013-12-06,102.880000
2013-12-09,103.220000
2013-12-10,102.800000
2013-12-11,102.380000
2013-12-12,103.110000
2013-12-13,103.280000
2013-12-16,102.910000
2013-12-17,102.630000
2013-12-18,103.180000
2013-12-19,104.160000
2013-12-20,104.070000
2013-12-23,104.060000
2013-12-24,104.260000
2013-12-26,104.720000
2013-12-27,105.050000
2013-12-30,105.000000
2013-12-31,105.250000
2014-01-02,104.840000
2014-01-03,104.460000
2014-01-06,104.380000
2014-01-07,104.540000
2014-01-08,104.870000
2014-01-09,104.740000
2014-01-10,104.060000
2014-01-13,103.310000
2014-01-14,103.800000
2014-01-15,104.420000
2014-01-16,104.320000
2014-01-17,104.320000
2014-01-21,104.140000
2014-01-22,104.360000
2014-01-23,103.650000
2014-01-24,102.410000
2014-01-27,102.260000
2014-01-28,102.800000
2014-01-29,102.200000
2014-01-30,102.830000
2014-01-31,102.280000
2014-02-03,101.110000
2014-02-04,101.620000
2014-02-05,101.380000
2014-02-06,101.840000
2014-02-07,102.320000
2014-02-10,102.140000
2014-02-11,102.630000
2014-02-12,102.480000
2014-02-13,102.200000
2014-02-14,101.820000
2014-02-18,102.310000
2014-02-19,102.300000
2014-02-20,102.320000
2014-02-21,102.710000
2014-02-24,102.440000
2014-02-25,102.200000
2014-02-26,102.360000
2014-02-27,102.120000
2014-02-28,102.080000
2014-03-03,101.360000
2014-03-04,102.180000
2014-03-05,102.320000
2014-03-06,103.030000
2014-03-07,103.380000
2014-03-10,103.230000
2014-03-11,103.180000
2014-03-12,102.740000
2014-03-13,102.120000
2014-03-14,101.460000
2014-03-17,101.620000
2014-03-18,101.370000
2014-03-19,101.540000
2014-03-20,102.390000
2014-03-21,102.380000
2014-03-24,102.210000
2014-03-25,102.320000
2014-03-26,102.300000
2014-03-27,102.100000
2014-03-28,102.920000
2014-03-31,102.980000
2014-04-01,103.520000
2014-04-02,103.820000
2014-04-03,103.940000
2014-04-04,103.390000
2014-04-07,103.040000
2014-04-08,102.120000
2014-04-09,101.850000
2014-04-10,101.430000
2014-04-11,101.560000
2014-04-14,101.810000
2014-04-15,101.600000
2014-04-16,102.300000
2014-04-17,102.220000
2014-04-18,102.430000
2014-04-21,102.560000
2014-04-22,102.600000
2014-04-23,102.260000
2014-04-24,102.340000
2014-04-25,102.120000
2014-04-28,102.460000
2014-04-29,102.570000
2014-04-30,102.140000
2014-05-01,102.300000
2014-05-02,102.340000
2014-05-05,102.060000
2014-05-06,101.570000
2014-05-07,101.720000
2014-05-08,101.660000
2014-05-09,101.740000
2014-05-12,102.100000
2014-05-13,102.200000
2014-05-14,101.750000
2014-05-15,101.440000
2014-05-16,101.500000
2014-05-19,101.260000
2014-05-20,101.260000
2014-05-21,101.440000
2014-05-22,101.760000
2014-05-23,101.880000
2014-05-27,102.140000
2014-05-28,101.780000
2014-05-29,101.580000
2014-05-30,101.770000
2014-06-02,102.300000
2014-06-03,102.420000
2014-06-04,102.690000
2014-06-05,102.440000
2014-06-06,102.500000
2014-06-09,102.520000
2014-06-10,102.370000
2014-06-11,101.940000
2014-06-12,101.830000
2014-06-13,102.060000
2014-06-16,101.820000
2014-06-17,102.180000
2014-06-18,102.160000
2014-06-19,101.840000
2014-06-20,102.140000
2014-06-23,101.900000
2014-06-24,102.130000
2014-06-25,101.750000
2014-06-26,101.660000
2014-06-27,101.390000
2014-06-30,101.280000
2014-07-01,101.510000
2014-07-02,101.760000
2014-07-03,102.190000
2014-07-07,101.840000
2014-07-08,101.530000
2014-07-09,101.700000
2014-07-10,101.260000
2014-07-11,101.330000
2014-07-14,101.580000
2014-07-15,101.620000
2014-07-16,101.690000
2014-07-17,101.300000
2014-07-18,101.370000
2014-07-21,101.340000
2014-07-22,101.540000
2014-07-23,101.500000
2014-07-24,101.820000
2014-07-25,101.810000
2014-07-28,101.820000
2014-07-29,102.120000
2014-07-30,102.900000
2014-07-31,102.750000
2014-08-01,102.450000
2014-08-04,102.470000
2014-08-05,102.770000
2014-08-06,102.340000
2014-08-07,102.060000
2014-08-08,101.910000
2014-08-11,102.140000
2014-08-12,102.220000
2014-08-13,102.480000
2014-08-14,102.440000
2014-08-15,102.190000
2014-08-18,102.540000
2014-08-19,102.860000
2014-08-20,103.360000
2014-08-21,103.780000
2014-08-22,103.970000
2014-08-25,103.960000
2014-08-26,104.120000
2014-08-27,103.980000
2014-08-28,103.780000
2014-08-29,104.000000
2014-09-02,105.100000
2014-09-03,104.880000
2014-09-04,105.220000
2014-09-05,104.940000
2014-09-08,105.650000
2014-09-09,106.320000
2014-09-10,106.760000
2014-09-11,106.870000
2014-09-12,107.240000
2014-09-15,107.180000
2014-09-16,106.910000
2014-09-17,107.580000
2014-09-18,108.690000
2014-09-19,108.960000
2014-09-22,108.880000
2014-09-23,108.820000
2014-09-24,108.920000
2014-09-25,108.700000
2014-09-26,109.320000
2014-09-29,109.340000
2014-09-30,109.660000
2014-10-01,109.300000
2014-10-02,108.100000
2014-10-03,109.700000
2014-10-06,109.080000
2014-10-07,108.300000
2014-10-08,108.410000
2014-10-09,108.000000
2014-10-10,107.830000
2014-10-14,107.150000
2014-10-15,106.060000
2014-10-16,105.980000
2014-10-17,106.720000
2014-10-20,106.870000
2014-10-21,106.700000
2014-10-22,107.320000
2014-10-23,108.160000
2014-10-24,108.060000
2014-10-27,107.710000
2014-10-28,108.000000
2014-10-29,108.100000
2014-10-30,108.940000
2014-10-31,112.090000
2014-11-03,113.920000
2014-11-04,113.440000
2014-11-05,114.620000
2014-11-06,114.870000
2014-11-07,114.730000
2014-11-10,114.780000
2014-11-12,115.420000
2014-11-13,115.630000
2014-11-14,116.520000
2014-11-17,116.440000
2014-11-18,116.760000
2014-11-19,117.700000
2014-11-20,118.140000
2014-11-21,117.740000
2014-11-24,118.390000
2014-11-25,117.990000
2014-11-26,117.600000
2014-11-28,118.700000
2014-12-01,118.140000
2014-12-02,119.100000
2014-12-03,119.820000
2014-12-04,119.670000
2014-12-05,121.380000
2014-12-08,120.890000
2014-12-09,118.870000
2014-12-10,118.500000
2014-12-11,119.400000
2014-12-12,118.220000
2014-12-15,117.750000
2014-12-16,117.280000
2014-12-17,117.640000
2014-12-18,118.840000
2014-12-19,119.560000
2014-12-22,119.840000
2014-12-23,120.680000
2014-12-24,120.450000
2014-12-29,120.570000
2014-12-30,119.340000
2014-12-31,119.850000
2015-01-02,120.200000
2015-01-05,119.640000
2015-01-06,118.260000
2015-01-07,119.520000
2015-01-08,119.510000
2015-01-09,118.660000
2015-01-12,118.320000
2015-01-13,118.160000
2015-01-14,116.780000
2015-01-15,116.950000
2015-01-16,117.450000
2015-01-20,118.480000
2015-01-21,117.860000
2015-01-22,117.920000
2015-01-23,117.800000
2015-01-26,118.380000
2015-01-27,117.620000
2015-01-28,117.740000
2015-01-29,118.310000
2015-01-30,117.440000
2015-02-02,117.330000
2015-02-03,117.480000
2015-02-04,117.580000
2015-02-05,117.400000
2015-02-06,119.160000
2015-02-09,118.700000
2015-02-10,119.320000
2015-02-11,120.380000
2015-02-12,118.720000
2015-02-13,118.700000
2015-02-17,118.990000
2015-02-18,119.190000
2015-02-19,118.840000
2015-02-20,118.680000
2015-02-23,118.880000
2015-02-24,119.130000
2015-02-25,118.880000
2015-02-26,119.360000
2015-02-27,119.720000
2015-03-02,120.060000
2015-03-03,119.470000
2015-03-04,119.760000
2015-03-05,120.220000
2015-03-06,120.930000
2015-03-09,121.170000
2015-03-10,121.200000
2015-03-11,121.500000
2015-03-12,121.280000
2015-03-13,121.170000
2015-03-16,121.300000
2015-03-17,121.280000
2015-03-18,120.920000
2015-03-19,120.900000
2015-03-20,120.280000
2015-03-23,119.740000
2015-03-24,119.900000
2015-03-25,119.370000
2015-03-26,119.010000
2015-03-27,119.150000
2015-03-30,120.110000
2015-03-31,119.960000
2015-04-01,119.620000
2015-04-02,119.740000
2015-04-03,118.960000
2015-04-06,119.050000
2015-04-07,120.360000
2015-04-08,119.960000
2015-04-09,120.320000
2015-04-10,120.290000
2015-04-13,120.320000
2015-04-14,119.260000
2015-04-15,119.230000
2015-04-16,119.180000
2015-04-17,119.020000
2015-04-20,119.270000
2015-04-21,119.450000
2015-04-22,119.900000
2015-04-23,119.690000
2015-04-24,118.980000
2015-04-27,119.120000
2015-04-28,118.800000
2015-04-29,118.830000
2015-04-30,119.860000
2015-05-01,120.210000
2015-05-04,120.250000
2015-05-05,119.870000
2015-05-06,119.420000
2015-05-07,119.740000
2015-05-08,119.780000
2015-05-11,120.050000
2015-05-12,119.800000
2015-05-13,119.090000
2015-05-14,119.200000
2015-05-15,119.360000
2015-05-18,119.820000
2015-05-19,120.580000
2015-05-20,121.280000
2015-05-21,121.060000
2015-05-22,121.450000
2015-05-26,123.080000
2015-05-27,123.760000
2015-05-28,124.180000
2015-05-29,123.980000
2015-06-01,124.640000
2015-06-02,124.190000
2015-06-03,124.060000
2015-06-04,124.560000
2015-06-05,125.580000
2015-06-08,125.080000
2015-06-09,124.160000
2015-06-10,122.720000
2015-06-11,123.620000
2015-06-12,123.230000
2015-06-15,123.380000
2015-06-16,123.390000
2015-06-17,124.250000
2015-06-18,122.870000
2015-06-19,122.700000
2015-06-22,123.280000
2015-06-23,123.710000
2015-06-24,124.240000
2015-06-25,123.630000
2015-06-26,123.920000
2015-06-29,122.500000
2015-06-30,122.100000
2015-07-01,123.020000
2015-07-02,123.140000
2015-07-06,122.530000
2015-07-07,122.160000
2015-07-08,120.540000
2015-07-09,121.220000
2015-07-10,122.750000
2015-07-13,123.350000
2015-07-14,123.390000
2015-07-15,123.890000
2015-07-16,124.040000
2015-07-17,124.000000
2015-07-20,124.240000
2015-07-21,123.930000
2015-07-22,124.080000
2015-07-23,123.880000
2015-07-24,123.740000
2015-07-27,123.240000
2015-07-28,123.520000
2015-07-29,123.860000
2015-07-30,124.380000
2015-07-31,123.940000
2015-08-03,123.980000
2015-08-04,124.000000
2015-08-05,124.840000
2015-08-06,124.600000
2015-08-07,124.270000
2015-08-10,124.550000
2015-08-11,124.900000
2015-08-12,123.870000
2015-08-13,124.320000
2015-08-14,124.270000
2015-08-17,124.330000
2015-08-18,124.390000
2015-08-19,124.100000
2015-08-20,123.540000
2015-08-21,122.110000
2015-08-24,118.560000
2015-08-25,119.910000
2015-08-26,119.070000
2015-08-27,120.890000
2015-08-28,121.320000
2015-08-31,121.260000
2015-09-01,119.940000
2015-09-02,120.000000
2015-09-03,120.200000
2015-09-04,119.050000
2015-09-08,119.720000
2015-09-09,120.940000
2015-09-10,120.710000
2015-09-11,120.660000
2015-09-14,119.920000
2015-09-15,120.300000
2015-09-16,120.620000
2015-09-17,120.900000
2015-09-18,119.850000
2015-09-21,120.460000
2015-09-22,120.040000
2015-09-23,120.120000
2015-09-24,119.540000
2015-09-25,120.740000
2015-09-28,119.820000
2015-09-29,119.760000
2015-09-30,119.810000
2015-10-01,119.580000
2015-10-02,119.420000
2015-10-05,120.360000
2015-10-06,120.180000
2015-10-07,119.900000
2015-10-08,119.940000
2015-10-09,120.300000
2015-10-13,119.800000
2015-10-14,119.210000
2015-10-15,118.260000
2015-10-16,119.600000
2015-10-19,119.500000
2015-10-20,119.790000
2015-10-21,119.910000
2015-10-22,120.500000
2015-10-23,121.200000
2015-10-26,120.870000
2015-10-27,120.290000
2015-10-28,120.560000
2015-10-29,121.140000
2015-10-30,120.700000
2015-11-02,120.700000
2015-11-03,121.200000
2015-11-04,121.520000
2015-11-05,121.710000
2015-11-06,123.200000
2015-11-09,123.040000
2015-11-10,123.220000
2015-11-12,122.840000
2015-11-13,122.930000
2015-11-16,123.110000
2015-11-17,123.480000
2015-11-18,123.510000
2015-11-19,122.710000
2015-11-20,122.800000
2015-11-23,123.020000
2015-11-24,122.470000
2015-11-25,122.700000
2015-11-27,122.840000
2015-11-30,123.220000
2015-12-01,122.880000
2015-12-02,123.520000
2015-12-03,123.060000
2015-12-04,123.100000
2015-12-07,123.310000
2015-12-08,123.000000
2015-12-09,121.860000
2015-12-10,121.440000
2015-12-11,120.940000
2015-12-14,120.570000
2015-12-15,121.660000
2015-12-16,121.880000
2015-12-17,122.750000
2015-12-18,121.200000
2015-12-21,120.990000
2015-12-22,120.940000
2015-12-23,120.940000
2015-12-24,120.320000
2015-12-28,120.300000
2015-12-29,120.440000
2015-12-30,120.600000
2015-12-31,120.270000
2016-01-04,119.300000
2016-01-05,118.950000
2016-01-06,118.540000
2016-01-07,118.000000
2016-01-08,117.740000
2016-01-11,117.480000
2016-01-12,117.780000
2016-01-13,118.060000
2016-01-14,118.030000
2016-01-15,116.780000
2016-01-19,117.660000
2016-01-20,116.380000
2016-01-21,117.610000
2016-01-22,118.370000
2016-01-25,118.550000
2016-01-26,118.500000
2016-01-27,118.900000
2016-01-28,118.610000
2016-01-29,121.050000
2016-02-01,121.060000
2016-02-02,120.270000
2016-02-03,117.920000
2016-02-04,116.750000
2016-02-05,116.990000
2016-02-08,115.700000
2016-02-09,114.800000
2016-02-10,114.030000
2016-02-11,111.720000
2016-02-12,112.960000
2016-02-16,113.900000
2016-02-17,114.140000
2016-02-18,113.620000
2016-02-19,112.420000
2016-02-22,113.120000
2016-02-23,112.170000
2016-02-24,111.360000
2016-02-25,112.700000
2016-02-26,113.780000
2016-02-29,112.900000
2016-03-01,113.940000
2016-03-02,113.810000
2016-03-03,113.530000
2016-03-04,113.910000
2016-03-07,113.600000
2016-03-08,112.580000
2016-03-09,113.060000
2016-03-10,113.100000
2016-03-11,113.660000
2016-03-14,113.590000
2016-03-15,112.880000
2016-03-16,113.690000
2016-03-17,111.300000
2016-03-18,111.380000
2016-03-21,111.620000
2016-03-22,111.820000
2016-03-23,112.630000
2016-03-24,112.640000
2016-03-25,113.050000
2016-03-28,113.290000
2016-03-29,113.330000
2016-03-30,112.600000
2016-03-31,112.420000
2016-04-01,112.060000
2016-04-04,111.180000
2016-04-05,110.260000
2016-04-06,109.630000
2016-04-07,107.980000
2016-04-08,108.360000
2016-04-11,107.960000
2016-04-12,108.540000
2016-04-13,109.210000
2016-04-14,109.200000
2016-04-15,108.760000
2016-04-18,108.850000
2016-04-19,109.160000
2016-04-20,109.510000
2016-04-21,109.410000
2016-04-22,111.500000
2016-04-25,111.080000
2016-04-26,111.230000
2016-04-27,111.260000
2016-04-28,108.550000
2016-04-29,106.900000
2016-05-02,106.480000
2016-05-03,106.340000
2016-05-04,107.120000
2016-05-05,107.320000
2016-05-06,106.660000
2016-05-09,108.390000
2016-05-10,109.220000
2016-05-11,108.480000
2016-05-12,108.730000
2016-05-13,109.140000
2016-05-16,108.890000
2016-05-17,109.020000
2016-05-18,109.650000
2016-05-19,109.810000
2016-05-20,110.520000
2016-05-23,109.470000
2016-05-24,110.000000
2016-05-25,110.220000
2016-05-26,109.740000
2016-05-27,109.860000
2016-05-31,110.750000
2016-06-01,109.550000
2016-06-02,108.750000
2016-06-03,106.880000
2016-06-06,107.330000
2016-06-07,107.300000
2016-06-08,106.680000
2016-06-09,106.540000
2016-06-10,107.060000
2016-06-13,106.070000
2016-06-14,106.020000
2016-06-15,105.870000
2016-06-16,104.050000
2016-06-17,104.200000
2016-06-20,104.320000
2016-06-21,104.560000
2016-06-22,104.560000
2016-06-23,105.900000
2016-06-24,102.260000
2016-06-27,101.660000
2016-06-28,102.710000
2016-06-29,102.680000
2016-06-30,102.770000
2016-07-01,102.550000
2016-07-05,101.580000
2016-07-06,101.120000
2016-07-07,100.740000
2016-07-08,100.650000
2016-07-11,102.660000
2016-07-12,104.720000
2016-07-13,104.100000
2016-07-14,105.400000
2016-07-15,105.640000
2016-07-18,106.000000
2016-07-19,106.130000
2016-07-20,106.650000
2016-07-21,105.980000
2016-07-22,106.220000
2016-07-25,106.020000
2016-07-26,104.830000
2016-07-27,105.650000
2016-07-28,104.860000
2016-07-29,102.320000
2016-08-01,102.260000
2016-08-02,100.820000
2016-08-03,101.340000
2016-08-04,101.080000
2016-08-05,101.740000
2016-08-08,102.530000
2016-08-09,101.960000
2016-08-10,101.270000
2016-08-11,101.460000
2016-08-12,101.010000
2016-08-15,101.020000
2016-08-16,100.280000
2016-08-17,100.240000
2016-08-18,100.070000
2016-08-19,100.240000
2016-08-22,100.250000
2016-08-23,100.200000
2016-08-24,100.500000
2016-08-25,100.580000
2016-08-26,101.200000
2016-08-29,102.130000
2016-08-30,102.920000
2016-08-31,103.380000
2016-09-01,103.220000
2016-09-02,104.180000
2016-09-06,102.280000
2016-09-07,101.720000
2016-09-08,102.280000
2016-09-09,102.860000
2016-09-12,101.960000
2016-09-13,102.140000
2016-09-14,102.330000
2016-09-15,102.240000
2016-09-16,102.360000
2016-09-19,101.820000
2016-09-20,101.660000
2016-09-21,100.620000
2016-09-22,100.800000
2016-09-23,101.040000
2016-09-26,100.340000
2016-09-27,100.360000
2016-09-28,100.570000
2016-09-29,101.480000
2016-09-30,101.210000
2016-10-03,101.540000
2016-10-04,102.660000
2016-10-05,103.530000
2016-10-06,104.020000
2016-10-07,103.420000
2016-10-11,103.360000
2016-10-12,104.480000
2016-10-13,103.620000
2016-10-14,104.100000
2016-10-17,103.960000
2016-10-18,103.800000
2016-10-19,103.300000
2016-10-20,103.920000
2016-10-21,103.960000
2016-10-24,104.200000
2016-10-25,104.250000
2016-10-26,104.420000
2016-10-27,105.140000
2016-10-28,105.400000
2016-10-31,105.070000
2016-11-01,104.590000
2016-11-02,103.220000
2016-11-03,103.170000
2016-11-04,103.020000
2016-11-07,104.600000
2016-11-08,104.980000
2016-11-09,104.840000
2016-11-10,106.560000
2016-11-14,108.300000
2016-11-15,108.940000
2016-11-16,109.160000
2016-11-17,109.640000
2016-11-18,110.510000
2016-11-21,111.120000
2016-11-22,110.980000
2016-11-23,112.580000
2016-11-25,113.170000
2016-11-28,112.360000
2016-11-29,112.780000
2016-11-30,114.340000
2016-12-01,114.340000
2016-12-02,113.760000
2016-12-05,114.100000
2016-12-06,113.980000
2016-12-07,113.500000
2016-12-08,114.160000
2016-12-09,115.170000
2016-12-12,115.340000
2016-12-13,115.260000
2016-12-14,115.060000
2016-12-15,118.320000
2016-12-16,117.740000
2016-12-19,116.600000
2016-12-20,117.860000
2016-12-21,117.790000
2016-12-22,117.480000
2016-12-23,117.220000
2016-12-27,117.520000
2016-12-28,117.660000
2016-12-29,116.320000
2016-12-30,116.780000
2017-01-03,117.680000
2017-01-04,117.380000
2017-01-05,115.460000
2017-01-06,116.850000
2017-01-09,116.070000
2017-01-10,115.740000
2017-01-11,116.260000
2017-01-12,113.870000
2017-01-13,115.030000
2017-01-17,112.960000
2017-01-18,113.400000
2017-01-19,115.300000
2017-01-23,112.900000
2017-01-24,113.630000
2017-01-25,113.600000
2017-01-26,114.700000
2017-01-27,115.160000
2017-01-30,113.860000
2017-01-31,112.720000
2017-02-01,113.290000
2017-02-02,112.480000
2017-02-03,112.420000
2017-02-06,112.320000
2017-02-07,112.140000
2017-02-08,111.740000
2017-02-09,113.240000
2017-02-10,113.220000
2017-02-13,113.790000
2017-02-14,114.340000
2017-02-15,114.170000
2017-02-16,113.360000
2017-02-17,112.860000
2017-02-21,113.480000
2017-02-22,113.460000
2017-02-23,112.680000
2017-02-24,112.260000
2017-02-27,112.010000
2017-02-28,112.060000
2017-03-01,113.660000
2017-03-02,114.450000
2017-03-03,114.600000
2017-03-06,113.920000
2017-03-07,113.990000
2017-03-08,114.580000
2017-03-09,114.710000
2017-03-10,115.020000
2017-03-13,114.610000
2017-03-14,114.630000
2017-03-15,114.660000
2017-03-16,113.020000
2017-03-17,112.670000
2017-03-20,112.590000
2017-03-21,111.900000
2017-03-22,111.060000
2017-03-23,111.120000
2017-03-24,111.030000
2017-03-27,110.480000
2017-03-28,110.560000
2017-03-29,111.050000
2017-03-30,111.360000
2017-03-31,111.410000
2017-04-03,110.960000
2017-04-04,110.740000
2017-04-05,111.200000
2017-04-06,111.020000
2017-04-07,110.760000
2017-04-10,110.950000
2017-04-11,109.740000
2017-04-12,109.540000
2017-04-13,109.230000
2017-04-14,108.630000
2017-04-17,108.460000
2017-04-18,108.400000
2017-04-19,109.060000
2017-04-20,109.340000
2017-04-21,109.080000
2017-04-24,109.740000
2017-04-25,110.880000
2017-04-26,111.520000
2017-04-27,111.130000
2017-04-28,111.440000
2017-05-01,111.780000
2017-05-02,112.060000
2017-05-03,112.340000
2017-05-04,112.700000
2017-05-05,112.630000
2017-05-08,112.840000
2017-05-09,114.190000
2017-05-10,114.020000
2017-05-11,113.770000
2017-05-12,113.300000
2017-05-15,113.540000
2017-05-16,113.240000
2017-05-17,111.460000
2017-05-18,110.820000
2017-05-19,111.470000
2017-05-22,111.150000
2017-05-23,111.640000
2017-05-24,112.020000
2017-05-25,111.700000
2017-05-26,111.300000
2017-05-30,110.680000
2017-05-31,110.710000
2017-06-01,111.240000
2017-06-02,110.490000
2017-06-05,110.490000
2017-06-06,109.340000
2017-06-07,109.540000
2017-06-08,110.100000
2017-06-09,110.610000
2017-06-12,109.720000
2017-06-13,110.120000
2017-06-14,109.160000
2017-06-15,110.660000
2017-06-16,110.840000
2017-06-19,111.340000
2017-06-20,111.460000
2017-06-21,111.580000
2017-06-22,111.360000
2017-06-23,111.260000
2017-06-26,111.480000
2017-06-27,112.420000
2017-06-28,112.180000
2017-06-29,112.320000
2017-06-30,112.400000
2017-07-03,113.320000
2017-07-05,113.200000
2017-07-06,113.280000
2017-07-07,114.100000
2017-07-10,114.080000
2017-07-11,114.200000
2017-07-12,113.190000
2017-07-13,113.390000
2017-07-14,112.660000
2017-07-17,112.760000
2017-07-18,111.890000
2017-07-19,111.770000
2017-07-20,111.680000
2017-07-21,111.180000
2017-07-24,111.100000
2017-07-25,111.570000
2017-07-26,112.100000
2017-07-27,111.620000
2017-07-28,110.870000
2017-07-31,110.380000
2017-08-01,110.330000
2017-08-02,110.430000
2017-08-03,110.120000
2017-08-04,110.760000
2017-08-07,110.760000
2017-08-08,110.740000
2017-08-09,110.040000
2017-08-10,109.370000
2017-08-11,109.060000
2017-08-14,109.480000
2017-08-15,110.420000
2017-08-16,110.800000
2017-08-17,109.880000
2017-08-18,109.320000
2017-08-21,108.890000
2017-08-22,109.400000
2017-08-23,109.140000
2017-08-24,109.340000
2017-08-25,109.240000
2017-08-28,109.220000
2017-08-29,109.020000
2017-08-30,110.200000
2017-08-31,110.060000
2017-09-01,110.090000
2017-09-05,108.940000
2017-09-06,108.750000
2017-09-07,108.260000
2017-09-08,107.720000
2017-09-11,109.030000
2017-09-12,110.010000
2017-09-13,110.580000
2017-09-14,110.660000
2017-09-15,110.840000
2017-09-18,111.480000
2017-09-19,111.490000
2017-09-20,111.500000
2017-09-21,112.300000
2017-09-22,112.010000
2017-09-25,111.640000
2017-09-26,112.160000
2017-09-27,112.760000
2017-09-28,112.660000
2017-09-29,112.640000
2017-10-02,112.600000
2017-10-03,112.800000
2017-10-04,112.840000
2017-10-05,112.740000
2017-10-06,112.680000
2017-10-10,112.150000
2017-10-11,112.350000
2017-10-12,112.380000
2017-10-13,111.940000
2017-10-16,111.720000
2017-10-17,112.320000
2017-10-18,112.940000
2017-10-19,112.540000
2017-10-20,113.500000
2017-10-23,113.660000
2017-10-24,113.920000
2017-10-25,113.700000
2017-10-26,113.720000
2017-10-27,113.820000
2017-10-30,113.260000
2017-10-31,113.630000
2017-11-01,114.040000
2017-11-02,113.840000
2017-11-03,114.250000
2017-11-06,113.900000
2017-11-07,113.900000
2017-11-08,113.620000
2017-11-09,113.400000
2017-11-13,113.620000
2017-11-14,113.500000
2017-11-15,113.150000
2017-11-16,112.890000
2017-11-17,111.980000
2017-11-20,112.490000
2017-11-21,112.460000
2017-11-22,111.620000
2017-11-24,111.540000
2017-11-27,111.000000
2017-11-28,111.130000
2017-11-29,111.750000
2017-11-30,112.300000
2017-12-01,111.880000
2017-12-04,112.800000
2017-12-05,112.760000
2017-12-06,112.320000
2017-12-07,112.700000
2017-12-08,113.550000
2017-12-11,113.340000
2017-12-12,113.620000
2017-12-13,113.190000
2017-12-14,112.560000
2017-12-15,112.680000
2017-12-18,112.400000
2017-12-19,112.980000
2017-12-20,113.290000
2017-12-21,113.420000
2017-12-22,113.300000
2017-12-26,113.200000
2017-12-27,113.280000
2017-12-28,112.850000
2017-12-29,112.690000
2018-01-02,112.180000
2018-01-03,112.280000
2018-01-04,112.780000
2018-01-05,113.180000
2018-01-08,113.080000
2018-01-09,112.570000
2018-01-10,111.480000
2018-01-11,111.350000
2018-01-12,111.230000
2018-01-16,110.740000
2018-01-17,110.810000
2018-01-18,110.880000
2018-01-19,110.560000
2018-01-22,111.150000
2018-01-23,110.460000
2018-01-24,109.150000
2018-01-25,108.700000
2018-01-26,108.380000
2018-01-29,109.120000
2018-01-30,108.900000
2018-01-31,109.310000
2018-02-01,109.500000
2018-02-02,110.400000
2018-02-05,110.090000
2018-02-06,109.180000
2018-02-07,109.530000
2018-02-08,109.000000
2018-02-09,108.440000
2018-02-12,108.720000
2018-02-13,107.590000
2018-02-14,107.000000
2018-02-15,106.360000
2018-02-16,106.100000
2018-02-20,107.230000
2018-02-21,107.640000
2018-02-22,106.960000
2018-02-23,106.640000
2018-02-26,106.960000
2018-02-27,107.470000
2018-02-28,106.620000
2018-03-01,106.910000
2018-03-02,105.650000
2018-03-05,105.970000
2018-03-06,106.030000
2018-03-07,105.940000
2018-03-08,106.080000
2018-03-09,106.740000
2018-03-12,106.520000
2018-03-13,106.640000
2018-03-14,106.170000
2018-03-15,106.070000
2018-03-16,106.100000
2018-03-19,105.830000
2018-03-20,106.420000
2018-03-21,106.300000
2018-03-22,105.340000
2018-03-23,104.830000
2018-03-26,105.000000
2018-03-27,105.720000
2018-03-28,106.300000
2018-03-29,106.270000
2018-03-30,106.200000
2018-04-02,105.990000
2018-04-03,106.450000
2018-04-04,106.560000
2018-04-05,107.480000
2018-04-06,107.030000
2018-04-09,107.060000
2018-04-10,107.300000
2018-04-11,106.780000
2018-04-12,107.300000
2018-04-13,107.520000
2018-04-16,107.260000
2018-04-17,107.090000
2018-04-18,107.260000
2018-04-19,107.420000
2018-04-20,107.600000
2018-04-23,108.620000
2018-04-24,109.030000
2018-04-25,109.330000
2018-04-26,109.300000
2018-04-27,109.120000
2018-04-30,109.280000
2018-05-01,109.690000
2018-05-02,109.890000
2018-05-03,109.060000
2018-05-04,109.160000
2018-05-07,109.140000
2018-05-08,109.160000
2018-05-09,109.680000
2018-05-10,109.530000
2018-05-11,109.260000
2018-05-14,109.520000
2018-05-15,110.250000
2018-05-16,110.220000
2018-05-17,110.760000
2018-05-18,110.710000
2018-05-21,111.080000
2018-05-22,110.940000
2018-05-23,110.050000
2018-05-24,109.300000
2018-05-25,109.350000
2018-05-29,108.620000
2018-05-30,109.040000
2018-05-31,108.730000
2018-06-01,109.490000
2018-06-04,109.660000
2018-06-05,109.630000
2018-06-06,110.000000
2018-06-07,109.920000
2018-06-08,109.450000
2018-06-11,109.940000
2018-06-12,110.220000
2018-06-13,110.410000
2018-06-14,110.440000
2018-06-15,110.580000
2018-06-18,110.440000
2018-06-19,110.020000
2018-06-20,110.140000
2018-06-21,110.050000
2018-06-22,109.980000
2018-06-25,109.620000
2018-06-26,109.920000
2018-06-27,110.340000
2018-06-28,110.380000
2018-06-29,110.710000
2018-07-02,110.730000
2018-07-03,110.540000
2018-07-05,110.590000
2018-07-06,110.480000
2018-07-09,110.780000
2018-07-10,111.240000
2018-07-11,111.520000
2018-07-12,112.410000
2018-07-13,112.380000
2018-07-16,112.290000
2018-07-17,112.790000
2018-07-18,112.820000
2018-07-19,112.980000
2018-07-20,111.740000
2018-07-23,111.360000
2018-07-24,111.270000
2018-07-25,111.020000
2018-07-26,111.200000
2018-07-27,110.940000
2018-07-30,110.980000
2018-07-31,111.880000
2018-08-01,111.720000
2018-08-02,111.480000
2018-08-03,111.120000
2018-08-06,111.430000
2018-08-07,111.190000
2018-08-08,110.960000
2018-08-09,110.900000
2018-08-10,110.660000
2018-08-13,110.650000
2018-08-14,110.920000
2018-08-15,110.620000
2018-08-16,110.890000
2018-08-17,110.540000
2018-08-20,110.380000
2018-08-21,110.480000
2018-08-22,110.540000
2018-08-23,111.140000
2018-08-24,111.220000
2018-08-27,111.090000
2018-08-28,111.040000
2018-08-29,111.800000
2018-08-30,111.170000
2018-08-31,110.980000
2018-09-04,111.440000
2018-09-05,111.470000
2018-09-06,110.870000
2018-09-07,111.180000
2018-09-10,111.090000
2018-09-11,111.540000
2018-09-12,111.290000
2018-09-13,111.920000
2018-09-14,112.090000
2018-09-17,111.970000
2018-09-18,112.300000
2018-09-19,112.210000
2018-09-20,112.580000
2018-09-21,112.620000
2018-09-24,112.620000
2018-09-25,112.880000
2018-09-26,112.920000
2018-09-27,113.380000
2018-09-28,113.480000
2018-10-01,113.960000
2018-10-02,113.660000
2018-10-03,114.190000
2018-10-04,113.790000
2018-10-05,113.560000
2018-10-09,113.130000
2018-10-10,112.710000
2018-10-11,112.260000
2018-10-12,112.020000
2018-10-15,111.820000
2018-10-16,112.160000
2018-10-17,112.210000
2018-10-18,112.110000
2018-10-19,112.520000
2018-10-22,112.780000
2018-10-23,112.120000
2018-10-24,112.580000
2018-10-25,112.540000
2018-10-26,111.650000
2018-10-29,112.490000
2018-10-30,112.760000
2018-10-31,112.860000
2018-11-01,112.790000
2018-11-02,113.090000
2018-11-05,113.220000
2018-11-06,113.380000
2018-11-07,113.320000
2018-11-08,113.870000
2018-11-09,113.770000
2018-11-13,113.970000
2018-11-14,113.700000
2018-11-15,113.460000
2018-11-16,112.760000
2018-11-19,112.540000
2018-11-20,112.660000
2018-11-21,113.060000
2018-11-23,112.830000
2018-11-26,113.580000
2018-11-27,113.840000
2018-11-28,113.960000
2018-11-29,113.420000
2018-11-30,113.540000
2018-12-03,113.540000
2018-12-04,112.930000
2018-12-06,112.460000
2018-12-07,112.600000
2018-12-10,112.960000
2018-12-11,113.410000
2018-12-12,113.280000
2018-12-13,113.660000
2018-12-14,113.350000
2018-12-17,112.960000
2018-12-18,112.540000
2018-12-19,112.150000
2018-12-20,111.340000
2018-12-21,111.140000
2018-12-26,110.450000
2018-12-27,110.780000
2018-12-28,110.340000
2018-12-31,109.700000
2019-01-02,109.220000
2019-01-03,108.070000
2019-01-04,108.290000
2019-01-07,108.620000
2019-01-08,108.570000
2019-01-09,108.380000
2019-01-10,108.290000
2019-01-11,108.340000
2019-01-15,108.720000
2019-01-16,108.840000
2019-01-17,109.010000
2019-01-18,109.790000
2019-01-22,109.340000
2019-01-23,109.440000
2019-01-24,109.720000
2019-01-25,109.600000
2019-01-28,109.200000
2019-01-29,109.360000
2019-01-30,109.570000
2019-01-31,108.840000
2019-02-01,109.550000
2019-02-04,109.960000
2019-02-05,109.990000
2019-02-06,109.750000
2019-02-07,109.700000
2019-02-08,109.760000
2019-02-11,110.400000
2019-02-12,110.500000
2019-02-13,110.860000
2019-02-14,110.680000
2019-02-15,110.540000
2019-02-19,110.680000
2019-02-21,110.720000
2019-02-22,110.700000
2019-02-25,111.070000
2019-02-26,110.760000
2019-02-27,110.920000
2019-02-28,111.380000
2019-03-01,111.890000
2019-03-04,111.680000
2019-03-05,111.980000
2019-03-06,111.660000
2019-03-07,111.600000
2019-03-08,111.110000
2019-03-11,111.210000
2019-03-12,111.380000
2019-03-13,111.230000
2019-03-14,111.710000
2019-03-15,111.570000
2019-03-18,111.410000
2019-03-19,111.380000
2019-03-20,111.410000
2019-03-21,110.860000
2019-03-22,109.760000
2019-03-25,110.090000
2019-03-26,110.500000
2019-03-27,110.380000
2019-03-28,110.540000
2019-03-29,110.680000
2019-04-01,111.290000
2019-04-02,111.320000
2019-04-03,111.480000
2019-04-04,111.550000
2019-04-05,111.710000
2019-04-08,111.470000
2019-04-09,111.080000
2019-04-10,110.920000
2019-04-11,111.480000
2019-04-12,112.000000
2019-04-15,112.000000
2019-04-16,111.950000
2019-04-17,112.000000
2019-04-18,111.940000
2019-04-19,111.920000
2019-04-22,111.940000
2019-04-23,111.860000
2019-04-24,111.810000
2019-04-25,111.590000
2019-04-26,111.600000
2019-04-29,111.800000
2019-04-30,111.400000
2019-05-01,111.180000
2019-05-02,111.390000
2019-05-03,111.280000
2019-05-06,110.860000
2019-05-07,110.340000
2019-05-08,110.120000
2019-05-09,109.550000
2019-05-10,109.560000
2019-05-13,109.180000
2019-05-14,109.680000
2019-05-15,109.580000
2019-05-16,109.890000
2019-05-17,109.900000
2019-05-20,109.960000
2019-05-21,110.600000
2019-05-22,110.280000
2019-05-23,109.580000
2019-05-24,109.380000
2019-05-28,109.490000
2019-05-29,109.240000
2019-05-30,109.670000
2019-05-31,108.660000
2019-06-03,108.390000
2019-06-04,108.300000
2019-06-05,108.200000
2019-06-06,108.080000
2019-06-07,108.150000
2019-06-10,108.560000
2019-06-11,108.520000
2019-06-12,108.420000
2019-06-13,108.440000
2019-06-14,108.440000
2019-06-17,108.560000
2019-06-18,108.390000
2019-06-19,108.360000
2019-06-20,107.520000
2019-06-21,107.550000
2019-06-24,107.360000
2019-06-25,106.920000
2019-06-26,107.640000
2019-06-27,107.730000
2019-06-28,107.840000
2019-07-01,108.420000
2019-07-02,107.980000
2019-07-03,107.840000
2019-07-05,108.550000
2019-07-08,108.720000
2019-07-09,108.780000
2019-07-10,108.440000
2019-07-11,108.290000
2019-07-12,108.000000
2019-07-15,107.890000
2019-07-16,108.350000
2019-07-17,108.100000
2019-07-18,107.740000
2019-07-19,107.780000
2019-07-22,107.910000
2019-07-23,108.060000
2019-07-24,108.080000
2019-07-25,108.580000
2019-07-26,108.690000
2019-07-29,108.860000
2019-07-30,108.660000
2019-07-31,108.580000
2019-08-01,108.280000
2019-08-02,106.640000
2019-08-05,106.020000
2019-08-06,106.450000
2019-08-07,105.620000
2019-08-08,106.040000
2019-08-09,105.300000
2019-08-12,105.380000
2019-08-13,106.600000
2019-08-14,105.790000
2019-08-15,106.120000
2019-08-16,106.340000
2019-08-19,106.500000
2019-08-20,106.350000
2019-08-21,106.520000
2019-08-22,106.440000
2019-08-23,105.300000
2019-08-26,106.000000
2019-08-27,105.800000
2019-08-28,105.860000
2019-08-29,106.500000
2019-08-30,106.300000
2019-09-03,105.880000
2019-09-04,106.280000
2019-09-05,106.960000
2019-09-06,106.800000
2019-09-09,107.140000
2019-09-10,107.340000
2019-09-11,107.730000
2019-09-12,107.970000
2019-09-13,108.120000
2019-09-16,107.940000
2019-09-17,108.120000
2019-09-18,108.170000
2019-09-19,108.000000
2019-09-20,107.950000
2019-09-23,107.470000
2019-09-24,107.320000
2019-09-25,107.780000
2019-09-26,107.670000
2019-09-27,108.050000
2019-09-30,108.110000
2019-10-01,107.700000
2019-10-02,107.210000
2019-10-03,106.760000
2019-10-04,106.910000
2019-10-07,107.060000
2019-10-08,107.060000
2019-10-09,107.430000
2019-10-10,107.910000
2019-10-11,108.520000
2019-10-15,108.830000
2019-10-16,108.710000
2019-10-17,108.510000
2019-10-18,108.440000
2019-10-21,108.570000
2019-10-22,108.560000
2019-10-23,108.640000
2019-10-24,108.620000
2019-10-25,108.750000
2019-10-28,109.020000
2019-10-29,108.830000
2019-10-30,108.880000
2019-10-31,108.090000
2019-11-01,108.160000
2019-11-04,108.560000
2019-11-05,109.130000
2019-11-06,108.860000
2019-11-07,109.420000
2019-11-08,109.140000
2019-11-12,109.090000
2019-11-13,108.830000
2019-11-14,108.330000
2019-11-15,108.800000
2019-11-18,108.610000
2019-11-19,108.590000
2019-11-20,108.670000
2019-11-21,108.530000
2019-11-22,108.670000
2019-11-25,108.950000
2019-11-26,109.110000
2019-11-27,109.380000
2019-11-29,109.470000
2019-12-02,109.090000
2019-12-03,108.530000
2019-12-04,108.870000
2019-12-05,108.690000
2019-12-06,108.660000
2019-12-09,108.590000
2019-12-10,108.730000
2019-12-11,108.670000
2019-12-12,109.160000
2019-12-13,109.280000
2019-12-16,109.640000
2019-12-17,109.520000
2019-12-18,109.580000
2019-12-19,109.230000
2019-12-20,109.450000
2019-12-23,109.390000
2019-12-24,109.380000
2019-12-26,109.670000
2019-12-27,109.470000
2019-12-30,108.850000
2019-12-31,108.670000
2020-01-02,108.430000
2020-01-03,107.940000
2020-01-06,108.360000
2020-01-07,108.530000
2020-01-08,109.030000
2020-01-09,109.470000
2020-01-10,109.500000
2020-01-13,109.930000
2020-01-14,110.050000
2020-01-15,109.940000
2020-01-16,110.160000
2020-01-17,110.160000
2020-01-21,109.950000
2020-01-22,109.930000
2020-01-23,109.390000
2020-01-24,109.310000
2020-01-27,108.950000
2020-01-28,109.170000
2020-01-29,109.150000
2020-01-30,108.750000
2020-01-31,108.500000
2020-02-03,108.590000
2020-02-04,109.410000
2020-02-05,109.740000
2020-02-06,109.890000
2020-02-07,109.810000
2020-02-10,109.770000
2020-02-11,109.780000
2020-02-12,110.000000
2020-02-13,109.810000
2020-02-14,109.770000
2020-02-18,109.800000
2020-02-19,111.170000
2020-02-20,111.860000
2020-02-21,111.740000
2020-02-24,110.560000
2020-02-25,110.230000
2020-02-26,110.360000
2020-02-27,110.150000
2020-02-28,108.120000
2020-03-02,108.020000
2020-03-03,107.280000
2020-03-04,107.340000
2020-03-05,106.560000
2020-03-06,105.310000
2020-03-09,102.520000
2020-03-10,103.710000
2020-03-11,104.810000
2020-03-12,105.670000
2020-03-13,107.150000
2020-03-16,105.640000
2020-03-17,107.410000
2020-03-18,108.450000
2020-03-19,110.080000
2020-03-20,111.300000
2020-03-23,111.360000
2020-03-24,111.440000
2020-03-25,111.430000
2020-03-26,109.450000
2020-03-27,108.160000
2020-03-30,108.060000
2020-03-31,107.530000
2020-04-01,107.050000
2020-04-02,107.850000
2020-04-03,108.530000
2020-04-06,109.110000
2020-04-07,108.970000
2020-04-08,108.700000
2020-04-09,108.380000
2020-04-10,108.390000
2020-04-13,107.590000
2020-04-14,107.080000
2020-04-15,107.420000
2020-04-16,107.720000
2020-04-17,107.520000
2020-04-20,107.690000
2020-04-21,107.690000
2020-04-22,107.810000
2020-04-23,107.650000
2020-04-24,107.440000
2020-04-27,107.220000
2020-04-28,106.830000
2020-04-29,106.670000
2020-04-30,106.940000
2020-05-01,106.760000
2020-05-04,106.820000
2020-05-05,106.520000
2020-05-06,106.070000
2020-05-07,106.360000
2020-05-08,106.500000
2020-05-11,107.700000
2020-05-12,107.330000
2020-05-13,106.920000
2020-05-14,107.090000
2020-05-15,107.270000
2020-05-18,107.250000
2020-05-19,107.890000
2020-05-20,107.460000
2020-05-21,107.690000
2020-05-22,107.500000
2020-05-26,107.640000
2020-05-27,107.790000
2020-05-28,107.670000
2020-05-29,107.770000
2020-06-01,107.560000
2020-06-02,108.600000
2020-06-03,108.880000
2020-06-04,109.000000
2020-06-05,109.680000
2020-06-08,108.460000
2020-06-09,107.660000
2020-06-10,107.250000
2020-06-11,106.670000
2020-06-12,107.360000
2020-06-15,107.330000
2020-06-16,107.350000
2020-06-17,107.260000
2020-06-18,106.780000
2020-06-19,106.890000
2020-06-22,106.840000
2020-06-23,106.440000
2020-06-24,106.830000
2020-06-25,107.210000
2020-06-26,107.190000
2020-06-29,107.710000
2020-06-30,107.770000
2020-07-01,107.500000
2020-07-02,107.550000
2020-07-06,107.500000
2020-07-07,107.530000
2020-07-08,107.390000
2020-07-09,107.270000
2020-07-10,106.770000
2020-07-13,107.220000
2020-07-14,107.200000
2020-07-15,106.920000
2020-07-16,107.050000
2020-07-17,107.060000
2020-07-20,107.210000
2020-07-21,106.820000
2020-07-22,107.180000
2020-07-23,106.830000
2020-07-24,105.790000
2020-07-27,105.290000
2020-07-28,105.030000
2020-07-29,105.060000
2020-07-30,105.050000
2020-07-31,105.780000
2020-08-03,106.110000
2020-08-04,105.870000
2020-08-05,105.440000
2020-08-06,105.520000
2020-08-07,105.920000
2020-08-10,105.850000
2020-08-11,106.560000
2020-08-12,106.850000
2020-08-13,106.890000
2020-08-14,106.490000
2020-08-17,105.970000
2020-08-18,105.410000
2020-08-19,105.710000
2020-08-20,105.810000
2020-08-21,105.880000
2020-08-24,105.900000
2020-08-25,106.400000
2020-08-26,106.130000
2020-08-27,106.420000
2020-08-28,105.300000
2020-08-31,105.840000
2020-09-01,106.000000
2020-09-02,106.150000
2020-09-03,106.140000
2020-09-04,106.340000
2020-09-08,105.970000
2020-09-09,106.230000
2020-09-10,106.190000
2020-09-11,106.170000
2020-09-14,105.680000
2020-09-15,105.500000
2020-09-16,104.940000
2020-09-17,104.770000
2020-09-18,104.440000
2020-09-21,104.690000
2020-09-22,105.050000
2020-09-23,105.340000
2020-09-24,105.420000
2020-09-25,105.590000
2020-09-28,105.500000
2020-09-29,105.680000
2020-09-30,105.580000
2020-10-01,105.530000
2020-10-02,105.360000
2020-10-05,105.700000
2020-10-06,105.640000
2020-10-07,105.970000
2020-10-08,105.980000
2020-10-09,105.720000
2020-10-13,105.550000
2020-10-14,105.080000
2020-10-15,105.380000
2020-10-16,105.410000
2020-10-19,105.420000
2020-10-20,105.560000
2020-10-21,104.580000
2020-10-22,104.880000
2020-10-23,104.780000
2020-10-26,104.860000
2020-10-27,104.440000
2020-10-28,104.330000
2020-10-29,104.690000
2020-10-30,104.540000
2020-11-02,104.800000
2020-11-03,104.500000
2020-11-04,104.390000
2020-11-05,103.670000
2020-11-06,103.320000
2020-11-09,105.580000
2020-11-10,105.360000
2020-11-12,105.160000
2020-11-13,104.610000
2020-11-16,104.540000
2020-11-17,104.200000
2020-11-18,103.720000
2020-11-19,103.850000
2020-11-20,103.810000
2020-11-23,104.420000
2020-11-24,104.610000
2020-11-25,104.390000
2020-11-30,104.380000
2020-12-01,104.400000
2020-12-02,104.520000
2020-12-03,103.770000
2020-12-04,104.160000
2020-12-07,104.010000
2020-12-08,104.140000
2020-12-09,104.280000
2020-12-10,104.300000
2020-12-11,103.880000
2020-12-14,104.060000
2020-12-15,103.690000
2020-12-16,103.590000
2020-12-17,103.130000
2020-12-18,103.350000
2020-12-21,103.440000
2020-12-22,103.620000
2020-12-23,103.520000
2020-12-28,103.840000
2020-12-29,103.500000
2020-12-30,103.310000
2020-12-31,103.190000
2021-01-04,103.190000
2021-01-05,102.700000
2021-01-06,103.250000
2021-01-07,103.840000
2021-01-08,103.890000
2021-01-11,104.160000
2021-01-12,104.090000
2021-01-13,103.910000
2021-01-14,103.660000
2021-01-15,103.800000
2021-01-19,103.860000
2021-01-21,103.570000
2021-01-22,103.760000
2021-01-25,103.780000
2021-01-26,103.690000
2021-01-27,104.090000
2021-01-28,104.310000
2021-01-29,104.640000
2021-02-01,104.970000
2021-02-02,105.090000
2021-02-03,105.050000
2021-02-04,105.430000
2021-02-05,105.440000
2021-02-08,105.190000
2021-02-09,104.620000
2021-02-10,104.670000
2021-02-11,104.750000
2021-02-12,104.940000
2021-02-16,105.880000
2021-02-17,105.830000
2021-02-18,105.690000
2021-02-19,105.580000
2021-02-22,105.060000
2021-02-23,105.210000
2021-02-24,105.910000
2021-02-25,106.220000
2021-02-26,106.640000
2021-03-01,106.680000
2021-03-02,106.750000
2021-03-03,106.920000
2021-03-04,107.580000
2021-03-05,108.240000
2021-03-08,108.920000
2021-03-09,108.640000
2021-03-10,108.580000
2021-03-11,108.440000
2021-03-12,108.870000
2021-03-15,109.110000
2021-03-16,109.010000
2021-03-17,109.220000
2021-03-18,108.970000
2021-03-19,108.850000
2021-03-22,108.670000
2021-03-23,108.610000
2021-03-24,108.810000
2021-03-25,109.130000
2021-03-26,109.550000
2021-03-29,109.730000
2021-03-30,110.190000
2021-03-31,110.610000
2021-04-01,110.610000
2021-04-02,110.670000
2021-04-05,110.080000
2021-04-06,109.830000
2021-04-07,109.670000
2021-04-08,109.250000
2021-04-09,109.640000
2021-04-12,109.430000
2021-04-13,109.190000
2021-04-14,108.930000
2021-04-15,108.780000
2021-04-16,108.780000
2021-04-19,108.090000
2021-04-20,108.070000
2021-04-21,108.090000
2021-04-22,108.170000
2021-04-23,107.940000
2021-04-26,108.120000
2021-04-27,108.560000
2021-04-28,108.810000
2021-04-29,108.940000
2021-04-30,109.330000
2021-05-03,109.080000
2021-05-04,109.340000
2021-05-05,109.270000
2021-05-06,109.170000
2021-05-07,108.520000
2021-05-10,108.700000
2021-05-11,108.530000
2021-05-12,109.530000
2021-05-13,109.560000
2021-05-14,109.370000
2021-05-17,109.170000
2021-05-18,109.010000
2021-05-19,108.760000
2021-05-20,108.790000
2021-05-21,108.940000
2021-05-24,108.810000
2021-05-25,108.950000
2021-05-26,109.100000
2021-05-27,109.810000
2021-05-28,109.830000
2021-06-01,109.430000
2021-06-02,109.590000
2021-06-03,110.280000
2021-06-04,109.420000
2021-06-07,109.250000
2021-06-08,109.470000
2021-06-09,109.610000
2021-06-10,109.490000
2021-06-11,109.750000
2021-06-14,109.980000
2021-06-15,110.120000
2021-06-16,109.880000
2021-06-17,110.280000
2021-06-18,110.210000
2021-06-21,110.220000
2021-06-22,110.750000
2021-06-23,110.860000
2021-06-24,110.910000
2021-06-25,110.780000
2021-06-28,110.500000
2021-06-29,110.530000
2021-06-30,111.050000
2021-07-01,111.560000
2021-07-02,111.280000
2021-07-06,110.660000
2021-07-07,110.620000
2021-07-08,109.820000
2021-07-09,110.180000
2021-07-12,110.360000
2021-07-13,110.360000
2021-07-14,110.030000
2021-07-15,110.050000
2021-07-16,110.130000
2021-07-19,109.450000
2021-07-20,109.920000
2021-07-21,110.220000
2021-07-22,110.100000
2021-07-23,110.520000
2021-07-26,110.310000
2021-07-27,109.640000
2021-07-28,110.060000
2021-07-29,109.530000
2021-07-30,109.700000
2021-08-02,109.220000
2021-08-03,109.090000
2021-08-04,109.440000
2021-08-05,109.750000
2021-08-06,110.220000
2021-08-09,110.250000
2021-08-10,110.540000
2021-08-11,110.470000
2021-08-12,110.360000
2021-08-13,109.750000
2021-08-16,109.260000
2021-08-17,109.590000
2021-08-18,109.920000
2021-08-19,109.750000
2021-08-20,109.770000
2021-08-23,109.780000
2021-08-24,109.680000
2021-08-25,110.030000
2021-08-26,110.090000
2021-08-27,109.840000
2021-08-30,109.910000
2021-08-31,110.050000
2021-09-01,110.030000
2021-09-02,110.010000
2021-09-03,109.640000
2021-09-07,110.170000
2021-09-08,110.320000
2021-09-09,109.760000
2021-09-10,109.930000
2021-09-13,109.940000
2021-09-14,109.660000
2021-09-15,109.400000
2021-09-16,109.670000
2021-09-17,109.940000
2021-09-20,109.470000
2021-09-21,109.330000
2021-09-22,109.590000
2021-09-23,110.170000
2021-09-24,110.720000
2021-09-27,110.970000
2021-09-28,111.330000
2021-09-29,111.830000
2021-09-30,111.500000
2021-10-01,110.970000
2021-10-04,110.940000
2021-10-05,111.390000
2021-10-06,111.330000
2021-10-07,111.500000
2021-10-08,112.150000
2021-10-12,113.690000
2021-10-13,113.490000
2021-10-14,113.590000
2021-10-15,114.310000
2021-10-18,114.220000
2021-10-19,114.270000
2021-10-20,114.240000
2021-10-21,113.750000
2021-10-22,113.540000
2021-10-25,113.700000
2021-10-26,114.190000
2021-10-27,113.750000
2021-10-28,113.380000
2021-10-29,114.030000
2021-11-01,114.190000
2021-11-02,113.780000
2021-11-03,114.060000
2021-11-04,113.630000
2021-11-05,113.450000
2021-11-08,113.150000
2021-11-09,112.870000
2021-11-10,113.890000
2021-11-12,113.900000
2021-11-15,113.960000
2021-11-16,114.620000
2021-11-17,114.330000
2021-11-18,114.220000
2021-11-19,113.810000
2021-11-22,114.690000
2021-11-23,114.980000
2021-11-24,115.340000
2021-11-26,113.460000
2021-11-29,113.750000
2021-11-30,113.220000
2021-12-01,112.820000
2021-12-02,113.100000
2021-12-03,112.880000
2021-12-06,113.310000
2021-12-07,113.610000
2021-12-08,113.830000
2021-12-09,113.530000
2021-12-10,113.360000
2021-12-13,113.420000
2021-12-14,113.630000
2021-12-15,113.830000
2021-12-16,113.670000
2021-12-17,113.560000
2021-12-20,113.450000
2021-12-21,114.110000
2021-12-22,114.220000
2021-12-23,114.420000
2021-12-27,114.850000
2021-12-28,114.750000
2021-12-29,114.970000
2021-12-30,115.170000
2022-01-03,115.270000
2022-01-04,116.120000
2022-01-05,115.910000
2022-01-06,115.780000
2022-01-07,115.610000
2022-01-10,115.140000
2022-01-11,115.380000
2022-01-12,114.740000
2022-01-13,114.060000
2022-01-14,113.890000
2022-01-18,114.600000
2022-01-19,114.280000
2022-01-20,114.080000
2022-01-21,113.720000
2022-01-24,113.820000
2022-01-25,113.880000
2022-01-26,114.330000
2022-01-27,115.470000
2022-01-28,115.210000
2022-01-31,115.220000
2022-02-01,114.770000
2022-02-02,114.360000
2022-02-03,114.880000
2022-02-04,115.220000
2022-02-07,115.090000
2022-02-08,115.620000
2022-02-09,115.440000
2022-02-10,115.840000
2022-02-11,115.910000
2022-02-14,115.720000
2022-02-15,115.640000
2022-02-16,115.410000
2022-02-17,115.030000
2022-02-18,115.080000
2022-02-22,114.940000
2022-02-23,115.120000
2022-02-24,115.450000
2022-02-25,115.620000
2022-02-28,115.110000
2022-03-01,114.870000
2022-03-02,115.590000
2022-03-03,115.670000
2022-03-04,114.650000
2022-03-07,115.410000
2022-03-08,115.640000
2022-03-09,115.870000
2022-03-10,116.050000
2022-03-11,117.080000
2022-03-14,118.000000
2022-03-15,118.190000
2022-03-16,118.480000
2022-03-17,118.450000
2022-03-18,119.170000
2022-03-21,119.150000
2022-03-22,120.660000
2022-03-23,121.020000
2022-03-24,122.080000
2022-03-25,121.980000
2022-03-28,123.250000
2022-03-29,122.610000
2022-03-30,121.970000
2022-03-31,121.440000
2022-04-01,122.600000
2022-04-04,122.700000
2022-04-05,123.480000
2022-04-06,123.700000
2022-04-07,123.800000
2022-04-08,124.310000
2022-04-11,125.550000
2022-04-12,125.250000
2022-04-13,125.510000
2022-04-14,125.920000
2022-04-15,126.310000
2022-04-18,126.770000
2022-04-19,128.550000
2022-04-20,127.760000
2022-04-21,128.620000
2022-04-22,128.780000
2022-04-25,127.660000
2022-04-26,127.370000
2022-04-27,128.440000
2022-04-28,130.940000
2022-04-29,129.840000
2022-05-02,130.180000
2022-05-03,130.090000
2022-05-04,129.970000
2022-05-05,130.410000
2022-05-06,130.350000
2022-05-09,130.370000
2022-05-10,130.210000
2022-05-11,130.200000
2022-05-12,128.100000
2022-05-13,129.230000
2022-05-16,129.150000
2022-05-17,129.310000
2022-05-18,128.220000
2022-05-19,127.620000
2022-05-20,127.860000
2022-05-23,127.780000
2022-05-24,126.560000
2022-05-25,127.310000
2022-05-26,127.230000
2022-05-27,127.140000
2022-05-31,128.530000
2022-06-01,130.090000
2022-06-02,129.830000
2022-06-03,130.710000
2022-06-06,131.550000
2022-06-07,132.530000
2022-06-08,134.060000
2022-06-09,134.060000
2022-06-10,134.190000
2022-06-13,134.120000
2022-06-14,134.890000
2022-06-15,134.500000
2022-06-16,131.650000
2022-06-17,135.140000
2022-06-21,136.250000
2022-06-22,136.050000
2022-06-23,134.720000
2022-06-24,135.220000
2022-06-27,135.260000
2022-06-28,136.190000
2022-06-29,136.500000
2022-06-30,135.690000
2022-07-01,135.090000
2022-07-05,135.720000
2022-07-06,135.660000
2022-07-07,135.990000
2022-07-08,136.160000
2022-07-11,137.290000
2022-07-12,136.680000
2022-07-13,137.340000
2022-07-14,138.940000
2022-07-15,138.570000
2022-07-18,138.230000
2022-07-19,137.940000
2022-07-20,138.160000
2022-07-21,137.940000
2022-07-22,136.120000
2022-07-25,136.720000
2022-07-26,136.620000
2022-07-27,137.310000
2022-07-28,134.450000
2022-07-29,133.250000
2022-08-01,131.800000
2022-08-02,132.320000
2022-08-03,134.180000
2022-08-04,133.280000
2022-08-05,135.330000
2022-08-08,134.730000
2022-08-09,134.950000
2022-08-10,132.580000
2022-08-11,132.660000
2022-08-12,133.570000
2022-08-15,133.130000
2022-08-16,134.380000
2022-08-17,135.400000
2022-08-18,135.290000
2022-08-19,137.010000
2022-08-22,137.570000
2022-08-23,136.360000
2022-08-24,136.920000
2022-08-25,136.830000
2022-08-26,137.070000
2022-08-29,138.740000
2022-08-30,138.730000
2022-08-31,138.690000
2022-09-01,139.930000
2022-09-02,140.030000
2022-09-06,142.950000
2022-09-07,144.390000
2022-09-08,144.050000
2022-09-09,142.440000
2022-09-12,142.410000
2022-09-13,144.300000
2022-09-14,142.930000
2022-09-15,143.570000
2022-09-16,143.040000
2022-09-19,143.340000
2022-09-20,143.640000
2022-09-21,144.140000
2022-09-22,142.160000
2022-09-23,143.180000
2022-09-26,144.450000
2022-09-27,144.710000
2022-09-28,144.150000
2022-09-29,144.450000
2022-09-30,144.710000
2022-10-03,144.500000
2022-10-04,144.320000
2022-10-05,144.730000
2022-10-06,144.940000
2022-10-07,145.190000
2022-10-11,145.550000
2022-10-12,146.870000
2022-10-13,147.150000
2022-10-14,148.460000
2022-10-17,148.710000
2022-10-18,149.230000
2022-10-19,149.770000
2022-10-20,149.820000
2022-10-21,146.350000
2022-10-24,148.760000
2022-10-25,147.850000
2022-10-26,146.500000
2022-10-27,146.020000
2022-10-28,147.680000
2022-10-31,148.630000
2022-11-01,148.110000
2022-11-02,147.110000
2022-11-03,148.180000
2022-11-04,147.220000
2022-11-07,146.640000
2022-11-08,145.380000
2022-11-09,146.150000
2022-11-10,141.780000
2022-11-14,140.430000
2022-11-15,139.360000
2022-11-16,139.590000
2022-11-17,140.450000
2022-11-18,140.030000
2022-11-21,141.950000
2022-11-22,141.290000
2022-11-23,139.760000
2022-11-25,139.210000
2022-11-28,138.670000
2022-11-29,138.280000
2022-11-30,139.310000
2022-12-01,135.550000
2022-12-02,134.890000
2022-12-05,136.550000
2022-12-06,136.670000
2022-12-07,136.570000
2022-12-08,136.450000
2022-12-09,136.400000
2022-12-12,137.470000
2022-12-13,135.140000
2022-12-14,134.950000
2022-12-15,137.920000
2022-12-16,136.550000
2022-12-19,136.870000
2022-12-20,131.080000
2022-12-21,132.360000
2022-12-22,132.340000
2022-12-23,132.780000
2022-12-27,133.430000
2022-12-28,134.270000
2022-12-29,133.160000
2022-12-30,131.810000
2023-01-03,130.830000
2023-01-04,132.000000
2023-01-05,133.570000
2023-01-06,132.210000
2023-01-09,131.580000
2023-01-10,132.250000
2023-01-11,132.580000
2023-01-12,129.750000
2023-01-13,127.850000
2023-01-17,128.180000
2023-01-18,128.450000
2023-01-19,128.480000
2023-01-20,129.970000
2023-01-23,130.690000
2023-01-24,130.070000
2023-01-25,129.640000
2023-01-26,130.400000
2023-01-27,129.940000
2023-01-30,130.340000
2023-01-31,130.170000
2023-02-01,129.270000
2023-02-02,128.450000
2023-02-03,131.070000
2023-02-06,132.760000
2023-02-07,131.370000
2023-02-08,131.270000
2023-02-09,130.980000
2023-02-10,131.500000
2023-02-13,132.710000
2023-02-14,133.050000
2023-02-15,134.220000
2023-02-16,133.950000
2023-02-17,134.210000
2023-02-21,134.870000
2023-02-22,134.770000
2023-02-23,134.800000
2023-02-24,136.360000
2023-02-27,136.180000
2023-02-28,136.090000
2023-03-01,135.820000
2023-03-02,136.840000
2023-03-03,136.090000
2023-03-06,135.930000
2023-03-07,136.900000
2023-03-08,137.180000
2023-03-09,136.410000
2023-03-10,135.050000
2023-03-13,133.130000
2023-03-14,134.330000
2023-03-15,132.810000
2023-03-16,133.010000
2023-03-17,132.010000
2023-03-20,131.590000
2023-03-21,132.270000
2023-03-22,132.670000
2023-03-23,130.990000
2023-03-24,130.640000
2023-03-27,131.490000
2023-03-28,130.970000
2023-03-29,132.690000
2023-03-30,132.710000
2023-03-31,132.750000
2023-04-03,132.350000
2023-04-04,131.600000
2023-04-05,131.110000
2023-04-06,131.670000
2023-04-07,132.110000
2023-04-10,133.750000
2023-04-11,133.630000
2023-04-12,133.250000
2023-04-13,132.370000
2023-04-14,133.740000
2023-04-17,134.510000
2023-04-18,134.110000
2023-04-19,134.790000
2023-04-20,134.100000
2023-04-21,134.280000
2023-04-24,134.410000
2023-04-25,133.960000
2023-04-26,133.720000
2023-04-27,134.040000
2023-04-28,135.990000
2023-05-01,137.350000
2023-05-02,136.460000
2023-05-03,135.310000
2023-05-04,133.760000
2023-05-05,134.850000
2023-05-08,134.830000
2023-05-09,135.150000
2023-05-10,134.520000
2023-05-11,134.460000
2023-05-12,135.630000
2023-05-15,136.070000
2023-05-16,136.620000
2023-05-17,137.510000
2023-05-18,138.500000
2023-05-19,137.670000
2023-05-22,138.650000
2023-05-23,138.740000
2023-05-24,139.140000
2023-05-25,139.810000
2023-05-26,140.530000
2023-05-30,139.830000
2023-05-31,139.780000
2023-06-01,138.740000
2023-06-02,139.760000
2023-06-05,139.640000
2023-06-06,139.670000
2023-06-07,139.980000
2023-06-08,138.830000
2023-06-09,139.350000
2023-06-12,139.720000
2023-06-13,140.000000
2023-06-14,139.330000
2023-06-15,140.490000
2023-06-16,141.820000
2023-06-20,141.460000
2023-06-21,142.090000
2023-06-22,142.890000
2023-06-23,143.780000
2023-06-26,143.550000
2023-06-27,144.000000
2023-06-28,144.230000
2023-06-29,144.720000
2023-06-30,144.470000
2023-07-03,144.500000
2023-07-05,144.560000
2023-07-06,144.090000
2023-07-07,142.210000
2023-07-10,141.560000
2023-07-11,140.510000
2023-07-12,138.210000
2023-07-13,138.140000
2023-07-14,138.740000
2023-07-17,138.920000
2023-07-18,138.940000
2023-07-19,139.760000
2023-07-20,140.390000
2023-07-21,141.750000
2023-07-24,141.190000
2023-07-25,140.910000
2023-07-26,140.410000
2023-07-27,141.030000
2023-07-28,140.720000
2023-07-31,142.180000
2023-08-01,143.340000
2023-08-02,143.210000
2023-08-03,142.420000
2023-08-04,141.790000
2023-08-07,142.450000
2023-08-08,143.170000
2023-08-09,143.580000
2023-08-10,144.400000
2023-08-11,144.940000
2023-08-14,145.300000
2023-08-15,145.400000
2023-08-16,145.810000
2023-08-17,146.160000
2023-08-18,145.150000
2023-08-21,146.260000
2023-08-22,145.790000
2023-08-23,144.620000
2023-08-24,145.750000
2023-08-25,146.380000
2023-08-28,146.400000
2023-08-29,146.010000
2023-08-30,145.940000
2023-08-31,145.680000
2023-09-01,146.200000
2023-09-05,147.630000
2023-09-06,147.650000
2023-09-07,147.130000
2023-09-08,147.700000
2023-09-11,146.460000
2023-09-12,147.120000
2023-09-13,147.450000
2023-09-14,147.170000
2023-09-15,147.830000
2023-09-18,147.630000
2023-09-19,147.800000
2023-09-20,147.740000
2023-09-21,147.420000
2023-09-22,148.240000
2023-09-25,148.740000
2023-09-26,148.900000
2023-09-27,149.480000
2023-09-28,149.180000
2023-09-29,149.430000
2023-10-02,149.800000
2023-10-03,149.160000
2023-10-04,148.830000
2023-10-05,148.490000
2023-10-06,149.080000
2023-10-10,148.620000
2023-10-11,149.170000
2023-10-12,149.710000
2023-10-13,149.620000
2023-10-16,149.570000
2023-10-17,149.710000
2023-10-18,149.860000
2023-10-19,149.920000
2023-10-20,149.850000
2023-10-23,149.780000
2023-10-24,149.840000
2023-10-25,149.940000
2023-10-26,150.440000
2023-10-27,149.600000
2023-10-30,149.010000
2023-10-31,151.460000
2023-11-01,150.960000
2023-11-02,150.480000
2023-11-03,149.360000
2023-11-06,149.770000
2023-11-07,150.470000
2023-11-08,150.770000
2023-11-09,151.040000
2023-11-13,151.560000
2023-11-14,150.750000
2023-11-15,151.070000
2023-11-16,150.590000
2023-11-17,149.820000
2023-11-20,148.260000
2023-11-21,147.880000
2023-11-22,149.670000
2023-11-24,149.570000
2023-11-27,148.890000
2023-11-28,147.410000
2023-11-29,147.390000
2023-11-30,147.870000
2023-12-01,147.000000
2023-12-04,147.150000
2023-12-05,147.260000
2023-12-06,147.160000
2023-12-07,144.100000
2023-12-08,144.880000
2023-12-11,146.410000
2023-12-12,145.450000
2023-12-13,145.170000
2023-12-14,141.530000
2023-12-15,141.800000
2023-12-18,143.040000
2023-12-19,143.620000
2023-12-20,143.770000
2023-12-21,142.160000
2023-12-22,142.600000
2023-12-26,142.480000
2023-12-27,142.050000
2023-12-28,141.080000
2023-12-29,140.920000
2024-01-02,141.890000
2024-01-03,143.550000
2024-01-04,144.590000
2024-01-05,144.520000
2024-01-08,143.890000
2024-01-09,144.350000
2024-01-10,145.680000
2024-01-11,146.030000
2024-01-12,144.860000
2024-01-16,147.010000
2024-01-17,148.390000
2024-01-18,148.150000
2024-01-19,148.210000
2024-01-22,147.950000
2024-01-23,148.550000
2024-01-24,147.310000
2024-01-25,147.690000
2024-01-26,147.940000
2024-01-29,147.650000
2024-01-30,147.710000
2024-01-31,146.260000
2024-02-01,146.180000
2024-02-02,148.540000
2024-02-05,148.790000
2024-02-06,148.030000
2024-02-07,148.040000
2024-02-08,149.250000
2024-02-09,149.380000
2024-02-12,149.370000
2024-02-13,150.720000
2024-02-14,150.500000
2024-02-15,150.190000
2024-02-16,150.340000
2024-02-20,149.870000
2024-02-21,150.290000
2024-02-22,150.620000
2024-02-23,150.360000
2024-02-26,150.790000
2024-02-27,150.460000
2024-02-28,150.680000
2024-02-29,149.900000
2024-03-01,150.200000
2024-03-04,150.440000
2024-03-05,150.140000
2024-03-06,149.170000
2024-03-07,148.080000
2024-03-08,147.170000
2024-03-11,146.860000
2024-03-12,147.690000
2024-03-13,147.730000
2024-03-14,148.190000
2024-03-15,149.140000
2024-03-18,149.130000
2024-03-19,150.730000
2024-03-20,151.660000
2024-03-21,151.590000
2024-03-22,151.350000
2024-03-25,151.420000
2024-03-26,151.580000
2024-03-27,151.350000
2024-03-28,151.350000
2024-03-29,151.220000
2024-04-01,151.720000
2024-04-02,151.550000
2024-04-03,151.670000
2024-04-04,151.660000
2024-04-05,151.590000
2024-04-08,151.780000
2024-04-09,151.730000
2024-04-10,152.900000
2024-04-11,153.190000
2024-04-12,153.120000
2024-04-15,154.250000
2024-04-16,154.570000
2024-04-17,154.610000
2024-04-18,154.610000
2024-04-19,154.550000
2024-04-22,154.770000
2024-04-23,154.810000
2024-04-24,155.110000
2024-04-25,155.520000
2024-04-26,157.620000
2024-04-29,156.710000
2024-04-30,157.540000
2024-05-01,157.650000
2024-05-02,153.770000
2024-05-03,152.850000
2024-05-06,153.850000
2024-05-07,154.590000
2024-05-08,155.420000
2024-05-09,155.680000
2024-05-10,155.850000
2024-05-13,156.170000
2024-05-14,156.500000
2024-05-15,155.020000
2024-05-16,155.250000
2024-05-17,155.570000
2024-05-20,156.090000
2024-05-21,156.080000
2024-05-22,156.490000
2024-05-23,157.050000
2024-05-24,156.900000
2024-05-28,156.900000
2024-05-29,157.620000
2024-05-30,156.630000
2024-05-31,157.190000
2024-06-03,156.040000
2024-06-04,154.870000
2024-06-05,156.210000
2024-06-06,155.980000
2024-06-07,156.580000
2024-06-10,156.930000
2024-06-11,157.320000
2024-06-12,155.880000
2024-06-13,156.770000
2024-06-14,157.280000
2024-06-17,157.800000
2024-06-18,157.810000
2024-06-20,158.770000
2024-06-21,159.450000
2024-06-24,159.710000
2024-06-25,159.680000
2024-06-26,160.680000
2024-06-27,160.700000
2024-06-28,160.880000
2024-07-01,161.550000
2024-07-02,161.530000
2024-07-03,161.480000
2024-07-05,160.730000
2024-07-08,160.770000
2024-07-09,161.400000
2024-07-10,161.730000
2024-07-11,158.580000
2024-07-12,157.880000
2024-07-15,157.890000
2024-07-16,158.570000
2024-07-17,156.560000
2024-07-18,156.970000
2024-07-19,157.380000
2024-07-22,157.080000
2024-07-23,156.020000
2024-07-24,153.390000
2024-07-25,153.970000
2024-07-26,153.860000
2024-07-29,153.960000
2024-07-30,153.720000
2024-07-31,150.380000
2024-08-01,150.060000
2024-08-02,146.980000
2024-08-05,143.950000
2024-08-06,145.110000
2024-08-07,147.420000
2024-08-08,147.080000
2024-08-09,146.490000
2024-08-12,147.540000
2024-08-13,146.970000
2024-08-14,146.860000
2024-08-15,148.910000
2024-08-16,148.130000
2024-08-19,146.420000
2024-08-20,145.700000
2024-08-21,145.190000
2024-08-22,145.970000
2024-08-23,144.860000
2024-08-26,144.510000
2024-08-27,144.260000
2024-08-28,144.470000
2024-08-29,144.980000
2024-08-30,145.950000
2024-09-03,145.820000
2024-09-04,144.310000
2024-09-05,143.430000
2024-09-06,142.130000
2024-09-09,142.920000
2024-09-10,142.280000
2024-09-11,141.720000
2024-09-12,142.240000
2024-09-13,140.660000
2024-09-16,140.790000
2024-09-17,141.770000
2024-09-18,141.930000
2024-09-19,142.880000
2024-09-20,143.900000
2024-09-23,143.590000
2024-09-24,143.770000
2024-09-25,144.410000
2024-09-26,144.680000
2024-09-27,142.600000
2024-09-30,143.250000
2024-10-01,143.660000
2024-10-02,146.050000
2024-10-03,146.820000
2024-10-04,148.690000
2024-10-07,148.130000
2024-10-08,148.220000
2024-10-09,149.200000
2024-10-10,148.560000
2024-10-11,149.120000
2024-10-15,149.220000
2024-10-16,149.710000
2024-10-17,150.120000
2024-10-18,149.580000
2024-10-21,150.470000
2024-10-22,151.110000
2024-10-23,152.810000
2024-10-24,151.870000
2024-10-25,152.080000
2024-10-28,153.210000
2024-10-29,153.470000
2024-10-30,153.150000
2024-10-31,152.350000
2024-11-01,152.940000
2024-11-04,152.020000
2024-11-05,151.960000
2024-11-06,154.580000
2024-11-07,153.130000
2024-11-08,152.580000
2024-11-12,154.730000
2024-11-13,155.280000
2024-11-14,155.960000
2024-11-15,154.590000
2024-11-18,154.780000
2024-11-19,154.340000
2024-11-20,155.380000
2024-11-21,154.660000
2024-11-22,154.730000
2024-11-25,154.290000
2024-11-26,153.490000
2024-11-27,150.690000
2024-11-29,150.410000
2024-12-02,149.260000
2024-12-03,149.120000
2024-12-04,150.180000
2024-12-05,150.190000
2024-12-06,149.780000
2024-12-09,151.240000
2024-12-10,152.050000
2024-12-11,152.340000
2024-12-12,152.070000
2024-12-13,153.740000
2024-12-16,154.180000
2024-12-17,153.410000
2024-12-18,154.000000
2024-12-19,157.730000
2024-12-20,156.110000
2024-12-23,157.040000
2024-12-24,157.290000
2024-12-26,158.010000
2024-12-27,157.730000
2024-12-30,157.260000
2024-12-31,157.370000
2025-01-02,157.650000
2025-01-03,157.200000
2025-01-06,157.540000
2025-01-07,157.820000
2025-01-08,158.310000
2025-01-09,158.010000
2025-01-10,157.680000
2025-01-13,157.510000
2025-01-14,157.950000
2025-01-15,156.600000
2025-01-16,155.440000
2025-01-17,156.300000
2025-01-21,155.490000
2025-01-22,156.620000
2025-01-23,156.000000
2025-01-24,155.580000
2025-01-27,154.220000
2025-01-28,155.650000
2025-01-29,155.220000
2025-01-30,154.420000
2025-01-31,154.910000
2025-02-03,154.680000
2025-02-04,154.560000
2025-02-05,152.330000
2025-02-06,152.040000
2025-02-07,151.300000
2025-02-10,151.720000
2025-02-11,152.370000
2025-02-12,154.620000
2025-02-13,153.180000
2025-02-14,152.250000
2025-02-18,151.790000
2025-02-19,151.670000
2025-02-20,149.630000
2025-02-21,149.490000
2025-02-24,149.570000
2025-02-25,149.090000
2025-02-26,149.130000
2025-02-27,149.800000
2025-02-28,150.640000
2025-03-03,150.160000
2025-03-04,148.810000
2025-03-05,148.820000
2025-03-06,147.900000
2025-03-07,147.130000
2025-03-10,147.150000
2025-03-11,147.480000
2025-03-12,148.320000
2025-03-13,147.710000
2025-03-14,148.510000
2025-03-17,148.560000
2025-03-18,149.490000
2025-03-19,150.020000
2025-03-20,148.840000
2025-03-21,148.980000
2025-03-24,150.740000
2025-03-25,149.770000
2025-03-26,150.690000
2025-03-27,150.970000
2025-03-28,150.260000
2025-03-31,149.900000
2025-04-01,149.400000
2025-04-02,149.980000
2025-04-03,146.040000
2025-04-04,145.930000
2025-04-07,147.960000
2025-04-08,147.020000
2025-04-09,145.090000
2025-04-10,144.340000
2025-04-11,143.570000
2025-04-14,142.960000
2025-04-15,143.100000
2025-04-16,142.560000
2025-04-17,142.330000
2025-04-18,142.220000
2025-04-21,140.810000
2025-04-22,140.870000
2025-04-23,142.640000
2025-04-24,142.640000
2025-04-25,143.750000
2025-04-28,142.700000
2025-04-29,142.290000
2025-04-30,142.630000
2025-05-01,145.480000
2025-05-02,144.520000
2025-05-05,143.980000
2025-05-06,142.760000
2025-05-07,143.470000
2025-05-08,145.460000
2025-05-09,145.150000
2025-05-12,148.090000
2025-05-13,147.750000
2025-05-14,146.540000
2025-05-15,145.610000
2025-05-16,146.020000
2025-05-19,144.990000
2025-05-20,144.720000
2025-05-21,143.680000
2025-05-22,143.890000
2025-05-23,142.610000
2025-05-27,144.370000
2025-05-28,145.040000
2025-05-29,144.090000
2025-05-30,144.180000
2025-06-02,142.760000
2025-06-03,143.930000
2025-06-04,142.910000
2025-06-05,143.870000
2025-06-06,144.870000
2025-06-09,144.370000
2025-06-10,144.910000
2025-06-11,144.480000
2025-06-12,143.640000
2025-06-13,144.040000
2025-06-16,144.140000
2025-06-17,145.040000
2025-06-18,144.580000
2025-06-20,145.920000
2025-06-23,146.470000
2025-06-24,144.900000
2025-06-25,145.590000
2025-06-26,144.340000
2025-06-27,144.740000
2025-06-30,144.170000
2025-07-01,143.580000
2025-07-02,143.760000
2025-07-03,144.960000
2025-07-07,145.860000
2025-07-08,146.810000
2025-07-09,146.530000
2025-07-10,146.460000
2025-07-11,147.290000
2025-07-14,147.690000
2025-07-15,148.750000
2025-07-16,148.080000
2025-07-17,148.550000
2025-07-18,148.550000
2025-07-21,147.270000
2025-07-22,146.360000
2025-07-23,146.550000
2025-07-24,146.920000
2025-07-25,147.770000
2025-07-28,148.450000
2025-07-29,148.570000
2025-07-30,149.070000
2025-07-31,150.600000
2025-08-01,148.060000
2025-08-04,147.090000
2025-08-05,147.490000
2025-08-06,147.250000
2025-08-07,147.350000
2025-08-08,147.700000
2025-08-11,147.990000
2025-08-12,147.800000
2025-08-13,147.250000
2025-08-14,147.690000
2025-08-15,147.000000
2025-08-18,147.760000
2025-08-19,147.720000
2025-08-20,147.190000
2025-08-21,148.350000
2025-08-22,146.820000
2025-08-25,147.610000
2025-08-26,147.300000
2025-08-27,147.750000
2025-08-28,146.980000
2025-08-29,146.900000
2025-09-02,148.230000
2025-09-03,147.970000
2025-09-04,148.630000
2025-09-05,146.840000
2025-09-08,147.580000
2025-09-09,147.230000
2025-09-10,147.370000
2025-09-11,147.170000
2025-09-12,147.850000
2025-09-15,147.270000
2025-09-16,146.560000
2025-09-17,146.360000
2025-09-18,148.020000
2025-09-19,147.830000
2025-09-22,147.830000
2025-09-23,147.830000
2025-09-24,148.710000
2025-09-25,149.780000
2025-09-26,149.520000
2025-09-29,148.570000
2025-09-30,147.970000
2025-10-01,147.160000
2025-10-02,147.350000
2025-10-03,147.330000
2025-10-06,150.020000
2025-10-07,151.170000
2025-10-08,152.720000
2025-10-09,153.050000
2025-10-10,151.940000
2025-10-14,151.770000
2025-10-15,151.210000
2025-10-16,150.750000
2025-10-17,150.330000
2025-10-20,150.590000
2025-10-21,151.720000
2025-10-22,151.790000
2025-10-23,152.720000
2025-10-24,152.820000
2025-10-27,153.090000
2025-10-28,152.140000
2025-10-29,151.910000
2025-10-30,154.170000
2025-10-31,154.050000
2025-11-03,154.130000
2025-11-04,153.550000
2025-11-05,154.110000
2025-11-06,152.970000
2025-11-07,153.060000
2025-11-10,153.990000
2025-11-12,154.640000
2025-11-13,154.400000
2025-11-14,154.640000
2025-11-17,155.200000
2025-11-18,155.440000
2025-11-19,156.630000
2025-11-20,157.410000
2025-11-21,156.580000
2025-11-24,156.940000
2025-11-25,156.300000
2025-11-26,156.380000
2025-11-28,156.170000
2025-12-01,155.280000
2025-12-02,155.920000
2025-12-03,155.170000
2025-12-04,154.900000
2025-12-05,155.300000
2025-12-08,155.890000
2025-12-09,156.850000
2025-12-10,156.330000
2025-12-11,155.150000
2025-12-12,155.810000
2025-12-15,155.290000
2025-12-16,154.800000
2025-12-17,155.600000
2025-12-18,155.530000
2025-12-19,157.430000
2025-12-22,156.930000
2025-12-23,156.330000
2025-12-24,155.830000
2025-12-26,156.630000
2025-12-29,156.100000
2025-12-30,156.260000
2025-12-31,156.800000
2026-01-02,156.720000
2026-01-05,156.320000
2026-01-06,156.700000
2026-01-07,156.730000
2026-01-08,156.900000
2026-01-09,158.070000
2026-01-12,158.150000
2026-01-13,159.060000
2026-01-14,158.130000
2026-01-15,158.500000
2026-01-16,158.020000
2026-01-20,157.890000
2026-01-21,158.160000
2026-01-22,158.360000
2026-01-23,157.570000
2026-01-26,153.880000
2026-01-27,153.030000
2026-01-28,153.600000
2026-01-29,152.880000
2026-01-30,154.340000
2026-02-02,155.500000
2026-02-03,155.700000
2026-02-04,156.610000
2026-02-05,156.910000
2026-02-06,157.100000
2026-02-09,156.080000
2026-02-10,154.280000
2026-02-11,152.930000
2026-02-12,152.640000
2026-02-13,152.770000
2026-02-17,153.570000
2026-02-18,154.450000
2026-02-19,154.960000
2026-02-20,154.990000
2026-02-23,154.300000
2026-02-24,155.660000
2026-02-25,156.300000
2026-02-26,156.130000
2026-02-27,156.050000
2026-03-02,157.480000
2026-03-03,157.690000
2026-03-04,156.930000
2026-03-05,157.580000
2026-03-06,157.640000
2026-03-09,158.080000
2026-03-10,157.600000
2026-03-11,158.830000
2026-03-12,159.210000
2026-03-13,159.540000
2026-03-16,159.300000
2026-03-17,159.030000
2026-03-18,159.480000
2026-03-19,158.190000
2026-03-20,159.260000
2026-03-23,158.700000
2026-03-24,158.900000
2026-03-25,159.200000
2026-03-26,159.650000
2026-03-27,160.160000
2026-03-30,159.490000
2026-03-31,159.080000
2026-04-01,158.630000
2026-04-02,159.340000
2026-04-03,159.640000
2026-04-06,159.710000
2026-04-07,159.900000
2026-04-08,158.390000
2026-04-09,158.870000
2026-04-10,159.220000
2026-04-13,159.740000
2026-04-14,158.910000
2026-04-15,159.020000
2026-04-16,159.070000
2026-04-17,158.100000
2026-04-20,158.660000
2026-04-21,159.390000
2026-04-22,159.490000
2026-04-23,159.440000
2026-04-24,159.350000
2026-04-27,159.290000
2026-04-28,159.530000
2026-04-29,160.230000
2026-04-30,156.660000
2026-05-01,156.760000
2026-05-04,157.210000
2026-05-05,157.680000
2026-05-06,156.440000
2026-05-07,156.480000
2026-05-08,156.640000
2026-05-11,157.040000
2026-05-12,157.710000
2026-05-13,157.840000
2026-05-14,158.080000
2026-05-15,158.690000
2026-05-18,158.830000
2026-05-19,159.110000
2026-05-20,158.840000
2026-05-21,159.160000
2026-05-22,159.200000
2026-05-26,159.360000
2026-05-27,159.470000
2026-05-28,159.290000
2026-05-29,159.230000
2026-06-01,159.660000
2026-06-02,159.860000
2026-06-03,159.970000
2026-06-04,159.970000
2026-06-05,160.260000
2026-06-08,160.120000
2026-06-09,160.230000
2026-06-10,160.470000
2026-06-11,160.510000
2026-06-12,160.240000
2026-06-15,160.200000
2026-06-16,160.390000
2026-06-17,160.220000
2026-06-18,161.370000
2026-06-22,161.510000
2026-06-23,161.550000
2026-06-24,161.760000
2026-06-25,161.670000
2026-06-26,161.670000
2026-06-29,161.930000
2026-06-30,162.610000
2026-07-01,162.410000
2026-07-02,160.900000
2026-07-06,162.280000
2026-07-07,161.910000
2026-07-08,162.670000
2026-07-09,162.290000
2026-07-10,161.310000
2026-07-13,162.320000
2026-07-14,162.140000
2026-07-15,162.130000
2026-07-16,162.420000
2026-07-17,162.430000
2026-07-20,162.590000
2026-07-21,163.010000
2026-07-22,163.080000
2026-07-23,163.800000
2026-07-24,163.710000
2026-07-27,163.710000
2026-07-28,163.650000
2026-07-29,163.860000
2026-07-30,159.470000
2026-07-31,159.160000
2026-08-03,156.960000
2026-08-04,157.440000
2026-08-05,157.630000
2026-08-06,158.450000
2026-08-07,157.540000
2026-08-10,158.900000
2026-08-11,159.250000
2026-08-12,159.230000
2026-08-13,159.350000
2026-08-14,159.210000
2026-08-17,159.340000
2026-08-18,159.580000
2026-08-19,158.450000
2026-08-20,158.850000
2026-08-21,158.910000
