date,value
1962-01-02,4.060000
1962-01-03,4.030000
1962-01-04,3.990000
1962-01-05,4.020000
1962-01-08,4.030000
1962-01-09,4.050000
1962-01-10,4.070000
1962-01-11,4.080000
1962-01-12,4.080000
1962-01-15,4.100000
1962-01-16,4.130000
1962-01-17,4.120000
1962-01-18,4.110000
1962-01-19,4.110000
1962-01-22,4.090000
1962-01-23,4.110000
1962-01-24,4.100000
1962-01-25,4.110000
1962-01-26,4.110000
1962-01-29,4.120000
1962-01-30,4.110000
1962-01-31,4.100000
1962-02-01,4.090000
1962-02-02,4.080000
1962-02-05,4.070000
1962-02-06,4.060000
1962-02-07,4.070000
1962-02-08,4.070000
1962-02-09,4.050000
1962-02-13,4.030000
1962-02-14,4.030000
1962-02-15,4.020000
1962-02-16,4.020000
1962-02-19,4.010000
1962-02-20,4.050000
1962-02-21,4.030000
1962-02-23,4.020000
1962-02-26,4.000000
1962-02-27,4.010000
1962-02-28,4.000000
1962-03-01,3.980000
1962-03-02,3.980000
1962-03-05,4.000000
1962-03-06,4.010000
1962-03-07,4.000000
1962-03-08,3.980000
1962-03-09,3.960000
1962-03-12,3.940000
1962-03-13,3.920000
1962-03-14,3.930000
1962-03-15,3.960000
1962-03-16,3.960000
1962-03-19,3.930000
1962-03-20,3.910000
1962-03-21,3.860000
1962-03-22,3.830000
1962-03-23,3.870000
1962-03-26,3.890000
1962-03-27,3.900000
1962-03-28,3.900000
1962-03-29,3.900000
1962-03-30,3.860000
1962-04-02,3.860000
1962-04-03,3.830000
1962-04-04,3.780000
1962-04-05,3.840000
1962-04-06,3.810000
1962-04-09,3.830000
1962-04-10,3.830000
1962-04-11,3.870000
1962-04-12,3.860000
1962-04-13,3.850000
1962-04-16,3.830000
1962-04-17,3.820000
1962-04-18,3.810000
1962-04-19,3.820000
1962-04-23,3.860000
1962-04-24,3.870000
1962-04-25,3.880000
1962-04-26,3.890000
1962-04-27,3.860000
1962-04-30,3.860000
1962-05-01,3.850000
1962-05-02,3.860000
1962-05-03,3.860000
1962-05-04,3.870000
1962-05-07,3.860000
1962-05-08,3.850000
1962-05-09,3.820000
1962-05-10,3.830000
1962-05-11,3.820000
1962-05-14,3.850000
1962-05-15,3.870000
1962-05-16,3.860000
1962-05-17,3.870000
1962-05-18,3.930000
1962-05-21,3.940000
1962-05-22,3.930000
1962-05-23,3.910000
1962-05-24,3.900000
1962-05-25,3.880000
1962-05-28,3.870000
1962-05-29,3.890000
1962-05-31,3.900000
1962-06-01,3.890000
1962-06-04,3.880000
1962-06-05,3.890000
1962-06-06,3.890000
1962-06-07,3.870000
1962-06-08,3.860000
1962-06-11,3.870000
1962-06-12,3.860000
1962-06-13,3.870000
1962-06-14,3.900000
1962-06-15,3.890000
1962-06-18,3.910000
1962-06-19,3.930000
1962-06-20,3.920000
1962-06-21,3.900000
1962-06-22,3.900000
1962-06-25,3.950000
1962-06-26,3.970000
1962-06-27,3.960000
1962-06-28,3.980000
1962-06-29,4.000000
1962-07-02,4.000000
1962-07-03,4.000000
1962-07-05,4.000000
1962-07-06,4.020000
1962-07-09,4.050000
1962-07-10,4.020000
1962-07-11,3.990000
1962-07-12,4.000000
1962-07-13,4.000000
1962-07-16,4.010000
1962-07-17,4.030000
1962-07-18,4.020000
1962-07-19,4.020000
1962-07-20,4.010000
1962-07-23,4.000000
1962-07-24,4.010000
1962-07-25,4.020000
1962-07-26,4.010000
1962-07-27,4.020000
1962-07-30,4.030000
1962-07-31,4.040000
1962-08-01,4.030000
1962-08-02,4.000000
1962-08-03,4.010000
1962-08-06,4.010000
1962-08-07,4.020000
1962-08-08,4.010000
1962-08-09,3.990000
1962-08-10,3.990000
1962-08-13,3.990000
1962-08-14,3.980000
1962-08-15,3.980000
1962-08-16,3.960000
1962-08-17,3.960000
1962-08-20,3.940000
1962-08-21,3.940000
1962-08-22,3.950000
1962-08-23,3.950000
1962-08-24,3.950000
1962-08-27,3.950000
1962-08-28,3.960000
1962-08-29,3.960000
1962-08-30,3.950000
1962-08-31,3.960000
1962-09-04,3.960000
1962-09-05,3.970000
1962-09-06,3.990000
1962-09-07,4.010000
1962-09-10,4.000000
1962-09-11,4.000000
1962-09-12,4.000000
1962-09-13,3.990000
1962-09-14,3.990000
1962-09-17,3.990000
1962-09-18,3.980000
1962-09-19,3.990000
1962-09-20,3.980000
1962-09-21,3.980000
1962-09-24,3.970000
1962-09-25,3.960000
1962-09-26,3.950000
1962-09-27,3.950000
1962-09-28,3.940000
1962-10-01,3.930000
1962-10-02,3.920000
1962-10-03,3.900000
1962-10-04,3.900000
1962-10-05,3.920000
1962-10-08,3.930000
1962-10-09,3.950000
1962-10-10,3.930000
1962-10-11,3.940000
1962-10-15,3.940000
1962-10-16,3.940000
1962-10-17,3.940000
1962-10-18,3.920000
1962-10-19,3.880000
1962-10-22,3.910000
1962-10-23,3.940000
1962-10-24,3.940000
1962-10-25,3.940000
1962-10-26,3.930000
1962-10-29,3.920000
1962-10-30,3.920000
1962-10-31,3.920000
1962-11-01,3.920000
1962-11-02,3.910000
1962-11-05,3.910000
1962-11-07,3.910000
1962-11-08,3.900000
1962-11-09,3.890000
1962-11-13,3.900000
1962-11-14,3.910000
1962-11-15,3.910000
1962-11-16,3.930000
1962-11-19,3.930000
1962-11-20,3.930000
1962-11-21,3.920000
1962-11-23,3.920000
1962-11-26,3.930000
1962-11-27,3.920000
1962-11-28,3.920000
1962-11-29,3.920000
1962-11-30,3.920000
1962-12-03,3.930000
1962-12-04,3.940000
1962-12-05,3.930000
1962-12-06,3.920000
1962-12-07,3.910000
1962-12-10,3.900000
1962-12-11,3.890000
1962-12-12,3.880000
1962-12-13,3.880000
1962-12-14,3.870000
1962-12-17,3.850000
1962-12-18,3.830000
1962-12-19,3.840000
1962-12-20,3.830000
1962-12-21,3.810000
1962-12-24,3.790000
1962-12-26,3.790000
1962-12-27,3.810000
1962-12-28,3.840000
1962-12-31,3.850000
1963-01-02,3.820000
1963-01-03,3.810000
1963-01-04,3.840000
1963-01-07,3.830000
1963-01-08,3.810000
1963-01-09,3.820000
1963-01-10,3.810000
1963-01-11,3.800000
1963-01-14,3.810000
1963-01-15,3.800000
1963-01-16,3.800000
1963-01-17,3.820000
1963-01-18,3.840000
1963-01-21,3.850000
1963-01-22,3.860000
1963-01-23,3.860000
1963-01-24,3.860000
1963-01-25,3.850000
1963-01-28,3.860000
1963-01-29,3.860000
1963-01-30,3.860000
1963-01-31,3.870000
1963-02-01,3.880000
1963-02-04,3.890000
1963-02-05,3.900000
1963-02-06,3.910000
1963-02-07,3.910000
1963-02-08,3.910000
1963-02-11,3.920000
1963-02-13,3.920000
1963-02-14,3.910000
1963-02-15,3.910000
1963-02-18,3.910000
1963-02-19,3.930000
1963-02-20,3.940000
1963-02-21,3.950000
1963-02-25,3.950000
1963-02-26,3.950000
1963-02-27,3.950000
1963-02-28,3.940000
1963-03-01,3.930000
1963-03-04,3.920000
1963-03-05,3.920000
1963-03-06,3.910000
1963-03-07,3.920000
1963-03-08,3.920000
1963-03-11,3.920000
1963-03-12,3.920000
1963-03-13,3.920000
1963-03-14,3.920000
1963-03-15,3.920000
1963-03-18,3.920000
1963-03-19,3.920000
1963-03-20,3.920000
1963-03-21,3.920000
1963-03-22,3.930000
1963-03-25,3.940000
1963-03-26,3.960000
1963-03-27,3.960000
1963-03-28,3.960000
1963-03-29,3.950000
1963-04-01,3.950000
1963-04-02,3.960000
1963-04-03,3.960000
1963-04-04,3.950000
1963-04-05,3.950000
1963-04-08,3.970000
1963-04-09,3.980000
1963-04-10,4.000000
1963-04-11,4.000000
1963-04-15,4.010000
1963-04-16,4.000000
1963-04-17,4.000000
1963-04-18,3.990000
1963-04-19,3.970000
1963-04-22,3.970000
1963-04-23,3.970000
1963-04-24,3.960000
1963-04-25,3.950000
1963-04-26,3.950000
1963-04-29,3.950000
1963-04-30,3.950000
1963-05-01,3.940000
1963-05-02,3.940000
1963-05-03,3.930000
1963-05-06,3.920000
1963-05-07,3.910000
1963-05-08,3.920000
1963-05-09,3.930000
1963-05-10,3.930000
1963-05-13,3.920000
1963-05-14,3.910000
1963-05-15,3.910000
1963-05-16,3.900000
1963-05-17,3.920000
1963-05-20,3.930000
1963-05-21,3.920000
1963-05-22,3.920000
1963-05-23,3.930000
1963-05-24,3.950000
1963-05-27,3.950000
1963-05-28,3.960000
1963-05-29,3.960000
1963-05-31,3.960000
1963-06-03,3.980000
1963-06-04,3.980000
1963-06-05,3.980000
1963-06-06,3.990000
1963-06-07,3.990000
1963-06-10,3.990000
1963-06-11,3.980000
1963-06-12,3.990000
1963-06-13,3.990000
1963-06-14,3.990000
1963-06-17,4.000000
1963-06-18,4.000000
1963-06-19,4.000000
1963-06-20,4.000000
1963-06-21,4.000000
1963-06-24,4.000000
1963-06-25,4.000000
1963-06-26,4.000000
1963-06-27,4.000000
1963-06-28,4.000000
1963-07-01,4.010000
1963-07-02,4.030000
1963-07-03,4.030000
1963-07-05,4.040000
1963-07-08,4.050000
1963-07-09,4.040000
1963-07-10,4.030000
1963-07-11,4.040000
1963-07-12,4.030000
1963-07-15,4.020000
1963-07-16,4.020000
1963-07-17,4.030000
1963-07-18,4.020000
1963-07-19,4.020000
1963-07-22,4.020000
1963-07-23,4.020000
1963-07-24,4.010000
1963-07-25,4.010000
1963-07-26,3.990000
1963-07-29,3.990000
1963-07-30,4.000000
1963-07-31,4.000000
1963-08-01,3.990000
1963-08-02,3.990000
1963-08-05,3.990000
1963-08-06,4.000000
1963-08-07,4.010000
1963-08-08,4.000000
1963-08-09,4.000000
1963-08-12,4.010000
1963-08-13,4.020000
1963-08-14,4.020000
1963-08-15,4.010000
1963-08-16,4.000000
1963-08-19,3.990000
1963-08-20,3.990000
1963-08-21,4.000000
1963-08-22,4.000000
1963-08-23,4.000000
1963-08-26,4.000000
1963-08-27,4.000000
1963-08-28,4.000000
1963-08-29,4.010000
1963-08-30,4.020000
1963-09-03,4.030000
1963-09-04,4.040000
1963-09-05,4.080000
1963-09-06,4.090000
1963-09-09,4.090000
1963-09-10,4.090000
1963-09-11,4.090000
1963-09-12,4.090000
1963-09-13,4.090000
1963-09-16,4.090000
1963-09-17,4.090000
1963-09-18,4.080000
1963-09-19,4.080000
1963-09-20,4.070000
1963-09-23,4.070000
1963-09-24,4.080000
1963-09-25,4.080000
1963-09-26,4.080000
1963-09-27,4.070000
1963-09-30,4.070000
1963-10-01,4.070000
1963-10-02,4.070000
1963-10-03,4.070000
1963-10-04,4.080000
1963-10-07,4.080000
1963-10-08,4.090000
1963-10-09,4.100000
1963-10-10,4.100000
1963-10-11,4.100000
1963-10-14,4.100000
1963-10-15,4.110000
1963-10-16,4.110000
1963-10-17,4.120000
1963-10-18,4.120000
1963-10-21,4.120000
1963-10-22,4.110000
1963-10-23,4.120000
1963-10-24,4.110000
1963-10-25,4.120000
1963-10-28,4.120000
1963-10-29,4.130000
1963-10-30,4.140000
1963-10-31,4.150000
1963-11-01,4.150000
1963-11-04,4.150000
1963-11-06,4.170000
1963-11-07,4.170000
1963-11-08,4.160000
1963-11-12,4.160000
1963-11-13,4.150000
1963-11-14,4.120000
1963-11-15,4.110000
1963-11-18,4.110000
1963-11-19,4.100000
1963-11-20,4.090000
1963-11-21,4.100000
1963-11-22,4.090000
1963-11-26,4.080000
1963-11-27,4.080000
1963-11-29,4.080000
1963-12-02,4.090000
1963-12-03,4.100000
1963-12-04,4.100000
1963-12-05,4.110000
1963-12-06,4.110000
1963-12-09,4.100000
1963-12-10,4.100000
1963-12-11,4.120000
1963-12-12,4.120000
1963-12-13,4.130000
1963-12-16,4.150000
1963-12-17,4.150000
1963-12-18,4.150000
1963-12-19,4.140000
1963-12-20,4.150000
1963-12-23,4.150000
1963-12-24,4.150000
1963-12-26,4.150000
1963-12-27,4.150000
1963-12-30,4.140000
1963-12-31,4.140000
1964-01-02,4.140000
1964-01-03,4.150000
1964-01-06,4.160000
1964-01-07,4.150000
1964-01-08,4.180000
1964-01-09,4.180000
1964-01-10,4.180000
1964-01-13,4.180000
1964-01-14,4.180000
1964-01-15,4.180000
1964-01-16,4.170000
1964-01-17,4.170000
1964-01-20,4.160000
1964-01-21,4.160000
1964-01-22,4.160000
1964-01-23,4.160000
1964-01-24,4.180000
1964-01-27,4.180000
1964-01-28,4.170000
1964-01-29,4.170000
1964-01-30,4.160000
1964-01-31,4.150000
1964-02-03,4.150000
1964-02-04,4.150000
1964-02-05,4.150000
1964-02-06,4.140000
1964-02-07,4.140000
1964-02-10,4.140000
1964-02-11,4.140000
1964-02-13,4.130000
1964-02-14,4.130000
1964-02-17,4.130000
1964-02-18,4.140000
1964-02-19,4.140000
1964-02-20,4.140000
1964-02-24,4.150000
1964-02-25,4.150000
1964-02-26,4.150000
1964-02-27,4.170000
1964-02-28,4.180000
1964-03-02,4.170000
1964-03-03,4.180000
1964-03-04,4.190000
1964-03-05,4.190000
1964-03-06,4.190000
1964-03-09,4.200000
1964-03-10,4.200000
1964-03-11,4.210000
1964-03-12,4.210000
1964-03-13,4.220000
1964-03-16,4.210000
1964-03-17,4.220000
1964-03-18,4.230000
1964-03-19,4.240000
1964-03-20,4.250000
1964-03-23,4.250000
1964-03-24,4.260000
1964-03-25,4.260000
1964-03-26,4.250000
1964-03-30,4.250000
1964-03-31,4.230000
1964-04-01,4.230000
1964-04-02,4.240000
1964-04-03,4.250000
1964-04-06,4.250000
1964-04-07,4.250000
1964-04-08,4.220000
1964-04-09,4.220000
1964-04-10,4.220000
1964-04-13,4.230000
1964-04-14,4.240000
1964-04-15,4.230000
1964-04-16,4.230000
1964-04-17,4.240000
1964-04-20,4.240000
1964-04-21,4.230000
1964-04-22,4.230000
1964-04-23,4.230000
1964-04-24,4.230000
1964-04-27,4.230000
1964-04-28,4.230000
1964-04-29,4.220000
1964-04-30,4.220000
1964-05-01,4.220000
1964-05-04,4.220000
1964-05-05,4.220000
1964-05-06,4.220000
1964-05-07,4.220000
1964-05-08,4.200000
1964-05-11,4.190000
1964-05-12,4.190000
1964-05-13,4.190000
1964-05-14,4.190000
1964-05-15,4.190000
1964-05-18,4.190000
1964-05-19,4.190000
1964-05-20,4.200000
1964-05-21,4.200000
1964-05-22,4.200000
1964-05-25,4.190000
1964-05-26,4.190000
1964-05-27,4.200000
1964-05-28,4.190000
1964-06-01,4.190000
1964-06-02,4.190000
1964-06-03,4.190000
1964-06-04,4.190000
1964-06-05,4.180000
1964-06-08,4.180000
1964-06-09,4.170000
1964-06-10,4.170000
1964-06-11,4.180000
1964-06-12,4.180000
1964-06-15,4.180000
1964-06-16,4.180000
1964-06-17,4.180000
1964-06-18,4.170000
1964-06-19,4.160000
1964-06-22,4.150000
1964-06-23,4.150000
1964-06-24,4.150000
1964-06-25,4.150000
1964-06-26,4.150000
1964-06-29,4.150000
1964-06-30,4.150000
1964-07-01,4.150000
1964-07-02,4.150000
1964-07-06,4.160000
1964-07-07,4.150000
1964-07-08,4.150000
1964-07-09,4.180000
1964-07-10,4.190000
1964-07-13,4.190000
1964-07-14,4.190000
1964-07-15,4.190000
1964-07-16,4.190000
1964-07-17,4.200000
1964-07-20,4.210000
1964-07-21,4.200000
1964-07-22,4.210000
1964-07-23,4.200000
1964-07-24,4.200000
1964-07-27,4.200000
1964-07-28,4.200000
1964-07-29,4.200000
1964-07-30,4.190000
1964-07-31,4.190000
1964-08-03,4.190000
1964-08-04,4.190000
1964-08-05,4.190000
1964-08-06,4.180000
1964-08-07,4.190000
1964-08-10,4.190000
1964-08-11,4.200000
1964-08-12,4.200000
1964-08-13,4.190000
1964-08-14,4.190000
1964-08-17,4.190000
1964-08-18,4.190000
1964-08-19,4.190000
1964-08-20,4.190000
1964-08-21,4.190000
1964-08-24,4.190000
1964-08-25,4.200000
1964-08-26,4.200000
1964-08-27,4.200000
1964-08-28,4.210000
1964-08-31,4.210000
1964-09-01,4.210000
1964-09-02,4.220000
1964-09-03,4.220000
1964-09-04,4.220000
1964-09-08,4.220000
1964-09-09,4.220000
1964-09-10,4.220000
1964-09-11,4.220000
1964-09-14,4.220000
1964-09-15,4.220000
1964-09-16,4.210000
1964-09-17,4.200000
1964-09-18,4.200000
1964-09-21,4.190000
1964-09-22,4.190000
1964-09-23,4.190000
1964-09-24,4.190000
1964-09-25,4.190000
1964-09-28,4.170000
1964-09-29,4.180000
1964-09-30,4.180000
1964-10-01,4.180000
1964-10-02,4.180000
1964-10-05,4.200000
1964-10-06,4.190000
1964-10-07,4.190000
1964-10-08,4.190000
1964-10-09,4.190000
1964-10-13,4.190000
1964-10-14,4.190000
1964-10-15,4.200000
1964-10-16,4.210000
1964-10-19,4.210000
1964-10-20,4.200000
1964-10-21,4.190000
1964-10-22,4.190000
1964-10-23,4.190000
1964-10-26,4.190000
1964-10-27,4.180000
1964-10-28,4.170000
1964-10-29,4.160000
1964-10-30,4.160000
1964-11-02,4.150000
1964-11-04,4.150000
1964-11-05,4.150000
1964-11-06,4.150000
1964-11-09,4.150000
1964-11-10,4.140000
1964-11-12,4.120000
1964-11-13,4.130000
1964-11-16,4.130000
1964-11-17,4.140000
1964-11-18,4.140000
1964-11-19,4.130000
1964-11-20,4.130000
1964-11-23,4.180000
1964-11-24,4.180000
1964-11-25,4.190000
1964-11-27,4.190000
1964-11-30,4.200000
1964-12-01,4.200000
1964-12-02,4.190000
1964-12-03,4.180000
1964-12-04,4.180000
1964-12-07,4.170000
1964-12-08,4.160000
1964-12-09,4.160000
1964-12-10,4.150000
1964-12-11,4.150000
1964-12-14,4.160000
1964-12-15,4.170000
1964-12-16,4.180000
1964-12-17,4.180000
1964-12-18,4.190000
1964-12-21,4.180000
1964-12-22,4.180000
1964-12-23,4.190000
1964-12-24,4.190000
1964-12-28,4.190000
1964-12-29,4.190000
1964-12-30,4.200000
1964-12-31,4.210000
1965-01-04,4.200000
1965-01-05,4.200000
1965-01-06,4.200000
1965-01-07,4.200000
1965-01-08,4.200000
1965-01-11,4.200000
1965-01-12,4.190000
1965-01-13,4.190000
1965-01-14,4.190000
1965-01-15,4.190000
1965-01-18,4.190000
1965-01-19,4.180000
1965-01-20,4.180000
1965-01-21,4.170000
1965-01-22,4.170000
1965-01-25,4.180000
1965-01-26,4.190000
1965-01-27,4.190000
1965-01-28,4.190000
1965-01-29,4.190000
1965-02-01,4.200000
1965-02-02,4.200000
1965-02-03,4.200000
1965-02-04,4.210000
1965-02-05,4.220000
1965-02-08,4.210000
1965-02-09,4.210000
1965-02-10,4.210000
1965-02-11,4.210000
1965-02-15,4.220000
1965-02-16,4.210000
1965-02-17,4.210000
1965-02-18,4.210000
1965-02-19,4.220000
1965-02-23,4.210000
1965-02-24,4.220000
1965-02-25,4.210000
1965-02-26,4.220000
1965-03-01,4.220000
1965-03-02,4.240000
1965-03-03,4.230000
1965-03-04,4.220000
1965-03-05,4.230000
1965-03-08,4.230000
1965-03-09,4.230000
1965-03-10,4.230000
1965-03-11,4.220000
1965-03-12,4.220000
1965-03-15,4.210000
1965-03-16,4.210000
1965-03-17,4.200000
1965-03-18,4.200000
1965-03-19,4.200000
1965-03-22,4.190000
1965-03-23,4.190000
1965-03-24,4.180000
1965-03-25,4.190000
1965-03-26,4.200000
1965-03-29,4.200000
1965-03-30,4.200000
1965-03-31,4.200000
1965-04-01,4.200000
1965-04-02,4.200000
1965-04-05,4.200000
1965-04-06,4.200000
1965-04-07,4.200000
1965-04-08,4.190000
1965-04-09,4.200000
1965-04-12,4.200000
1965-04-13,4.200000
1965-04-14,4.190000
1965-04-15,4.200000
1965-04-19,4.210000
1965-04-20,4.210000
1965-04-21,4.210000
1965-04-22,4.210000
1965-04-23,4.210000
1965-04-26,4.210000
1965-04-27,4.210000
1965-04-28,4.210000
1965-04-29,4.210000
1965-04-30,4.210000
1965-05-03,4.210000
1965-05-04,4.200000
1965-05-05,4.200000
1965-05-06,4.200000
1965-05-07,4.200000
1965-05-10,4.200000
1965-05-11,4.200000
1965-05-12,4.200000
1965-05-13,4.210000
1965-05-14,4.210000
1965-05-17,4.210000
1965-05-18,4.220000
1965-05-19,4.220000
1965-05-20,4.220000
1965-05-21,4.220000
1965-05-24,4.220000
1965-05-25,4.220000
1965-05-26,4.220000
1965-05-27,4.220000
1965-05-28,4.230000
1965-06-01,4.230000
1965-06-02,4.230000
1965-06-03,4.230000
1965-06-04,4.230000
1965-06-07,4.230000
1965-06-08,4.230000
1965-06-09,4.230000
1965-06-10,4.230000
1965-06-11,4.230000
1965-06-14,4.210000
1965-06-15,4.210000
1965-06-16,4.210000
1965-06-17,4.210000
1965-06-18,4.210000
1965-06-21,4.200000
1965-06-22,4.200000
1965-06-23,4.200000
1965-06-24,4.190000
1965-06-25,4.190000
1965-06-28,4.190000
1965-06-29,4.200000
1965-06-30,4.200000
1965-07-01,4.200000
1965-07-02,4.210000
1965-07-06,4.210000
1965-07-07,4.210000
1965-07-08,4.200000
1965-07-09,4.210000
1965-07-12,4.210000
1965-07-13,4.210000
1965-07-14,4.210000
1965-07-15,4.200000
1965-07-16,4.200000
1965-07-19,4.200000
1965-07-20,4.200000
1965-07-21,4.200000
1965-07-22,4.200000
1965-07-23,4.200000
1965-07-26,4.200000
1965-07-27,4.200000
1965-07-28,4.200000
1965-07-29,4.210000
1965-07-30,4.220000
1965-08-02,4.220000
1965-08-03,4.220000
1965-08-04,4.230000
1965-08-05,4.230000
1965-08-06,4.240000
1965-08-09,4.240000
1965-08-10,4.240000
1965-08-11,4.250000
1965-08-12,4.250000
1965-08-13,4.250000
1965-08-16,4.260000
1965-08-17,4.270000
1965-08-18,4.260000
1965-08-19,4.260000
1965-08-20,4.260000
1965-08-23,4.260000
1965-08-24,4.270000
1965-08-25,4.260000
1965-08-26,4.270000
1965-08-27,4.270000
1965-08-30,4.270000
1965-08-31,4.270000
1965-09-01,4.280000
1965-09-02,4.280000
1965-09-03,4.270000
1965-09-07,4.270000
1965-09-08,4.270000
1965-09-09,4.270000
1965-09-10,4.280000
1965-09-13,4.280000
1965-09-14,4.280000
1965-09-15,4.280000
1965-09-16,4.270000
1965-09-17,4.270000
1965-09-20,4.270000
1965-09-21,4.280000
1965-09-22,4.290000
1965-09-23,4.300000
1965-09-24,4.310000
1965-09-27,4.310000
1965-09-28,4.330000
1965-09-29,4.360000
1965-09-30,4.350000
1965-10-01,4.360000
1965-10-04,4.350000
1965-10-05,4.330000
1965-10-06,4.320000
1965-10-07,4.310000
1965-10-08,4.320000
1965-10-11,4.310000
1965-10-13,4.300000
1965-10-14,4.310000
1965-10-15,4.340000
1965-10-18,4.340000
1965-10-19,4.350000
1965-10-20,4.360000
1965-10-21,4.370000
1965-10-22,4.360000
1965-10-25,4.380000
1965-10-26,4.380000
1965-10-27,4.390000
1965-10-28,4.400000
1965-10-29,4.410000
1965-11-01,4.430000
1965-11-03,4.430000
1965-11-04,4.430000
1965-11-05,4.430000
1965-11-08,4.450000
1965-11-09,4.470000
1965-11-10,4.460000
1965-11-12,4.440000
1965-11-15,4.450000
1965-11-16,4.440000
1965-11-17,4.450000
1965-11-18,4.450000
1965-11-19,4.460000
1965-11-22,4.450000
1965-11-23,4.450000
1965-11-24,4.450000
1965-11-26,4.450000
1965-11-29,4.460000
1965-11-30,4.480000
1965-12-01,4.520000
1965-12-02,4.520000
1965-12-03,4.520000
1965-12-06,4.610000
1965-12-07,4.590000
1965-12-08,4.600000
1965-12-09,4.600000
1965-12-10,4.600000
1965-12-13,4.650000
1965-12-14,4.670000
1965-12-15,4.670000
1965-12-16,4.660000
1965-12-17,4.650000
1965-12-20,4.610000
1965-12-21,4.640000
1965-12-22,4.650000
1965-12-23,4.650000
1965-12-27,4.620000
1965-12-28,4.610000
1965-12-29,4.620000
1965-12-30,4.630000
1965-12-31,4.650000
1966-01-03,4.630000
1966-01-04,4.650000
1966-01-05,4.630000
1966-01-06,4.600000
1966-01-07,4.600000
1966-01-10,4.610000
1966-01-11,4.600000
1966-01-12,4.560000
1966-01-13,4.580000
1966-01-14,4.590000
1966-01-17,4.610000
1966-01-18,4.610000
1966-01-19,4.610000
1966-01-20,4.600000
1966-01-21,4.590000
1966-01-24,4.600000
1966-01-25,4.610000
1966-01-26,4.610000
1966-01-27,4.630000
1966-01-28,4.650000
1966-01-31,4.690000
1966-02-01,4.690000
1966-02-02,4.700000
1966-02-03,4.700000
1966-02-04,4.710000
1966-02-07,4.730000
1966-02-08,4.720000
1966-02-09,4.740000
1966-02-10,4.780000
1966-02-11,4.860000
1966-02-14,4.870000
1966-02-15,4.880000
1966-02-16,4.890000
1966-02-17,4.880000
1966-02-18,4.900000
1966-02-21,4.920000
1966-02-23,4.920000
1966-02-24,4.930000
1966-02-25,4.970000
1966-02-28,5.020000
1966-03-01,5.010000
1966-03-02,5.000000
1966-03-03,5.000000
1966-03-04,4.980000
1966-03-07,4.960000
1966-03-08,4.930000
1966-03-09,4.930000
1966-03-10,4.950000
1966-03-11,4.960000
1966-03-14,4.940000
1966-03-15,4.910000
1966-03-16,4.900000
1966-03-17,4.860000
1966-03-18,4.840000
1966-03-21,4.810000
1966-03-22,4.780000
1966-03-23,4.730000
1966-03-24,4.760000
1966-03-25,4.820000
1966-03-28,4.810000
1966-03-29,4.800000
1966-03-30,4.700000
1966-03-31,4.710000
1966-04-01,4.700000
1966-04-04,4.690000
1966-04-05,4.660000
1966-04-06,4.710000
1966-04-07,4.730000
1966-04-11,4.730000
1966-04-12,4.730000
1966-04-13,4.740000
1966-04-14,4.760000
1966-04-15,4.770000
1966-04-18,4.760000
1966-04-19,4.760000
1966-04-20,4.800000
1966-04-21,4.770000
1966-04-22,4.770000
1966-04-25,4.780000
1966-04-26,4.790000
1966-04-27,4.780000
1966-04-28,4.780000
1966-04-29,4.790000
1966-05-02,4.800000
1966-05-03,4.810000
1966-05-04,4.810000
1966-05-05,4.810000
1966-05-06,4.790000
1966-05-09,4.750000
1966-05-10,4.750000
1966-05-11,4.770000
1966-05-12,4.770000
1966-05-13,4.770000
1966-05-16,4.770000
1966-05-17,4.750000
1966-05-18,4.750000
1966-05-19,4.750000
1966-05-20,4.750000
1966-05-23,4.770000
1966-05-24,4.790000
1966-05-25,4.780000
1966-05-26,4.800000
1966-05-27,4.810000
1966-05-31,4.800000
1966-06-01,4.790000
1966-06-02,4.770000
1966-06-03,4.780000
1966-06-06,4.790000
1966-06-07,4.810000
1966-06-08,4.830000
1966-06-09,4.830000
1966-06-10,4.830000
1966-06-13,4.830000
1966-06-14,4.830000
1966-06-15,4.790000
1966-06-16,4.810000
1966-06-17,4.800000
1966-06-20,4.760000
1966-06-21,4.750000
1966-06-22,4.760000
1966-06-23,4.770000
1966-06-24,4.800000
1966-06-27,4.830000
1966-06-28,4.890000
1966-06-29,4.900000
1966-06-30,4.970000
1966-07-01,4.990000
1966-07-05,4.960000
1966-07-06,4.950000
1966-07-07,4.950000
1966-07-08,4.970000
1966-07-11,5.030000
1966-07-12,5.050000
1966-07-13,5.070000
1966-07-14,5.100000
1966-07-15,5.090000
1966-07-18,5.040000
1966-07-19,5.030000
1966-07-20,5.020000
1966-07-21,5.040000
1966-07-22,5.020000
1966-07-25,4.990000
1966-07-26,4.990000
1966-07-27,4.990000
1966-07-28,5.030000
1966-07-29,5.050000
1966-08-01,5.050000
1966-08-02,5.040000
1966-08-03,5.060000
1966-08-04,5.070000
1966-08-05,5.070000
1966-08-08,5.080000
1966-08-09,5.100000
1966-08-10,5.100000
1966-08-11,5.110000
1966-08-12,5.110000
1966-08-15,5.150000
1966-08-16,5.180000
1966-08-17,5.240000
1966-08-18,5.290000
1966-08-19,5.310000
1966-08-22,5.290000
1966-08-23,5.330000
1966-08-24,5.360000
1966-08-25,5.390000
1966-08-26,5.480000
1966-08-29,5.510000
1966-08-30,5.480000
1966-08-31,5.360000
1966-09-01,5.300000
1966-09-02,5.230000
1966-09-06,5.190000
1966-09-07,5.200000
1966-09-08,5.180000
1966-09-09,5.170000
1966-09-12,5.180000
1966-09-13,5.160000
1966-09-14,5.210000
1966-09-15,5.250000
1966-09-16,5.240000
1966-09-19,5.320000
1966-09-20,5.270000
1966-09-21,5.210000
1966-09-22,5.150000
1966-09-23,5.170000
1966-09-26,5.170000
1966-09-27,5.130000
1966-09-28,5.090000
1966-09-29,4.990000
1966-09-30,5.020000
1966-10-03,5.080000
1966-10-04,5.060000
1966-10-05,5.050000
1966-10-06,5.030000
1966-10-07,5.020000
1966-10-10,5.050000
1966-10-11,5.050000
1966-10-13,5.070000
1966-10-14,5.060000
1966-10-17,5.040000
1966-10-18,4.990000
1966-10-19,5.000000
1966-10-20,5.020000
1966-10-21,4.940000
1966-10-24,4.940000
1966-10-25,4.940000
1966-10-26,4.960000
1966-10-27,4.990000
1966-10-28,4.970000
1966-10-31,4.970000
1966-11-01,4.990000
1966-11-02,5.040000
1966-11-03,5.060000
1966-11-04,5.110000
1966-11-07,5.110000
1966-11-09,5.120000
1966-11-10,5.170000
1966-11-14,5.190000
1966-11-15,5.210000
1966-11-16,5.220000
1966-11-17,5.230000
1966-11-18,5.220000
1966-11-21,5.170000
1966-11-22,5.200000
1966-11-23,5.220000
1966-11-25,5.230000
1966-11-28,5.190000
1966-11-29,5.150000
1966-11-30,5.120000
1966-12-01,5.090000
1966-12-02,5.030000
1966-12-05,5.060000
1966-12-06,5.070000
1966-12-07,5.070000
1966-12-08,5.100000
1966-12-09,5.050000
1966-12-12,4.930000
1966-12-13,4.860000
1966-12-14,4.830000
1966-12-15,4.760000
1966-12-16,4.780000
1966-12-19,4.720000
1966-12-20,4.690000
1966-12-21,4.660000
1966-12-22,4.680000
1966-12-23,4.670000
1966-12-27,4.710000
1966-12-28,4.640000
1966-12-29,4.660000
1966-12-30,4.640000
1967-01-03,4.690000
1967-01-04,4.650000
1967-01-05,4.630000
1967-01-06,4.640000
1967-01-09,4.710000
1967-01-10,4.690000
1967-01-11,4.540000
1967-01-12,4.550000
1967-01-13,4.510000
1967-01-16,4.490000
1967-01-17,4.510000
1967-01-18,4.530000
1967-01-19,4.580000
1967-01-20,4.600000
1967-01-23,4.600000
1967-01-24,4.650000
1967-01-25,4.620000
1967-01-26,4.500000
1967-01-27,4.470000
1967-01-30,4.480000
1967-01-31,4.520000
1967-02-01,4.520000
1967-02-02,4.510000
1967-02-03,4.520000
1967-02-06,4.530000
1967-02-07,4.540000
1967-02-08,4.540000
1967-02-09,4.530000
1967-02-10,4.590000
1967-02-14,4.640000
1967-02-15,4.690000
1967-02-16,4.670000
1967-02-17,4.680000
1967-02-20,4.700000
1967-02-21,4.710000
1967-02-23,4.740000
1967-02-24,4.730000
1967-02-27,4.720000
1967-02-28,4.720000
1967-03-01,4.660000
1967-03-02,4.630000
1967-03-03,4.620000
1967-03-06,4.610000
1967-03-07,4.600000
1967-03-08,4.610000
1967-03-09,4.570000
1967-03-10,4.580000
1967-03-13,4.560000
1967-03-14,4.530000
1967-03-15,4.490000
1967-03-16,4.450000
1967-03-17,4.470000
1967-03-20,4.450000
1967-03-21,4.510000
1967-03-22,4.520000
1967-03-23,4.500000
1967-03-27,4.520000
1967-03-28,4.520000
1967-03-29,4.520000
1967-03-30,4.500000
1967-03-31,4.500000
1967-04-03,4.500000
1967-04-04,4.490000
1967-04-05,4.500000
1967-04-06,4.490000
1967-04-07,4.480000
1967-04-10,4.500000
1967-04-11,4.510000
1967-04-12,4.510000
1967-04-13,4.540000
1967-04-14,4.560000
1967-04-17,4.610000
1967-04-18,4.630000
1967-04-19,4.630000
1967-04-20,4.630000
1967-04-21,4.660000
1967-04-24,4.680000
1967-04-25,4.710000
1967-04-26,4.730000
1967-04-27,4.730000
1967-04-28,4.780000
1967-05-01,4.770000
1967-05-02,4.750000
1967-05-03,4.750000
1967-05-04,4.760000
1967-05-05,4.770000
1967-05-08,4.830000
1967-05-09,4.870000
1967-05-10,4.870000
1967-05-11,4.840000
1967-05-12,4.820000
1967-05-15,4.860000
1967-05-16,4.870000
1967-05-17,4.880000
1967-05-18,4.880000
1967-05-19,4.890000
1967-05-22,4.940000
1967-05-23,4.940000
1967-05-24,4.930000
1967-05-25,4.920000
1967-05-26,4.860000
1967-05-29,4.840000
1967-05-31,4.810000
1967-06-01,4.810000
1967-06-02,4.820000
1967-06-05,4.850000
1967-06-06,4.840000
1967-06-07,4.840000
1967-06-08,4.860000
1967-06-09,4.890000
1967-06-12,4.940000
1967-06-13,4.950000
1967-06-14,5.020000
1967-06-15,5.020000
1967-06-16,5.070000
1967-06-19,5.070000
1967-06-20,5.140000
1967-06-21,5.140000
1967-06-22,5.130000
1967-06-23,5.140000
1967-06-26,5.160000
1967-06-27,5.210000
1967-06-28,5.180000
1967-06-29,5.200000
1967-06-30,5.220000
1967-07-03,5.220000
1967-07-05,5.170000
1967-07-06,5.110000
1967-07-07,5.150000
1967-07-10,5.160000
1967-07-11,5.090000
1967-07-12,5.060000
1967-07-13,5.080000
1967-07-14,5.080000
1967-07-17,5.090000
1967-07-18,5.160000
1967-07-19,5.180000
1967-07-20,5.200000
1967-07-21,5.200000
1967-07-24,5.230000
1967-07-25,5.230000
1967-07-26,5.230000
1967-07-27,5.200000
1967-07-28,5.180000
1967-07-31,5.160000
1967-08-01,5.180000
1967-08-02,5.210000
1967-08-03,5.200000
1967-08-04,5.260000
1967-08-07,5.300000
1967-08-08,5.280000
1967-08-09,5.270000
1967-08-10,5.280000
1967-08-11,5.290000
1967-08-14,5.290000
1967-08-15,5.290000
1967-08-16,5.280000
1967-08-17,5.280000
1967-08-18,5.280000
1967-08-21,5.300000
1967-08-22,5.300000
1967-08-23,5.310000
1967-08-24,5.310000
1967-08-25,5.320000
1967-08-28,5.290000
1967-08-29,5.270000
1967-08-30,5.280000
1967-08-31,5.270000
1967-09-01,5.250000
1967-09-05,5.220000
1967-09-06,5.200000
1967-09-07,5.200000
1967-09-08,5.260000
1967-09-11,5.280000
1967-09-12,5.290000
1967-09-13,5.270000
1967-09-14,5.280000
1967-09-15,5.290000
1967-09-18,5.300000
1967-09-19,5.350000
1967-09-20,5.340000
1967-09-21,5.360000
1967-09-22,5.360000
1967-09-25,5.380000
1967-09-26,5.370000
1967-09-27,5.370000
1967-09-28,5.360000
1967-09-29,5.310000
1967-10-02,5.350000
1967-10-03,5.350000
1967-10-04,5.370000
1967-10-05,5.370000
1967-10-06,5.370000
1967-10-09,5.390000
1967-10-10,5.420000
1967-10-11,5.420000
1967-10-13,5.450000
1967-10-16,5.470000
1967-10-17,5.490000
1967-10-18,5.520000
1967-10-19,5.530000
1967-10-20,5.520000
1967-10-23,5.560000
1967-10-24,5.560000
1967-10-25,5.570000
1967-10-26,5.580000
1967-10-27,5.570000
1967-10-30,5.600000
1967-10-31,5.640000
1967-11-01,5.700000
1967-11-02,5.710000
1967-11-03,5.750000
1967-11-06,5.770000
1967-11-08,5.740000
1967-11-09,5.780000
1967-11-10,5.830000
1967-11-13,5.870000
1967-11-14,5.810000
1967-11-15,5.780000
1967-11-16,5.720000
1967-11-17,5.750000
1967-11-20,5.850000
1967-11-21,5.710000
1967-11-22,5.700000
1967-11-24,5.780000
1967-11-27,5.760000
1967-11-28,5.650000
1967-11-29,5.670000
1967-11-30,5.740000
1967-12-01,5.780000
1967-12-04,5.760000
1967-12-05,5.740000
1967-12-06,5.690000
1967-12-07,5.710000
1967-12-08,5.720000
1967-12-11,5.740000
1967-12-12,5.750000
1967-12-13,5.710000
1967-12-14,5.700000
1967-12-15,5.710000
1967-12-18,5.680000
1967-12-19,5.660000
1967-12-20,5.620000
1967-12-21,5.640000
1967-12-22,5.690000
1967-12-26,5.640000
1967-12-27,5.640000
1967-12-28,5.700000
1967-12-29,5.700000
1968-01-02,5.630000
1968-01-03,5.630000
1968-01-04,5.510000
1968-01-05,5.480000
1968-01-08,5.500000
1968-01-09,5.520000
1968-01-10,5.460000
1968-01-11,5.460000
1968-01-12,5.430000
1968-01-15,5.490000
1968-01-16,5.520000
1968-01-17,5.480000
1968-01-18,5.550000
1968-01-19,5.590000
1968-01-22,5.610000
1968-01-23,5.560000
1968-01-24,5.560000
1968-01-25,5.520000
1968-01-26,5.530000
1968-01-29,5.530000
1968-01-30,5.530000
1968-01-31,5.540000
1968-02-01,5.580000
1968-02-02,5.580000
1968-02-05,5.600000
1968-02-06,5.610000
1968-02-07,5.590000
1968-02-08,5.600000
1968-02-09,5.590000
1968-02-13,5.550000
1968-02-14,5.540000
1968-02-15,5.510000
1968-02-16,5.500000
1968-02-19,5.530000
1968-02-20,5.540000
1968-02-21,5.540000
1968-02-23,5.560000
1968-02-26,5.580000
1968-02-27,5.580000
1968-02-28,5.570000
1968-02-29,5.560000
1968-03-01,5.560000
1968-03-04,5.570000
1968-03-05,5.590000
1968-03-06,5.610000
1968-03-07,5.670000
1968-03-08,5.750000
1968-03-11,5.750000
1968-03-12,5.790000
1968-03-13,5.860000
1968-03-14,5.950000
1968-03-15,5.840000
1968-03-18,5.760000
1968-03-19,5.770000
1968-03-20,5.730000
1968-03-21,5.760000
1968-03-22,5.740000
1968-03-25,5.740000
1968-03-26,5.780000
1968-03-27,5.780000
1968-03-28,5.780000
1968-03-29,5.760000
1968-04-01,5.640000
1968-04-02,5.620000
1968-04-03,5.490000
1968-04-04,5.520000
1968-04-05,5.520000
1968-04-08,5.540000
1968-04-10,5.530000
1968-04-11,5.540000
1968-04-15,5.600000
1968-04-16,5.620000
1968-04-17,5.620000
1968-04-18,5.640000
1968-04-19,5.760000
1968-04-22,5.780000
1968-04-23,5.730000
1968-04-24,5.720000
1968-04-25,5.720000
1968-04-26,5.710000
1968-04-29,5.730000
1968-04-30,5.740000
1968-05-01,5.730000
1968-05-02,5.760000
1968-05-03,5.800000
1968-05-06,5.780000
1968-05-07,5.790000
1968-05-08,5.800000
1968-05-09,5.790000
1968-05-10,5.790000
1968-05-13,5.790000
1968-05-14,5.820000
1968-05-15,5.850000
1968-05-16,5.900000
1968-05-17,5.920000
1968-05-20,5.960000
1968-05-21,6.020000
1968-05-22,6.020000
1968-05-23,5.980000
1968-05-24,5.960000
1968-05-27,5.920000
1968-05-28,5.940000
1968-05-29,5.950000
1968-05-31,5.860000
1968-06-03,5.790000
1968-06-04,5.780000
1968-06-05,5.810000
1968-06-06,5.830000
1968-06-07,5.820000
1968-06-10,5.800000
1968-06-11,5.790000
1968-06-12,5.770000
1968-06-13,5.760000
1968-06-14,5.720000
1968-06-17,5.710000
1968-06-18,5.710000
1968-06-19,5.670000
1968-06-20,5.620000
1968-06-21,5.600000
1968-06-24,5.610000
1968-06-25,5.640000
1968-06-26,5.640000
1968-06-27,5.650000
1968-06-28,5.640000
1968-07-01,5.620000
1968-07-02,5.580000
1968-07-03,5.570000
1968-07-05,5.560000
1968-07-08,5.530000
1968-07-09,5.510000
1968-07-10,5.520000
1968-07-11,5.520000
1968-07-12,5.530000
1968-07-15,5.560000
1968-07-16,5.570000
1968-07-17,5.550000
1968-07-18,5.560000
1968-07-19,5.530000
1968-07-22,5.450000
1968-07-23,5.380000
1968-07-24,5.390000
1968-07-25,5.370000
1968-07-26,5.390000
1968-07-29,5.410000
1968-07-30,5.410000
1968-07-31,5.390000
1968-08-01,5.380000
1968-08-02,5.340000
1968-08-05,5.370000
1968-08-06,5.380000
1968-08-07,5.360000
1968-08-08,5.370000
1968-08-09,5.390000
1968-08-12,5.420000
1968-08-13,5.430000
1968-08-14,5.430000
1968-08-15,5.450000
1968-08-16,5.420000
1968-08-19,5.430000
1968-08-20,5.430000
1968-08-21,5.460000
1968-08-22,5.500000
1968-08-23,5.470000
1968-08-26,5.460000
1968-08-27,5.460000
1968-08-28,5.450000
1968-08-29,5.430000
1968-08-30,5.420000
1968-09-03,5.410000
1968-09-04,5.430000
1968-09-05,5.460000
1968-09-06,5.480000
1968-09-09,5.490000
1968-09-10,5.510000
1968-09-11,5.500000
1968-09-12,5.490000
1968-09-13,5.480000
1968-09-16,5.460000
1968-09-17,5.460000
1968-09-18,5.420000
1968-09-19,5.430000
1968-09-20,5.450000
1968-09-23,5.450000
1968-09-24,5.440000
1968-09-25,5.440000
1968-09-26,5.450000
1968-09-27,5.460000
1968-09-30,5.490000
1968-10-01,5.490000
1968-10-02,5.490000
1968-10-03,5.500000
1968-10-04,5.520000
1968-10-07,5.550000
1968-10-08,5.570000
1968-10-09,5.600000
1968-10-10,5.610000
1968-10-11,5.610000
1968-10-14,5.620000
1968-10-15,5.650000
1968-10-16,5.620000
1968-10-17,5.580000
1968-10-18,5.570000
1968-10-21,5.580000
1968-10-22,5.580000
1968-10-23,5.580000
1968-10-24,5.610000
1968-10-25,5.600000
1968-10-28,5.610000
1968-10-29,5.620000
1968-10-30,5.630000
1968-10-31,5.610000
1968-11-01,5.610000
1968-11-04,5.630000
1968-11-06,5.620000
1968-11-07,5.630000
1968-11-08,5.650000
1968-11-12,5.680000
1968-11-13,5.660000
1968-11-14,5.660000
1968-11-15,5.680000
1968-11-18,5.710000
1968-11-19,5.740000
1968-11-20,5.740000
1968-11-21,5.730000
1968-11-22,5.740000
1968-11-25,5.750000
1968-11-26,5.760000
1968-11-27,5.760000
1968-11-29,5.780000
1968-12-02,5.890000
1968-12-03,5.960000
1968-12-04,5.950000
1968-12-05,5.930000
1968-12-06,5.910000
1968-12-09,5.920000
1968-12-10,5.930000
1968-12-11,5.930000
1968-12-12,5.940000
1968-12-13,5.930000
1968-12-16,5.960000
1968-12-17,5.970000
1968-12-18,6.000000
1968-12-19,6.070000
1968-12-20,6.140000
1968-12-23,6.230000
1968-12-24,6.270000
1968-12-26,6.170000
1968-12-27,6.200000
1968-12-30,6.210000
1968-12-31,6.160000
1969-01-02,6.040000
1969-01-03,6.010000
1969-01-06,6.040000
1969-01-07,6.140000
1969-01-08,6.090000
1969-01-09,6.040000
1969-01-10,6.030000
1969-01-13,6.040000
1969-01-14,6.040000
1969-01-15,6.020000
1969-01-16,5.980000
1969-01-17,5.970000
1969-01-20,5.950000
1969-01-21,5.970000
1969-01-22,6.030000
1969-01-23,6.020000
1969-01-24,6.010000
1969-01-27,6.030000
1969-01-28,6.050000
1969-01-29,6.090000
1969-01-30,6.140000
1969-01-31,6.190000
1969-02-03,6.220000
1969-02-04,6.200000
1969-02-05,6.190000
1969-02-06,6.200000
1969-02-07,6.140000
1969-02-10,6.140000
1969-02-11,6.100000
1969-02-13,6.090000
1969-02-14,6.110000
1969-02-17,6.140000
1969-02-18,6.160000
1969-02-19,6.200000
1969-02-20,6.230000
1969-02-21,6.240000
1969-02-24,6.220000
1969-02-25,6.240000
1969-02-26,6.240000
1969-02-27,6.270000
1969-02-28,6.260000
1969-03-03,6.250000
1969-03-04,6.240000
1969-03-05,6.240000
1969-03-06,6.260000
1969-03-07,6.270000
1969-03-10,6.270000
1969-03-11,6.300000
1969-03-12,6.310000
1969-03-13,6.320000
1969-03-14,6.310000
1969-03-17,6.350000
1969-03-18,6.350000
1969-03-19,6.320000
1969-03-20,6.310000
1969-03-21,6.290000
1969-03-24,6.280000
1969-03-25,6.300000
1969-03-26,6.320000
1969-03-27,6.330000
1969-03-28,6.300000
1969-04-01,6.250000
1969-04-02,6.250000
1969-04-03,6.260000
1969-04-07,6.280000
1969-04-08,6.250000
1969-04-09,6.190000
1969-04-10,6.180000
1969-04-11,6.150000
1969-04-14,6.060000
1969-04-15,6.110000
1969-04-16,6.100000
1969-04-17,6.130000
1969-04-18,6.160000
1969-04-21,6.140000
1969-04-22,6.120000
1969-04-23,6.120000
1969-04-24,6.140000
1969-04-25,6.150000
1969-04-28,6.190000
1969-04-29,6.210000
1969-04-30,6.200000
1969-05-01,6.250000
1969-05-02,6.230000
1969-05-05,6.190000
1969-05-06,6.220000
1969-05-07,6.220000
1969-05-08,6.200000
1969-05-09,6.230000
1969-05-12,6.270000
1969-05-13,6.250000
1969-05-14,6.240000
1969-05-15,6.260000
1969-05-16,6.310000
1969-05-19,6.360000
1969-05-20,6.360000
1969-05-21,6.360000
1969-05-22,6.360000
1969-05-23,6.380000
1969-05-26,6.440000
1969-05-27,6.540000
1969-05-28,6.560000
1969-05-29,6.560000
1969-06-02,6.560000
1969-06-03,6.550000
1969-06-04,6.560000
1969-06-05,6.540000
1969-06-06,6.520000
1969-06-09,6.590000
1969-06-10,6.560000
1969-06-11,6.560000
1969-06-12,6.540000
1969-06-13,6.510000
1969-06-16,6.490000
1969-06-17,6.520000
1969-06-18,6.530000
1969-06-19,6.570000
1969-06-20,6.590000
1969-06-23,6.600000
1969-06-24,6.630000
1969-06-25,6.630000
1969-06-26,6.620000
1969-06-27,6.660000
1969-06-30,6.730000
1969-07-01,6.750000
1969-07-02,6.770000
1969-07-03,6.750000
1969-07-07,6.760000
1969-07-08,6.790000
1969-07-09,6.820000
1969-07-10,6.780000
1969-07-11,6.640000
1969-07-14,6.690000
1969-07-15,6.720000
1969-07-16,6.670000
1969-07-17,6.690000
1969-07-18,6.700000
1969-07-22,6.660000
1969-07-23,6.680000
1969-07-24,6.700000
1969-07-25,6.710000
1969-07-28,6.730000
1969-07-29,6.720000
1969-07-30,6.720000
1969-07-31,6.660000
1969-08-01,6.660000
1969-08-04,6.630000
1969-08-05,6.600000
1969-08-06,6.620000
1969-08-07,6.630000
1969-08-08,6.640000
1969-08-11,6.690000
1969-08-12,6.700000
1969-08-13,6.700000
1969-08-14,6.680000
1969-08-15,6.680000
1969-08-18,6.660000
1969-08-19,6.650000
1969-08-20,6.660000
1969-08-21,6.680000
1969-08-22,6.710000
1969-08-25,6.720000
1969-08-26,6.760000
1969-08-27,6.790000
1969-08-28,6.830000
1969-08-29,6.830000
1969-09-02,6.870000
1969-09-03,6.940000
1969-09-04,6.960000
1969-09-05,6.990000
1969-09-08,7.030000
1969-09-09,7.040000
1969-09-10,7.020000
1969-09-11,7.050000
1969-09-12,7.080000
1969-09-15,7.090000
1969-09-16,7.140000
1969-09-17,7.140000
1969-09-18,7.270000
1969-09-19,7.280000
1969-09-22,7.260000
1969-09-23,7.260000
1969-09-24,7.270000
1969-09-25,7.300000
1969-09-26,7.400000
1969-09-29,7.450000
1969-09-30,7.510000
1969-10-01,7.520000
1969-10-02,7.450000
1969-10-03,7.380000
1969-10-06,7.350000
1969-10-07,7.310000
1969-10-08,7.290000
1969-10-09,7.300000
1969-10-10,7.220000
1969-10-14,7.100000
1969-10-15,7.120000
1969-10-16,7.040000
1969-10-17,6.990000
1969-10-20,6.830000
1969-10-21,6.770000
1969-10-22,6.800000
1969-10-23,6.900000
1969-10-24,6.900000
1969-10-27,6.930000
1969-10-28,7.000000
1969-10-29,7.000000
1969-10-30,6.960000
1969-10-31,6.940000
1969-11-03,6.900000
1969-11-05,6.970000
1969-11-06,7.010000
1969-11-07,6.990000
1969-11-10,6.990000
1969-11-12,7.060000
1969-11-13,7.120000
1969-11-14,7.080000
1969-11-17,7.130000
1969-11-18,7.220000
1969-11-19,7.250000
1969-11-20,7.310000
1969-11-21,7.280000
1969-11-24,7.270000
1969-11-25,7.280000
1969-11-26,7.300000
1969-11-28,7.290000
1969-12-01,7.290000
1969-12-02,7.350000
1969-12-03,7.390000
1969-12-04,7.350000
1969-12-05,7.350000
1969-12-08,7.400000
1969-12-09,7.500000
1969-12-10,7.590000
1969-12-11,7.620000
1969-12-12,7.600000
1969-12-15,7.630000
1969-12-16,7.720000
1969-12-17,7.760000
1969-12-18,7.810000
1969-12-19,7.790000
1969-12-22,7.760000
1969-12-23,7.820000
1969-12-24,7.890000
1969-12-26,7.870000
1969-12-29,8.050000
1969-12-30,7.970000
1969-12-31,7.880000
1970-01-02,7.860000
1970-01-05,7.880000
1970-01-06,7.960000
1970-01-07,7.990000
1970-01-08,7.960000
1970-01-09,7.860000
1970-01-12,7.820000
1970-01-13,7.810000
1970-01-14,7.860000
1970-01-15,7.850000
1970-01-16,7.750000
1970-01-19,7.690000
1970-01-20,7.720000
1970-01-21,7.690000
1970-01-22,7.670000
1970-01-23,7.690000
1970-01-26,7.710000
1970-01-27,7.700000
1970-01-28,7.700000
1970-01-29,7.770000
1970-01-30,7.750000
1970-02-02,7.650000
1970-02-03,7.580000
1970-02-04,7.500000
1970-02-05,7.450000
1970-02-06,7.360000
1970-02-09,7.280000
1970-02-10,7.320000
1970-02-11,7.330000
1970-02-13,7.150000
1970-02-16,7.170000
1970-02-17,7.150000
1970-02-18,7.120000
1970-02-19,7.090000
1970-02-20,7.120000
1970-02-24,7.140000
1970-02-25,7.040000
1970-02-26,6.940000
1970-02-27,6.900000
1970-03-02,6.950000
1970-03-03,6.990000
1970-03-04,6.970000
1970-03-05,6.980000
1970-03-06,6.960000
1970-03-09,6.990000
1970-03-10,7.040000
1970-03-11,7.110000
1970-03-12,7.160000
1970-03-13,7.230000
1970-03-16,7.240000
1970-03-17,7.360000
1970-03-18,7.280000
1970-03-19,7.070000
1970-03-20,7.060000
1970-03-23,7.050000
1970-03-24,7.020000
1970-03-25,6.960000
1970-03-26,6.980000
1970-03-30,7.050000
1970-03-31,7.080000
1970-04-01,7.040000
1970-04-02,7.080000
1970-04-03,7.140000
1970-04-06,7.170000
1970-04-07,7.180000
1970-04-08,7.170000
1970-04-09,7.180000
1970-04-10,7.170000
1970-04-13,7.200000
1970-04-14,7.220000
1970-04-15,7.270000
1970-04-16,7.340000
1970-04-17,7.400000
1970-04-20,7.440000
1970-04-21,7.500000
1970-04-22,7.610000
1970-04-23,7.640000
1970-04-24,7.720000
1970-04-27,7.740000
1970-04-28,7.790000
1970-04-29,7.780000
1970-04-30,7.820000
1970-05-01,7.850000
1970-05-04,7.940000
1970-05-05,7.920000
1970-05-06,7.860000
1970-05-07,7.820000
1970-05-08,7.780000
1970-05-11,7.820000
1970-05-12,7.840000
1970-05-13,7.850000
1970-05-14,7.860000
1970-05-15,7.830000
1970-05-18,7.800000
1970-05-19,7.800000
1970-05-20,7.850000
1970-05-21,7.900000
1970-05-22,7.990000
1970-05-25,8.150000
1970-05-26,8.220000
1970-05-27,8.020000
1970-05-28,7.980000
1970-05-29,7.950000
1970-06-01,7.840000
1970-06-02,7.780000
1970-06-03,7.760000
1970-06-04,7.800000
1970-06-05,7.880000
1970-06-08,7.890000
1970-06-09,7.880000
1970-06-10,7.870000
1970-06-11,7.920000
1970-06-12,7.980000
1970-06-15,7.980000
1970-06-16,7.870000
1970-06-17,7.900000
1970-06-18,7.900000
1970-06-19,7.900000
1970-06-22,7.860000
1970-06-23,7.790000
1970-06-24,7.740000
1970-06-25,7.760000
1970-06-26,7.780000
1970-06-29,7.760000
1970-06-30,7.680000
1970-07-01,7.640000
1970-07-02,7.550000
1970-07-06,7.490000
1970-07-07,7.460000
1970-07-08,7.490000
1970-07-09,7.490000
1970-07-10,7.540000
1970-07-13,7.550000
1970-07-14,7.530000
1970-07-15,7.490000
1970-07-16,7.460000
1970-07-17,7.450000
1970-07-20,7.460000
1970-07-21,7.450000
1970-07-22,7.430000
1970-07-23,7.320000
1970-07-24,7.340000
1970-07-27,7.360000
1970-07-28,7.410000
1970-07-29,7.390000
1970-07-30,7.380000
1970-07-31,7.380000
1970-08-03,7.390000
1970-08-04,7.400000
1970-08-05,7.420000
1970-08-06,7.430000
1970-08-07,7.450000
1970-08-10,7.500000
1970-08-11,7.540000
1970-08-12,7.560000
1970-08-13,7.580000
1970-08-14,7.670000
1970-08-17,7.710000
1970-08-18,7.680000
1970-08-19,7.650000
1970-08-20,7.640000
1970-08-21,7.600000
1970-08-24,7.480000
1970-08-25,7.460000
1970-08-26,7.450000
1970-08-27,7.480000
1970-08-28,7.490000
1970-08-31,7.490000
1970-09-01,7.470000
1970-09-02,7.480000
1970-09-03,7.480000
1970-09-04,7.470000
1970-09-08,7.500000
1970-09-09,7.540000
1970-09-10,7.520000
1970-09-11,7.500000
1970-09-14,7.480000
1970-09-15,7.460000
1970-09-16,7.400000
1970-09-17,7.320000
1970-09-18,7.310000
1970-09-21,7.290000
1970-09-22,7.280000
1970-09-23,7.240000
1970-09-24,7.260000
1970-09-25,7.280000
1970-09-28,7.310000
1970-09-29,7.300000
1970-09-30,7.290000
1970-10-01,7.290000
1970-10-02,7.260000
1970-10-05,7.260000
1970-10-06,7.240000
1970-10-07,7.230000
1970-10-08,7.250000
1970-10-09,7.250000
1970-10-13,7.250000
1970-10-14,7.300000
1970-10-15,7.300000
1970-10-16,7.310000
1970-10-19,7.350000
1970-10-20,7.370000
1970-10-21,7.420000
1970-10-22,7.460000
1970-10-23,7.440000
1970-10-26,7.440000
1970-10-27,7.420000
1970-10-28,7.380000
1970-10-29,7.310000
1970-10-30,7.330000
1970-11-02,7.240000
1970-11-04,7.230000
1970-11-05,7.200000
1970-11-06,7.150000
1970-11-09,7.060000
1970-11-10,7.060000
1970-11-12,7.030000
1970-11-13,7.000000
1970-11-16,6.960000
1970-11-17,6.930000
1970-11-18,6.860000
1970-11-19,6.720000
1970-11-20,6.480000
1970-11-23,6.320000
1970-11-24,6.450000
1970-11-25,6.480000
1970-11-27,6.480000
1970-11-30,6.490000
1970-12-01,6.480000
1970-12-02,6.410000
1970-12-03,6.310000
1970-12-04,6.210000
1970-12-07,6.270000
1970-12-08,6.290000
1970-12-09,6.340000
1970-12-10,6.340000
1970-12-11,6.310000
1970-12-14,6.260000
1970-12-15,6.290000
1970-12-16,6.290000
1970-12-17,6.300000
1970-12-18,6.330000
1970-12-21,6.450000
1970-12-22,6.520000
1970-12-23,6.570000
1970-12-24,6.530000
1970-12-28,6.540000
1970-12-29,6.560000
1970-12-30,6.510000
1970-12-31,6.500000
1971-01-04,6.460000
1971-01-05,6.470000
1971-01-06,6.470000
1971-01-07,6.450000
1971-01-08,6.440000
1971-01-11,6.390000
1971-01-12,6.350000
1971-01-13,6.290000
1971-01-14,6.220000
1971-01-15,6.220000
1971-01-18,6.160000
1971-01-19,6.170000
1971-01-20,6.150000
1971-01-21,6.090000
1971-01-22,6.060000
1971-01-25,6.050000
1971-01-26,6.070000
1971-01-27,6.090000
1971-01-28,6.080000
1971-01-29,6.090000
1971-02-01,6.090000
1971-02-02,6.110000
1971-02-03,6.110000
1971-02-04,6.100000
1971-02-05,6.100000
1971-02-08,6.090000
1971-02-09,6.070000
1971-02-10,6.080000
1971-02-11,6.080000
1971-02-16,6.110000
1971-02-17,6.110000
1971-02-18,6.110000
1971-02-19,6.120000
1971-02-22,6.150000
1971-02-23,6.180000
1971-02-24,6.160000
1971-02-25,6.110000
1971-02-26,6.140000
1971-03-01,6.120000
1971-03-02,6.090000
1971-03-03,6.050000
1971-03-04,6.050000
1971-03-05,6.030000
1971-03-08,5.990000
1971-03-09,5.900000
1971-03-10,5.800000
1971-03-11,5.690000
1971-03-12,5.720000
1971-03-15,5.700000
1971-03-16,5.680000
1971-03-17,5.610000
1971-03-18,5.550000
1971-03-19,5.510000
1971-03-22,5.420000
1971-03-23,5.380000
1971-03-24,5.410000
1971-03-25,5.430000
1971-03-26,5.480000
1971-03-29,5.540000
1971-03-30,5.500000
1971-03-31,5.530000
1971-04-01,5.580000
1971-04-02,5.600000
1971-04-05,5.630000
1971-04-06,5.600000
1971-04-07,5.580000
1971-04-08,5.620000
1971-04-12,5.730000
1971-04-13,5.720000
1971-04-14,5.770000
1971-04-15,5.800000
1971-04-16,5.820000
1971-04-19,5.880000
1971-04-20,5.970000
1971-04-21,6.040000
1971-04-22,6.020000
1971-04-23,6.010000
1971-04-26,6.000000
1971-04-27,6.000000
1971-04-28,5.990000
1971-04-29,6.070000
1971-04-30,6.080000
1971-05-03,6.150000
1971-05-04,6.250000
1971-05-05,6.260000
1971-05-06,6.280000
1971-05-07,6.250000
1971-05-10,6.220000
1971-05-11,6.260000
1971-05-12,6.350000
1971-05-13,6.470000
1971-05-14,6.490000
1971-05-17,6.570000
1971-05-18,6.650000
1971-05-19,6.600000
1971-05-20,6.490000
1971-05-21,6.530000
1971-05-24,6.490000
1971-05-25,6.440000
1971-05-26,6.370000
1971-05-27,6.350000
1971-05-28,6.380000
1971-06-01,6.360000
1971-06-02,6.240000
1971-06-03,6.190000
1971-06-04,6.260000
1971-06-07,6.340000
1971-06-08,6.380000
1971-06-09,6.440000
1971-06-10,6.480000
1971-06-11,6.500000
1971-06-14,6.630000
1971-06-15,6.730000
1971-06-16,6.680000
1971-06-17,6.680000
1971-06-18,6.580000
1971-06-21,6.530000
1971-06-22,6.620000
1971-06-23,6.610000
1971-06-24,6.610000
1971-06-25,6.620000
1971-06-28,6.640000
1971-06-29,6.670000
1971-06-30,6.700000
1971-07-01,6.690000
1971-07-02,6.690000
1971-07-06,6.680000
1971-07-07,6.660000
1971-07-08,6.670000
1971-07-09,6.680000
1971-07-12,6.600000
1971-07-13,6.610000
1971-07-14,6.600000
1971-07-15,6.590000
1971-07-16,6.660000
1971-07-19,6.710000
1971-07-20,6.700000
1971-07-21,6.700000
1971-07-22,6.790000
1971-07-23,6.840000
1971-07-26,6.860000
1971-07-27,6.910000
1971-07-28,6.950000
1971-07-29,6.880000
1971-07-30,6.850000
1971-08-02,6.860000
1971-08-03,6.910000
1971-08-04,6.890000
1971-08-05,6.860000
1971-08-06,6.860000
1971-08-09,6.880000
1971-08-10,6.890000
1971-08-11,6.860000
1971-08-12,6.800000
1971-08-13,6.680000
1971-08-16,6.410000
1971-08-17,6.300000
1971-08-18,6.350000
1971-08-19,6.340000
1971-08-20,6.370000
1971-08-23,6.480000
1971-08-24,6.380000
1971-08-25,6.400000
1971-08-26,6.370000
1971-08-27,6.330000
1971-08-30,6.320000
1971-08-31,6.280000
1971-09-01,6.220000
1971-09-02,6.170000
1971-09-03,6.120000
1971-09-07,6.070000
1971-09-08,6.080000
1971-09-09,6.130000
1971-09-10,6.120000
1971-09-13,6.200000
1971-09-14,6.180000
1971-09-15,6.170000
1971-09-16,6.140000
1971-09-17,6.130000
1971-09-20,6.150000
1971-09-21,6.170000
1971-09-22,6.190000
1971-09-23,6.200000
1971-09-24,6.160000
1971-09-27,6.130000
1971-09-28,6.120000
1971-09-29,6.080000
1971-09-30,6.000000
1971-10-01,6.000000
1971-10-04,5.980000
1971-10-05,6.010000
1971-10-06,5.980000
1971-10-07,5.970000
1971-10-08,5.940000
1971-10-12,5.880000
1971-10-13,5.860000
1971-10-14,5.880000
1971-10-15,5.900000
1971-10-18,5.950000
1971-10-19,5.960000
1971-10-20,5.920000
1971-10-21,5.880000
1971-10-22,5.900000
1971-10-26,5.890000
1971-10-27,5.920000
1971-10-28,5.900000
1971-10-29,5.870000
1971-11-01,5.800000
1971-11-03,5.720000
1971-11-04,5.720000
1971-11-05,5.720000
1971-11-08,5.770000
1971-11-09,5.770000
1971-11-10,5.820000
1971-11-11,5.790000
1971-11-12,5.770000
1971-11-15,5.770000
1971-11-16,5.760000
1971-11-17,5.750000
1971-11-18,5.770000
1971-11-19,5.790000
1971-11-22,5.820000
1971-11-23,5.890000
1971-11-24,5.950000
1971-11-26,5.940000
1971-11-29,5.950000
1971-11-30,5.930000
1971-12-01,5.920000
1971-12-02,5.900000
1971-12-03,5.880000
1971-12-06,5.880000
1971-12-07,5.920000
1971-12-08,5.920000
1971-12-09,5.940000
1971-12-10,5.930000
1971-12-13,5.900000
1971-12-14,5.940000
1971-12-15,5.960000
1971-12-16,5.950000
1971-12-17,5.930000
1971-12-20,5.970000
1971-12-21,6.000000
1971-12-22,6.010000
1971-12-23,5.970000
1971-12-27,5.910000
1971-12-28,5.860000
1971-12-29,5.900000
1971-12-30,5.900000
1971-12-31,5.890000
1972-01-03,5.940000
1972-01-04,5.930000
1972-01-05,5.910000
1972-01-06,5.900000
1972-01-07,5.880000
1972-01-10,5.860000
1972-01-11,5.880000
1972-01-12,5.880000
1972-01-13,5.860000
1972-01-14,5.850000
1972-01-17,5.890000
1972-01-18,5.920000
1972-01-19,5.960000
1972-01-20,5.980000
1972-01-21,5.990000
1972-01-24,6.020000
1972-01-25,6.020000
1972-01-26,6.010000
1972-01-27,6.050000
1972-01-28,6.080000
1972-01-31,6.090000
1972-02-01,6.090000
1972-02-02,6.080000
1972-02-03,6.080000
1972-02-04,6.080000
1972-02-07,6.090000
1972-02-08,6.110000
1972-02-09,6.120000
1972-02-10,6.110000
1972-02-11,6.120000
1972-02-14,6.100000
1972-02-15,6.100000
1972-02-16,6.080000
1972-02-17,6.060000
1972-02-18,6.060000
1972-02-22,6.060000
1972-02-23,6.070000
1972-02-24,6.070000
1972-02-25,6.060000
1972-02-28,6.040000
1972-02-29,6.040000
1972-03-01,6.040000
1972-03-02,6.030000
1972-03-03,6.020000
1972-03-06,6.010000
1972-03-07,6.020000
1972-03-08,6.020000
1972-03-09,6.020000
1972-03-10,6.030000
1972-03-13,6.070000
1972-03-14,6.060000
1972-03-15,6.110000
1972-03-16,6.080000
1972-03-17,6.080000
1972-03-20,6.090000
1972-03-21,6.080000
1972-03-22,6.080000
1972-03-23,6.100000
1972-03-24,6.120000
1972-03-27,6.100000
1972-03-28,6.110000
1972-03-29,6.120000
1972-03-30,6.120000
1972-04-03,6.140000
1972-04-04,6.180000
1972-04-05,6.180000
1972-04-06,6.180000
1972-04-07,6.180000
1972-04-10,6.170000
1972-04-11,6.180000
1972-04-12,6.210000
1972-04-13,6.250000
1972-04-14,6.250000
1972-04-17,6.240000
1972-04-18,6.240000
1972-04-19,6.220000
1972-04-20,6.210000
1972-04-21,6.200000
1972-04-24,6.210000
1972-04-25,6.210000
1972-04-26,6.190000
1972-04-27,6.110000
1972-04-28,6.140000
1972-05-01,6.140000
1972-05-02,6.160000
1972-05-03,6.170000
1972-05-04,6.170000
1972-05-05,6.170000
1972-05-08,6.170000
1972-05-09,6.200000
1972-05-10,6.190000
1972-05-11,6.190000
1972-05-12,6.160000
1972-05-15,6.160000
1972-05-16,6.160000
1972-05-17,6.150000
1972-05-18,6.130000
1972-05-19,6.100000
1972-05-22,6.070000
1972-05-23,6.050000
1972-05-24,6.060000
1972-05-25,6.040000
1972-05-26,6.040000
1972-05-30,6.050000
1972-05-31,6.050000
1972-06-01,6.070000
1972-06-02,6.090000
1972-06-05,6.100000
1972-06-06,6.130000
1972-06-07,6.120000
1972-06-08,6.120000
1972-06-09,6.110000
1972-06-12,6.100000
1972-06-13,6.100000
1972-06-14,6.100000
1972-06-15,6.100000
1972-06-16,6.100000
1972-06-19,6.080000
1972-06-20,6.080000
1972-06-21,6.090000
1972-06-22,6.110000
1972-06-23,6.100000
1972-06-26,6.120000
1972-06-27,6.120000
1972-06-28,6.120000
1972-06-29,6.140000
1972-06-30,6.150000
1972-07-03,6.140000
1972-07-05,6.130000
1972-07-06,6.130000
1972-07-07,6.130000
1972-07-10,6.130000
1972-07-11,6.130000
1972-07-12,6.120000
1972-07-13,6.110000
1972-07-14,6.100000
1972-07-17,6.110000
1972-07-18,6.110000
1972-07-19,6.090000
1972-07-20,6.090000
1972-07-21,6.100000
1972-07-24,6.100000
1972-07-25,6.090000
1972-07-26,6.080000
1972-07-27,6.130000
1972-07-28,6.120000
1972-07-31,6.120000
1972-08-01,6.140000
1972-08-02,6.140000
1972-08-03,6.150000
1972-08-04,6.160000
1972-08-07,6.160000
1972-08-08,6.150000
1972-08-09,6.140000
1972-08-10,6.140000
1972-08-11,6.140000
1972-08-14,6.160000
1972-08-15,6.170000
1972-08-16,6.180000
1972-08-17,6.200000
1972-08-18,6.210000
1972-08-21,6.210000
1972-08-22,6.200000
1972-08-23,6.220000
1972-08-24,6.230000
1972-08-25,6.260000
1972-08-28,6.300000
1972-08-29,6.340000
1972-08-30,6.420000
1972-08-31,6.420000
1972-09-01,6.430000
1972-09-05,6.460000
1972-09-06,6.490000
1972-09-07,6.520000
1972-09-08,6.560000
1972-09-11,6.540000
1972-09-12,6.540000
1972-09-13,6.540000
1972-09-14,6.570000
1972-09-15,6.560000
1972-09-18,6.550000
1972-09-19,6.550000
1972-09-20,6.560000
1972-09-21,6.590000
1972-09-22,6.620000
1972-09-25,6.620000
1972-09-26,6.600000
1972-09-27,6.590000
1972-09-28,6.560000
1972-09-29,6.540000
1972-10-02,6.540000
1972-10-03,6.540000
1972-10-04,6.530000
1972-10-05,6.530000
1972-10-06,6.520000
1972-10-10,6.480000
1972-10-11,6.470000
1972-10-12,6.500000
1972-10-13,6.500000
1972-10-16,6.490000
1972-10-17,6.490000
1972-10-18,6.490000
1972-10-19,6.480000
1972-10-20,6.470000
1972-10-24,6.450000
1972-10-25,6.440000
1972-10-26,6.420000
1972-10-27,6.420000
1972-10-30,6.420000
1972-10-31,6.410000
1972-11-01,6.390000
1972-11-02,6.340000
1972-11-03,6.300000
1972-11-06,6.270000
1972-11-08,6.300000
1972-11-09,6.300000
1972-11-10,6.300000
1972-11-13,6.270000
1972-11-14,6.260000
1972-11-15,6.230000
1972-11-16,6.240000
1972-11-17,6.240000
1972-11-20,6.230000
1972-11-21,6.260000
1972-11-22,6.270000
1972-11-24,6.270000
1972-11-27,6.300000
1972-11-28,6.290000
1972-11-29,6.270000
1972-11-30,6.280000
1972-12-01,6.290000
1972-12-04,6.300000
1972-12-05,6.310000
1972-12-06,6.310000
1972-12-07,6.310000
1972-12-08,6.320000
1972-12-11,6.340000
1972-12-12,6.350000
1972-12-13,6.350000
1972-12-14,6.350000
1972-12-15,6.350000
1972-12-18,6.380000
1972-12-19,6.400000
1972-12-20,6.400000
1972-12-21,6.400000
1972-12-22,6.400000
1972-12-26,6.390000
1972-12-27,6.400000
1972-12-28,6.410000
1972-12-29,6.410000
1973-01-02,6.430000
1973-01-03,6.420000
1973-01-04,6.400000
1973-01-05,6.420000
1973-01-08,6.430000
1973-01-09,6.420000
1973-01-10,6.430000
1973-01-11,6.430000
1973-01-12,6.440000
1973-01-15,6.440000
1973-01-16,6.440000
1973-01-17,6.450000
1973-01-18,6.460000
1973-01-19,6.490000
1973-01-22,6.500000
1973-01-23,6.480000
1973-01-24,6.490000
1973-01-25,6.510000
1973-01-26,6.530000
1973-01-29,6.550000
1973-01-30,6.520000
1973-01-31,6.540000
1973-02-01,6.600000
1973-02-02,6.640000
1973-02-05,6.640000
1973-02-06,6.640000
1973-02-07,6.640000
1973-02-08,6.660000
1973-02-09,6.630000
1973-02-13,6.610000
1973-02-14,6.620000
1973-02-15,6.620000
1973-02-16,6.630000
1973-02-20,6.660000
1973-02-21,6.660000
1973-02-22,6.650000
1973-02-23,6.610000
1973-02-26,6.650000
1973-02-27,6.640000
1973-02-28,6.640000
1973-03-01,6.650000
1973-03-02,6.670000
1973-03-05,6.680000
1973-03-06,6.680000
1973-03-07,6.660000
1973-03-08,6.670000
1973-03-09,6.680000
1973-03-12,6.680000
1973-03-13,6.700000
1973-03-14,6.710000
1973-03-15,6.730000
1973-03-16,6.770000
1973-03-19,6.750000
1973-03-20,6.760000
1973-03-21,6.760000
1973-03-22,6.760000
1973-03-23,6.760000
1973-03-26,6.730000
1973-03-27,6.720000
1973-03-28,6.670000
1973-03-29,6.680000
1973-03-30,6.730000
1973-04-02,6.740000
1973-04-03,6.730000
1973-04-04,6.700000
1973-04-05,6.680000
1973-04-06,6.640000
1973-04-09,6.620000
1973-04-10,6.640000
1973-04-11,6.650000
1973-04-12,6.660000
1973-04-13,6.630000
1973-04-16,6.620000
1973-04-17,6.640000
1973-04-18,6.640000
1973-04-19,6.660000
1973-04-23,6.730000
1973-04-24,6.660000
1973-04-25,6.660000
1973-04-26,6.680000
1973-04-27,6.690000
1973-04-30,6.700000
1973-05-01,6.720000
1973-05-02,6.760000
1973-05-03,6.770000
1973-05-04,6.790000
1973-05-07,6.810000
1973-05-08,6.800000
1973-05-09,6.800000
1973-05-10,6.810000
1973-05-11,6.820000
1973-05-14,6.830000
1973-05-15,6.860000
1973-05-16,6.840000
1973-05-17,6.850000
1973-05-18,6.860000
1973-05-21,6.890000
1973-05-22,6.900000
1973-05-23,6.920000
1973-05-24,6.910000
1973-05-25,6.910000
1973-05-29,6.930000
1973-05-30,6.930000
1973-05-31,6.930000
1973-06-01,6.960000
1973-06-04,6.980000
1973-06-05,6.950000
1973-06-06,6.890000
1973-06-07,6.890000
1973-06-08,6.870000
1973-06-11,6.870000
1973-06-12,6.860000
1973-06-13,6.850000
1973-06-14,6.850000
1973-06-15,6.860000
1973-06-18,6.870000
1973-06-19,6.870000
1973-06-20,6.890000
1973-06-21,6.890000
1973-06-22,6.910000
1973-06-25,6.930000
1973-06-26,6.930000
1973-06-27,6.920000
1973-06-28,6.920000
1973-06-29,6.940000
1973-07-02,7.010000
1973-07-03,7.010000
1973-07-05,7.010000
1973-07-06,7.030000
1973-07-09,7.050000
1973-07-10,7.050000
1973-07-11,7.050000
1973-07-12,7.040000
1973-07-13,7.050000
1973-07-16,7.060000
1973-07-17,7.060000
1973-07-18,7.070000
1973-07-19,7.110000
1973-07-20,7.170000
1973-07-23,7.170000
1973-07-24,7.190000
1973-07-25,7.190000
1973-07-26,7.280000
1973-07-27,7.350000
1973-07-30,7.370000
1973-07-31,7.430000
1973-08-01,7.550000
1973-08-02,7.520000
1973-08-03,7.530000
1973-08-06,7.540000
1973-08-07,7.580000
1973-08-08,7.520000
1973-08-09,7.540000
1973-08-10,7.520000
1973-08-13,7.470000
1973-08-14,7.460000
1973-08-15,7.450000
1973-08-16,7.370000
1973-08-17,7.280000
1973-08-20,7.380000
1973-08-21,7.360000
1973-08-22,7.390000
1973-08-23,7.310000
1973-08-24,7.230000
1973-08-27,7.260000
1973-08-28,7.290000
1973-08-29,7.260000
1973-08-30,7.250000
1973-08-31,7.250000
1973-09-04,7.210000
1973-09-05,7.110000
1973-09-06,7.100000
1973-09-07,7.110000
1973-09-10,7.160000
1973-09-11,7.190000
1973-09-12,7.200000
1973-09-13,7.210000
1973-09-14,7.210000
1973-09-17,7.160000
1973-09-18,7.080000
1973-09-19,7.100000
1973-09-20,7.090000
1973-09-21,7.020000
1973-09-24,7.000000
1973-09-25,6.960000
1973-09-26,6.970000
1973-09-27,6.940000
1973-09-28,6.900000
1973-10-01,6.910000
1973-10-02,6.890000
1973-10-03,6.900000
1973-10-04,6.880000
1973-10-05,6.860000
1973-10-09,6.780000
1973-10-10,6.770000
1973-10-11,6.780000
1973-10-12,6.750000
1973-10-15,6.770000
1973-10-16,6.810000
1973-10-17,6.820000
1973-10-18,6.810000
1973-10-19,6.800000
1973-10-23,6.800000
1973-10-24,6.750000
1973-10-25,6.730000
1973-10-26,6.720000
1973-10-29,6.720000
1973-10-30,6.720000
1973-10-31,6.710000
1973-11-01,6.710000
1973-11-02,6.720000
1973-11-05,6.740000
1973-11-07,6.760000
1973-11-08,6.770000
1973-11-09,6.760000
1973-11-12,6.760000
1973-11-13,6.760000
1973-11-14,6.790000
1973-11-15,6.760000
1973-11-16,6.720000
1973-11-19,6.710000
1973-11-20,6.720000
1973-11-21,6.710000
1973-11-23,6.700000
1973-11-26,6.690000
1973-11-27,6.700000
1973-11-28,6.700000
1973-11-29,6.700000
1973-11-30,6.690000
1973-12-03,6.690000
1973-12-04,6.690000
1973-12-05,6.720000
1973-12-06,6.750000
1973-12-07,6.740000
1973-12-10,6.710000
1973-12-11,6.690000
1973-12-12,6.690000
1973-12-13,6.680000
1973-12-14,6.680000
1973-12-17,6.670000
1973-12-18,6.680000
1973-12-19,6.710000
1973-12-20,6.730000
1973-12-21,6.780000
1973-12-26,6.830000
1973-12-27,6.880000
1973-12-28,6.910000
1973-12-31,6.900000
1974-01-02,6.940000
1974-01-03,6.960000
1974-01-04,6.940000
1974-01-07,6.960000
1974-01-08,6.960000
1974-01-09,6.960000
1974-01-10,7.000000
1974-01-11,7.010000
1974-01-14,7.010000
1974-01-15,6.990000
1974-01-16,6.990000
1974-01-17,6.970000
1974-01-18,6.980000
1974-01-21,6.990000
1974-01-22,7.000000
1974-01-23,7.010000
1974-01-24,7.020000
1974-01-25,7.020000
1974-01-28,7.010000
1974-01-29,7.020000
1974-01-30,7.010000
1974-01-31,7.000000
1974-02-01,7.000000
1974-02-04,6.980000
1974-02-05,6.950000
1974-02-06,6.930000
1974-02-07,6.930000
1974-02-08,6.930000
1974-02-11,6.930000
1974-02-13,6.930000
1974-02-14,6.930000
1974-02-15,6.930000
1974-02-19,6.930000
1974-02-20,6.960000
1974-02-21,6.980000
1974-02-22,6.970000
1974-02-25,6.960000
1974-02-26,6.980000
1974-02-27,7.000000
1974-02-28,7.010000
1974-03-01,7.080000
1974-03-04,7.090000
1974-03-05,7.100000
1974-03-06,7.090000
1974-03-07,7.060000
1974-03-08,7.060000
1974-03-11,7.080000
1974-03-12,7.090000
1974-03-13,7.130000
1974-03-14,7.130000
1974-03-15,7.180000
1974-03-18,7.230000
1974-03-19,7.240000
1974-03-20,7.270000
1974-03-21,7.300000
1974-03-22,7.350000
1974-03-25,7.390000
1974-03-26,7.380000
1974-03-27,7.350000
1974-03-28,7.380000
1974-03-29,7.410000
1974-04-01,7.420000
1974-04-02,7.430000
1974-04-03,7.430000
1974-04-04,7.510000
1974-04-05,7.540000
1974-04-08,7.500000
1974-04-09,7.490000
1974-04-10,7.460000
1974-04-11,7.450000
1974-04-15,7.420000
1974-04-16,7.430000
1974-04-17,7.450000
1974-04-18,7.500000
1974-04-19,7.510000
1974-04-22,7.520000
1974-04-23,7.540000
1974-04-24,7.580000
1974-04-25,7.630000
1974-04-26,7.640000
1974-04-29,7.650000
1974-04-30,7.660000
1974-05-01,7.620000
1974-05-02,7.580000
1974-05-03,7.650000
1974-05-06,7.650000
1974-05-07,7.650000
1974-05-08,7.650000
1974-05-09,7.700000
1974-05-10,7.630000
1974-05-13,7.540000
1974-05-14,7.570000
1974-05-15,7.550000
1974-05-16,7.540000
1974-05-17,7.570000
1974-05-20,7.580000
1974-05-21,7.570000
1974-05-22,7.560000
1974-05-23,7.520000
1974-05-24,7.490000
1974-05-28,7.500000
1974-05-29,7.520000
1974-05-30,7.510000
1974-05-31,7.520000
1974-06-03,7.530000
1974-06-04,7.520000
1974-06-05,7.520000
1974-06-06,7.500000
1974-06-07,7.460000
1974-06-10,7.470000
1974-06-11,7.480000
1974-06-12,7.500000
1974-06-13,7.500000
1974-06-14,7.500000
1974-06-17,7.490000
1974-06-18,7.520000
1974-06-19,7.520000
1974-06-20,7.550000
1974-06-21,7.550000
1974-06-24,7.580000
1974-06-25,7.620000
1974-06-26,7.620000
1974-06-27,7.640000
1974-06-28,7.640000
1974-07-01,7.650000
1974-07-02,7.650000
1974-07-03,7.700000
1974-07-05,7.710000
1974-07-08,7.770000
1974-07-09,7.810000
1974-07-10,7.820000
1974-07-11,7.840000
1974-07-12,7.850000
1974-07-15,7.860000
1974-07-16,7.880000
1974-07-17,7.910000
1974-07-18,7.900000
1974-07-19,7.870000
1974-07-22,7.770000
1974-07-23,7.790000
1974-07-24,7.760000
1974-07-25,7.750000
1974-07-26,7.790000
1974-07-29,7.850000
1974-07-30,7.890000
1974-07-31,7.890000
1974-08-01,7.920000
1974-08-02,7.960000
1974-08-05,7.990000
1974-08-06,7.970000
1974-08-07,7.970000
1974-08-08,7.970000
1974-08-09,8.030000
1974-08-12,8.050000
1974-08-13,8.060000
1974-08-14,8.050000
1974-08-15,8.020000
1974-08-16,8.000000
1974-08-19,7.980000
1974-08-20,7.990000
1974-08-21,8.050000
1974-08-22,8.090000
1974-08-23,8.150000
1974-08-26,8.160000
1974-08-27,8.150000
1974-08-28,8.150000
1974-08-29,8.150000
1974-08-30,8.110000
1974-09-03,8.110000
1974-09-04,8.120000
1974-09-05,8.100000
1974-09-06,8.090000
1974-09-09,8.020000
1974-09-10,8.040000
1974-09-11,8.050000
1974-09-12,8.130000
1974-09-13,8.130000
1974-09-16,8.100000
1974-09-17,8.090000
1974-09-18,8.080000
1974-09-19,8.040000
1974-09-20,8.020000
1974-09-23,7.910000
1974-09-24,7.940000
1974-09-25,7.940000
1974-09-26,7.960000
1974-09-27,7.940000
1974-09-30,7.940000
1974-10-01,7.970000
1974-10-02,7.980000
1974-10-03,8.040000
1974-10-04,8.020000
1974-10-07,8.010000
1974-10-08,7.950000
1974-10-09,7.950000
1974-10-10,7.930000
1974-10-11,7.880000
1974-10-15,7.870000
1974-10-16,7.870000
1974-10-17,7.880000
1974-10-18,7.860000
1974-10-21,7.810000
1974-10-22,7.810000
1974-10-23,7.850000
1974-10-24,7.870000
1974-10-25,7.860000
1974-10-28,7.880000
1974-10-29,7.840000
1974-10-30,7.810000
1974-10-31,7.790000
1974-11-01,7.800000
1974-11-04,7.800000
1974-11-06,7.760000
1974-11-07,7.740000
1974-11-08,7.720000
1974-11-12,7.780000
1974-11-13,7.750000
1974-11-14,7.720000
1974-11-15,7.610000
1974-11-18,7.630000
1974-11-19,7.630000
1974-11-20,7.590000
1974-11-21,7.600000
1974-11-22,7.600000
1974-11-25,7.620000
1974-11-26,7.630000
1974-11-27,7.640000
1974-11-29,7.640000
1974-12-02,7.710000
1974-12-03,7.740000
1974-12-04,7.680000
1974-12-05,7.640000
1974-12-06,7.590000
1974-12-09,7.400000
1974-12-10,7.420000
1974-12-11,7.380000
1974-12-12,7.390000
1974-12-13,7.380000
1974-12-16,7.340000
1974-12-17,7.280000
1974-12-18,7.250000
1974-12-19,7.250000
1974-12-20,7.270000
1974-12-23,7.410000
1974-12-24,7.430000
1974-12-26,7.370000
1974-12-27,7.390000
1974-12-30,7.390000
1974-12-31,7.400000
1975-01-02,7.420000
1975-01-03,7.430000
1975-01-06,7.390000
1975-01-07,7.380000
1975-01-08,7.390000
1975-01-09,7.350000
1975-01-10,7.370000
1975-01-13,7.460000
1975-01-14,7.490000
1975-01-15,7.540000
1975-01-16,7.540000
1975-01-17,7.530000
1975-01-20,7.590000
1975-01-21,7.550000
1975-01-22,7.510000
1975-01-23,7.570000
1975-01-24,7.640000
1975-01-27,7.610000
1975-01-28,7.610000
1975-01-29,7.590000
1975-01-30,7.540000
1975-01-31,7.530000
1975-02-03,7.490000
1975-02-04,7.470000
1975-02-05,7.350000
1975-02-06,7.430000
1975-02-07,7.380000
1975-02-10,7.450000
1975-02-11,7.420000
1975-02-13,7.440000
1975-02-14,7.350000
1975-02-18,7.280000
1975-02-19,7.260000
1975-02-20,7.300000
1975-02-21,7.220000
1975-02-24,7.360000
1975-02-25,7.430000
1975-02-26,7.500000
1975-02-27,7.470000
1975-02-28,7.460000
1975-03-03,7.500000
1975-03-04,7.530000
1975-03-05,7.480000
1975-03-06,7.490000
1975-03-07,7.520000
1975-03-10,7.560000
1975-03-11,7.580000
1975-03-12,7.580000
1975-03-13,7.560000
1975-03-14,7.580000
1975-03-17,7.700000
1975-03-18,7.700000
1975-03-19,7.800000
1975-03-20,7.950000
1975-03-21,7.840000
1975-03-24,8.050000
1975-03-25,8.030000
1975-03-26,8.020000
1975-03-27,8.080000
1975-03-31,8.010000
1975-04-01,8.080000
1975-04-02,8.220000
1975-04-03,8.130000
1975-04-04,8.150000
1975-04-07,8.260000
1975-04-08,8.210000
1975-04-09,8.170000
1975-04-10,8.190000
1975-04-11,8.220000
1975-04-14,8.160000
1975-04-15,8.160000
1975-04-16,8.150000
1975-04-17,8.210000
1975-04-18,8.270000
1975-04-21,8.320000
1975-04-22,8.320000
1975-04-23,8.270000
1975-04-24,8.250000
1975-04-25,8.250000
1975-04-28,8.350000
1975-04-29,8.340000
1975-04-30,8.310000
1975-05-01,8.310000
1975-05-02,8.110000
1975-05-05,8.080000
1975-05-06,8.110000
1975-05-07,8.070000
1975-05-08,8.090000
1975-05-09,8.080000
1975-05-12,8.070000
1975-05-13,8.060000
1975-05-14,8.020000
1975-05-15,8.020000
1975-05-16,8.010000
1975-05-19,8.000000
1975-05-20,7.980000
1975-05-21,7.980000
1975-05-22,8.020000
1975-05-23,8.020000
1975-05-27,7.980000
1975-05-28,8.020000
1975-05-29,8.180000
1975-05-30,8.040000
1975-06-02,8.020000
1975-06-03,8.000000
1975-06-04,7.990000
1975-06-05,7.970000
1975-06-06,7.880000
1975-06-09,7.780000
1975-06-10,7.770000
1975-06-11,7.650000
1975-06-12,7.670000
1975-06-13,7.690000
1975-06-16,7.660000
1975-06-17,7.720000
1975-06-18,7.830000
1975-06-19,7.800000
1975-06-20,7.940000
1975-06-23,7.900000
1975-06-24,7.900000
1975-06-25,8.020000
1975-06-26,7.980000
1975-06-27,7.950000
1975-06-30,7.960000
1975-07-01,7.970000
1975-07-02,8.050000
1975-07-03,8.050000
1975-07-07,8.060000
1975-07-08,8.010000
1975-07-09,8.020000
1975-07-10,8.020000
1975-07-11,7.990000
1975-07-14,7.990000
1975-07-15,7.980000
1975-07-16,8.030000
1975-07-17,8.040000
1975-07-18,8.060000
1975-07-21,8.070000
1975-07-22,8.100000
1975-07-23,8.090000
1975-07-24,8.090000
1975-07-25,8.120000
1975-07-28,8.120000
1975-07-29,8.130000
1975-07-30,8.160000
1975-07-31,8.200000
1975-08-01,8.260000
1975-08-04,8.370000
1975-08-05,8.370000
1975-08-06,8.400000
1975-08-07,8.480000
1975-08-08,8.400000
1975-08-11,8.380000
1975-08-12,8.400000
1975-08-13,8.390000
1975-08-14,8.450000
1975-08-15,8.480000
1975-08-18,8.460000
1975-08-19,8.420000
1975-08-20,8.420000
1975-08-21,8.480000
1975-08-22,8.460000
1975-08-25,8.460000
1975-08-26,8.400000
1975-08-27,8.370000
1975-08-28,8.280000
1975-08-29,8.220000
1975-09-02,8.260000
1975-09-03,8.290000
1975-09-04,8.290000
1975-09-05,8.350000
1975-09-08,8.360000
1975-09-09,8.400000
1975-09-10,8.460000
1975-09-11,8.550000
1975-09-12,8.570000
1975-09-15,8.580000
1975-09-16,8.590000
1975-09-17,8.530000
1975-09-18,8.500000
1975-09-19,8.420000
1975-09-22,8.380000
1975-09-23,8.350000
1975-09-24,8.310000
1975-09-25,8.380000
1975-09-26,8.450000
1975-09-29,8.460000
1975-09-30,8.480000
1975-10-01,8.470000
1975-10-02,8.440000
1975-10-03,8.330000
1975-10-06,8.300000
1975-10-07,8.330000
1975-10-08,8.300000
1975-10-09,8.230000
1975-10-10,8.150000
1975-10-14,8.190000
1975-10-15,8.190000
1975-10-16,8.070000
1975-10-17,8.070000
1975-10-20,8.070000
1975-10-21,8.050000
1975-10-22,8.050000
1975-10-23,7.990000
1975-10-24,8.000000
1975-10-27,8.000000
1975-10-28,7.990000
1975-10-29,7.980000
1975-10-30,7.920000
1975-10-31,7.910000
1975-11-03,7.970000
1975-11-05,7.910000
1975-11-06,7.940000
1975-11-07,7.910000
1975-11-10,7.900000
1975-11-12,7.950000
1975-11-13,7.970000
1975-11-14,8.060000
1975-11-17,8.080000
1975-11-18,8.130000
1975-11-19,8.140000
1975-11-20,8.120000
1975-11-21,8.210000
1975-11-24,8.160000
1975-11-25,8.160000
1975-11-26,8.150000
1975-11-28,8.140000
1975-12-01,8.120000
1975-12-02,8.100000
1975-12-03,8.100000
1975-12-04,8.150000
1975-12-05,8.130000
1975-12-08,8.190000
1975-12-09,8.230000
1975-12-10,8.230000
1975-12-11,8.160000
1975-12-12,8.120000
1975-12-15,8.060000
1975-12-16,8.000000
1975-12-17,7.950000
1975-12-18,7.960000
1975-12-19,7.880000
1975-12-22,7.870000
1975-12-23,7.870000
1975-12-24,7.820000
1975-12-26,7.750000
1975-12-29,7.750000
1975-12-30,7.730000
1975-12-31,7.760000
1976-01-02,7.770000
1976-01-05,7.740000
1976-01-06,7.640000
1976-01-07,7.690000
1976-01-08,7.740000
1976-01-09,7.640000
1976-01-12,7.630000
1976-01-13,7.640000
1976-01-14,7.710000
1976-01-15,7.730000
1976-01-16,7.790000
1976-01-19,7.760000
1976-01-20,7.710000
1976-01-21,7.780000
1976-01-22,7.800000
1976-01-23,7.780000
1976-01-26,7.790000
1976-01-27,7.800000
1976-01-28,7.830000
1976-01-29,7.820000
1976-01-30,7.800000
1976-02-02,7.800000
1976-02-03,7.820000
1976-02-04,7.850000
1976-02-05,7.830000
1976-02-06,7.880000
1976-02-09,7.860000
1976-02-10,7.880000
1976-02-11,7.850000
1976-02-13,7.820000
1976-02-17,7.780000
1976-02-18,7.790000
1976-02-19,7.800000
1976-02-20,7.770000
1976-02-23,7.720000
1976-02-24,7.690000
1976-02-25,7.680000
1976-02-26,7.680000
1976-02-27,7.770000
1976-03-01,7.860000
1976-03-02,7.820000
1976-03-03,7.820000
1976-03-04,7.850000
1976-03-05,7.800000
1976-03-08,7.760000
1976-03-09,7.780000
1976-03-10,7.760000
1976-03-11,7.770000
1976-03-12,7.710000
1976-03-15,7.740000
1976-03-16,7.760000
1976-03-17,7.760000
1976-03-18,7.730000
1976-03-19,7.740000
1976-03-22,7.680000
1976-03-23,7.670000
1976-03-24,7.650000
1976-03-25,7.640000
1976-03-26,7.640000
1976-03-29,7.640000
1976-03-30,7.650000
1976-03-31,7.660000
1976-04-01,7.680000
1976-04-02,7.670000
1976-04-05,7.620000
1976-04-06,7.590000
1976-04-07,7.560000
1976-04-08,7.550000
1976-04-09,7.520000
1976-04-12,7.520000
1976-04-13,7.500000
1976-04-14,7.470000
1976-04-15,7.470000
1976-04-19,7.510000
1976-04-20,7.500000
1976-04-21,7.470000
1976-04-22,7.520000
1976-04-23,7.590000
1976-04-26,7.610000
1976-04-27,7.620000
1976-04-28,7.600000
1976-04-29,7.610000
1976-04-30,7.670000
1976-05-03,7.690000
1976-05-04,7.660000
1976-05-05,7.680000
1976-05-06,7.780000
1976-05-07,7.870000
1976-05-10,7.920000
1976-05-11,7.920000
1976-05-12,7.940000
1976-05-13,7.920000
1976-05-14,7.930000
1976-05-17,7.940000
1976-05-18,7.940000
1976-05-19,7.940000
1976-05-20,7.950000
1976-05-21,8.000000
1976-05-24,7.980000
1976-05-25,7.940000
1976-05-26,7.950000
1976-05-27,7.990000
1976-05-28,7.960000
1976-06-01,7.940000
1976-06-02,7.940000
1976-06-03,7.920000
1976-06-04,7.890000
1976-06-07,7.880000
1976-06-08,7.900000
1976-06-09,7.900000
1976-06-10,7.860000
1976-06-11,7.860000
1976-06-14,7.840000
1976-06-15,7.850000
1976-06-16,7.870000
1976-06-17,7.850000
1976-06-18,7.810000
1976-06-21,7.800000
1976-06-22,7.810000
1976-06-23,7.810000
1976-06-24,7.810000
1976-06-25,7.830000
1976-06-28,7.860000
1976-06-29,7.860000
1976-06-30,7.860000
1976-07-01,7.880000
1976-07-02,7.840000
1976-07-06,7.820000
1976-07-07,7.840000
1976-07-08,7.820000
1976-07-09,7.780000
1976-07-12,7.760000
1976-07-13,7.770000
1976-07-14,7.790000
1976-07-15,7.770000
1976-07-16,7.830000
1976-07-19,7.860000
1976-07-20,7.870000
1976-07-21,7.860000
1976-07-22,7.860000
1976-07-23,7.840000
1976-07-26,7.870000
1976-07-27,7.850000
1976-07-28,7.850000
1976-07-29,7.850000
1976-07-30,7.860000
1976-08-02,7.850000
1976-08-03,7.820000
1976-08-04,7.810000
1976-08-05,7.820000
1976-08-06,7.840000
1976-08-09,7.840000
1976-08-10,7.840000
1976-08-11,7.820000
1976-08-12,7.810000
1976-08-13,7.780000
1976-08-16,7.740000
1976-08-17,7.750000
1976-08-18,7.760000
1976-08-19,7.760000
1976-08-20,7.760000
1976-08-23,7.730000
1976-08-24,7.720000
1976-08-25,7.690000
1976-08-26,7.680000
1976-08-27,7.720000
1976-08-30,7.710000
1976-08-31,7.660000
1976-09-01,7.640000
1976-09-02,7.670000
1976-09-03,7.650000
1976-09-07,7.640000
1976-09-08,7.640000
1976-09-09,7.660000
1976-09-10,7.640000
1976-09-13,7.640000
1976-09-14,7.640000
1976-09-15,7.620000
1976-09-16,7.600000
1976-09-17,7.490000
1976-09-20,7.520000
1976-09-21,7.510000
1976-09-22,7.530000
1976-09-23,7.540000
1976-09-24,7.580000
1976-09-27,7.600000
1976-09-28,7.560000
1976-09-29,7.560000
1976-09-30,7.550000
1976-10-01,7.490000
1976-10-04,7.460000
1976-10-05,7.470000
1976-10-06,7.440000
1976-10-07,7.430000
1976-10-08,7.380000
1976-10-12,7.350000
1976-10-13,7.350000
1976-10-14,7.340000
1976-10-15,7.310000
1976-10-18,7.310000
1976-10-19,7.350000
1976-10-20,7.380000
1976-10-21,7.390000
1976-10-22,7.480000
1976-10-25,7.530000
1976-10-26,7.480000
1976-10-27,7.450000
1976-10-28,7.410000
1976-10-29,7.420000
1976-11-01,7.380000
1976-11-03,7.440000
1976-11-04,7.380000
1976-11-05,7.410000
1976-11-08,7.460000
1976-11-09,7.460000
1976-11-10,7.450000
1976-11-12,7.430000
1976-11-15,7.410000
1976-11-16,7.330000
1976-11-17,7.320000
1976-11-18,7.330000
1976-11-19,7.240000
1976-11-22,7.170000
1976-11-23,7.160000
1976-11-24,7.140000
1976-11-26,6.990000
1976-11-29,7.020000
1976-11-30,7.010000
1976-12-01,6.970000
1976-12-02,6.920000
1976-12-03,6.860000
1976-12-06,6.870000
1976-12-07,6.880000
1976-12-08,6.910000
1976-12-09,6.920000
1976-12-10,6.820000
1976-12-13,6.900000
1976-12-14,6.890000
1976-12-15,6.880000
1976-12-16,6.880000
1976-12-17,6.880000
1976-12-20,6.840000
1976-12-21,6.850000
1976-12-22,6.860000
1976-12-23,6.840000
1976-12-27,6.840000
1976-12-28,6.860000
1976-12-29,6.840000
1976-12-30,6.800000
1976-12-31,6.810000
1977-01-03,6.840000
1977-01-04,6.900000
1977-01-05,6.880000
1977-01-06,6.930000
1977-01-07,7.070000
1977-01-10,7.200000
1977-01-11,7.280000
1977-01-12,7.260000
1977-01-13,7.180000
1977-01-14,7.280000
1977-01-17,7.280000
1977-01-18,7.340000
1977-01-19,7.280000
1977-01-20,7.260000
1977-01-21,7.280000
1977-01-24,7.340000
1977-01-25,7.320000
1977-01-26,7.330000
1977-01-27,7.430000
1977-01-28,7.400000
1977-01-31,7.400000
1977-02-01,7.410000
1977-02-02,7.470000
1977-02-03,7.460000
1977-02-04,7.280000
1977-02-07,7.340000
1977-02-08,7.350000
1977-02-09,7.340000
1977-02-10,7.340000
1977-02-11,7.360000
1977-02-14,7.380000
1977-02-15,7.360000
1977-02-16,7.340000
1977-02-17,7.260000
1977-02-18,7.410000
1977-02-22,7.420000
1977-02-23,7.480000
1977-02-24,7.500000
1977-02-25,7.480000
1977-02-28,7.450000
1977-03-01,7.490000
1977-03-02,7.450000
1977-03-03,7.430000
1977-03-04,7.480000
1977-03-07,7.500000
1977-03-08,7.520000
1977-03-09,7.500000
1977-03-10,7.490000
1977-03-11,7.440000
1977-03-14,7.450000
1977-03-15,7.440000
1977-03-16,7.440000
1977-03-17,7.470000
1977-03-18,7.440000
1977-03-21,7.430000
1977-03-22,7.430000
1977-03-23,7.440000
1977-03-24,7.460000
1977-03-25,7.480000
1977-03-28,7.470000
1977-03-29,7.470000
1977-03-30,7.440000
1977-03-31,7.420000
1977-04-01,7.430000
1977-04-04,7.440000
1977-04-05,7.470000
1977-04-06,7.460000
1977-04-07,7.430000
1977-04-11,7.390000
1977-04-12,7.390000
1977-04-13,7.360000
1977-04-14,7.220000
1977-04-15,7.250000
1977-04-18,7.250000
1977-04-19,7.300000
1977-04-20,7.320000
1977-04-21,7.330000
1977-04-22,7.360000
1977-04-25,7.400000
1977-04-26,7.380000
1977-04-27,7.380000
1977-04-28,7.400000
1977-04-29,7.450000
1977-05-02,7.450000
1977-05-03,7.440000
1977-05-04,7.450000
1977-05-05,7.470000
1977-05-06,7.500000
1977-05-09,7.500000
1977-05-10,7.520000
1977-05-11,7.520000
1977-05-12,7.500000
1977-05-13,7.480000
1977-05-16,7.460000
1977-05-17,7.450000
1977-05-18,7.430000
1977-05-19,7.490000
1977-05-20,7.490000
1977-05-23,7.460000
1977-05-24,7.410000
1977-05-25,7.390000
1977-05-26,7.420000
1977-05-27,7.380000
1977-05-31,7.380000
1977-06-01,7.380000
1977-06-02,7.390000
1977-06-03,7.360000
1977-06-06,7.370000
1977-06-07,7.360000
1977-06-08,7.360000
1977-06-09,7.350000
1977-06-10,7.300000
1977-06-13,7.270000
1977-06-14,7.220000
1977-06-15,7.230000
1977-06-16,7.240000
1977-06-17,7.240000
1977-06-20,7.270000
1977-06-21,7.260000
1977-06-22,7.250000
1977-06-23,7.260000
1977-06-24,7.200000
1977-06-27,7.200000
1977-06-28,7.160000
1977-06-29,7.190000
1977-06-30,7.200000
1977-07-01,7.340000
1977-07-05,7.350000
1977-07-06,7.370000
1977-07-07,7.290000
1977-07-08,7.310000
1977-07-11,7.330000
1977-07-12,7.320000
1977-07-13,7.280000
1977-07-15,7.310000
1977-07-18,7.340000
1977-07-19,7.330000
1977-07-20,7.320000
1977-07-21,7.320000
1977-07-22,7.310000
1977-07-25,7.280000
1977-07-26,7.280000
1977-07-27,7.360000
1977-07-28,7.410000
1977-07-29,7.420000
1977-08-01,7.430000
1977-08-02,7.440000
1977-08-03,7.420000
1977-08-04,7.430000
1977-08-05,7.420000
1977-08-08,7.410000
1977-08-09,7.450000
1977-08-10,7.460000
1977-08-11,7.470000
1977-08-12,7.480000
1977-08-15,7.480000
1977-08-16,7.480000
1977-08-17,7.440000
1977-08-18,7.420000
1977-08-19,7.400000
1977-08-22,7.390000
1977-08-23,7.360000
1977-08-24,7.350000
1977-08-25,7.320000
1977-08-26,7.270000
1977-08-29,7.250000
1977-08-30,7.270000
1977-08-31,7.280000
1977-09-01,7.300000
1977-09-02,7.240000
1977-09-06,7.240000
1977-09-07,7.260000
1977-09-08,7.280000
1977-09-09,7.360000
1977-09-12,7.380000
1977-09-13,7.370000
1977-09-14,7.340000
1977-09-15,7.330000
1977-09-16,7.320000
1977-09-19,7.320000
1977-09-20,7.360000
1977-09-21,7.360000
1977-09-22,7.390000
1977-09-23,7.390000
1977-09-26,7.420000
1977-09-27,7.380000
1977-09-28,7.380000
1977-09-29,7.390000
1977-09-30,7.410000
1977-10-03,7.410000
1977-10-04,7.400000
1977-10-05,7.400000
1977-10-06,7.440000
1977-10-07,7.480000
1977-10-11,7.540000
1977-10-12,7.540000
1977-10-13,7.540000
1977-10-14,7.540000
1977-10-17,7.550000
1977-10-18,7.550000
1977-10-19,7.540000
1977-10-20,7.540000
1977-10-21,7.550000
1977-10-24,7.560000
1977-10-25,7.580000
1977-10-26,7.570000
1977-10-27,7.560000
1977-10-28,7.560000
1977-10-31,7.620000
1977-11-01,7.630000
1977-11-02,7.690000
1977-11-03,7.680000
1977-11-04,7.640000
1977-11-07,7.620000
1977-11-09,7.600000
1977-11-10,7.590000
1977-11-14,7.560000
1977-11-15,7.560000
1977-11-16,7.550000
1977-11-17,7.540000
1977-11-18,7.540000
1977-11-21,7.560000
1977-11-22,7.540000
1977-11-23,7.520000
1977-11-25,7.520000
1977-11-28,7.530000
1977-11-29,7.550000
1977-11-30,7.550000
1977-12-01,7.580000
1977-12-02,7.590000
1977-12-05,7.600000
1977-12-06,7.630000
1977-12-07,7.630000
1977-12-08,7.640000
1977-12-09,7.630000
1977-12-12,7.640000
1977-12-13,7.650000
1977-12-14,7.660000
1977-12-15,7.670000
1977-12-16,7.670000
1977-12-19,7.690000
1977-12-20,7.740000
1977-12-21,7.720000
1977-12-22,7.750000
1977-12-23,7.750000
1977-12-27,7.770000
1977-12-28,7.780000
1977-12-29,7.820000
1977-12-30,7.780000
1978-01-03,7.830000
1978-01-04,7.820000
1978-01-05,7.830000
1978-01-06,7.850000
1978-01-09,8.010000
1978-01-10,8.020000
1978-01-11,8.030000
1978-01-12,8.020000
1978-01-13,7.980000
1978-01-16,7.980000
1978-01-17,7.980000
1978-01-18,7.980000
1978-01-19,7.970000
1978-01-20,7.970000
1978-01-23,7.970000
1978-01-24,7.990000
1978-01-25,8.000000
1978-01-26,7.980000
1978-01-27,7.970000
1978-01-30,7.960000
1978-01-31,7.940000
1978-02-01,7.960000
1978-02-02,7.960000
1978-02-03,7.970000
1978-02-06,7.990000
1978-02-07,7.990000
1978-02-08,8.000000
1978-02-09,8.010000
1978-02-10,8.020000
1978-02-14,8.050000
1978-02-15,8.080000
1978-02-16,8.100000
1978-02-17,8.090000
1978-02-21,8.100000
1978-02-22,8.100000
1978-02-23,8.080000
1978-02-24,8.040000
1978-02-27,8.020000
1978-02-28,8.040000
1978-03-01,8.050000
1978-03-02,8.040000
1978-03-03,8.040000
1978-03-06,8.050000
1978-03-07,8.030000
1978-03-08,8.030000
1978-03-09,8.020000
1978-03-10,8.000000
1978-03-13,7.990000
1978-03-14,7.990000
1978-03-15,8.000000
1978-03-16,8.000000
1978-03-17,8.000000
1978-03-20,7.970000
1978-03-21,7.970000
1978-03-22,7.980000
1978-03-23,8.010000
1978-03-27,8.120000
1978-03-28,8.120000
1978-03-29,8.110000
1978-03-30,8.120000
1978-03-31,8.150000
1978-04-03,8.130000
1978-04-04,8.120000
1978-04-05,8.140000
1978-04-06,8.160000
1978-04-07,8.140000
1978-04-10,8.150000
1978-04-11,8.160000
1978-04-12,8.160000
1978-04-13,8.150000
1978-04-14,8.120000
1978-04-17,8.080000
1978-04-18,8.080000
1978-04-19,8.130000
1978-04-20,8.140000
1978-04-21,8.160000
1978-04-24,8.180000
1978-04-25,8.180000
1978-04-26,8.220000
1978-04-27,8.240000
1978-04-28,8.240000
1978-05-01,8.240000
1978-05-02,8.250000
1978-05-03,8.280000
1978-05-04,8.270000
1978-05-05,8.340000
1978-05-08,8.350000
1978-05-09,8.340000
1978-05-10,8.340000
1978-05-11,8.340000
1978-05-12,8.360000
1978-05-15,8.350000
1978-05-16,8.340000
1978-05-17,8.330000
1978-05-18,8.370000
1978-05-19,8.380000
1978-05-22,8.380000
1978-05-23,8.370000
1978-05-24,8.390000
1978-05-25,8.400000
1978-05-26,8.420000
1978-05-31,8.420000
1978-06-01,8.410000
1978-06-02,8.390000
1978-06-05,8.380000
1978-06-06,8.370000
1978-06-07,8.370000
1978-06-08,8.380000
1978-06-09,8.410000
1978-06-12,8.400000
1978-06-13,8.410000
1978-06-14,8.410000
1978-06-15,8.410000
1978-06-16,8.430000
1978-06-19,8.450000
1978-06-20,8.470000
1978-06-21,8.500000
1978-06-22,8.500000
1978-06-23,8.550000
1978-06-26,8.590000
1978-06-27,8.580000
1978-06-28,8.570000
1978-06-29,8.570000
1978-06-30,8.620000
1978-07-03,8.590000
1978-07-05,8.620000
1978-07-06,8.620000
1978-07-07,8.660000
1978-07-10,8.680000
1978-07-11,8.680000
1978-07-12,8.670000
1978-07-13,8.680000
1978-07-14,8.680000
1978-07-17,8.650000
1978-07-18,8.630000
1978-07-19,8.620000
1978-07-20,8.660000
1978-07-21,8.670000
1978-07-24,8.670000
1978-07-25,8.670000
1978-07-26,8.660000
1978-07-27,8.580000
1978-07-28,8.550000
1978-07-31,8.560000
1978-08-01,8.540000
1978-08-02,8.440000
1978-08-03,8.390000
1978-08-04,8.380000
1978-08-07,8.360000
1978-08-08,8.350000
1978-08-09,8.340000
1978-08-10,8.450000
1978-08-11,8.440000
1978-08-14,8.450000
1978-08-15,8.460000
1978-08-16,8.550000
1978-08-17,8.480000
1978-08-18,8.460000
1978-08-21,8.410000
1978-08-22,8.410000
1978-08-23,8.320000
1978-08-24,8.350000
1978-08-25,8.340000
1978-08-28,8.350000
1978-08-29,8.370000
1978-08-30,8.420000
1978-08-31,8.390000
1978-09-01,8.380000
1978-09-05,8.340000
1978-09-06,8.350000
1978-09-07,8.340000
1978-09-08,8.340000
1978-09-11,8.310000
1978-09-12,8.290000
1978-09-13,8.300000
1978-09-14,8.320000
1978-09-15,8.350000
1978-09-18,8.370000
1978-09-19,8.380000
1978-09-20,8.460000
1978-09-21,8.510000
1978-09-22,8.560000
1978-09-25,8.560000
1978-09-26,8.530000
1978-09-27,8.540000
1978-09-28,8.540000
1978-09-29,8.560000
1978-10-02,8.580000
1978-10-03,8.570000
1978-10-04,8.590000
1978-10-05,8.600000
1978-10-06,8.580000
1978-10-10,8.580000
1978-10-11,8.560000
1978-10-12,8.510000
1978-10-13,8.520000
1978-10-16,8.590000
1978-10-17,8.600000
1978-10-18,8.620000
1978-10-19,8.640000
1978-10-20,8.660000
1978-10-23,8.660000
1978-10-24,8.640000
1978-10-25,8.650000
1978-10-26,8.720000
1978-10-27,8.780000
1978-10-30,8.880000
1978-10-31,8.960000
1978-11-01,8.660000
1978-11-02,8.730000
1978-11-03,8.860000
1978-11-06,8.850000
1978-11-08,8.860000
1978-11-09,8.870000
1978-11-10,8.860000
1978-11-13,8.830000
1978-11-14,8.820000
1978-11-15,8.760000
1978-11-16,8.720000
1978-11-17,8.720000
1978-11-20,8.720000
1978-11-21,8.770000
1978-11-22,8.770000
1978-11-24,8.860000
1978-11-27,8.860000
1978-11-28,8.860000
1978-11-29,8.860000
1978-11-30,8.860000
1978-12-01,8.800000
1978-12-04,8.820000
1978-12-05,8.850000
1978-12-06,8.850000
1978-12-07,8.890000
1978-12-08,8.900000
1978-12-11,8.900000
1978-12-12,8.920000
1978-12-13,8.980000
1978-12-14,8.960000
1978-12-15,9.000000
1978-12-18,9.130000
1978-12-19,9.140000
1978-12-20,9.160000
1978-12-21,9.160000
1978-12-22,9.110000
1978-12-26,9.130000
1978-12-27,9.120000
1978-12-28,9.160000
1978-12-29,9.150000
1979-01-02,9.180000
1979-01-03,9.160000
1979-01-04,9.110000
1979-01-05,9.100000
1979-01-08,9.140000
1979-01-09,9.160000
1979-01-10,9.160000
1979-01-11,9.150000
1979-01-12,9.140000
1979-01-15,9.150000
1979-01-16,9.160000
1979-01-17,9.180000
1979-01-18,9.180000
1979-01-19,9.150000
1979-01-22,9.120000
1979-01-23,9.100000
1979-01-24,9.080000
1979-01-25,8.980000
1979-01-26,8.930000
1979-01-29,8.960000
1979-01-30,8.950000
1979-01-31,8.950000
1979-02-01,8.940000
1979-02-02,8.890000
1979-02-05,8.950000
1979-02-06,9.000000
1979-02-07,9.090000
1979-02-08,9.090000
1979-02-09,9.110000
1979-02-13,9.110000
1979-02-14,9.120000
1979-02-15,9.120000
1979-02-16,9.110000
1979-02-20,9.120000
1979-02-21,9.150000
1979-02-22,9.200000
1979-02-23,9.210000
1979-02-26,9.200000
1979-02-27,9.190000
1979-02-28,9.170000
1979-03-01,9.170000
1979-03-02,9.160000
1979-03-05,9.110000
1979-03-06,9.140000
1979-03-07,9.100000
1979-03-08,9.100000
1979-03-09,9.110000
1979-03-12,9.110000
1979-03-13,9.110000
1979-03-14,9.120000
1979-03-15,9.140000
1979-03-16,9.120000
1979-03-19,9.120000
1979-03-20,9.130000
1979-03-21,9.130000
1979-03-22,9.120000
1979-03-23,9.120000
1979-03-26,9.120000
1979-03-27,9.110000
1979-03-28,9.070000
1979-03-29,9.060000
1979-03-30,9.110000
1979-04-02,9.110000
1979-04-03,9.100000
1979-04-04,9.090000
1979-04-05,9.070000
1979-04-06,9.100000
1979-04-09,9.140000
1979-04-10,9.170000
1979-04-11,9.200000
1979-04-12,9.200000
1979-04-16,9.190000
1979-04-17,9.160000
1979-04-18,9.150000
1979-04-19,9.150000
1979-04-20,9.190000
1979-04-23,9.210000
1979-04-24,9.240000
1979-04-25,9.230000
1979-04-26,9.270000
1979-04-27,9.320000
1979-04-30,9.350000
1979-05-01,9.360000
1979-05-02,9.340000
1979-05-03,9.380000
1979-05-04,9.390000
1979-05-07,9.390000
1979-05-08,9.380000
1979-05-09,9.360000
1979-05-10,9.360000
1979-05-11,9.340000
1979-05-14,9.300000
1979-05-15,9.320000
1979-05-16,9.310000
1979-05-17,9.240000
1979-05-18,9.230000
1979-05-21,9.240000
1979-05-22,9.150000
1979-05-23,9.070000
1979-05-24,9.060000
1979-05-25,9.010000
1979-05-29,9.010000
1979-05-31,9.060000
1979-06-01,9.050000
1979-06-04,9.060000
1979-06-05,9.020000
1979-06-06,8.970000
1979-06-07,8.890000
1979-06-08,8.900000
1979-06-11,8.940000
1979-06-12,8.790000
1979-06-13,8.830000
1979-06-14,8.870000
1979-06-15,8.960000
1979-06-18,8.950000
1979-06-19,8.950000
1979-06-20,8.940000
1979-06-21,8.930000
1979-06-22,8.980000
1979-06-25,8.930000
1979-06-26,8.820000
1979-06-27,8.800000
1979-06-28,8.800000
1979-06-29,8.810000
1979-07-02,8.760000
1979-07-03,8.770000
1979-07-05,8.800000
1979-07-06,8.820000
1979-07-09,8.860000
1979-07-10,8.920000
1979-07-11,8.970000
1979-07-12,8.950000
1979-07-13,8.940000
1979-07-16,8.990000
1979-07-17,9.010000
1979-07-18,9.030000
1979-07-19,9.040000
1979-07-20,8.980000
1979-07-23,9.030000
1979-07-24,9.060000
1979-07-25,8.990000
1979-07-26,8.970000
1979-07-27,9.020000
1979-07-30,9.030000
1979-07-31,9.010000
1979-08-01,8.990000
1979-08-02,8.910000
1979-08-03,8.920000
1979-08-06,8.910000
1979-08-07,8.910000
1979-08-08,8.930000
1979-08-09,8.970000
1979-08-10,9.000000
1979-08-13,9.000000
1979-08-14,8.980000
1979-08-15,9.000000
1979-08-16,9.000000
1979-08-17,9.010000
1979-08-20,9.020000
1979-08-21,9.040000
1979-08-22,9.040000
1979-08-23,9.050000
1979-08-24,9.140000
1979-08-27,9.120000
1979-08-28,9.150000
1979-08-29,9.140000
1979-08-30,9.210000
1979-08-31,9.240000
1979-09-04,9.320000
1979-09-05,9.320000
1979-09-06,9.350000
1979-09-07,9.340000
1979-09-10,9.360000
1979-09-11,9.250000
1979-09-12,9.300000
1979-09-13,9.340000
1979-09-14,9.290000
1979-09-17,9.370000
1979-09-18,9.360000
1979-09-19,9.310000
1979-09-20,9.290000
1979-09-21,9.260000
1979-09-24,9.340000
1979-09-25,9.320000
1979-09-26,9.360000
1979-09-27,9.440000
1979-09-28,9.440000
1979-10-01,9.510000
1979-10-02,9.470000
1979-10-03,9.500000
1979-10-04,9.580000
1979-10-05,9.600000
1979-10-09,9.930000
1979-10-10,10.090000
1979-10-11,10.170000
1979-10-12,10.150000
1979-10-15,10.310000
1979-10-16,10.270000
1979-10-17,10.200000
1979-10-18,10.410000
1979-10-19,10.680000
1979-10-22,10.960000
1979-10-23,11.020000
1979-10-24,10.830000
1979-10-25,10.980000
1979-10-26,10.670000
1979-10-29,10.780000
1979-10-30,10.750000
1979-10-31,10.720000
1979-11-01,10.790000
1979-11-02,10.840000
1979-11-05,10.850000
1979-11-07,11.000000
1979-11-08,10.960000
1979-11-09,10.680000
1979-11-13,10.630000
1979-11-14,10.750000
1979-11-15,10.620000
1979-11-16,10.770000
1979-11-19,10.800000
1979-11-20,10.780000
1979-11-21,10.730000
1979-11-23,10.510000
1979-11-26,10.370000
1979-11-27,10.240000
1979-11-28,10.370000
1979-11-29,10.340000
1979-11-30,10.380000
1979-12-03,10.440000
1979-12-04,10.320000
1979-12-05,10.270000
1979-12-06,10.130000
1979-12-07,10.300000
1979-12-10,10.270000
1979-12-11,10.460000
1979-12-12,10.580000
1979-12-13,10.510000
1979-12-14,10.450000
1979-12-17,10.420000
1979-12-18,10.340000
1979-12-19,10.330000
1979-12-20,10.380000
1979-12-21,10.390000
1979-12-24,10.450000
1979-12-26,10.480000
1979-12-27,10.460000
1979-12-28,10.410000
1979-12-31,10.330000
1980-01-02,10.500000
1980-01-03,10.600000
1980-01-04,10.660000
1980-01-07,10.630000
1980-01-08,10.570000
1980-01-09,10.580000
1980-01-10,10.510000
1980-01-11,10.680000
1980-01-14,10.700000
1980-01-15,10.650000
1980-01-16,10.650000
1980-01-17,10.710000
1980-01-18,10.820000
1980-01-21,10.960000
1980-01-22,10.850000
1980-01-23,10.820000
1980-01-24,11.010000
1980-01-25,11.100000
1980-01-28,11.150000
1980-01-29,11.210000
1980-01-30,11.160000
1980-01-31,11.130000
1980-02-01,11.290000
1980-02-04,11.400000
1980-02-05,11.730000
1980-02-06,11.920000
1980-02-07,11.710000
1980-02-08,11.800000
1980-02-11,12.010000
1980-02-13,11.860000
1980-02-14,11.970000
1980-02-15,12.200000
1980-02-19,12.850000
1980-02-20,12.840000
1980-02-21,13.220000
1980-02-22,13.060000
1980-02-25,13.270000
1980-02-26,13.650000
1980-02-27,13.460000
1980-02-28,12.920000
1980-02-29,12.720000
1980-03-03,12.790000
1980-03-04,12.910000
1980-03-05,13.030000
1980-03-06,13.130000
1980-03-07,12.860000
1980-03-10,12.630000
1980-03-11,12.410000
1980-03-12,12.620000
1980-03-13,12.500000
1980-03-14,12.520000
1980-03-17,12.580000
1980-03-18,12.400000
1980-03-19,12.350000
1980-03-20,12.620000
1980-03-21,12.750000
1980-03-24,13.170000
1980-03-25,13.100000
1980-03-26,13.030000
1980-03-27,12.970000
1980-03-28,12.720000
1980-03-31,12.640000
1980-04-01,12.690000
1980-04-02,12.630000
1980-04-03,12.520000
1980-04-07,12.130000
1980-04-08,12.210000
1980-04-09,12.060000
1980-04-10,12.060000
1980-04-11,11.790000
1980-04-14,11.620000
1980-04-15,11.570000
1980-04-16,10.900000
1980-04-17,11.130000
1980-04-18,11.050000
1980-04-21,10.900000
1980-04-22,10.820000
1980-04-23,10.890000
1980-04-24,10.960000
1980-04-25,10.950000
1980-04-28,10.630000
1980-04-29,10.670000
1980-04-30,10.760000
1980-05-01,10.570000
1980-05-02,10.240000
1980-05-05,10.180000
1980-05-06,9.800000
1980-05-07,9.960000
1980-05-08,10.180000
1980-05-09,10.300000
1980-05-12,10.300000
1980-05-13,10.130000
1980-05-14,10.140000
1980-05-15,10.310000
1980-05-16,10.370000
1980-05-19,10.530000
1980-05-20,10.220000
1980-05-21,10.080000
1980-05-22,10.100000
1980-05-23,9.850000
1980-05-27,9.960000
1980-05-28,10.100000
1980-05-29,10.240000
1980-05-30,10.250000
1980-06-02,10.310000
1980-06-03,10.160000
1980-06-04,10.070000
1980-06-05,10.020000
1980-06-06,9.810000
1980-06-09,9.730000
1980-06-10,9.830000
1980-06-11,9.700000
1980-06-12,9.530000
1980-06-13,9.510000
1980-06-16,9.470000
1980-06-17,9.490000
1980-06-18,9.560000
1980-06-19,9.560000
1980-06-20,9.490000
1980-06-23,9.630000
1980-06-24,9.680000
1980-06-25,9.790000
1980-06-26,9.870000
1980-06-27,10.040000
1980-06-30,10.090000
1980-07-01,10.130000
1980-07-02,10.190000
1980-07-03,10.010000
1980-07-07,10.200000
1980-07-08,10.090000
1980-07-09,10.140000
1980-07-10,10.210000
1980-07-11,10.280000
1980-07-14,10.330000
1980-07-15,10.170000
1980-07-16,10.070000
1980-07-17,10.210000
1980-07-18,10.200000
1980-07-21,10.130000
1980-07-22,10.180000
1980-07-23,10.120000
1980-07-24,10.240000
1980-07-25,10.350000
1980-07-28,10.460000
1980-07-29,10.450000
1980-07-30,10.530000
1980-07-31,10.760000
1980-08-01,10.760000
1980-08-04,10.690000
1980-08-05,10.700000
1980-08-06,10.800000
1980-08-07,10.710000
1980-08-08,10.870000
1980-08-11,11.030000
1980-08-12,10.980000
1980-08-13,10.890000
1980-08-14,10.900000
1980-08-15,10.860000
1980-08-18,11.130000
1980-08-19,11.240000
1980-08-20,11.220000
1980-08-21,11.300000
1980-08-22,11.130000
1980-08-25,11.400000
1980-08-26,11.420000
1980-08-27,11.670000
1980-08-28,11.890000
1980-08-29,11.550000
1980-09-02,11.320000
1980-09-03,11.080000
1980-09-04,11.160000
1980-09-05,11.210000
1980-09-08,11.290000
1980-09-09,11.190000
1980-09-10,11.140000
1980-09-11,11.320000
1980-09-12,11.370000
1980-09-15,11.620000
1980-09-16,11.520000
1980-09-17,11.570000
1980-09-18,11.530000
1980-09-19,11.330000
1980-09-22,11.690000
1980-09-23,11.760000
1980-09-24,11.750000
1980-09-25,11.910000
1980-09-26,11.990000
1980-09-29,12.070000
1980-09-30,11.860000
1980-10-01,11.780000
1980-10-02,11.830000
1980-10-03,11.400000
1980-10-06,11.350000
1980-10-07,11.430000
1980-10-08,11.510000
1980-10-09,11.390000
1980-10-10,11.440000
1980-10-14,11.370000
1980-10-15,11.290000
1980-10-16,11.470000
1980-10-17,11.620000
1980-10-20,11.640000
1980-10-21,11.700000
1980-10-22,11.880000
1980-10-23,11.820000
1980-10-24,11.740000
1980-10-27,12.130000
1980-10-28,12.320000
1980-10-29,12.480000
1980-10-30,12.480000
1980-10-31,12.460000
1980-11-03,12.460000
1980-11-05,12.610000
1980-11-06,13.040000
1980-11-07,12.660000
1980-11-10,12.780000
1980-11-12,12.470000
1980-11-13,12.490000
1980-11-14,12.790000
1980-11-17,12.950000
1980-11-18,12.620000
1980-11-19,12.510000
1980-11-20,12.590000
1980-11-21,12.800000
1980-11-24,12.760000
1980-11-25,12.740000
1980-11-26,12.650000
1980-11-28,12.720000
1980-12-01,12.920000
1980-12-02,12.950000
1980-12-03,12.920000
1980-12-04,12.910000
1980-12-05,12.850000
1980-12-08,12.910000
1980-12-09,13.100000
1980-12-10,13.150000
1980-12-11,13.570000
1980-12-12,13.210000
1980-12-15,13.250000
1980-12-16,13.510000
1980-12-17,13.280000
1980-12-18,13.220000
1980-12-19,12.640000
1980-12-22,12.140000
1980-12-23,12.350000
1980-12-24,12.420000
1980-12-26,12.250000
1980-12-29,12.200000
1980-12-30,12.390000
1980-12-31,12.430000
1981-01-02,12.420000
1981-01-05,12.150000
1981-01-06,12.110000
1981-01-07,12.380000
1981-01-08,12.350000
1981-01-09,12.570000
1981-01-12,12.450000
1981-01-13,12.530000
1981-01-14,12.530000
1981-01-15,12.620000
1981-01-16,12.530000
1981-01-19,12.640000
1981-01-20,12.500000
1981-01-21,12.770000
1981-01-22,12.870000
1981-01-23,12.840000
1981-01-26,12.700000
1981-01-27,12.730000
1981-01-28,12.770000
1981-01-29,12.800000
1981-01-30,12.680000
1981-02-02,12.860000
1981-02-03,12.980000
1981-02-04,12.860000
1981-02-05,12.950000
1981-02-06,13.090000
1981-02-09,13.210000
1981-02-10,13.270000
1981-02-11,13.420000
1981-02-13,13.650000
1981-02-17,13.330000
1981-02-18,13.300000
1981-02-19,13.090000
1981-02-20,12.900000
1981-02-23,13.190000
1981-02-24,13.210000
1981-02-25,13.290000
1981-02-26,13.470000
1981-02-27,13.430000
1981-03-02,13.620000
1981-03-03,13.430000
1981-03-04,13.450000
1981-03-05,13.430000
1981-03-06,13.200000
1981-03-09,13.090000
1981-03-10,13.080000
1981-03-11,13.120000
1981-03-12,13.030000
1981-03-13,12.860000
1981-03-16,12.850000
1981-03-17,12.680000
1981-03-18,12.580000
1981-03-19,12.670000
1981-03-20,12.770000
1981-03-23,13.130000
1981-03-24,13.300000
1981-03-25,13.210000
1981-03-26,13.340000
1981-03-27,13.360000
1981-03-30,13.220000
1981-03-31,13.130000
1981-04-01,13.140000
1981-04-02,13.250000
1981-04-03,13.400000
1981-04-06,13.740000
1981-04-07,13.410000
1981-04-08,13.610000
1981-04-09,13.450000
1981-04-10,13.590000
1981-04-13,13.680000
1981-04-14,13.580000
1981-04-15,13.740000
1981-04-16,13.790000
1981-04-20,13.690000
1981-04-21,13.730000
1981-04-22,13.780000
1981-04-23,13.800000
1981-04-24,13.880000
1981-04-27,13.920000
1981-04-28,13.930000
1981-04-29,14.050000
1981-04-30,14.110000
1981-05-01,14.050000
1981-05-04,14.470000
1981-05-05,14.690000
1981-05-06,14.560000
1981-05-07,14.330000
1981-05-08,14.230000
1981-05-11,14.340000
1981-05-12,14.460000
1981-05-13,14.490000
1981-05-14,14.240000
1981-05-15,14.070000
1981-05-18,13.800000
1981-05-19,13.950000
1981-05-20,14.000000
1981-05-21,14.050000
1981-05-22,13.820000
1981-05-26,13.670000
1981-05-27,13.710000
1981-05-28,13.560000
1981-05-29,13.500000
1981-06-01,13.460000
1981-06-02,13.580000
1981-06-03,13.550000
1981-06-04,13.510000
1981-06-05,13.560000
1981-06-08,13.360000
1981-06-09,13.370000
1981-06-10,13.310000
1981-06-11,13.320000
1981-06-12,13.350000
1981-06-15,13.090000
1981-06-16,13.080000
1981-06-17,13.230000
1981-06-18,13.570000
1981-06-19,13.460000
1981-06-22,13.440000
1981-06-23,13.560000
1981-06-24,13.660000
1981-06-25,13.700000
1981-06-26,13.690000
1981-06-29,13.680000
1981-06-30,13.860000
1981-07-01,14.040000
1981-07-02,13.950000
1981-07-06,13.810000
1981-07-07,14.040000
1981-07-08,14.110000
1981-07-09,14.120000
1981-07-10,13.940000
1981-07-13,13.990000
1981-07-14,14.150000
1981-07-15,14.070000
1981-07-16,14.110000
1981-07-17,14.090000
1981-07-20,14.590000
1981-07-21,14.610000
1981-07-22,14.630000
1981-07-23,14.570000
1981-07-24,14.410000
1981-07-27,14.430000
1981-07-28,14.530000
1981-07-29,14.610000
1981-07-30,14.710000
1981-07-31,14.670000
1981-08-03,14.950000
1981-08-04,14.950000
1981-08-05,14.910000
1981-08-06,14.860000
1981-08-07,14.830000
1981-08-10,14.650000
1981-08-11,14.400000
1981-08-12,14.610000
1981-08-13,14.650000
1981-08-14,14.740000
1981-08-17,14.710000
1981-08-18,14.790000
1981-08-19,14.770000
1981-08-20,14.890000
1981-08-21,14.970000
1981-08-24,15.320000
1981-08-25,15.350000
1981-08-26,15.310000
1981-08-27,15.360000
1981-08-28,15.250000
1981-08-31,15.410000
1981-09-01,15.410000
1981-09-02,15.400000
1981-09-03,15.480000
1981-09-04,15.510000
1981-09-08,15.590000
1981-09-09,15.530000
1981-09-10,15.300000
1981-09-11,15.050000
1981-09-14,15.200000
1981-09-15,15.080000
1981-09-16,15.110000
1981-09-17,14.950000
1981-09-18,14.910000
1981-09-21,14.780000
1981-09-22,15.030000
1981-09-23,15.230000
1981-09-24,15.310000
1981-09-25,15.680000
1981-09-28,15.650000
1981-09-29,15.760000
1981-09-30,15.840000
1981-10-01,15.750000
1981-10-02,15.410000
1981-10-05,15.190000
1981-10-06,15.140000
1981-10-07,15.040000
1981-10-08,15.000000
1981-10-09,14.730000
1981-10-13,14.830000
1981-10-14,14.870000
1981-10-15,14.880000
1981-10-16,14.940000
1981-10-19,14.950000
1981-10-20,15.090000
1981-10-21,15.340000
1981-10-22,15.380000
1981-10-23,15.300000
1981-10-26,15.600000
1981-10-27,15.540000
1981-10-28,15.440000
1981-10-29,15.060000
1981-10-30,14.630000
1981-11-02,14.570000
1981-11-04,14.180000
1981-11-05,14.190000
1981-11-06,13.940000
1981-11-09,13.390000
1981-11-10,13.400000
1981-11-12,13.190000
1981-11-13,13.180000
1981-11-16,13.070000
1981-11-17,13.180000
1981-11-18,13.000000
1981-11-19,13.040000
1981-11-20,13.140000
1981-11-23,13.440000
1981-11-24,13.130000
1981-11-25,12.980000
1981-11-27,12.920000
1981-11-30,13.130000
1981-12-01,13.370000
1981-12-02,13.490000
1981-12-03,13.450000
1981-12-04,13.150000
1981-12-07,13.500000
1981-12-08,13.500000
1981-12-09,13.640000
1981-12-10,13.800000
1981-12-11,13.840000
1981-12-14,13.620000
1981-12-15,13.550000
1981-12-16,13.530000
1981-12-17,13.710000
1981-12-18,13.510000
1981-12-21,13.830000
1981-12-22,14.020000
1981-12-23,14.140000
1981-12-24,14.010000
1981-12-28,14.010000
1981-12-29,14.120000
1981-12-30,14.170000
1981-12-31,13.980000
1982-01-04,14.190000
1982-01-05,14.440000
1982-01-06,14.590000
1982-01-07,14.630000
1982-01-08,14.480000
1982-01-11,14.810000
1982-01-12,14.620000
1982-01-13,14.830000
1982-01-14,14.700000
1982-01-15,14.820000
1982-01-18,14.750000
1982-01-19,14.800000
1982-01-20,14.810000
1982-01-21,14.620000
1982-01-22,14.690000
1982-01-25,14.620000
1982-01-26,14.540000
1982-01-27,14.510000
1982-01-28,14.290000
1982-01-29,14.140000
1982-02-01,14.580000
1982-02-02,14.470000
1982-02-03,14.690000
1982-02-04,14.760000
1982-02-05,14.650000
1982-02-08,14.880000
1982-02-09,14.950000
1982-02-10,14.810000
1982-02-11,14.710000
1982-02-16,14.530000
1982-02-17,14.500000
1982-02-18,14.280000
1982-02-19,14.240000
1982-02-22,13.870000
1982-02-23,13.930000
1982-02-24,13.870000
1982-02-25,13.910000
1982-02-26,14.030000
1982-03-01,13.850000
1982-03-02,13.740000
1982-03-03,13.690000
1982-03-04,13.610000
1982-03-05,13.590000
1982-03-08,13.670000
1982-03-09,13.690000
1982-03-10,13.730000
1982-03-11,13.950000
1982-03-12,13.970000
1982-03-15,13.960000
1982-03-16,13.910000
1982-03-17,13.880000
1982-03-18,13.870000
1982-03-19,13.890000
1982-03-22,13.740000
1982-03-23,13.720000
1982-03-24,13.910000
1982-03-25,13.900000
1982-03-26,14.010000
1982-03-29,14.160000
1982-03-30,14.190000
1982-03-31,14.180000
1982-04-01,14.100000
1982-04-02,14.100000
1982-04-05,14.160000
1982-04-06,14.180000
1982-04-07,14.180000
1982-04-08,13.980000
1982-04-12,13.830000
1982-04-13,13.830000
1982-04-14,13.950000
1982-04-15,13.910000
1982-04-16,13.710000
1982-04-19,13.660000
1982-04-20,13.720000
1982-04-21,13.690000
1982-04-22,13.710000
1982-04-23,13.690000
1982-04-26,13.700000
1982-04-27,13.700000
1982-04-28,13.770000
1982-04-29,13.870000
1982-04-30,13.870000
1982-05-03,13.950000
1982-05-04,13.870000
1982-05-05,13.800000
1982-05-06,13.540000
1982-05-07,13.480000
1982-05-10,13.490000
1982-05-11,13.460000
1982-05-12,13.590000
1982-05-13,13.620000
1982-05-14,13.480000
1982-05-17,13.570000
1982-05-18,13.600000
1982-05-19,13.640000
1982-05-20,13.530000
1982-05-21,13.520000
1982-05-24,13.580000
1982-05-25,13.620000
1982-05-26,13.680000
1982-05-27,13.720000
1982-05-28,13.710000
1982-06-01,13.930000
1982-06-02,13.860000
1982-06-03,13.900000
1982-06-04,13.980000
1982-06-07,13.940000
1982-06-08,13.980000
1982-06-09,13.990000
1982-06-10,14.020000
1982-06-11,13.930000
1982-06-14,14.210000
1982-06-15,14.210000
1982-06-16,14.260000
1982-06-17,14.480000
1982-06-18,14.620000
1982-06-21,14.630000
1982-06-22,14.660000
1982-06-23,14.740000
1982-06-24,14.710000
1982-06-25,14.760000
1982-06-28,14.730000
1982-06-29,14.610000
1982-06-30,14.440000
1982-07-01,14.400000
1982-07-02,14.500000
1982-07-06,14.480000
1982-07-07,14.490000
1982-07-08,14.190000
1982-07-09,14.030000
1982-07-12,13.870000
1982-07-13,14.020000
1982-07-14,14.100000
1982-07-15,13.960000
1982-07-16,13.700000
1982-07-19,13.680000
1982-07-20,13.530000
1982-07-21,13.600000
1982-07-22,13.510000
1982-07-23,13.560000
1982-07-26,13.910000
1982-07-27,13.860000
1982-07-28,13.970000
1982-07-29,13.830000
1982-07-30,13.680000
1982-08-02,13.410000
1982-08-03,13.510000
1982-08-04,13.680000
1982-08-05,13.700000
1982-08-06,13.850000
1982-08-09,13.700000
1982-08-10,13.690000
1982-08-11,13.710000
1982-08-12,13.550000
1982-08-13,13.200000
1982-08-16,13.090000
1982-08-17,12.650000
1982-08-18,12.570000
1982-08-19,12.470000
1982-08-20,12.240000
1982-08-23,12.470000
1982-08-24,12.350000
1982-08-25,12.430000
1982-08-26,12.550000
1982-08-27,12.770000
1982-08-30,12.810000
1982-08-31,12.810000
1982-09-01,12.760000
1982-09-02,12.600000
1982-09-03,12.470000
1982-09-07,12.530000
1982-09-08,12.510000
1982-09-09,12.530000
1982-09-10,12.730000
1982-09-13,12.630000
1982-09-14,12.560000
1982-09-15,12.600000
1982-09-16,12.600000
1982-09-17,12.510000
1982-09-20,12.470000
1982-09-21,12.180000
1982-09-22,12.040000
1982-09-23,11.940000
1982-09-24,12.090000
1982-09-27,11.990000
1982-09-28,11.850000
1982-09-29,11.800000
1982-09-30,11.730000
1982-10-01,11.510000
1982-10-04,11.720000
1982-10-05,11.690000
1982-10-06,11.500000
1982-10-07,10.910000
1982-10-08,10.830000
1982-10-12,10.530000
1982-10-13,10.390000
1982-10-14,10.610000
1982-10-15,10.750000
1982-10-18,10.580000
1982-10-19,10.560000
1982-10-20,10.690000
1982-10-21,10.690000
1982-10-22,10.810000
1982-10-25,11.110000
1982-10-26,10.870000
1982-10-27,10.900000
1982-10-28,10.770000
1982-10-29,10.710000
1982-11-01,10.560000
1982-11-03,10.460000
1982-11-04,10.420000
1982-11-05,10.480000
1982-11-08,10.550000
1982-11-09,10.510000
1982-11-10,10.480000
1982-11-12,10.580000
1982-11-15,10.650000
1982-11-16,10.670000
1982-11-17,10.590000
1982-11-18,10.460000
1982-11-19,10.420000
1982-11-22,10.430000
1982-11-23,10.530000
1982-11-24,10.590000
1982-11-26,10.510000
1982-11-29,10.780000
1982-11-30,10.790000
1982-12-01,10.740000
1982-12-02,10.680000
1982-12-03,10.470000
1982-12-06,10.460000
1982-12-07,10.480000
1982-12-08,10.620000
1982-12-09,10.580000
1982-12-10,10.660000
1982-12-13,10.610000
1982-12-14,10.460000
1982-12-15,10.500000
1982-12-16,10.590000
1982-12-17,10.640000
1982-12-20,10.700000
1982-12-21,10.540000
1982-12-22,10.530000
1982-12-23,10.470000
1982-12-27,10.440000
1982-12-28,10.440000
1982-12-29,10.470000
1982-12-30,10.440000
1982-12-31,10.360000
1983-01-03,10.320000
1983-01-04,10.370000
1983-01-05,10.350000
1983-01-06,10.390000
1983-01-07,10.360000
1983-01-10,10.380000
1983-01-11,10.340000
1983-01-12,10.320000
1983-01-13,10.270000
1983-01-14,10.280000
1983-01-17,10.280000
1983-01-18,10.300000
1983-01-19,10.410000
1983-01-20,10.430000
1983-01-21,10.610000
1983-01-24,10.700000
1983-01-25,10.620000
1983-01-26,10.690000
1983-01-27,10.670000
1983-01-28,10.710000
1983-01-31,10.800000
1983-02-01,10.780000
1983-02-02,10.880000
1983-02-03,10.930000
1983-02-04,10.990000
1983-02-07,10.960000
1983-02-08,10.990000
1983-02-09,11.000000
1983-02-10,10.830000
1983-02-11,10.800000
1983-02-14,10.800000
1983-02-15,10.840000
1983-02-16,10.810000
1983-02-17,10.710000
1983-02-18,10.600000
1983-02-22,10.460000
1983-02-23,10.440000
1983-02-24,10.420000
1983-02-25,10.260000
1983-02-28,10.270000
1983-03-01,10.220000
1983-03-02,10.260000
1983-03-03,10.230000
1983-03-04,10.270000
1983-03-07,10.430000
1983-03-08,10.520000
1983-03-09,10.480000
1983-03-10,10.550000
1983-03-11,10.590000
1983-03-14,10.480000
1983-03-15,10.460000
1983-03-16,10.530000
1983-03-17,10.560000
1983-03-18,10.580000
1983-03-21,10.600000
1983-03-22,10.620000
1983-03-23,10.580000
1983-03-24,10.580000
1983-03-25,10.640000
1983-03-28,10.660000
1983-03-29,10.600000
1983-03-30,10.590000
1983-03-31,10.620000
1983-04-04,10.600000
1983-04-05,10.490000
1983-04-06,10.490000
1983-04-07,10.510000
1983-04-08,10.510000
1983-04-11,10.410000
1983-04-12,10.420000
1983-04-13,10.390000
1983-04-14,10.290000
1983-04-15,10.330000
1983-04-18,10.290000
1983-04-19,10.390000
1983-04-20,10.390000
1983-04-21,10.430000
1983-04-22,10.420000
1983-04-25,10.400000
1983-04-26,10.370000
1983-04-27,10.290000
1983-04-28,10.310000
1983-04-29,10.270000
1983-05-02,10.260000
1983-05-03,10.260000
1983-05-04,10.120000
1983-05-05,10.160000
1983-05-06,10.130000
1983-05-09,10.250000
1983-05-10,10.160000
1983-05-11,10.180000
1983-05-12,10.230000
1983-05-13,10.220000
1983-05-16,10.370000
1983-05-17,10.410000
1983-05-18,10.430000
1983-05-19,10.490000
1983-05-20,10.540000
1983-05-23,10.570000
1983-05-24,10.560000
1983-05-25,10.580000
1983-05-26,10.630000
1983-05-27,10.620000
1983-05-31,10.810000
1983-06-01,10.770000
1983-06-02,10.780000
1983-06-03,10.790000
1983-06-06,10.790000
1983-06-07,10.850000
1983-06-08,10.920000
1983-06-09,10.880000
1983-06-10,10.890000
1983-06-13,10.750000
1983-06-14,10.770000
1983-06-15,10.720000
1983-06-16,10.640000
1983-06-17,10.680000
1983-06-20,10.800000
1983-06-21,10.790000
1983-06-22,10.830000
1983-06-23,10.900000
1983-06-24,11.020000
1983-06-27,11.110000
1983-06-28,11.040000
1983-06-29,10.990000
1983-06-30,10.960000
1983-07-01,10.930000
1983-07-05,11.210000
1983-07-06,11.160000
1983-07-07,11.290000
1983-07-08,11.330000
1983-07-11,11.280000
1983-07-12,11.420000
1983-07-13,11.400000
1983-07-14,11.380000
1983-07-15,11.510000
1983-07-18,11.410000
1983-07-19,11.360000
1983-07-20,11.280000
1983-07-21,11.320000
1983-07-22,11.430000
1983-07-25,11.410000
1983-07-26,11.490000
1983-07-27,11.510000
1983-07-28,11.660000
1983-07-29,11.760000
1983-08-01,11.800000
1983-08-02,11.820000
1983-08-03,11.920000
1983-08-04,12.120000
1983-08-05,12.100000
1983-08-08,12.200000
1983-08-09,12.130000
1983-08-10,12.170000
1983-08-11,12.040000
1983-08-12,11.960000
1983-08-15,11.760000
1983-08-16,11.710000
1983-08-17,11.650000
1983-08-18,11.700000
1983-08-19,11.720000
1983-08-22,11.540000
1983-08-23,11.570000
1983-08-24,11.540000
1983-08-25,11.620000
1983-08-26,11.650000
1983-08-29,11.860000
1983-08-30,11.900000
1983-08-31,11.980000
1983-09-01,11.970000
1983-09-02,12.010000
1983-09-06,11.850000
1983-09-07,11.700000
1983-09-08,11.770000
1983-09-09,11.730000
1983-09-12,11.560000
1983-09-13,11.630000
1983-09-14,11.760000
1983-09-15,11.820000
1983-09-16,11.680000
1983-09-19,11.660000
1983-09-20,11.570000
1983-09-21,11.640000
1983-09-22,11.600000
1983-09-23,11.490000
1983-09-26,11.410000
1983-09-27,11.450000
1983-09-28,11.490000
1983-09-29,11.500000
1983-09-30,11.440000
1983-10-03,11.470000
1983-10-04,11.460000
1983-10-05,11.350000
1983-10-06,11.310000
1983-10-07,11.330000
1983-10-11,11.570000
1983-10-12,11.590000
1983-10-13,11.650000
1983-10-14,11.580000
1983-10-17,11.470000
1983-10-18,11.490000
1983-10-19,11.490000
1983-10-20,11.470000
1983-10-21,11.430000
1983-10-24,11.660000
1983-10-25,11.700000
1983-10-26,11.720000
1983-10-27,11.660000
1983-10-28,11.680000
1983-10-31,11.740000
1983-11-01,11.690000
1983-11-02,11.700000
1983-11-03,11.750000
1983-11-04,11.850000
1983-11-07,11.850000
1983-11-09,11.840000
1983-11-10,11.710000
1983-11-14,11.680000
1983-11-15,11.700000
1983-11-16,11.700000
1983-11-17,11.720000
1983-11-18,11.720000
1983-11-21,11.650000
1983-11-22,11.570000
1983-11-23,11.590000
1983-11-25,11.550000
1983-11-28,11.630000
1983-11-29,11.580000
1983-11-30,11.630000
1983-12-01,11.630000
1983-12-02,11.750000
1983-12-05,11.780000
1983-12-06,11.760000
1983-12-07,11.790000
1983-12-08,11.890000
1983-12-09,11.900000
1983-12-12,11.870000
1983-12-13,11.950000
1983-12-14,11.970000
1983-12-15,11.960000
1983-12-16,11.880000
1983-12-19,11.870000
1983-12-20,11.860000
1983-12-21,11.830000
1983-12-22,11.770000
1983-12-23,11.790000
1983-12-27,11.750000
1983-12-28,11.810000
1983-12-29,11.790000
1983-12-30,11.820000
1984-01-03,11.860000
1984-01-04,11.780000
1984-01-05,11.770000
1984-01-06,11.730000
1984-01-09,11.750000
1984-01-10,11.710000
1984-01-11,11.760000
1984-01-12,11.760000
1984-01-13,11.590000
1984-01-16,11.540000
1984-01-17,11.570000
1984-01-18,11.610000
1984-01-19,11.600000
1984-01-20,11.640000
1984-01-23,11.630000
1984-01-24,11.630000
1984-01-25,11.640000
1984-01-26,11.630000
1984-01-27,11.630000
1984-01-30,11.660000
1984-01-31,11.670000
1984-02-01,11.640000
1984-02-02,11.600000
1984-02-03,11.600000
1984-02-06,11.700000
1984-02-07,11.710000
1984-02-08,11.720000
1984-02-09,11.730000
1984-02-10,11.830000
1984-02-14,11.850000
1984-02-15,11.810000
1984-02-16,11.830000
1984-02-17,11.920000
1984-02-21,11.910000
1984-02-22,11.930000
1984-02-23,12.050000
1984-02-24,11.990000
1984-02-27,12.050000
1984-02-28,12.090000
1984-02-29,12.040000
1984-03-01,12.070000
1984-03-02,11.990000
1984-03-05,12.070000
1984-03-06,12.090000
1984-03-07,12.220000
1984-03-08,12.240000
1984-03-09,12.280000
1984-03-12,12.240000
1984-03-13,12.270000
1984-03-14,12.310000
1984-03-15,12.310000
1984-03-16,12.340000
1984-03-19,12.450000
1984-03-20,12.440000
1984-03-21,12.450000
1984-03-22,12.490000
1984-03-23,12.480000
1984-03-26,12.460000
1984-03-27,12.460000
1984-03-28,12.420000
1984-03-29,12.410000
1984-03-30,12.530000
1984-04-02,12.560000
1984-04-03,12.650000
1984-04-04,12.670000
1984-04-05,12.650000
1984-04-06,12.510000
1984-04-09,12.470000
1984-04-10,12.520000
1984-04-11,12.500000
1984-04-12,12.400000
1984-04-13,12.570000
1984-04-16,12.610000
1984-04-17,12.570000
1984-04-18,12.700000
1984-04-19,12.770000
1984-04-23,12.800000
1984-04-24,12.750000
1984-04-25,12.690000
1984-04-26,12.670000
1984-04-27,12.790000
1984-04-30,12.820000
1984-05-01,12.820000
1984-05-02,12.860000
1984-05-03,12.890000
1984-05-04,13.070000
1984-05-07,13.130000
1984-05-08,13.090000
1984-05-09,13.210000
1984-05-10,13.250000
1984-05-11,13.460000
1984-05-14,13.580000
1984-05-15,13.480000
1984-05-16,13.410000
1984-05-17,13.540000
1984-05-18,13.450000
1984-05-21,13.430000
1984-05-22,13.520000
1984-05-23,13.540000
1984-05-24,13.720000
1984-05-25,13.750000
1984-05-29,13.890000
1984-05-30,13.990000
1984-05-31,13.910000
1984-06-01,13.630000
1984-06-04,13.420000
1984-06-05,13.370000
1984-06-06,13.540000
1984-06-07,13.540000
1984-06-08,13.460000
1984-06-11,13.580000
1984-06-12,13.540000
1984-06-13,13.440000
1984-06-14,13.390000
1984-06-15,13.210000
1984-06-18,13.270000
1984-06-19,13.380000
1984-06-20,13.650000
1984-06-21,13.720000
1984-06-22,13.740000
1984-06-25,13.750000
1984-06-26,13.790000
1984-06-27,13.760000
1984-06-28,13.800000
1984-06-29,13.840000
1984-07-02,13.870000
1984-07-03,13.800000
1984-07-05,13.770000
1984-07-06,13.750000
1984-07-09,13.480000
1984-07-10,13.530000
1984-07-11,13.550000
1984-07-12,13.420000
1984-07-13,13.300000
1984-07-16,13.320000
1984-07-17,13.370000
1984-07-18,13.320000
1984-07-19,13.250000
1984-07-20,13.360000
1984-07-23,13.350000
1984-07-24,13.310000
1984-07-25,13.060000
1984-07-26,12.890000
1984-07-27,12.950000
1984-07-30,13.050000
1984-07-31,12.910000
1984-08-01,12.810000
1984-08-02,12.740000
1984-08-03,12.610000
1984-08-06,12.730000
1984-08-07,12.690000
1984-08-08,12.660000
1984-08-09,12.610000
1984-08-10,12.680000
1984-08-13,12.740000
1984-08-14,12.670000
1984-08-15,12.740000
1984-08-16,12.700000
1984-08-17,12.700000
1984-08-20,12.690000
1984-08-21,12.620000
1984-08-22,12.650000
1984-08-23,12.690000
1984-08-24,12.660000
1984-08-27,12.810000
1984-08-28,12.810000
1984-08-29,12.830000
1984-08-30,12.840000
1984-08-31,12.790000
1984-09-04,12.880000
1984-09-05,12.920000
1984-09-06,12.810000
1984-09-07,12.700000
1984-09-10,12.620000
1984-09-11,12.540000
1984-09-12,12.550000
1984-09-13,12.440000
1984-09-14,12.420000
1984-09-17,12.400000
1984-09-18,12.350000
1984-09-19,12.250000
1984-09-20,12.280000
1984-09-21,12.450000
1984-09-24,12.520000
1984-09-25,12.560000
1984-09-26,12.460000
1984-09-27,12.310000
1984-09-28,12.470000
1984-10-01,12.540000
1984-10-02,12.540000
1984-10-03,12.540000
1984-10-04,12.520000
1984-10-05,12.390000
1984-10-09,12.360000
1984-10-10,12.360000
1984-10-11,12.310000
1984-10-12,12.280000
1984-10-15,12.340000
1984-10-16,12.320000
1984-10-17,12.280000
1984-10-18,12.090000
1984-10-19,11.930000
1984-10-22,11.900000
1984-10-23,11.780000
1984-10-24,11.740000
1984-10-25,11.830000
1984-10-26,11.990000
1984-10-29,11.950000
1984-10-30,11.750000
1984-10-31,11.790000
1984-11-01,11.660000
1984-11-02,11.660000
1984-11-05,11.600000
1984-11-07,11.720000
1984-11-08,11.810000
1984-11-09,11.710000
1984-11-13,11.780000
1984-11-14,11.810000
1984-11-15,11.730000
1984-11-16,11.690000
1984-11-19,11.610000
1984-11-20,11.530000
1984-11-21,11.390000
1984-11-23,11.240000
1984-11-26,11.280000
1984-11-27,11.280000
1984-11-28,11.380000
1984-11-29,11.420000
1984-11-30,11.580000
1984-12-03,11.560000
1984-12-04,11.520000
1984-12-05,11.520000
1984-12-06,11.610000
1984-12-07,11.700000
1984-12-10,11.660000
1984-12-11,11.570000
1984-12-12,11.540000
1984-12-13,11.700000
1984-12-14,11.560000
1984-12-17,11.490000
1984-12-18,11.290000
1984-12-19,11.340000
1984-12-20,11.370000
1984-12-21,11.340000
1984-12-24,11.310000
1984-12-26,11.450000
1984-12-27,11.450000
1984-12-28,11.460000
1984-12-31,11.550000
1985-01-02,11.700000
1985-01-03,11.620000
1985-01-04,11.670000
1985-01-07,11.500000
1985-01-08,11.450000
1985-01-09,11.470000
1985-01-10,11.480000
1985-01-11,11.590000
1985-01-14,11.600000
1985-01-15,11.490000
1985-01-16,11.510000
1985-01-17,11.480000
1985-01-18,11.390000
1985-01-22,11.270000
1985-01-23,11.210000
1985-01-24,11.060000
1985-01-25,11.110000
1985-01-28,11.110000
1985-01-29,11.110000
1985-01-30,11.080000
1985-01-31,11.170000
1985-02-01,11.290000
1985-02-04,11.350000
1985-02-05,11.300000
1985-02-06,11.400000
1985-02-07,11.410000
1985-02-08,11.370000
1985-02-11,11.420000
1985-02-13,11.390000
1985-02-14,11.290000
1985-02-15,11.380000
1985-02-19,11.370000
1985-02-20,11.520000
1985-02-21,11.640000
1985-02-22,11.760000
1985-02-25,11.750000
1985-02-26,11.720000
1985-02-27,11.890000
1985-02-28,11.910000
1985-03-01,11.860000
1985-03-04,11.930000
1985-03-05,11.860000
1985-03-06,11.920000
1985-03-07,11.940000
1985-03-08,11.710000
1985-03-11,11.720000
1985-03-12,11.780000
1985-03-13,11.900000
1985-03-14,11.920000
1985-03-15,11.930000
1985-03-18,12.020000
1985-03-19,11.990000
1985-03-20,11.910000
1985-03-21,11.820000
1985-03-22,11.880000
1985-03-25,11.860000
1985-03-26,11.770000
1985-03-27,11.840000
1985-03-28,11.750000
1985-03-29,11.650000
1985-04-01,11.660000
1985-04-02,11.700000
1985-04-03,11.730000
1985-04-04,11.750000
1985-04-08,11.770000
1985-04-09,11.660000
1985-04-10,11.580000
1985-04-11,11.420000
1985-04-12,11.430000
1985-04-15,11.370000
1985-04-16,11.250000
1985-04-17,11.290000
1985-04-18,11.130000
1985-04-19,11.160000
1985-04-22,11.130000
1985-04-23,11.250000
1985-04-24,11.250000
1985-04-25,11.370000
1985-04-26,11.350000
1985-04-29,11.470000
1985-04-30,11.410000
1985-05-01,11.270000
1985-05-02,11.290000
1985-05-03,11.210000
1985-05-06,11.190000
1985-05-07,11.170000
1985-05-08,11.260000
1985-05-09,11.200000
1985-05-10,11.040000
1985-05-13,11.040000
1985-05-14,10.870000
1985-05-15,10.890000
1985-05-16,10.810000
1985-05-17,10.840000
1985-05-20,10.560000
1985-05-21,10.600000
1985-05-22,10.620000
1985-05-23,10.640000
1985-05-24,10.570000
1985-05-28,10.430000
1985-05-29,10.460000
1985-05-30,10.390000
1985-05-31,10.280000
1985-06-03,10.050000
1985-06-04,10.050000
1985-06-05,9.830000
1985-06-06,9.890000
1985-06-07,10.190000
1985-06-10,10.160000
1985-06-11,10.080000
1985-06-12,10.160000
1985-06-13,10.210000
1985-06-14,9.980000
1985-06-17,9.970000
1985-06-18,9.900000
1985-06-19,10.040000
1985-06-20,10.140000
1985-06-21,10.340000
1985-06-24,10.450000
1985-06-25,10.500000
1985-06-26,10.540000
1985-06-27,10.390000
1985-06-28,10.250000
1985-07-01,10.190000
1985-07-02,10.200000
1985-07-03,10.230000
1985-07-05,9.930000
1985-07-08,10.050000
1985-07-09,10.050000
1985-07-10,10.070000
1985-07-11,10.220000
1985-07-12,10.230000
1985-07-15,10.220000
1985-07-16,10.150000
1985-07-17,10.120000
1985-07-18,10.300000
1985-07-19,10.340000
1985-07-22,10.460000
1985-07-23,10.470000
1985-07-24,10.510000
1985-07-25,10.520000
1985-07-26,10.590000
1985-07-29,10.670000
1985-07-30,10.660000
1985-07-31,10.570000
1985-08-01,10.510000
1985-08-02,10.660000
1985-08-05,10.640000
1985-08-06,10.650000
1985-08-07,10.550000
1985-08-08,10.430000
1985-08-09,10.370000
1985-08-12,10.380000
1985-08-13,10.460000
1985-08-14,10.380000
1985-08-15,10.360000
1985-08-16,10.260000
1985-08-19,10.230000
1985-08-20,10.200000
1985-08-21,10.120000
1985-08-22,10.100000
1985-08-23,10.140000
1985-08-26,10.180000
1985-08-27,10.120000
1985-08-28,10.160000
1985-08-29,10.120000
1985-08-30,10.280000
1985-09-03,10.240000
1985-09-04,10.160000
1985-09-05,10.270000
1985-09-06,10.500000
1985-09-09,10.490000
1985-09-10,10.480000
1985-09-11,10.510000
1985-09-12,10.520000
1985-09-13,10.400000
1985-09-16,10.370000
1985-09-17,10.410000
1985-09-18,10.430000
1985-09-19,10.430000
1985-09-20,10.360000
1985-09-23,10.390000
1985-09-24,10.330000
1985-09-25,10.270000
1985-09-26,10.220000
1985-09-30,10.310000
1985-10-01,10.290000
1985-10-02,10.300000
1985-10-03,10.320000
1985-10-04,10.360000
1985-10-07,10.420000
1985-10-08,10.360000
1985-10-09,10.370000
1985-10-10,10.350000
1985-10-11,10.340000
1985-10-15,10.300000
1985-10-16,10.250000
1985-10-17,10.210000
1985-10-18,10.170000
1985-10-21,10.180000
1985-10-22,10.120000
1985-10-23,10.140000
1985-10-24,10.150000
1985-10-25,10.210000
1985-10-28,10.280000
1985-10-29,10.110000
1985-10-30,9.970000
1985-10-31,10.010000
1985-11-01,9.980000
1985-11-04,9.980000
1985-11-05,9.930000
1985-11-06,9.930000
1985-11-07,9.910000
1985-11-08,9.840000
1985-11-12,9.740000
1985-11-13,9.780000
1985-11-14,9.840000
1985-11-15,9.920000
1985-11-18,9.720000
1985-11-19,9.730000
1985-11-20,9.720000
1985-11-21,9.580000
1985-11-22,9.660000
1985-11-25,9.680000
1985-11-26,9.680000
1985-11-27,9.640000
1985-11-29,9.590000
1985-12-02,9.690000
1985-12-03,9.680000
1985-12-04,9.630000
1985-12-05,9.620000
1985-12-06,9.650000
1985-12-09,9.490000
1985-12-10,9.360000
1985-12-11,9.200000
1985-12-12,9.270000
1985-12-13,9.210000
1985-12-16,9.160000
1985-12-17,9.040000
1985-12-18,9.110000
1985-12-19,9.100000
1985-12-20,9.040000
1985-12-23,9.080000
1985-12-24,9.070000
1985-12-26,9.040000
1985-12-27,8.990000
1985-12-30,9.010000
1985-12-31,9.000000
1986-01-02,9.040000
1986-01-03,9.050000
1986-01-06,9.070000
1986-01-07,8.940000
1986-01-08,9.130000
1986-01-09,9.270000
1986-01-10,9.390000
1986-01-13,9.490000
1986-01-14,9.430000
1986-01-15,9.310000
1986-01-16,9.300000
1986-01-17,9.240000
1986-01-21,9.220000
1986-01-22,9.280000
1986-01-23,9.230000
1986-01-24,9.230000
1986-01-27,9.130000
1986-01-28,9.050000
1986-01-29,9.090000
1986-01-30,9.100000
1986-01-31,9.080000
1986-02-03,9.020000
1986-02-04,8.960000
1986-02-05,8.970000
1986-02-06,9.030000
1986-02-07,9.110000
1986-02-10,9.000000
1986-02-11,8.930000
1986-02-12,8.910000
1986-02-13,8.850000
1986-02-14,8.680000
1986-02-18,8.640000
1986-02-19,8.700000
1986-02-20,8.670000
1986-02-21,8.480000
1986-02-24,8.390000
1986-02-25,8.400000
1986-02-26,8.360000
1986-02-27,8.150000
1986-02-28,8.130000
1986-03-03,7.990000
1986-03-04,7.930000
1986-03-05,8.120000
1986-03-06,8.040000
1986-03-07,7.960000
1986-03-10,7.760000
1986-03-11,7.700000
1986-03-12,7.680000
1986-03-13,7.750000
1986-03-14,7.720000
1986-03-17,7.770000
1986-03-18,7.830000
1986-03-19,7.820000
1986-03-20,7.780000
1986-03-21,7.800000
1986-03-24,7.700000
1986-03-25,7.700000
1986-03-26,7.640000
1986-03-27,7.490000
1986-03-31,7.390000
1986-04-01,7.370000
1986-04-02,7.330000
1986-04-03,7.410000
1986-04-04,7.450000
1986-04-07,7.430000
1986-04-08,7.310000
1986-04-09,7.270000
1986-04-10,7.230000
1986-04-11,7.290000
1986-04-14,7.190000
1986-04-15,7.220000
1986-04-16,6.980000
1986-04-17,7.030000
1986-04-18,7.090000
1986-04-21,7.040000
1986-04-22,7.250000
1986-04-23,7.360000
1986-04-24,7.510000
1986-04-25,7.580000
1986-04-28,7.480000
1986-04-29,7.380000
1986-04-30,7.380000
1986-05-01,7.450000
1986-05-02,7.510000
1986-05-05,7.450000
1986-05-06,7.460000
1986-05-07,7.430000
1986-05-08,7.400000
1986-05-09,7.480000
1986-05-12,7.670000
1986-05-13,7.630000
1986-05-14,7.660000
1986-05-15,7.790000
1986-05-16,7.990000
1986-05-19,7.980000
1986-05-20,7.880000
1986-05-21,7.900000
1986-05-22,7.880000
1986-05-23,7.840000
1986-05-27,7.730000
1986-05-28,7.730000
1986-05-29,7.990000
1986-05-30,8.050000
1986-06-02,8.320000
1986-06-03,8.190000
1986-06-04,8.390000
1986-06-05,8.310000
1986-06-06,7.950000
1986-06-09,8.130000
1986-06-10,8.070000
1986-06-11,8.010000
1986-06-12,7.980000
1986-06-13,7.730000
1986-06-16,7.630000
1986-06-17,7.630000
1986-06-18,7.570000
1986-06-19,7.690000
1986-06-20,7.600000
1986-06-23,7.550000
1986-06-24,7.470000
1986-06-25,7.420000
1986-06-26,7.420000
1986-06-27,7.380000
1986-06-30,7.350000
1986-07-01,7.370000
1986-07-02,7.370000
1986-07-03,7.310000
1986-07-07,7.310000
1986-07-08,7.440000
1986-07-09,7.310000
1986-07-10,7.310000
1986-07-11,7.300000
1986-07-14,7.250000
1986-07-15,7.160000
1986-07-16,7.200000
1986-07-17,7.180000
1986-07-18,7.160000
1986-07-21,7.140000
1986-07-22,7.200000
1986-07-23,7.290000
1986-07-24,7.350000
1986-07-25,7.330000
1986-07-28,7.530000
1986-07-29,7.410000
1986-07-30,7.410000
1986-07-31,7.340000
1986-08-01,7.340000
1986-08-04,7.330000
1986-08-05,7.390000
1986-08-06,7.470000
1986-08-07,7.450000
1986-08-08,7.300000
1986-08-11,7.250000
1986-08-12,7.230000
1986-08-13,7.150000
1986-08-14,7.160000
1986-08-15,7.140000
1986-08-18,7.140000
1986-08-19,7.020000
1986-08-20,7.000000
1986-08-21,6.960000
1986-08-22,7.070000
1986-08-25,7.060000
1986-08-26,6.970000
1986-08-27,7.060000
1986-08-28,7.040000
1986-08-29,6.950000
1986-09-02,7.030000
1986-09-03,7.200000
1986-09-04,7.150000
1986-09-05,7.320000
1986-09-08,7.380000
1986-09-09,7.350000
1986-09-10,7.350000
1986-09-11,7.570000
1986-09-12,7.630000
1986-09-15,7.530000
1986-09-16,7.530000
1986-09-17,7.460000
1986-09-18,7.620000
1986-09-19,7.670000
1986-09-22,7.620000
1986-09-23,7.580000
1986-09-24,7.480000
1986-09-25,7.470000
1986-09-26,7.470000
1986-09-29,7.540000
1986-09-30,7.450000
1986-10-01,7.410000
1986-10-02,7.450000
1986-10-03,7.310000
1986-10-06,7.280000
1986-10-07,7.280000
1986-10-08,7.310000
1986-10-09,7.330000
1986-10-10,7.360000
1986-10-14,7.490000
1986-10-15,7.510000
1986-10-16,7.530000
1986-10-17,7.570000
1986-10-20,7.660000
1986-10-21,7.570000
1986-10-22,7.490000
1986-10-23,7.430000
1986-10-24,7.470000
1986-10-27,7.420000
1986-10-28,7.450000
1986-10-29,7.410000
1986-10-30,7.310000
1986-10-31,7.340000
1986-11-03,7.290000
1986-11-04,7.310000
1986-11-05,7.240000
1986-11-06,7.320000
1986-11-07,7.400000
1986-11-10,7.380000
1986-11-12,7.350000
1986-11-13,7.330000
1986-11-14,7.290000
1986-11-17,7.220000
1986-11-18,7.270000
1986-11-19,7.190000
1986-11-20,7.190000
1986-11-21,7.170000
1986-11-24,7.110000
1986-11-25,7.150000
1986-11-26,7.150000
1986-11-28,7.150000
1986-12-01,7.180000
1986-12-02,7.080000
1986-12-03,7.060000
1986-12-04,7.010000
1986-12-05,7.120000
1986-12-08,7.100000
1986-12-09,7.070000
1986-12-10,7.050000
1986-12-11,7.120000
1986-12-12,7.130000
1986-12-15,7.150000
1986-12-16,7.120000
1986-12-17,7.120000
1986-12-18,7.110000
1986-12-19,7.100000
1986-12-22,7.100000
1986-12-23,7.080000
1986-12-24,7.070000
1986-12-26,7.080000
1986-12-29,7.170000
1986-12-30,7.230000
1986-12-31,7.230000
1987-01-02,7.180000
1987-01-05,7.080000
1987-01-06,7.080000
1987-01-07,7.050000
1987-01-08,7.040000
1987-01-09,7.010000
1987-01-12,7.050000
1987-01-13,7.100000
1987-01-14,7.110000
1987-01-15,7.080000
1987-01-16,7.030000
1987-01-20,7.010000
1987-01-21,7.010000
1987-01-22,7.030000
1987-01-23,7.060000
1987-01-26,7.170000
1987-01-27,7.160000
1987-01-28,7.130000
1987-01-29,7.130000
1987-01-30,7.180000
1987-02-02,7.230000
1987-02-03,7.250000
1987-02-04,7.230000
1987-02-05,7.200000
1987-02-06,7.190000
1987-02-09,7.250000
1987-02-10,7.330000
1987-02-11,7.370000
1987-02-12,7.310000
1987-02-13,7.280000
1987-02-17,7.330000
1987-02-18,7.300000
1987-02-19,7.230000
1987-02-20,7.240000
1987-02-23,7.230000
1987-02-24,7.180000
1987-02-25,7.210000
1987-02-26,7.210000
1987-02-27,7.190000
1987-03-02,7.170000
1987-03-03,7.210000
1987-03-04,7.140000
1987-03-05,7.160000
1987-03-06,7.230000
1987-03-09,7.230000
1987-03-10,7.230000
1987-03-11,7.230000
1987-03-12,7.220000
1987-03-13,7.190000
1987-03-16,7.220000
1987-03-17,7.200000
1987-03-18,7.210000
1987-03-19,7.210000
1987-03-20,7.220000
1987-03-23,7.250000
1987-03-24,7.270000
1987-03-25,7.260000
1987-03-26,7.240000
1987-03-27,7.330000
1987-03-30,7.540000
1987-03-31,7.510000
1987-04-01,7.590000
1987-04-02,7.590000
1987-04-03,7.590000
1987-04-06,7.540000
1987-04-07,7.620000
1987-04-08,7.610000
1987-04-09,7.780000
1987-04-10,7.980000
1987-04-13,8.070000
1987-04-14,8.280000
1987-04-15,8.100000
1987-04-16,8.030000
1987-04-20,8.200000
1987-04-21,8.190000
1987-04-22,8.240000
1987-04-23,8.390000
1987-04-24,8.470000
1987-04-27,8.370000
1987-04-28,8.280000
1987-04-29,8.350000
1987-04-30,8.210000
1987-05-01,8.390000
1987-05-04,8.520000
1987-05-05,8.450000
1987-05-06,8.540000
1987-05-07,8.500000
1987-05-08,8.430000
1987-05-11,8.570000
1987-05-12,8.550000
1987-05-13,8.550000
1987-05-14,8.570000
1987-05-15,8.800000
1987-05-18,8.730000
1987-05-19,8.890000
1987-05-20,8.920000
1987-05-21,8.870000
1987-05-22,8.780000
1987-05-26,8.550000
1987-05-27,8.600000
1987-05-28,8.560000
1987-05-29,8.490000
1987-06-01,8.450000
1987-06-02,8.720000
1987-06-03,8.640000
1987-06-04,8.580000
1987-06-05,8.500000
1987-06-08,8.530000
1987-06-09,8.560000
1987-06-10,8.560000
1987-06-11,8.520000
1987-06-12,8.320000
1987-06-15,8.280000
1987-06-16,8.280000
1987-06-17,8.230000
1987-06-18,8.270000
1987-06-19,8.300000
1987-06-22,8.230000
1987-06-23,8.230000
1987-06-24,8.310000
1987-06-25,8.250000
1987-06-26,8.370000
1987-06-29,8.340000
1987-06-30,8.380000
1987-07-01,8.360000
1987-07-02,8.300000
1987-07-06,8.290000
1987-07-07,8.280000
1987-07-08,8.320000
1987-07-09,8.370000
1987-07-10,8.320000
1987-07-13,8.380000
1987-07-14,8.330000
1987-07-15,8.430000
1987-07-16,8.410000
1987-07-17,8.360000
1987-07-20,8.410000
1987-07-21,8.490000
1987-07-22,8.540000
1987-07-23,8.560000
1987-07-24,8.580000
1987-07-27,8.600000
1987-07-28,8.620000
1987-07-29,8.610000
1987-07-30,8.610000
1987-07-31,8.660000
1987-08-03,8.810000
1987-08-04,8.810000
1987-08-05,8.710000
1987-08-06,8.730000
1987-08-07,8.700000
1987-08-10,8.740000
1987-08-11,8.730000
1987-08-12,8.720000
1987-08-13,8.630000
1987-08-14,8.580000
1987-08-17,8.560000
1987-08-18,8.730000
1987-08-19,8.770000
1987-08-20,8.740000
1987-08-21,8.770000
1987-08-24,8.780000
1987-08-25,8.730000
1987-08-26,8.790000
1987-08-27,8.920000
1987-08-28,9.020000
1987-08-31,9.000000
1987-09-01,9.050000
1987-09-02,9.280000
1987-09-03,9.290000
1987-09-04,9.300000
1987-09-08,9.500000
1987-09-09,9.480000
1987-09-10,9.420000
1987-09-11,9.330000
1987-09-14,9.340000
1987-09-15,9.440000
1987-09-16,9.520000
1987-09-17,9.480000
1987-09-18,9.380000
1987-09-21,9.450000
1987-09-22,9.370000
1987-09-23,9.400000
1987-09-24,9.510000
1987-09-25,9.530000
1987-09-28,9.520000
1987-09-29,9.640000
1987-09-30,9.630000
1987-10-01,9.660000
1987-10-02,9.600000
1987-10-05,9.690000
1987-10-06,9.720000
1987-10-07,9.710000
1987-10-08,9.860000
1987-10-09,9.940000
1987-10-13,9.900000
1987-10-14,10.130000
1987-10-15,10.180000
1987-10-16,10.230000
1987-10-19,10.150000
1987-10-20,9.400000
1987-10-21,9.300000
1987-10-22,8.970000
1987-10-23,8.980000
1987-10-26,8.800000
1987-10-27,8.920000
1987-10-28,9.010000
1987-10-29,8.890000
1987-10-30,8.880000
1987-11-02,8.980000
1987-11-03,8.910000
1987-11-04,8.850000
1987-11-05,8.720000
1987-11-06,8.760000
1987-11-09,8.780000
1987-11-10,8.790000
1987-11-12,8.800000
1987-11-13,8.840000
1987-11-16,8.820000
1987-11-17,8.860000
1987-11-18,8.850000
1987-11-19,8.830000
1987-11-20,8.790000
1987-11-23,8.800000
1987-11-24,8.890000
1987-11-25,8.980000
1987-11-27,9.110000
1987-11-30,8.990000
1987-12-01,9.010000
1987-12-02,9.010000
1987-12-03,8.940000
1987-12-04,8.940000
1987-12-07,9.070000
1987-12-08,9.090000
1987-12-09,9.050000
1987-12-10,9.230000
1987-12-11,9.280000
1987-12-14,9.230000
1987-12-15,9.090000
1987-12-16,9.000000
1987-12-17,9.030000
1987-12-18,8.890000
1987-12-21,8.880000
1987-12-22,8.950000
1987-12-23,8.830000
1987-12-24,8.820000
1987-12-28,8.930000
1987-12-29,8.850000
1987-12-30,8.780000
1987-12-31,8.830000
1988-01-04,8.830000
1988-01-05,8.760000
1988-01-06,8.820000
1988-01-07,8.830000
1988-01-08,8.970000
1988-01-11,8.940000
1988-01-12,8.930000
1988-01-13,8.870000
1988-01-14,8.860000
1988-01-15,8.600000
1988-01-19,8.650000
1988-01-20,8.610000
1988-01-21,8.530000
1988-01-22,8.490000
1988-01-25,8.450000
1988-01-26,8.540000
1988-01-27,8.380000
1988-01-28,8.330000
1988-01-29,8.260000
1988-02-01,8.260000
1988-02-02,8.180000
1988-02-03,8.210000
1988-02-04,8.240000
1988-02-05,8.120000
1988-02-08,8.190000
1988-02-09,8.160000
1988-02-10,8.110000
1988-02-11,8.160000
1988-02-12,8.280000
1988-02-16,8.310000
1988-02-17,8.320000
1988-02-18,8.280000
1988-02-19,8.260000
1988-02-22,8.240000
1988-02-23,8.170000
1988-02-24,8.180000
1988-02-25,8.230000
1988-02-26,8.180000
1988-02-29,8.160000
1988-03-01,8.150000
1988-03-02,8.130000
1988-03-03,8.120000
1988-03-04,8.280000
1988-03-07,8.300000
1988-03-08,8.330000
1988-03-09,8.320000
1988-03-10,8.350000
1988-03-11,8.290000
1988-03-14,8.290000
1988-03-15,8.300000
1988-03-16,8.360000
1988-03-17,8.300000
1988-03-18,8.410000
1988-03-21,8.470000
1988-03-22,8.460000
1988-03-23,8.470000
1988-03-24,8.510000
1988-03-25,8.470000
1988-03-28,8.580000
1988-03-29,8.560000
1988-03-30,8.570000
1988-03-31,8.570000
1988-04-04,8.680000
1988-04-05,8.670000
1988-04-06,8.610000
1988-04-07,8.600000
1988-04-08,8.520000
1988-04-11,8.590000
1988-04-12,8.570000
1988-04-13,8.560000
1988-04-14,8.670000
1988-04-15,8.740000
1988-04-18,8.810000
1988-04-19,8.810000
1988-04-20,8.830000
1988-04-21,8.820000
1988-04-22,8.780000
1988-04-25,8.780000
1988-04-26,8.800000
1988-04-27,8.800000
1988-04-28,8.860000
1988-04-29,8.870000
1988-05-02,8.940000
1988-05-03,8.890000
1988-05-04,8.900000
1988-05-05,8.920000
1988-05-06,9.010000
1988-05-09,9.030000
1988-05-10,9.070000
1988-05-11,9.050000
1988-05-12,9.040000
1988-05-13,9.000000
1988-05-16,9.010000
1988-05-17,9.120000
1988-05-18,9.190000
1988-05-19,9.180000
1988-05-20,9.220000
1988-05-23,9.230000
1988-05-24,9.220000
1988-05-25,9.200000
1988-05-26,9.210000
1988-05-27,9.240000
1988-05-31,9.200000
1988-06-01,9.030000
1988-06-02,9.070000
1988-06-03,8.970000
1988-06-06,8.970000
1988-06-07,9.020000
1988-06-08,8.920000
1988-06-09,8.960000
1988-06-10,8.920000
1988-06-13,8.910000
1988-06-14,8.690000
1988-06-15,8.710000
1988-06-16,8.890000
1988-06-17,9.020000
1988-06-20,9.020000
1988-06-21,9.030000
1988-06-22,8.900000
1988-06-23,8.880000
1988-06-24,8.850000
1988-06-27,8.940000
1988-06-28,8.870000
1988-06-29,8.880000
1988-06-30,8.820000
1988-07-01,8.770000
1988-07-05,8.820000
1988-07-06,8.910000
1988-07-07,8.950000
1988-07-08,9.040000
1988-07-11,9.020000
1988-07-12,9.080000
1988-07-13,9.120000
1988-07-14,9.120000
1988-07-15,9.080000
1988-07-18,9.150000
1988-07-19,9.100000
1988-07-20,9.110000
1988-07-21,9.160000
1988-07-22,9.110000
1988-07-25,9.070000
1988-07-26,9.090000
1988-07-27,9.140000
1988-07-28,9.160000
1988-07-29,9.120000
1988-08-01,9.070000
1988-08-02,9.000000
1988-08-03,9.040000
1988-08-04,8.990000
1988-08-05,9.120000
1988-08-08,9.120000
1988-08-09,9.200000
1988-08-10,9.300000
1988-08-11,9.350000
1988-08-12,9.360000
1988-08-15,9.370000
1988-08-16,9.350000
1988-08-17,9.380000
1988-08-18,9.350000
1988-08-19,9.350000
1988-08-22,9.370000
1988-08-23,9.320000
1988-08-24,9.340000
1988-08-25,9.410000
1988-08-26,9.380000
1988-08-29,9.300000
1988-08-30,9.270000
1988-08-31,9.250000
1988-09-01,9.250000
1988-09-02,9.000000
1988-09-06,8.990000
1988-09-07,8.990000
1988-09-08,8.990000
1988-09-09,8.930000
1988-09-12,8.970000
1988-09-13,8.940000
1988-09-14,8.880000
1988-09-15,8.910000
1988-09-16,8.930000
1988-09-19,8.970000
1988-09-20,8.970000
1988-09-21,8.930000
1988-09-22,8.950000
1988-09-23,8.970000
1988-09-26,9.000000
1988-09-27,9.040000
1988-09-28,9.060000
1988-09-29,8.980000
1988-09-30,8.870000
1988-10-03,8.840000
1988-10-04,8.870000
1988-10-05,8.870000
1988-10-06,8.870000
1988-10-07,8.700000
1988-10-11,8.750000
1988-10-12,8.840000
1988-10-13,8.840000
1988-10-14,8.810000
1988-10-17,8.790000
1988-10-18,8.780000
1988-10-19,8.820000
1988-10-20,8.790000
1988-10-21,8.830000
1988-10-24,8.830000
1988-10-25,8.830000
1988-10-26,8.790000
1988-10-27,8.720000
1988-10-28,8.690000
1988-10-31,8.650000
1988-11-01,8.680000
1988-11-02,8.730000
1988-11-03,8.690000
1988-11-04,8.850000
1988-11-07,8.910000
1988-11-08,8.910000
1988-11-09,8.910000
1988-11-10,8.900000
1988-11-14,8.910000
1988-11-15,8.920000
1988-11-16,9.000000
1988-11-17,9.060000
1988-11-18,9.050000
1988-11-21,9.040000
1988-11-22,9.090000
1988-11-23,9.080000
1988-11-25,9.170000
1988-11-28,9.160000
1988-11-29,9.130000
1988-11-30,9.060000
1988-12-01,9.010000
1988-12-02,9.180000
1988-12-05,9.130000
1988-12-06,8.950000
1988-12-07,9.000000
1988-12-08,9.020000
1988-12-09,9.070000
1988-12-12,9.080000
1988-12-13,9.150000
1988-12-14,9.190000
1988-12-15,9.190000
1988-12-16,9.170000
1988-12-19,9.150000
1988-12-20,9.080000
1988-12-21,9.070000
1988-12-22,9.070000
1988-12-23,9.050000
1988-12-27,9.130000
1988-12-28,9.210000
1988-12-29,9.180000
1988-12-30,9.140000
1989-01-03,9.230000
1989-01-04,9.220000
1989-01-05,9.270000
1989-01-06,9.250000
1989-01-09,9.230000
1989-01-10,9.240000
1989-01-11,9.240000
1989-01-12,9.140000
1989-01-13,9.060000
1989-01-17,9.060000
1989-01-18,8.990000
1989-01-19,9.000000
1989-01-20,9.030000
1989-01-23,9.000000
1989-01-24,8.930000
1989-01-25,8.990000
1989-01-26,8.990000
1989-01-27,8.950000
1989-01-30,9.000000
1989-01-31,9.010000
1989-02-01,8.990000
1989-02-02,8.980000
1989-02-03,9.010000
1989-02-06,9.010000
1989-02-07,8.960000
1989-02-08,8.950000
1989-02-09,9.130000
1989-02-10,9.190000
1989-02-13,9.200000
1989-02-14,9.230000
1989-02-15,9.220000
1989-02-16,9.210000
1989-02-17,9.200000
1989-02-21,9.220000
1989-02-22,9.290000
1989-02-23,9.360000
1989-02-24,9.380000
1989-02-27,9.360000
1989-02-28,9.320000
1989-03-01,9.360000
1989-03-02,9.310000
1989-03-03,9.310000
1989-03-06,9.260000
1989-03-07,9.260000
1989-03-08,9.230000
1989-03-09,9.240000
1989-03-10,9.340000
1989-03-13,9.350000
1989-03-14,9.320000
1989-03-15,9.310000
1989-03-16,9.300000
1989-03-17,9.490000
1989-03-20,9.530000
1989-03-21,9.530000
1989-03-22,9.450000
1989-03-23,9.430000
1989-03-27,9.440000
1989-03-28,9.410000
1989-03-29,9.360000
1989-03-30,9.340000
1989-03-31,9.300000
1989-04-03,9.210000
1989-04-04,9.170000
1989-04-05,9.170000
1989-04-06,9.200000
1989-04-07,9.270000
1989-04-10,9.270000
1989-04-11,9.270000
1989-04-12,9.290000
1989-04-13,9.340000
1989-04-14,9.180000
1989-04-17,9.200000
1989-04-18,9.060000
1989-04-19,9.080000
1989-04-20,9.200000
1989-04-21,9.150000
1989-04-24,9.150000
1989-04-25,9.120000
1989-04-26,9.110000
1989-04-27,9.050000
1989-04-28,9.020000
1989-05-01,9.140000
1989-05-02,9.080000
1989-05-03,9.060000
1989-05-04,9.060000
1989-05-05,8.990000
1989-05-08,9.040000
1989-05-09,9.150000
1989-05-10,9.160000
1989-05-11,9.100000
1989-05-12,8.810000
1989-05-15,8.820000
1989-05-16,8.820000
1989-05-17,8.800000
1989-05-18,8.780000
1989-05-19,8.710000
1989-05-22,8.580000
1989-05-23,8.600000
1989-05-24,8.630000
1989-05-25,8.670000
1989-05-26,8.660000
1989-05-30,8.640000
1989-05-31,8.600000
1989-06-01,8.610000
1989-06-02,8.430000
1989-06-05,8.360000
1989-06-06,8.360000
1989-06-07,8.270000
1989-06-08,8.270000
1989-06-09,8.150000
1989-06-12,8.160000
1989-06-13,8.250000
1989-06-14,8.200000
1989-06-15,8.330000
1989-06-16,8.350000
1989-06-19,8.370000
1989-06-20,8.310000
1989-06-21,8.370000
1989-06-22,8.380000
1989-06-23,8.250000
1989-06-26,8.180000
1989-06-27,8.110000
1989-06-28,8.170000
1989-06-29,8.120000
1989-06-30,8.100000
1989-07-03,8.090000
1989-07-05,8.110000
1989-07-06,8.080000
1989-07-07,8.020000
1989-07-10,7.990000
1989-07-11,8.000000
1989-07-12,8.000000
1989-07-13,8.000000
1989-07-14,8.040000
1989-07-17,8.050000
1989-07-18,8.130000
1989-07-19,8.090000
1989-07-20,8.010000
1989-07-21,8.070000
1989-07-24,8.050000
1989-07-25,8.010000
1989-07-26,8.020000
1989-07-27,7.920000
1989-07-28,7.870000
1989-07-31,7.820000
1989-08-01,7.740000
1989-08-02,7.760000
1989-08-03,7.800000
1989-08-04,8.000000
1989-08-07,8.030000
1989-08-08,8.000000
1989-08-09,8.050000
1989-08-10,8.020000
1989-08-11,8.090000
1989-08-14,8.240000
1989-08-15,8.210000
1989-08-16,8.120000
1989-08-17,8.180000
1989-08-18,8.150000
1989-08-21,8.200000
1989-08-22,8.290000
1989-08-23,8.250000
1989-08-24,8.200000
1989-08-25,8.210000
1989-08-28,8.270000
1989-08-29,8.270000
1989-08-30,8.250000
1989-08-31,8.260000
1989-09-01,8.190000
1989-09-05,8.190000
1989-09-06,8.170000
1989-09-07,8.170000
1989-09-08,8.140000
1989-09-11,8.130000
1989-09-12,8.130000
1989-09-13,8.180000
1989-09-14,8.130000
1989-09-15,8.090000
1989-09-18,8.100000
1989-09-19,8.090000
1989-09-20,8.150000
1989-09-21,8.200000
1989-09-22,8.220000
1989-09-25,8.320000
1989-09-26,8.300000
1989-09-27,8.300000
1989-09-28,8.300000
1989-09-29,8.310000
1989-10-02,8.280000
1989-10-03,8.230000
1989-10-04,8.220000
1989-10-05,8.150000
1989-10-06,8.030000
1989-10-10,8.030000
1989-10-11,8.070000
1989-10-12,8.040000
1989-10-13,7.870000
1989-10-16,7.980000
1989-10-17,8.000000
1989-10-18,8.010000
1989-10-19,7.960000
1989-10-20,7.980000
1989-10-23,7.920000
1989-10-24,7.870000
1989-10-25,7.860000
1989-10-26,7.880000
1989-10-27,7.940000
1989-10-30,7.920000
1989-10-31,7.920000
1989-11-01,7.910000
1989-11-02,7.870000
1989-11-03,7.960000
1989-11-06,8.000000
1989-11-07,7.900000
1989-11-08,7.870000
1989-11-09,7.900000
1989-11-10,7.920000
1989-11-13,7.890000
1989-11-14,7.870000
1989-11-15,7.820000
1989-11-16,7.820000
1989-11-17,7.880000
1989-11-20,7.860000
1989-11-21,7.850000
1989-11-22,7.810000
1989-11-24,7.800000
1989-11-27,7.850000
1989-11-28,7.860000
1989-11-29,7.880000
1989-11-30,7.840000
1989-12-01,7.810000
1989-12-04,7.820000
1989-12-05,7.820000
1989-12-06,7.850000
1989-12-07,7.880000
1989-12-08,7.820000
1989-12-11,7.830000
1989-12-12,7.840000
1989-12-13,7.820000
1989-12-14,7.790000
1989-12-15,7.800000
1989-12-18,7.770000
1989-12-19,7.780000
1989-12-20,7.770000
1989-12-21,7.770000
1989-12-22,7.820000
1989-12-26,7.950000
1989-12-27,7.940000
1989-12-28,7.910000
1989-12-29,7.930000
1990-01-02,7.940000
1990-01-03,7.990000
1990-01-04,7.980000
1990-01-05,7.990000
1990-01-08,8.020000
1990-01-09,8.020000
1990-01-10,8.030000
1990-01-11,8.040000
1990-01-12,8.100000
1990-01-16,8.200000
1990-01-17,8.190000
1990-01-18,8.320000
1990-01-19,8.260000
1990-01-22,8.270000
1990-01-23,8.260000
1990-01-24,8.380000
1990-01-25,8.420000
1990-01-26,8.490000
1990-01-29,8.500000
1990-01-30,8.510000
1990-01-31,8.430000
1990-02-01,8.420000
1990-02-02,8.500000
1990-02-05,8.530000
1990-02-06,8.570000
1990-02-07,8.520000
1990-02-08,8.490000
1990-02-09,8.310000
1990-02-12,8.400000
1990-02-13,8.350000
1990-02-14,8.360000
1990-02-15,8.430000
1990-02-16,8.420000
1990-02-20,8.620000
1990-02-21,8.620000
1990-02-22,8.540000
1990-02-23,8.530000
1990-02-26,8.460000
1990-02-27,8.410000
1990-02-28,8.510000
1990-03-01,8.590000
1990-03-02,8.540000
1990-03-05,8.650000
1990-03-06,8.590000
1990-03-07,8.580000
1990-03-08,8.570000
1990-03-09,8.650000
1990-03-12,8.630000
1990-03-13,8.730000
1990-03-14,8.650000
1990-03-15,8.660000
1990-03-16,8.590000
1990-03-19,8.590000
1990-03-20,8.540000
1990-03-21,8.550000
1990-03-22,8.530000
1990-03-23,8.520000
1990-03-26,8.510000
1990-03-27,8.520000
1990-03-28,8.510000
1990-03-29,8.600000
1990-03-30,8.650000
1990-04-02,8.650000
1990-04-03,8.630000
1990-04-04,8.550000
1990-04-05,8.570000
1990-04-06,8.560000
1990-04-09,8.590000
1990-04-10,8.600000
1990-04-11,8.630000
1990-04-12,8.640000
1990-04-16,8.680000
1990-04-17,8.770000
1990-04-18,8.860000
1990-04-19,8.870000
1990-04-20,8.950000
1990-04-23,8.980000
1990-04-24,9.000000
1990-04-25,9.010000
1990-04-26,9.070000
1990-04-27,9.060000
1990-04-30,9.040000
1990-05-01,9.080000
1990-05-02,9.090000
1990-05-03,9.040000
1990-05-04,8.840000
1990-05-07,8.870000
1990-05-08,8.840000
1990-05-09,8.880000
1990-05-10,8.820000
1990-05-11,8.640000
1990-05-14,8.610000
1990-05-15,8.650000
1990-05-16,8.680000
1990-05-17,8.690000
1990-05-18,8.750000
1990-05-21,8.740000
1990-05-22,8.650000
1990-05-23,8.610000
1990-05-24,8.630000
1990-05-25,8.690000
1990-05-29,8.660000
1990-05-30,8.620000
1990-05-31,8.600000
1990-06-01,8.440000
1990-06-04,8.440000
1990-06-05,8.470000
1990-06-06,8.460000
1990-06-07,8.460000
1990-06-08,8.460000
1990-06-11,8.480000
1990-06-12,8.480000
1990-06-13,8.400000
1990-06-14,8.380000
1990-06-15,8.460000
1990-06-18,8.500000
1990-06-19,8.510000
1990-06-20,8.550000
1990-06-21,8.520000
1990-06-22,8.510000
1990-06-25,8.580000
1990-06-26,8.560000
1990-06-27,8.520000
1990-06-28,8.470000
1990-06-29,8.430000
1990-07-02,8.430000
1990-07-03,8.400000
1990-07-05,8.420000
1990-07-06,8.510000
1990-07-09,8.570000
1990-07-10,8.570000
1990-07-11,8.570000
1990-07-12,8.500000
1990-07-13,8.450000
1990-07-16,8.440000
1990-07-17,8.440000
1990-07-18,8.500000
1990-07-19,8.510000
1990-07-20,8.480000
1990-07-23,8.480000
1990-07-24,8.530000
1990-07-25,8.490000
1990-07-26,8.490000
1990-07-27,8.420000
1990-07-30,8.340000
1990-07-31,8.360000
1990-08-01,8.290000
1990-08-02,8.410000
1990-08-03,8.430000
1990-08-06,8.710000
1990-08-07,8.780000
1990-08-08,8.770000
1990-08-09,8.660000
1990-08-10,8.680000
1990-08-13,8.710000
1990-08-14,8.660000
1990-08-15,8.640000
1990-08-16,8.760000
1990-08-17,8.800000
1990-08-20,8.810000
1990-08-21,8.840000
1990-08-22,8.910000
1990-08-23,9.000000
1990-08-24,9.050000
1990-08-27,8.900000
1990-08-28,8.940000
1990-08-29,8.840000
1990-08-30,8.860000
1990-08-31,8.860000
1990-09-04,8.900000
1990-09-05,8.860000
1990-09-06,8.840000
1990-09-07,8.810000
1990-09-10,8.850000
1990-09-11,8.830000
1990-09-12,8.820000
1990-09-13,8.820000
1990-09-14,8.870000
1990-09-17,8.900000
1990-09-18,8.900000
1990-09-19,8.880000
1990-09-20,8.910000
1990-09-21,8.990000
1990-09-24,9.040000
1990-09-25,9.020000
1990-09-26,9.000000
1990-09-27,8.910000
1990-09-28,8.820000
1990-10-01,8.710000
1990-10-02,8.690000
1990-10-03,8.710000
1990-10-04,8.670000
1990-10-05,8.650000
1990-10-09,8.830000
1990-10-10,8.890000
1990-10-11,8.920000
1990-10-12,8.840000
1990-10-15,8.800000
1990-10-16,8.790000
1990-10-17,8.760000
1990-10-18,8.710000
1990-10-19,8.620000
1990-10-22,8.630000
1990-10-23,8.650000
1990-10-24,8.660000
1990-10-25,8.620000
1990-10-26,8.630000
1990-10-29,8.700000
1990-10-30,8.700000
1990-10-31,8.650000
1990-11-01,8.570000
1990-11-02,8.570000
1990-11-05,8.500000
1990-11-06,8.520000
1990-11-07,8.570000
1990-11-08,8.580000
1990-11-09,8.490000
1990-11-13,8.370000
1990-11-14,8.360000
1990-11-15,8.370000
1990-11-16,8.300000
1990-11-19,8.350000
1990-11-20,8.310000
1990-11-21,8.270000
1990-11-23,8.280000
1990-11-26,8.270000
1990-11-27,8.280000
1990-11-28,8.300000
1990-11-29,8.320000
1990-11-30,8.260000
1990-12-03,8.220000
1990-12-04,8.200000
1990-12-05,8.160000
1990-12-06,8.180000
1990-12-07,8.030000
1990-12-10,7.980000
1990-12-11,7.940000
1990-12-12,7.910000
1990-12-13,7.980000
1990-12-14,8.050000
1990-12-17,8.020000
1990-12-18,7.990000
1990-12-19,8.000000
1990-12-20,8.050000
1990-12-21,8.110000
1990-12-24,8.200000
1990-12-26,8.150000
1990-12-27,8.110000
1990-12-28,8.140000
1990-12-31,8.080000
1991-01-02,7.970000
1991-01-03,7.930000
1991-01-04,8.020000
1991-01-07,8.130000
1991-01-08,8.160000
1991-01-09,8.250000
1991-01-10,8.160000
1991-01-11,8.200000
1991-01-14,8.230000
1991-01-15,8.220000
1991-01-16,8.240000
1991-01-17,8.050000
1991-01-18,8.030000
1991-01-22,8.070000
1991-01-23,8.040000
1991-01-24,8.000000
1991-01-25,8.060000
1991-01-28,8.060000
1991-01-29,8.030000
1991-01-30,8.050000
1991-01-31,8.030000
1991-02-01,7.910000
1991-02-04,7.880000
1991-02-05,7.850000
1991-02-06,7.790000
1991-02-07,7.820000
1991-02-08,7.770000
1991-02-11,7.780000
1991-02-12,7.780000
1991-02-13,7.780000
1991-02-14,7.800000
1991-02-15,7.780000
1991-02-19,7.800000
1991-02-20,7.840000
1991-02-21,7.880000
1991-02-22,7.910000
1991-02-25,7.910000
1991-02-26,7.960000
1991-02-27,7.980000
1991-02-28,8.020000
1991-03-01,8.120000
1991-03-04,8.120000
1991-03-05,8.080000
1991-03-06,8.110000
1991-03-07,8.070000
1991-03-08,8.130000
1991-03-11,8.060000
1991-03-12,8.090000
1991-03-13,8.020000
1991-03-14,8.020000
1991-03-15,8.100000
1991-03-18,8.150000
1991-03-19,8.250000
1991-03-20,8.200000
1991-03-21,8.160000
1991-03-22,8.130000
1991-03-25,8.130000
1991-03-26,8.130000
1991-03-27,8.080000
1991-03-28,8.050000
1991-04-01,8.070000
1991-04-02,8.030000
1991-04-03,8.050000
1991-04-04,8.000000
1991-04-05,7.990000
1991-04-08,7.980000
1991-04-09,8.030000
1991-04-10,8.100000
1991-04-11,8.090000
1991-04-12,7.980000
1991-04-15,7.950000
1991-04-16,7.970000
1991-04-17,7.950000
1991-04-18,8.020000
1991-04-19,8.100000
1991-04-22,8.150000
1991-04-23,8.120000
1991-04-24,8.060000
1991-04-25,8.070000
1991-04-26,8.060000
1991-04-29,8.070000
1991-04-30,8.020000
1991-05-01,8.010000
1991-05-02,7.970000
1991-05-03,8.040000
1991-05-06,8.050000
1991-05-07,8.060000
1991-05-08,8.040000
1991-05-09,8.020000
1991-05-10,8.120000
1991-05-13,8.070000
1991-05-14,8.140000
1991-05-15,8.130000
1991-05-16,8.120000
1991-05-17,8.080000
1991-05-20,8.100000
1991-05-21,8.060000
1991-05-22,8.060000
1991-05-23,8.100000
1991-05-24,8.100000
1991-05-28,8.070000
1991-05-29,8.070000
1991-05-30,8.020000
1991-05-31,8.060000
1991-06-03,8.140000
1991-06-04,8.140000
1991-06-05,8.190000
1991-06-06,8.230000
1991-06-07,8.290000
1991-06-10,8.290000
1991-06-11,8.290000
1991-06-12,8.360000
1991-06-13,8.340000
1991-06-14,8.290000
1991-06-17,8.300000
1991-06-18,8.320000
1991-06-19,8.330000
1991-06-20,8.300000
1991-06-21,8.320000
1991-06-24,8.330000
1991-06-25,8.330000
1991-06-26,8.330000
1991-06-27,8.320000
1991-06-28,8.240000
1991-07-01,8.260000
1991-07-02,8.270000
1991-07-03,8.260000
1991-07-05,8.340000
1991-07-08,8.340000
1991-07-09,8.360000
1991-07-10,8.350000
1991-07-11,8.300000
1991-07-12,8.260000
1991-07-15,8.260000
1991-07-16,8.270000
1991-07-17,8.300000
1991-07-18,8.310000
1991-07-19,8.280000
1991-07-22,8.280000
1991-07-23,8.310000
1991-07-24,8.240000
1991-07-25,8.200000
1991-07-26,8.200000
1991-07-29,8.200000
1991-07-30,8.210000
1991-07-31,8.200000
1991-08-01,8.200000
1991-08-02,8.060000
1991-08-05,8.040000
1991-08-06,7.970000
1991-08-07,7.930000
1991-08-08,7.980000
1991-08-09,7.980000
1991-08-12,7.950000
1991-08-13,7.910000
1991-08-14,7.820000
1991-08-15,7.840000
1991-08-16,7.840000
1991-08-19,7.830000
1991-08-20,7.810000
1991-08-21,7.800000
1991-08-22,7.780000
1991-08-23,7.880000
1991-08-26,7.910000
1991-08-27,7.890000
1991-08-28,7.820000
1991-08-29,7.740000
1991-08-30,7.820000
1991-09-03,7.810000
1991-09-04,7.810000
1991-09-05,7.830000
1991-09-06,7.760000
1991-09-09,7.730000
1991-09-10,7.730000
1991-09-11,7.740000
1991-09-12,7.670000
1991-09-13,7.660000
1991-09-16,7.630000
1991-09-17,7.620000
1991-09-18,7.620000
1991-09-19,7.610000
1991-09-20,7.570000
1991-09-23,7.550000
1991-09-24,7.560000
1991-09-25,7.580000
1991-09-26,7.560000
1991-09-27,7.490000
1991-09-30,7.470000
1991-10-01,7.450000
1991-10-02,7.470000
1991-10-03,7.470000
1991-10-04,7.390000
1991-10-07,7.400000
1991-10-08,7.430000
1991-10-09,7.510000
1991-10-10,7.580000
1991-10-11,7.490000
1991-10-15,7.460000
1991-10-16,7.450000
1991-10-17,7.550000
1991-10-18,7.530000
1991-10-21,7.620000
1991-10-22,7.670000
1991-10-23,7.690000
1991-10-24,7.650000
1991-10-25,7.680000
1991-10-28,7.650000
1991-10-29,7.510000
1991-10-30,7.480000
1991-10-31,7.470000
1991-11-01,7.480000
1991-11-04,7.500000
1991-11-05,7.560000
1991-11-06,7.510000
1991-11-07,7.430000
1991-11-08,7.410000
1991-11-12,7.370000
1991-11-13,7.410000
1991-11-14,7.350000
1991-11-15,7.330000
1991-11-18,7.330000
1991-11-19,7.370000
1991-11-20,7.380000
1991-11-21,7.390000
1991-11-22,7.440000
1991-11-25,7.450000
1991-11-26,7.420000
1991-11-27,7.420000
1991-11-29,7.380000
1991-12-02,7.320000
1991-12-03,7.280000
1991-12-04,7.170000
1991-12-05,7.210000
1991-12-06,7.260000
1991-12-09,7.220000
1991-12-10,7.210000
1991-12-11,7.220000
1991-12-12,7.190000
1991-12-13,7.220000
1991-12-16,7.210000
1991-12-17,7.180000
1991-12-18,7.190000
1991-12-19,7.110000
1991-12-20,6.970000
1991-12-23,6.880000
1991-12-24,6.880000
1991-12-26,6.850000
1991-12-27,6.820000
1991-12-30,6.760000
1991-12-31,6.710000
1992-01-02,6.780000
1992-01-03,6.850000
1992-01-06,6.820000
1992-01-07,6.760000
1992-01-08,6.770000
1992-01-09,6.790000
1992-01-10,6.850000
1992-01-13,6.920000
1992-01-14,7.030000
1992-01-15,7.050000
1992-01-16,7.130000
1992-01-17,7.090000
1992-01-21,7.030000
1992-01-22,7.090000
1992-01-23,7.200000
1992-01-24,7.250000
1992-01-27,7.240000
1992-01-28,7.160000
1992-01-29,7.250000
1992-01-30,7.310000
1992-01-31,7.310000
1992-02-03,7.360000
1992-02-04,7.290000
1992-02-05,7.210000
1992-02-06,7.200000
1992-02-07,7.200000
1992-02-10,7.210000
1992-02-11,7.230000
1992-02-12,7.300000
1992-02-13,7.400000
1992-02-14,7.410000
1992-02-18,7.470000
1992-02-19,7.420000
1992-02-20,7.410000
1992-02-21,7.450000
1992-02-24,7.470000
1992-02-25,7.440000
1992-02-26,7.330000
1992-02-27,7.350000
1992-02-28,7.270000
1992-03-02,7.380000
1992-03-03,7.430000
1992-03-04,7.430000
1992-03-05,7.510000
1992-03-06,7.480000
1992-03-09,7.420000
1992-03-10,7.430000
1992-03-11,7.510000
1992-03-12,7.620000
1992-03-13,7.710000
1992-03-16,7.690000
1992-03-17,7.620000
1992-03-18,7.620000
1992-03-19,7.570000
1992-03-20,7.640000
1992-03-23,7.620000
1992-03-24,7.530000
1992-03-25,7.530000
1992-03-26,7.570000
1992-03-27,7.540000
1992-03-30,7.540000
1992-03-31,7.540000
1992-04-01,7.460000
1992-04-02,7.470000
1992-04-03,7.420000
1992-04-06,7.410000
1992-04-07,7.410000
1992-04-08,7.440000
1992-04-09,7.350000
1992-04-10,7.370000
1992-04-13,7.330000
1992-04-14,7.350000
1992-04-15,7.370000
1992-04-16,7.450000
1992-04-20,7.590000
1992-04-21,7.580000
1992-04-22,7.570000
1992-04-23,7.590000
1992-04-24,7.550000
1992-04-27,7.600000
1992-04-28,7.570000
1992-04-29,7.600000
1992-04-30,7.610000
1992-05-01,7.560000
1992-05-04,7.580000
1992-05-05,7.560000
1992-05-06,7.460000
1992-05-07,7.490000
1992-05-08,7.410000
1992-05-11,7.400000
1992-05-12,7.360000
1992-05-13,7.340000
1992-05-14,7.340000
1992-05-15,7.280000
1992-05-18,7.280000
1992-05-19,7.200000
1992-05-20,7.250000
1992-05-21,7.390000
1992-05-22,7.350000
1992-05-26,7.460000
1992-05-27,7.440000
1992-05-28,7.360000
1992-05-29,7.330000
1992-06-01,7.390000
1992-06-02,7.350000
1992-06-03,7.340000
1992-06-04,7.340000
1992-06-05,7.310000
1992-06-08,7.310000
1992-06-09,7.330000
1992-06-10,7.350000
1992-06-11,7.330000
1992-06-12,7.290000
1992-06-15,7.280000
1992-06-16,7.240000
1992-06-17,7.230000
1992-06-18,7.190000
1992-06-19,7.240000
1992-06-22,7.240000
1992-06-23,7.250000
1992-06-24,7.200000
1992-06-25,7.140000
1992-06-26,7.150000
1992-06-29,7.120000
1992-06-30,7.140000
1992-07-01,7.100000
1992-07-02,6.930000
1992-07-06,6.900000
1992-07-07,6.870000
1992-07-08,6.910000
1992-07-09,6.910000
1992-07-10,6.930000
1992-07-13,6.970000
1992-07-14,6.970000
1992-07-15,6.900000
1992-07-16,6.870000
1992-07-17,6.900000
1992-07-20,6.900000
1992-07-21,6.890000
1992-07-22,6.850000
1992-07-23,6.720000
1992-07-24,6.730000
1992-07-27,6.690000
1992-07-28,6.630000
1992-07-29,6.600000
1992-07-30,6.690000
1992-07-31,6.720000
1992-08-03,6.720000
1992-08-04,6.660000
1992-08-05,6.640000
1992-08-06,6.650000
1992-08-07,6.570000
1992-08-10,6.520000
1992-08-11,6.500000
1992-08-12,6.480000
1992-08-13,6.550000
1992-08-14,6.530000
1992-08-17,6.560000
1992-08-18,6.480000
1992-08-19,6.470000
1992-08-20,6.460000
1992-08-21,6.530000
1992-08-24,6.680000
1992-08-25,6.730000
1992-08-26,6.680000
1992-08-27,6.640000
1992-08-28,6.630000
1992-08-31,6.620000
1992-09-01,6.560000
1992-09-02,6.540000
1992-09-03,6.540000
1992-09-04,6.400000
1992-09-08,6.290000
1992-09-09,6.310000
1992-09-10,6.310000
1992-09-11,6.370000
1992-09-14,6.320000
1992-09-15,6.400000
1992-09-16,6.410000
1992-09-17,6.400000
1992-09-18,6.410000
1992-09-21,6.420000
1992-09-22,6.500000
1992-09-23,6.540000
1992-09-24,6.480000
1992-09-25,6.410000
1992-09-28,6.370000
1992-09-29,6.370000
1992-09-30,6.370000
1992-10-01,6.230000
1992-10-02,6.260000
1992-10-05,6.240000
1992-10-06,6.300000
1992-10-07,6.460000
1992-10-08,6.410000
1992-10-09,6.520000
1992-10-13,6.510000
1992-10-14,6.510000
1992-10-15,6.530000
1992-10-16,6.600000
1992-10-19,6.690000
1992-10-20,6.860000
1992-10-21,6.800000
1992-10-22,6.740000
1992-10-23,6.830000
1992-10-26,6.830000
1992-10-27,6.780000
1992-10-28,6.760000
1992-10-29,6.710000
1992-10-30,6.800000
1992-11-02,6.880000
1992-11-03,6.870000
1992-11-04,6.890000
1992-11-05,6.870000
1992-11-06,6.970000
1992-11-09,7.000000
1992-11-10,6.910000
1992-11-12,6.790000
1992-11-13,6.820000
1992-11-16,6.900000
1992-11-17,6.860000
1992-11-18,6.780000
1992-11-19,6.810000
1992-11-20,6.840000
1992-11-23,6.860000
1992-11-24,6.820000
1992-11-25,6.840000
1992-11-27,6.930000
1992-11-30,6.950000
1992-12-01,6.940000
1992-12-02,6.930000
1992-12-03,6.910000
1992-12-04,6.840000
1992-12-07,6.780000
1992-12-08,6.730000
1992-12-09,6.760000
1992-12-10,6.770000
1992-12-11,6.800000
1992-12-14,6.830000
1992-12-15,6.830000
1992-12-16,6.770000
1992-12-17,6.770000
1992-12-18,6.760000
1992-12-21,6.710000
1992-12-22,6.650000
1992-12-23,6.680000
1992-12-24,6.690000
1992-12-28,6.720000
1992-12-29,6.690000
1992-12-30,6.680000
1992-12-31,6.700000
1993-01-04,6.600000
1993-01-05,6.610000
1993-01-06,6.630000
1993-01-07,6.760000
1993-01-08,6.750000
1993-01-11,6.710000
1993-01-12,6.720000
1993-01-13,6.710000
1993-01-14,6.650000
1993-01-15,6.600000
1993-01-19,6.590000
1993-01-20,6.610000
1993-01-21,6.600000
1993-01-22,6.570000
1993-01-25,6.480000
1993-01-26,6.500000
1993-01-27,6.480000
1993-01-28,6.440000
1993-01-29,6.390000
1993-02-01,6.380000
1993-02-02,6.460000
1993-02-03,6.450000
1993-02-04,6.390000
1993-02-05,6.320000
1993-02-08,6.370000
1993-02-09,6.410000
1993-02-10,6.400000
1993-02-11,6.370000
1993-02-12,6.350000
1993-02-16,6.340000
1993-02-17,6.280000
1993-02-18,6.170000
1993-02-19,6.150000
1993-02-22,6.090000
1993-02-23,5.920000
1993-02-24,6.010000
1993-02-25,6.030000
1993-02-26,6.030000
1993-03-01,5.940000
1993-03-02,5.950000
1993-03-03,5.880000
1993-03-04,5.830000
1993-03-05,5.900000
1993-03-08,5.850000
1993-03-09,5.910000
1993-03-10,5.970000
1993-03-11,5.960000
1993-03-12,6.110000
1993-03-15,6.170000
1993-03-16,6.060000
1993-03-17,6.020000
1993-03-18,5.930000
1993-03-19,5.950000
1993-03-22,5.960000
1993-03-23,5.910000
1993-03-24,5.950000
1993-03-25,5.980000
1993-03-26,6.090000
1993-03-29,6.060000
1993-03-30,6.020000
1993-03-31,6.030000
1993-04-01,6.060000
1993-04-02,6.160000
1993-04-05,6.130000
1993-04-06,6.080000
1993-04-07,6.070000
1993-04-08,5.970000
1993-04-12,5.920000
1993-04-13,5.930000
1993-04-14,5.900000
1993-04-15,5.880000
1993-04-16,5.890000
1993-04-19,5.870000
1993-04-20,5.870000
1993-04-21,5.860000
1993-04-22,5.850000
1993-04-23,5.890000
1993-04-26,5.940000
1993-04-27,6.020000
1993-04-28,6.030000
1993-04-29,5.990000
1993-04-30,6.050000
1993-05-03,5.960000
1993-05-04,5.920000
1993-05-05,5.930000
1993-05-06,5.890000
1993-05-07,5.920000
1993-05-10,5.890000
1993-05-11,5.890000
1993-05-12,5.960000
1993-05-13,6.020000
1993-05-14,6.030000
1993-05-17,6.070000
1993-05-18,6.150000
1993-05-19,6.110000
1993-05-20,6.090000
1993-05-21,6.160000
1993-05-24,6.160000
1993-05-25,6.170000
1993-05-26,6.120000
1993-05-27,6.110000
1993-05-28,6.160000
1993-06-01,6.070000
1993-06-02,6.060000
1993-06-03,6.020000
1993-06-04,6.110000
1993-06-07,6.080000
1993-06-08,6.090000
1993-06-09,6.070000
1993-06-10,6.070000
1993-06-11,5.970000
1993-06-14,5.970000
1993-06-15,5.960000
1993-06-16,5.960000
1993-06-17,5.930000
1993-06-18,5.970000
1993-06-21,5.920000
1993-06-22,5.910000
1993-06-23,5.910000
1993-06-24,5.880000
1993-06-25,5.840000
1993-06-28,5.800000
1993-06-29,5.790000
1993-06-30,5.800000
1993-07-01,5.800000
1993-07-02,5.760000
1993-07-06,5.800000
1993-07-07,5.800000
1993-07-08,5.780000
1993-07-09,5.760000
1993-07-12,5.750000
1993-07-13,5.780000
1993-07-14,5.720000
1993-07-15,5.720000
1993-07-16,5.710000
1993-07-19,5.710000
1993-07-20,5.750000
1993-07-21,5.830000
1993-07-22,5.900000
1993-07-23,5.950000
1993-07-26,5.930000
1993-07-27,5.920000
1993-07-28,5.900000
1993-07-29,5.810000
1993-07-30,5.830000
1993-08-02,5.850000
1993-08-03,5.830000
1993-08-04,5.870000
1993-08-05,5.860000
1993-08-06,5.860000
1993-08-09,5.820000
1993-08-10,5.820000
1993-08-11,5.750000
1993-08-12,5.770000
1993-08-13,5.720000
1993-08-16,5.680000
1993-08-17,5.700000
1993-08-18,5.690000
1993-08-19,5.640000
1993-08-20,5.610000
1993-08-23,5.600000
1993-08-24,5.540000
1993-08-25,5.510000
1993-08-26,5.420000
1993-08-27,5.480000
1993-08-30,5.440000
1993-08-31,5.450000
1993-09-01,5.460000
1993-09-02,5.410000
1993-09-03,5.310000
1993-09-07,5.230000
1993-09-08,5.230000
1993-09-09,5.350000
1993-09-10,5.290000
1993-09-13,5.260000
1993-09-14,5.370000
1993-09-15,5.390000
1993-09-16,5.370000
1993-09-17,5.380000
1993-09-20,5.420000
1993-09-21,5.470000
1993-09-22,5.450000
1993-09-23,5.420000
1993-09-24,5.420000
1993-09-27,5.300000
1993-09-28,5.280000
1993-09-29,5.350000
1993-09-30,5.400000
1993-10-01,5.340000
1993-10-04,5.340000
1993-10-05,5.350000
1993-10-06,5.350000
1993-10-07,5.330000
1993-10-08,5.260000
1993-10-12,5.270000
1993-10-13,5.270000
1993-10-14,5.230000
1993-10-15,5.190000
1993-10-18,5.270000
1993-10-19,5.270000
1993-10-20,5.260000
1993-10-21,5.350000
1993-10-22,5.420000
1993-10-25,5.470000
1993-10-26,5.430000
1993-10-27,5.440000
1993-10-28,5.410000
1993-10-29,5.430000
1993-11-01,5.560000
1993-11-02,5.630000
1993-11-03,5.670000
1993-11-04,5.670000
1993-11-05,5.750000
1993-11-08,5.700000
1993-11-09,5.640000
1993-11-10,5.720000
1993-11-12,5.660000
1993-11-15,5.690000
1993-11-16,5.660000
1993-11-17,5.650000
1993-11-18,5.720000
1993-11-19,5.840000
1993-11-22,5.890000
1993-11-23,5.820000
1993-11-24,5.840000
1993-11-26,5.780000
1993-11-29,5.760000
1993-11-30,5.830000
1993-12-01,5.820000
1993-12-02,5.810000
1993-12-03,5.800000
1993-12-06,5.720000
1993-12-07,5.710000
1993-12-08,5.710000
1993-12-09,5.680000
1993-12-10,5.730000
1993-12-13,5.780000
1993-12-14,5.820000
1993-12-15,5.830000
1993-12-16,5.840000
1993-12-17,5.810000
1993-12-20,5.830000
1993-12-21,5.850000
1993-12-22,5.740000
1993-12-23,5.720000
1993-12-27,5.720000
1993-12-28,5.720000
1993-12-29,5.740000
1993-12-30,5.820000
1993-12-31,5.830000
1994-01-03,5.920000
1994-01-04,5.880000
1994-01-05,5.900000
1994-01-06,5.840000
1994-01-07,5.700000
1994-01-10,5.670000
1994-01-11,5.670000
1994-01-12,5.600000
1994-01-13,5.710000
1994-01-14,5.780000
1994-01-18,5.740000
1994-01-19,5.760000
1994-01-20,5.710000
1994-01-21,5.730000
1994-01-24,5.740000
1994-01-25,5.780000
1994-01-26,5.770000
1994-01-27,5.730000
1994-01-28,5.680000
1994-01-31,5.700000
1994-02-01,5.770000
1994-02-02,5.770000
1994-02-03,5.810000
1994-02-04,5.940000
1994-02-07,5.960000
1994-02-08,6.010000
1994-02-09,5.920000
1994-02-10,5.910000
1994-02-11,5.880000
1994-02-14,5.900000
1994-02-15,5.880000
1994-02-16,5.890000
1994-02-17,6.000000
1994-02-18,6.090000
1994-02-22,6.050000
1994-02-23,6.130000
1994-02-24,6.220000
1994-02-25,6.210000
1994-02-28,6.150000
1994-03-01,6.280000
1994-03-02,6.300000
1994-03-03,6.350000
1994-03-04,6.380000
1994-03-07,6.320000
1994-03-08,6.380000
1994-03-09,6.380000
1994-03-10,6.480000
1994-03-11,6.460000
1994-03-14,6.500000
1994-03-15,6.470000
1994-03-16,6.400000
1994-03-17,6.400000
1994-03-18,6.490000
1994-03-21,6.550000
1994-03-22,6.440000
1994-03-23,6.440000
1994-03-24,6.580000
1994-03-25,6.610000
1994-03-28,6.630000
1994-03-29,6.710000
1994-03-30,6.780000
1994-03-31,6.770000
1994-04-04,7.160000
1994-04-05,6.970000
1994-04-06,6.930000
1994-04-07,6.860000
1994-04-08,6.940000
1994-04-11,6.920000
1994-04-12,6.870000
1994-04-13,6.930000
1994-04-14,6.970000
1994-04-15,6.970000
1994-04-18,7.140000
1994-04-19,7.100000
1994-04-20,7.050000
1994-04-21,6.910000
1994-04-22,6.930000
1994-04-25,6.860000
1994-04-26,6.860000
1994-04-28,7.040000
1994-04-29,7.060000
1994-05-02,7.090000
1994-05-03,7.130000
1994-05-04,7.140000
1994-05-05,7.110000
1994-05-06,7.350000
1994-05-09,7.490000
1994-05-10,7.330000
1994-05-11,7.400000
1994-05-12,7.360000
1994-05-13,7.290000
1994-05-16,7.240000
1994-05-17,7.030000
1994-05-18,7.030000
1994-05-19,6.960000
1994-05-20,7.020000
1994-05-23,7.190000
1994-05-24,7.170000
1994-05-25,7.140000
1994-05-26,7.090000
1994-05-27,7.120000
1994-05-31,7.170000
1994-06-01,7.120000
1994-06-02,7.070000
1994-06-03,6.980000
1994-06-06,6.910000
1994-06-07,6.950000
1994-06-08,6.960000
1994-06-09,6.980000
1994-06-10,7.030000
1994-06-13,7.070000
1994-06-14,7.000000
1994-06-15,7.100000
1994-06-16,7.070000
1994-06-17,7.140000
1994-06-20,7.160000
1994-06-21,7.220000
1994-06-22,7.130000
1994-06-23,7.100000
1994-06-24,7.220000
1994-06-27,7.180000
1994-06-28,7.260000
1994-06-29,7.240000
1994-06-30,7.340000
1994-07-01,7.340000
1994-07-05,7.310000
1994-07-06,7.320000
1994-07-07,7.300000
1994-07-08,7.420000
1994-07-11,7.470000
1994-07-12,7.430000
1994-07-13,7.410000
1994-07-14,7.250000
1994-07-15,7.250000
1994-07-18,7.200000
1994-07-19,7.150000
1994-07-20,7.250000
1994-07-21,7.270000
1994-07-22,7.290000
1994-07-25,7.270000
1994-07-26,7.280000
1994-07-27,7.340000
1994-07-28,7.290000
1994-07-29,7.120000
1994-08-01,7.130000
1994-08-02,7.110000
1994-08-03,7.090000
1994-08-04,7.120000
1994-08-05,7.280000
1994-08-08,7.280000
1994-08-09,7.330000
1994-08-10,7.300000
1994-08-11,7.360000
1994-08-12,7.270000
1994-08-15,7.300000
1994-08-16,7.190000
1994-08-17,7.150000
1994-08-18,7.280000
1994-08-19,7.270000
1994-08-22,7.310000
1994-08-23,7.280000
1994-08-24,7.220000
1994-08-25,7.290000
1994-08-26,7.240000
1994-08-29,7.240000
1994-08-30,7.200000
1994-08-31,7.190000
1994-09-01,7.190000
1994-09-02,7.210000
1994-09-06,7.270000
1994-09-07,7.290000
1994-09-08,7.300000
1994-09-09,7.440000
1994-09-12,7.460000
1994-09-13,7.440000
1994-09-14,7.410000
1994-09-15,7.350000
1994-09-16,7.520000
1994-09-19,7.490000
1994-09-20,7.530000
1994-09-21,7.560000
1994-09-22,7.560000
1994-09-23,7.570000
1994-09-26,7.570000
1994-09-27,7.610000
1994-09-28,7.570000
1994-09-29,7.640000
1994-09-30,7.620000
1994-10-03,7.660000
1994-10-04,7.700000
1994-10-05,7.770000
1994-10-06,7.780000
1994-10-07,7.700000
1994-10-11,7.650000
1994-10-12,7.690000
1994-10-13,7.640000
1994-10-14,7.610000
1994-10-17,7.620000
1994-10-18,7.640000
1994-10-19,7.680000
1994-10-20,7.800000
1994-10-21,7.810000
1994-10-24,7.860000
1994-10-25,7.880000
1994-10-26,7.880000
1994-10-27,7.880000
1994-10-28,7.820000
1994-10-31,7.810000
1994-11-01,7.910000
1994-11-02,7.960000
1994-11-03,7.960000
1994-11-04,8.040000
1994-11-07,8.050000
1994-11-08,8.010000
1994-11-09,7.940000
1994-11-10,7.980000
1994-11-14,7.940000
1994-11-15,7.920000
1994-11-16,7.970000
1994-11-17,8.030000
1994-11-18,8.010000
1994-11-21,8.030000
1994-11-22,8.000000
1994-11-23,7.810000
1994-11-25,7.800000
1994-11-28,7.880000
1994-11-29,7.950000
1994-11-30,7.910000
1994-12-01,7.920000
1994-12-02,7.810000
1994-12-05,7.830000
1994-12-06,7.730000
1994-12-07,7.810000
1994-12-08,7.790000
1994-12-09,7.790000
1994-12-12,7.850000
1994-12-13,7.830000
1994-12-14,7.800000
1994-12-15,7.790000
1994-12-16,7.810000
1994-12-19,7.810000
1994-12-20,7.810000
1994-12-21,7.800000
1994-12-22,7.840000
1994-12-23,7.850000
1994-12-27,7.760000
1994-12-28,7.800000
1994-12-29,7.820000
1994-12-30,7.840000
1995-01-03,7.880000
1995-01-04,7.820000
1995-01-05,7.880000
1995-01-06,7.870000
1995-01-09,7.890000
1995-01-10,7.840000
1995-01-11,7.790000
1995-01-12,7.800000
1995-01-13,7.690000
1995-01-17,7.700000
1995-01-18,7.710000
1995-01-19,7.740000
1995-01-20,7.820000
1995-01-23,7.830000
1995-01-24,7.860000
1995-01-25,7.800000
1995-01-26,7.760000
1995-01-27,7.660000
1995-01-30,7.650000
1995-01-31,7.600000
1995-02-01,7.660000
1995-02-02,7.680000
1995-02-03,7.490000
1995-02-06,7.530000
1995-02-07,7.520000
1995-02-08,7.530000
1995-02-09,7.580000
1995-02-10,7.620000
1995-02-13,7.610000
1995-02-14,7.510000
1995-02-15,7.450000
1995-02-16,7.400000
1995-02-17,7.430000
1995-02-21,7.440000
1995-02-22,7.340000
1995-02-23,7.340000
1995-02-24,7.330000
1995-02-27,7.240000
1995-02-28,7.220000
1995-03-01,7.230000
1995-03-02,7.300000
1995-03-03,7.360000
1995-03-06,7.410000
1995-03-07,7.440000
1995-03-08,7.360000
1995-03-09,7.300000
1995-03-10,7.230000
1995-03-13,7.190000
1995-03-14,7.090000
1995-03-15,7.090000
1995-03-16,7.050000
1995-03-17,7.120000
1995-03-20,7.120000
1995-03-21,7.160000
1995-03-22,7.210000
1995-03-23,7.210000
1995-03-24,7.090000
1995-03-27,7.050000
1995-03-28,7.160000
1995-03-29,7.160000
1995-03-30,7.180000
1995-03-31,7.200000
1995-04-03,7.140000
1995-04-04,7.120000
1995-04-05,7.120000
1995-04-06,7.090000
1995-04-07,7.110000
1995-04-10,7.120000
1995-04-11,7.090000
1995-04-12,7.060000
1995-04-13,7.030000
1995-04-17,7.040000
1995-04-18,7.040000
1995-04-19,7.060000
1995-04-20,7.020000
1995-04-21,7.010000
1995-04-24,7.010000
1995-04-25,7.010000
1995-04-26,7.010000
1995-04-27,7.040000
1995-04-28,7.070000
1995-05-01,7.090000
1995-05-02,7.040000
1995-05-03,6.960000
1995-05-04,6.850000
1995-05-05,6.690000
1995-05-08,6.700000
1995-05-09,6.610000
1995-05-10,6.660000
1995-05-11,6.680000
1995-05-12,6.670000
1995-05-15,6.620000
1995-05-16,6.570000
1995-05-17,6.530000
1995-05-18,6.610000
1995-05-19,6.610000
1995-05-22,6.630000
1995-05-23,6.570000
1995-05-24,6.440000
1995-05-25,6.390000
1995-05-26,6.400000
1995-05-30,6.300000
1995-05-31,6.300000
1995-06-01,6.200000
1995-06-02,6.100000
1995-06-05,6.080000
1995-06-06,6.080000
1995-06-07,6.200000
1995-06-08,6.220000
1995-06-09,6.400000
1995-06-12,6.370000
1995-06-13,6.140000
1995-06-14,6.150000
1995-06-15,6.180000
1995-06-16,6.210000
1995-06-19,6.130000
1995-06-20,6.160000
1995-06-21,6.130000
1995-06-22,6.040000
1995-06-23,6.060000
1995-06-26,6.110000
1995-06-27,6.150000
1995-06-28,6.100000
1995-06-29,6.280000
1995-06-30,6.210000
1995-07-03,6.210000
1995-07-05,6.190000
1995-07-06,6.050000
1995-07-07,6.040000
1995-07-10,6.040000
1995-07-11,6.090000
1995-07-12,6.100000
1995-07-13,6.090000
1995-07-14,6.150000
1995-07-17,6.220000
1995-07-18,6.250000
1995-07-19,6.430000
1995-07-20,6.430000
1995-07-21,6.530000
1995-07-24,6.460000
1995-07-25,6.430000
1995-07-26,6.480000
1995-07-27,6.430000
1995-07-28,6.490000
1995-07-31,6.450000
1995-08-01,6.500000
1995-08-02,6.440000
1995-08-03,6.530000
1995-08-04,6.500000
1995-08-07,6.480000
1995-08-08,6.470000
1995-08-09,6.470000
1995-08-10,6.510000
1995-08-11,6.590000
1995-08-14,6.590000
1995-08-15,6.570000
1995-08-16,6.540000
1995-08-17,6.570000
1995-08-18,6.570000
1995-08-21,6.540000
1995-08-22,6.570000
1995-08-23,6.600000
1995-08-24,6.500000
1995-08-25,6.380000
1995-08-28,6.340000
1995-08-29,6.360000
1995-08-30,6.330000
1995-08-31,6.280000
1995-09-01,6.220000
1995-09-05,6.180000
1995-09-06,6.170000
1995-09-07,6.210000
1995-09-08,6.240000
1995-09-11,6.240000
1995-09-12,6.160000
1995-09-13,6.180000
1995-09-14,6.080000
1995-09-15,6.110000
1995-09-18,6.170000
1995-09-19,6.140000
1995-09-20,6.100000
1995-09-21,6.210000
1995-09-22,6.250000
1995-09-25,6.260000
1995-09-26,6.280000
1995-09-27,6.300000
1995-09-28,6.280000
1995-09-29,6.170000
1995-10-02,6.150000
1995-10-03,6.130000
1995-10-04,6.120000
1995-10-05,6.060000
1995-10-06,6.060000
1995-10-10,6.070000
1995-10-11,6.090000
1995-10-12,6.070000
1995-10-13,5.970000
1995-10-16,5.970000
1995-10-17,5.970000
1995-10-18,5.990000
1995-10-19,5.980000
1995-10-20,6.040000
1995-10-23,6.070000
1995-10-24,6.020000
1995-10-25,6.000000
1995-10-26,6.060000
1995-10-27,6.050000
1995-10-30,6.040000
1995-10-31,6.030000
1995-11-01,5.980000
1995-11-02,5.920000
1995-11-03,5.940000
1995-11-06,5.960000
1995-11-07,5.990000
1995-11-08,5.920000
1995-11-09,5.970000
1995-11-10,6.000000
1995-11-13,5.980000
1995-11-14,5.970000
1995-11-15,6.000000
1995-11-16,5.930000
1995-11-17,5.920000
1995-11-20,5.930000
1995-11-21,5.920000
1995-11-22,5.930000
1995-11-24,5.910000
1995-11-27,5.880000
1995-11-28,5.880000
1995-11-29,5.850000
1995-11-30,5.760000
1995-12-01,5.710000
1995-12-04,5.630000
1995-12-05,5.650000
1995-12-06,5.670000
1995-12-07,5.720000
1995-12-08,5.730000
1995-12-11,5.710000
1995-12-12,5.720000
1995-12-13,5.740000
1995-12-14,5.740000
1995-12-15,5.750000
1995-12-18,5.850000
1995-12-19,5.810000
1995-12-20,5.760000
1995-12-21,5.770000
1995-12-22,5.710000
1995-12-26,5.690000
1995-12-27,5.660000
1995-12-28,5.630000
1995-12-29,5.580000
1996-01-02,5.600000
1996-01-03,5.580000
1996-01-04,5.650000
1996-01-05,5.690000
1996-01-08,5.680000
1996-01-09,5.700000
1996-01-10,5.800000
1996-01-11,5.780000
1996-01-12,5.750000
1996-01-16,5.660000
1996-01-17,5.580000
1996-01-18,5.530000
1996-01-19,5.540000
1996-01-22,5.610000
1996-01-23,5.660000
1996-01-24,5.620000
1996-01-25,5.700000
1996-01-26,5.650000
1996-01-29,5.690000
1996-01-30,5.630000
1996-01-31,5.600000
1996-02-01,5.630000
1996-02-02,5.660000
1996-02-05,5.700000
1996-02-06,5.680000
1996-02-07,5.660000
1996-02-08,5.660000
1996-02-09,5.660000
1996-02-12,5.610000
1996-02-13,5.580000
1996-02-14,5.620000
1996-02-15,5.700000
1996-02-16,5.760000
1996-02-20,6.010000
1996-02-21,5.980000
1996-02-22,5.920000
1996-02-23,5.970000
1996-02-26,6.010000
1996-02-27,6.060000
1996-02-28,6.110000
1996-02-29,6.130000
1996-03-01,5.990000
1996-03-04,5.920000
1996-03-05,5.960000
1996-03-06,6.050000
1996-03-07,6.070000
1996-03-08,6.410000
1996-03-11,6.330000
1996-03-12,6.360000
1996-03-13,6.350000
1996-03-14,6.360000
1996-03-15,6.460000
1996-03-18,6.430000
1996-03-19,6.410000
1996-03-20,6.340000
1996-03-21,6.280000
1996-03-22,6.320000
1996-03-25,6.260000
1996-03-26,6.250000
1996-03-27,6.340000
1996-03-28,6.410000
1996-03-29,6.340000
1996-04-01,6.310000
1996-04-02,6.250000
1996-04-03,6.270000
1996-04-04,6.330000
1996-04-05,6.570000
1996-04-08,6.630000
1996-04-09,6.560000
1996-04-10,6.630000
1996-04-11,6.680000
1996-04-12,6.520000
1996-04-15,6.470000
1996-04-16,6.480000
1996-04-17,6.520000
1996-04-18,6.580000
1996-04-19,6.530000
1996-04-22,6.480000
1996-04-23,6.520000
1996-04-24,6.570000
1996-04-25,6.560000
1996-04-26,6.540000
1996-04-29,6.590000
1996-04-30,6.660000
1996-05-01,6.680000
1996-05-02,6.850000
1996-05-03,6.900000
1996-05-06,6.860000
1996-05-07,6.870000
1996-05-08,6.780000
1996-05-09,6.840000
1996-05-10,6.750000
1996-05-13,6.720000
1996-05-14,6.660000
1996-05-15,6.650000
1996-05-16,6.700000
1996-05-17,6.650000
1996-05-20,6.620000
1996-05-21,6.650000
1996-05-22,6.630000
1996-05-23,6.680000
1996-05-24,6.650000
1996-05-28,6.670000
1996-05-29,6.770000
1996-05-30,6.780000
1996-05-31,6.850000
1996-06-03,6.870000
1996-06-04,6.860000
1996-06-05,6.820000
1996-06-06,6.760000
1996-06-07,6.930000
1996-06-10,6.970000
1996-06-11,6.990000
1996-06-12,7.030000
1996-06-13,7.010000
1996-06-14,6.950000
1996-06-17,6.900000
1996-06-18,6.930000
1996-06-19,6.960000
1996-06-20,6.980000
1996-06-21,6.960000
1996-06-24,6.940000
1996-06-25,6.910000
1996-06-26,6.910000
1996-06-27,6.830000
1996-06-28,6.730000
1996-07-01,6.740000
1996-07-02,6.800000
1996-07-03,6.780000
1996-07-05,7.060000
1996-07-08,7.050000
1996-07-09,7.000000
1996-07-10,6.950000
1996-07-11,6.900000
1996-07-12,6.850000
1996-07-15,6.890000
1996-07-16,6.840000
1996-07-17,6.830000
1996-07-18,6.720000
1996-07-19,6.780000
1996-07-22,6.840000
1996-07-23,6.800000
1996-07-24,6.870000
1996-07-25,6.870000
1996-07-26,6.850000
1996-07-29,6.930000
1996-07-30,6.890000
1996-07-31,6.800000
1996-08-01,6.650000
1996-08-02,6.510000
1996-08-05,6.530000
1996-08-06,6.540000
1996-08-07,6.550000
1996-08-08,6.560000
1996-08-09,6.500000
1996-08-12,6.490000
1996-08-13,6.570000
1996-08-14,6.580000
1996-08-15,6.620000
1996-08-16,6.560000
1996-08-19,6.590000
1996-08-20,6.590000
1996-08-21,6.610000
1996-08-22,6.620000
1996-08-23,6.720000
1996-08-26,6.800000
1996-08-27,6.780000
1996-08-28,6.790000
1996-08-29,6.860000
1996-08-30,6.960000
1996-09-03,6.920000
1996-09-04,6.940000
1996-09-05,6.980000
1996-09-06,6.940000
1996-09-09,6.900000
1996-09-10,6.940000
1996-09-11,6.940000
1996-09-12,6.880000
1996-09-13,6.740000
1996-09-16,6.730000
1996-09-17,6.810000
1996-09-18,6.830000
1996-09-19,6.870000
1996-09-20,6.850000
1996-09-23,6.830000
1996-09-24,6.770000
1996-09-25,6.710000
1996-09-26,6.660000
1996-09-27,6.680000
1996-09-30,6.720000
1996-10-01,6.650000
1996-10-02,6.610000
1996-10-03,6.610000
1996-10-04,6.480000
1996-10-07,6.530000
1996-10-08,6.530000
1996-10-09,6.550000
1996-10-10,6.610000
1996-10-11,6.550000
1996-10-15,6.560000
1996-10-16,6.570000
1996-10-17,6.510000
1996-10-18,6.500000
1996-10-21,6.520000
1996-10-22,6.560000
1996-10-23,6.560000
1996-10-24,6.570000
1996-10-25,6.540000
1996-10-28,6.560000
1996-10-29,6.400000
1996-10-30,6.400000
1996-10-31,6.370000
1996-11-01,6.380000
1996-11-04,6.360000
1996-11-05,6.280000
1996-11-06,6.300000
1996-11-07,6.260000
1996-11-08,6.290000
1996-11-12,6.190000
1996-11-13,6.200000
1996-11-14,6.150000
1996-11-15,6.190000
1996-11-18,6.200000
1996-11-19,6.170000
1996-11-20,6.140000
1996-11-21,6.150000
1996-11-22,6.150000
1996-11-25,6.130000
1996-11-26,6.130000
1996-11-27,6.140000
1996-11-29,6.060000
1996-12-02,6.080000
1996-12-03,6.060000
1996-12-04,6.110000
1996-12-05,6.220000
1996-12-06,6.260000
1996-12-09,6.210000
1996-12-10,6.230000
1996-12-11,6.380000
1996-12-12,6.400000
1996-12-13,6.330000
1996-12-16,6.390000
1996-12-17,6.420000
1996-12-18,6.460000
1996-12-19,6.360000
1996-12-20,6.350000
1996-12-23,6.340000
1996-12-24,6.360000
1996-12-26,6.350000
1996-12-27,6.300000
1996-12-30,6.310000
1996-12-31,6.430000
1997-01-02,6.540000
1997-01-03,6.520000
1997-01-06,6.540000
1997-01-07,6.570000
1997-01-08,6.600000
1997-01-09,6.520000
1997-01-10,6.630000
1997-01-13,6.630000
1997-01-14,6.530000
1997-01-15,6.530000
1997-01-16,6.570000
1997-01-17,6.560000
1997-01-21,6.520000
1997-01-22,6.560000
1997-01-23,6.600000
1997-01-24,6.640000
1997-01-27,6.690000
1997-01-28,6.640000
1997-01-29,6.630000
1997-01-30,6.610000
1997-01-31,6.530000
1997-02-03,6.470000
1997-02-04,6.450000
1997-02-05,6.470000
1997-02-06,6.490000
1997-02-07,6.430000
1997-02-10,6.430000
1997-02-11,6.430000
1997-02-12,6.390000
1997-02-13,6.320000
1997-02-14,6.280000
1997-02-18,6.280000
1997-02-19,6.300000
1997-02-20,6.380000
1997-02-21,6.360000
1997-02-24,6.390000
1997-02-25,6.400000
1997-02-26,6.560000
1997-02-27,6.580000
1997-02-28,6.560000
1997-03-03,6.580000
1997-03-04,6.600000
1997-03-05,6.600000
1997-03-06,6.620000
1997-03-07,6.570000
1997-03-10,6.560000
1997-03-11,6.570000
1997-03-12,6.600000
1997-03-13,6.720000
1997-03-14,6.710000
1997-03-17,6.720000
1997-03-18,6.720000
1997-03-19,6.740000
1997-03-20,6.750000
1997-03-21,6.740000
1997-03-24,6.720000
1997-03-25,6.750000
1997-03-26,6.800000
1997-03-27,6.900000
1997-03-31,6.920000
1997-04-01,6.900000
1997-04-02,6.880000
1997-04-03,6.860000
1997-04-04,6.920000
1997-04-07,6.870000
1997-04-08,6.910000
1997-04-09,6.910000
1997-04-10,6.910000
1997-04-11,6.980000
1997-04-14,6.980000
1997-04-15,6.880000
1997-04-16,6.900000
1997-04-17,6.860000
1997-04-18,6.840000
1997-04-21,6.870000
1997-04-22,6.840000
1997-04-23,6.890000
1997-04-24,6.930000
1997-04-25,6.940000
1997-04-28,6.920000
1997-04-29,6.770000
1997-04-30,6.720000
1997-05-01,6.690000
1997-05-02,6.680000
1997-05-05,6.670000
1997-05-06,6.670000
1997-05-07,6.760000
1997-05-08,6.720000
1997-05-09,6.670000
1997-05-12,6.650000
1997-05-13,6.710000
1997-05-14,6.680000
1997-05-15,6.670000
1997-05-16,6.700000
1997-05-19,6.710000
1997-05-20,6.700000
1997-05-21,6.740000
1997-05-22,6.760000
1997-05-23,6.740000
1997-05-27,6.790000
1997-05-28,6.800000
1997-05-29,6.750000
1997-05-30,6.670000
1997-06-02,6.660000
1997-06-03,6.630000
1997-06-04,6.620000
1997-06-05,6.620000
1997-06-06,6.510000
1997-06-09,6.550000
1997-06-10,6.570000
1997-06-11,6.560000
1997-06-12,6.480000
1997-06-13,6.430000
1997-06-16,6.400000
1997-06-17,6.430000
1997-06-18,6.400000
1997-06-19,6.400000
1997-06-20,6.370000
1997-06-23,6.400000
1997-06-24,6.420000
1997-06-25,6.450000
1997-06-26,6.500000
1997-06-27,6.460000
1997-06-30,6.510000
1997-07-01,6.450000
1997-07-02,6.420000
1997-07-03,6.310000
1997-07-07,6.270000
1997-07-08,6.270000
1997-07-09,6.250000
1997-07-10,6.260000
1997-07-11,6.230000
1997-07-14,6.260000
1997-07-15,6.260000
1997-07-16,6.200000
1997-07-17,6.190000
1997-07-18,6.240000
1997-07-21,6.270000
1997-07-22,6.150000
1997-07-23,6.140000
1997-07-24,6.160000
1997-07-25,6.180000
1997-07-28,6.160000
1997-07-29,6.110000
1997-07-30,6.050000
1997-07-31,6.020000
1997-08-01,6.200000
1997-08-04,6.230000
1997-08-05,6.230000
1997-08-06,6.210000
1997-08-07,6.240000
1997-08-08,6.380000
1997-08-11,6.360000
1997-08-12,6.390000
1997-08-13,6.360000
1997-08-14,6.270000
1997-08-15,6.270000
1997-08-18,6.210000
1997-08-19,6.210000
1997-08-20,6.240000
1997-08-21,6.300000
1997-08-22,6.380000
1997-08-25,6.390000
1997-08-26,6.380000
1997-08-27,6.380000
1997-08-28,6.300000
1997-08-29,6.340000
1997-09-02,6.310000
1997-09-03,6.330000
1997-09-04,6.330000
1997-09-05,6.370000
1997-09-08,6.330000
1997-09-09,6.340000
1997-09-10,6.370000
1997-09-11,6.390000
1997-09-12,6.290000
1997-09-15,6.280000
1997-09-16,6.110000
1997-09-17,6.100000
1997-09-18,6.110000
1997-09-19,6.090000
1997-09-22,6.060000
1997-09-23,6.100000
1997-09-24,6.040000
1997-09-25,6.130000
1997-09-26,6.080000
1997-09-29,6.100000
1997-09-30,6.120000
1997-10-01,6.040000
1997-10-02,6.010000
1997-10-03,6.010000
1997-10-06,5.960000
1997-10-07,5.940000
1997-10-08,6.080000
1997-10-09,6.090000
1997-10-10,6.150000
1997-10-14,6.070000
1997-10-15,6.100000
1997-10-16,6.090000
1997-10-17,6.170000
1997-10-20,6.150000
1997-10-21,6.140000
1997-10-22,6.120000
1997-10-23,6.040000
1997-10-24,6.010000
1997-10-27,5.910000
1997-10-28,5.980000
1997-10-29,5.910000
1997-10-30,5.840000
1997-10-31,5.840000
1997-11-03,5.910000
1997-11-04,5.950000
1997-11-05,5.950000
1997-11-06,5.900000
1997-11-07,5.900000
1997-11-10,5.910000
1997-11-12,5.890000
1997-11-13,5.870000
1997-11-14,5.860000
1997-11-17,5.850000
1997-11-18,5.850000
1997-11-19,5.820000
1997-11-20,5.840000
1997-11-21,5.820000
1997-11-24,5.860000
1997-11-25,5.850000
1997-11-26,5.860000
1997-11-28,5.860000
1997-12-01,5.860000
1997-12-02,5.860000
1997-12-03,5.830000
1997-12-04,5.840000
1997-12-05,5.920000
1997-12-08,5.960000
1997-12-09,5.950000
1997-12-10,5.900000
1997-12-11,5.820000
1997-12-12,5.740000
1997-12-15,5.780000
1997-12-16,5.770000
1997-12-17,5.810000
1997-12-18,5.760000
1997-12-19,5.720000
1997-12-22,5.720000
1997-12-23,5.730000
1997-12-24,5.760000
1997-12-26,5.750000
1997-12-29,5.760000
1997-12-30,5.800000
1997-12-31,5.750000
1998-01-02,5.670000
1998-01-05,5.520000
1998-01-06,5.490000
1998-01-07,5.550000
1998-01-08,5.490000
1998-01-09,5.400000
1998-01-12,5.390000
1998-01-13,5.410000
1998-01-14,5.450000
1998-01-15,5.480000
1998-01-16,5.540000
1998-01-20,5.570000
1998-01-21,5.540000
1998-01-22,5.560000
1998-01-23,5.700000
1998-01-26,5.630000
1998-01-27,5.700000
1998-01-28,5.690000
1998-01-29,5.580000
1998-01-30,5.530000
1998-02-02,5.570000
1998-02-03,5.560000
1998-02-04,5.570000
1998-02-05,5.620000
1998-02-06,5.620000
1998-02-09,5.650000
1998-02-10,5.640000
1998-02-11,5.530000
1998-02-12,5.520000
1998-02-13,5.490000
1998-02-17,5.440000
1998-02-18,5.490000
1998-02-19,5.510000
1998-02-20,5.540000
1998-02-23,5.580000
1998-02-24,5.690000
1998-02-25,5.630000
1998-02-26,5.650000
1998-02-27,5.620000
1998-03-02,5.720000
1998-03-03,5.770000
1998-03-04,5.760000
1998-03-05,5.780000
1998-03-06,5.730000
1998-03-09,5.670000
1998-03-10,5.670000
1998-03-11,5.630000
1998-03-12,5.560000
1998-03-13,5.580000
1998-03-16,5.540000
1998-03-17,5.560000
1998-03-18,5.580000
1998-03-19,5.580000
1998-03-20,5.570000
1998-03-23,5.570000
1998-03-24,5.580000
1998-03-25,5.640000
1998-03-26,5.680000
1998-03-27,5.680000
1998-03-30,5.720000
1998-03-31,5.670000
1998-04-01,5.620000
1998-04-02,5.560000
1998-04-03,5.470000
1998-04-06,5.510000
1998-04-07,5.530000
1998-04-08,5.580000
1998-04-09,5.590000
1998-04-13,5.660000
1998-04-14,5.630000
1998-04-15,5.600000
1998-04-16,5.590000
1998-04-17,5.590000
1998-04-20,5.650000
1998-04-21,5.680000
1998-04-22,5.680000
1998-04-23,5.690000
1998-04-24,5.670000
1998-04-27,5.800000
1998-04-28,5.800000
1998-04-29,5.810000
1998-04-30,5.680000
1998-05-01,5.670000
1998-05-04,5.670000
1998-05-05,5.700000
1998-05-06,5.670000
1998-05-07,5.670000
1998-05-08,5.710000
1998-05-11,5.790000
1998-05-12,5.700000
1998-05-13,5.640000
1998-05-14,5.670000
1998-05-15,5.680000
1998-05-18,5.640000
1998-05-19,5.650000
1998-05-20,5.610000
1998-05-21,5.650000
1998-05-22,5.640000
1998-05-26,5.590000
1998-05-27,5.560000
1998-05-28,5.580000
1998-05-29,5.560000
1998-06-01,5.530000
1998-06-02,5.560000
1998-06-03,5.570000
1998-06-04,5.590000
1998-06-05,5.580000
1998-06-08,5.580000
1998-06-09,5.590000
1998-06-10,5.510000
1998-06-11,5.440000
1998-06-12,5.430000
1998-06-15,5.380000
1998-06-16,5.450000
1998-06-17,5.540000
1998-06-18,5.500000
1998-06-19,5.470000
1998-06-22,5.460000
1998-06-23,5.450000
1998-06-24,5.460000
1998-06-25,5.460000
1998-06-26,5.460000
1998-06-29,5.470000
1998-06-30,5.440000
1998-07-01,5.440000
1998-07-02,5.420000
1998-07-06,5.390000
1998-07-07,5.420000
1998-07-08,5.430000
1998-07-09,5.410000
1998-07-10,5.420000
1998-07-13,5.460000
1998-07-14,5.490000
1998-07-15,5.480000
1998-07-16,5.500000
1998-07-17,5.510000
1998-07-20,5.480000
1998-07-21,5.450000
1998-07-22,5.460000
1998-07-23,5.450000
1998-07-24,5.450000
1998-07-27,5.470000
1998-07-28,5.500000
1998-07-29,5.520000
1998-07-30,5.500000
1998-07-31,5.500000
1998-08-03,5.460000
1998-08-04,5.430000
1998-08-05,5.430000
1998-08-06,5.440000
1998-08-07,5.400000
1998-08-10,5.410000
1998-08-11,5.370000
1998-08-12,5.400000
1998-08-13,5.440000
1998-08-14,5.400000
1998-08-17,5.400000
1998-08-18,5.410000
1998-08-19,5.420000
1998-08-20,5.380000
1998-08-21,5.320000
1998-08-24,5.300000
1998-08-25,5.250000
1998-08-26,5.260000
1998-08-27,5.120000
1998-08-28,5.090000
1998-08-31,5.050000
1998-09-01,5.050000
1998-09-02,5.100000
1998-09-03,5.030000
1998-09-04,5.020000
1998-09-08,5.040000
1998-09-09,4.950000
1998-09-10,4.760000
1998-09-11,4.850000
1998-09-14,4.870000
1998-09-15,4.900000
1998-09-16,4.880000
1998-09-17,4.800000
1998-09-18,4.700000
1998-09-21,4.690000
1998-09-22,4.730000
1998-09-23,4.690000
1998-09-24,4.640000
1998-09-25,4.600000
1998-09-28,4.610000
1998-09-29,4.590000
1998-09-30,4.440000
1998-10-01,4.330000
1998-10-02,4.310000
1998-10-05,4.160000
1998-10-06,4.240000
1998-10-07,4.340000
1998-10-08,4.560000
1998-10-09,4.770000
1998-10-13,4.730000
1998-10-14,4.580000
1998-10-15,4.580000
1998-10-16,4.440000
1998-10-19,4.470000
1998-10-20,4.570000
1998-10-21,4.590000
1998-10-22,4.620000
1998-10-23,4.700000
1998-10-26,4.730000
1998-10-27,4.630000
1998-10-28,4.600000
1998-10-29,4.540000
1998-10-30,4.640000
1998-11-02,4.770000
1998-11-03,4.780000
1998-11-04,4.830000
1998-11-05,4.820000
1998-11-06,4.930000
1998-11-09,4.880000
1998-11-10,4.810000
1998-11-12,4.770000
1998-11-13,4.820000
1998-11-16,4.850000
1998-11-17,4.870000
1998-11-18,4.850000
1998-11-19,4.850000
1998-11-20,4.820000
1998-11-23,4.840000
1998-11-24,4.850000
1998-11-25,4.830000
1998-11-27,4.810000
1998-11-30,4.740000
1998-12-01,4.670000
1998-12-02,4.590000
1998-12-03,4.580000
1998-12-04,4.620000
1998-12-07,4.690000
1998-12-08,4.600000
1998-12-09,4.560000
1998-12-10,4.530000
1998-12-11,4.610000
1998-12-14,4.580000
1998-12-15,4.620000
1998-12-16,4.580000
1998-12-17,4.580000
1998-12-18,4.580000
1998-12-21,4.640000
1998-12-22,4.700000
1998-12-23,4.810000
1998-12-24,4.860000
1998-12-28,4.780000
1998-12-29,4.710000
1998-12-30,4.650000
1998-12-31,4.650000
1999-01-04,4.690000
1999-01-05,4.740000
1999-01-06,4.730000
1999-01-07,4.770000
1999-01-08,4.860000
1999-01-11,4.900000
1999-01-12,4.820000
1999-01-13,4.740000
1999-01-14,4.630000
1999-01-15,4.660000
1999-01-19,4.710000
1999-01-20,4.760000
1999-01-21,4.700000
1999-01-22,4.640000
1999-01-25,4.670000
1999-01-26,4.690000
1999-01-27,4.680000
1999-01-28,4.670000
1999-01-29,4.660000
1999-02-01,4.750000
1999-02-02,4.790000
1999-02-03,4.830000
1999-02-04,4.890000
1999-02-05,4.940000
1999-02-08,4.940000
1999-02-09,4.910000
1999-02-10,4.900000
1999-02-11,4.930000
1999-02-12,5.060000
1999-02-16,5.030000
1999-02-17,4.980000
1999-02-18,5.040000
1999-02-19,5.070000
1999-02-22,5.030000
1999-02-23,5.100000
1999-02-24,5.180000
1999-02-25,5.320000
1999-02-26,5.290000
1999-03-01,5.400000
1999-03-02,5.350000
1999-03-03,5.390000
1999-03-04,5.410000
1999-03-05,5.340000
1999-03-08,5.290000
1999-03-09,5.180000
1999-03-10,5.200000
1999-03-11,5.210000
1999-03-12,5.160000
1999-03-15,5.150000
1999-03-16,5.110000
1999-03-17,5.140000
1999-03-18,5.110000
1999-03-19,5.170000
1999-03-22,5.210000
1999-03-23,5.200000
1999-03-24,5.170000
1999-03-25,5.210000
1999-03-26,5.210000
1999-03-29,5.280000
1999-03-30,5.210000
1999-03-31,5.250000
1999-04-01,5.270000
1999-04-02,5.200000
1999-04-05,5.200000
1999-04-06,5.130000
1999-04-07,5.140000
1999-04-08,5.030000
1999-04-09,5.050000
1999-04-12,5.060000
1999-04-13,5.120000
1999-04-14,5.130000
1999-04-15,5.180000
1999-04-16,5.230000
1999-04-19,5.180000
1999-04-20,5.160000
1999-04-21,5.170000
1999-04-22,5.250000
1999-04-23,5.260000
1999-04-26,5.230000
1999-04-27,5.220000
1999-04-28,5.270000
1999-04-29,5.220000
1999-04-30,5.360000
1999-05-03,5.380000
1999-05-04,5.420000
1999-05-05,5.400000
1999-05-06,5.520000
1999-05-07,5.540000
1999-05-10,5.540000
1999-05-11,5.590000
1999-05-12,5.510000
1999-05-13,5.410000
1999-05-14,5.620000
1999-05-17,5.660000
1999-05-18,5.680000
1999-05-19,5.600000
1999-05-20,5.600000
1999-05-21,5.520000
1999-05-24,5.500000
1999-05-25,5.490000
1999-05-26,5.550000
1999-05-27,5.620000
1999-05-28,5.640000
1999-06-01,5.780000
1999-06-02,5.800000
1999-06-03,5.800000
1999-06-04,5.820000
1999-06-07,5.810000
1999-06-08,5.830000
1999-06-09,5.870000
1999-06-10,5.920000
1999-06-11,6.020000
1999-06-14,5.980000
1999-06-15,5.980000
1999-06-16,5.940000
1999-06-17,5.790000
1999-06-18,5.840000
1999-06-21,5.900000
1999-06-22,5.940000
1999-06-23,6.000000
1999-06-24,6.050000
1999-06-25,6.020000
1999-06-28,5.960000
1999-06-29,5.930000
1999-06-30,5.810000
1999-07-01,5.850000
1999-07-02,5.820000
1999-07-06,5.880000
1999-07-07,5.920000
1999-07-08,5.850000
1999-07-09,5.840000
1999-07-12,5.740000
1999-07-13,5.710000
1999-07-14,5.740000
1999-07-15,5.720000
1999-07-16,5.680000
1999-07-19,5.660000
1999-07-20,5.650000
1999-07-21,5.660000
1999-07-22,5.780000
1999-07-23,5.840000
1999-07-26,5.860000
1999-07-27,5.820000
1999-07-28,5.810000
1999-07-29,5.880000
1999-07-30,5.920000
1999-08-02,5.920000
1999-08-03,5.950000
1999-08-04,5.960000
1999-08-05,5.880000
1999-08-06,6.020000
1999-08-09,6.130000
1999-08-10,6.160000
1999-08-11,6.050000
1999-08-12,6.080000
1999-08-13,5.980000
1999-08-16,5.980000
1999-08-17,5.890000
1999-08-18,5.880000
1999-08-19,5.900000
1999-08-20,5.880000
1999-08-23,5.890000
1999-08-24,5.850000
1999-08-25,5.730000
1999-08-26,5.750000
1999-08-27,5.850000
1999-08-30,5.950000
1999-08-31,5.980000
1999-09-01,5.990000
1999-09-02,6.030000
1999-09-03,5.890000
1999-09-07,5.950000
1999-09-08,5.930000
1999-09-09,5.970000
1999-09-10,5.890000
1999-09-13,5.920000
1999-09-14,5.960000
1999-09-15,5.940000
1999-09-16,5.900000
1999-09-17,5.870000
1999-09-20,5.910000
1999-09-21,5.940000
1999-09-22,5.920000
1999-09-23,5.870000
1999-09-24,5.750000
1999-09-27,5.830000
1999-09-28,5.890000
1999-09-29,5.970000
1999-09-30,5.900000
1999-10-01,6.000000
1999-10-04,5.950000
1999-10-05,6.020000
1999-10-06,6.040000
1999-10-07,6.050000
1999-10-08,6.040000
1999-10-12,6.070000
1999-10-13,6.120000
1999-10-14,6.170000
1999-10-15,6.090000
1999-10-18,6.120000
1999-10-19,6.180000
1999-10-20,6.190000
1999-10-21,6.200000
1999-10-22,6.210000
1999-10-25,6.220000
1999-10-26,6.240000
1999-10-27,6.190000
1999-10-28,6.120000
1999-10-29,6.020000
1999-11-01,6.060000
1999-11-02,6.040000
1999-11-03,6.010000
1999-11-04,5.950000
1999-11-05,5.920000
1999-11-08,5.950000
1999-11-09,5.970000
1999-11-10,6.000000
1999-11-12,5.930000
1999-11-15,5.940000
1999-11-16,5.970000
1999-11-17,6.040000
1999-11-18,6.060000
1999-11-19,6.070000
1999-11-22,6.090000
1999-11-23,6.080000
1999-11-24,6.090000
1999-11-26,6.120000
1999-11-29,6.210000
1999-11-30,6.180000
1999-12-01,6.210000
1999-12-02,6.240000
1999-12-03,6.170000
1999-12-06,6.160000
1999-12-07,6.110000
1999-12-08,6.150000
1999-12-09,6.140000
1999-12-10,6.080000
1999-12-13,6.110000
1999-12-14,6.220000
1999-12-15,6.250000
1999-12-16,6.310000
1999-12-17,6.300000
1999-12-20,6.360000
1999-12-21,6.380000
1999-12-22,6.390000
1999-12-23,6.410000
1999-12-27,6.400000
1999-12-28,6.430000
1999-12-29,6.400000
1999-12-30,6.390000
1999-12-31,6.450000
2000-01-03,6.580000
2000-01-04,6.490000
2000-01-05,6.620000
2000-01-06,6.570000
2000-01-07,6.520000
2000-01-10,6.570000
2000-01-11,6.670000
2000-01-12,6.720000
2000-01-13,6.630000
2000-01-14,6.690000
2000-01-18,6.750000
2000-01-19,6.730000
2000-01-20,6.790000
2000-01-21,6.790000
2000-01-24,6.690000
2000-01-25,6.700000
2000-01-26,6.690000
2000-01-27,6.680000
2000-01-28,6.660000
2000-01-31,6.680000
2000-02-01,6.620000
2000-02-02,6.600000
2000-02-03,6.490000
2000-02-04,6.530000
2000-02-07,6.640000
2000-02-08,6.590000
2000-02-09,6.560000
2000-02-10,6.670000
2000-02-11,6.630000
2000-02-14,6.560000
2000-02-15,6.560000
2000-02-16,6.560000
2000-02-17,6.580000
2000-02-18,6.490000
2000-02-22,6.360000
2000-02-23,6.440000
2000-02-24,6.360000
2000-02-25,6.360000
2000-02-28,6.370000
2000-02-29,6.420000
2000-03-01,6.390000
2000-03-02,6.400000
2000-03-03,6.390000
2000-03-06,6.420000
2000-03-07,6.390000
2000-03-08,6.380000
2000-03-09,6.350000
2000-03-10,6.390000
2000-03-13,6.360000
2000-03-14,6.310000
2000-03-15,6.290000
2000-03-16,6.260000
2000-03-17,6.200000
2000-03-20,6.180000
2000-03-21,6.130000
2000-03-22,6.130000
2000-03-23,6.080000
2000-03-24,6.200000
2000-03-27,6.210000
2000-03-28,6.170000
2000-03-29,6.180000
2000-03-30,6.060000
2000-03-31,6.030000
2000-04-03,6.000000
2000-04-04,5.900000
2000-04-05,5.900000
2000-04-06,5.930000
2000-04-07,5.860000
2000-04-10,5.800000
2000-04-11,5.890000
2000-04-12,5.970000
2000-04-13,5.940000
2000-04-14,5.850000
2000-04-17,6.010000
2000-04-18,6.050000
2000-04-19,5.990000
2000-04-20,5.990000
2000-04-24,6.000000
2000-04-25,6.140000
2000-04-26,6.140000
2000-04-27,6.230000
2000-04-28,6.230000
2000-05-01,6.290000
2000-05-02,6.320000
2000-05-03,6.400000
2000-05-04,6.460000
2000-05-05,6.510000
2000-05-08,6.570000
2000-05-09,6.530000
2000-05-10,6.470000
2000-05-11,6.430000
2000-05-12,6.510000
2000-05-15,6.470000
2000-05-16,6.430000
2000-05-17,6.480000
2000-05-18,6.560000
2000-05-19,6.510000
2000-05-22,6.440000
2000-05-23,6.450000
2000-05-24,6.470000
2000-05-25,6.390000
2000-05-26,6.330000
2000-05-30,6.380000
2000-05-31,6.290000
2000-06-01,6.200000
2000-06-02,6.150000
2000-06-05,6.120000
2000-06-06,6.140000
2000-06-07,6.130000
2000-06-08,6.130000
2000-06-09,6.130000
2000-06-12,6.090000
2000-06-13,6.110000
2000-06-14,6.060000
2000-06-15,6.050000
2000-06-16,5.990000
2000-06-19,6.000000
2000-06-20,6.030000
2000-06-21,6.110000
2000-06-22,6.120000
2000-06-23,6.190000
2000-06-26,6.110000
2000-06-27,6.100000
2000-06-28,6.110000
2000-06-29,6.040000
2000-06-30,6.030000
2000-07-03,6.000000
2000-07-05,5.990000
2000-07-06,6.050000
2000-07-07,6.010000
2000-07-10,6.040000
2000-07-11,6.060000
2000-07-12,6.090000
2000-07-13,6.010000
2000-07-14,6.100000
2000-07-17,6.170000
2000-07-18,6.160000
2000-07-19,6.160000
2000-07-20,6.010000
2000-07-21,6.010000
2000-07-24,6.040000
2000-07-25,6.040000
2000-07-26,6.040000
2000-07-27,6.020000
2000-07-28,6.040000
2000-07-31,6.040000
2000-08-01,6.000000
2000-08-02,5.980000
2000-08-03,5.950000
2000-08-04,5.910000
2000-08-07,5.970000
2000-08-08,5.930000
2000-08-09,5.810000
2000-08-10,5.760000
2000-08-11,5.790000
2000-08-14,5.780000
2000-08-15,5.810000
2000-08-16,5.830000
2000-08-17,5.810000
2000-08-18,5.780000
2000-08-21,5.790000
2000-08-22,5.780000
2000-08-23,5.730000
2000-08-24,5.730000
2000-08-25,5.730000
2000-08-28,5.780000
2000-08-29,5.810000
2000-08-30,5.810000
2000-08-31,5.730000
2000-09-01,5.680000
2000-09-05,5.690000
2000-09-06,5.720000
2000-09-07,5.760000
2000-09-08,5.730000
2000-09-11,5.770000
2000-09-12,5.780000
2000-09-13,5.740000
2000-09-14,5.790000
2000-09-15,5.840000
2000-09-18,5.880000
2000-09-19,5.860000
2000-09-20,5.910000
2000-09-21,5.880000
2000-09-22,5.850000
2000-09-25,5.840000
2000-09-26,5.810000
2000-09-27,5.830000
2000-09-28,5.820000
2000-09-29,5.800000
2000-10-02,5.830000
2000-10-03,5.870000
2000-10-04,5.900000
2000-10-05,5.870000
2000-10-06,5.820000
2000-10-10,5.800000
2000-10-11,5.770000
2000-10-12,5.730000
2000-10-13,5.730000
2000-10-16,5.740000
2000-10-17,5.680000
2000-10-18,5.660000
2000-10-19,5.660000
2000-10-20,5.640000
2000-10-23,5.590000
2000-10-24,5.630000
2000-10-25,5.670000
2000-10-26,5.690000
2000-10-27,5.720000
2000-10-30,5.740000
2000-10-31,5.770000
2000-11-01,5.740000
2000-11-02,5.740000
2000-11-03,5.830000
2000-11-06,5.870000
2000-11-07,5.870000
2000-11-08,5.870000
2000-11-09,5.820000
2000-11-10,5.820000
2000-11-13,5.770000
2000-11-14,5.760000
2000-11-15,5.720000
2000-11-16,5.680000
2000-11-17,5.710000
2000-11-20,5.680000
2000-11-21,5.670000
2000-11-22,5.620000
2000-11-24,5.630000
2000-11-27,5.640000
2000-11-28,5.590000
2000-11-29,5.550000
2000-11-30,5.480000
2000-12-01,5.520000
2000-12-04,5.530000
2000-12-05,5.430000
2000-12-06,5.320000
2000-12-07,5.320000
2000-12-08,5.350000
2000-12-11,5.370000
2000-12-12,5.360000
2000-12-13,5.290000
2000-12-14,5.230000
2000-12-15,5.200000
2000-12-18,5.170000
2000-12-19,5.190000
2000-12-20,5.080000
2000-12-21,5.030000
2000-12-22,5.020000
2000-12-26,5.040000
2000-12-27,5.110000
2000-12-28,5.130000
2000-12-29,5.120000
2001-01-02,4.920000
2001-01-03,5.140000
2001-01-04,5.030000
2001-01-05,4.930000
2001-01-08,4.940000
2001-01-09,4.980000
2001-01-10,5.100000
2001-01-11,5.140000
2001-01-12,5.250000
2001-01-16,5.240000
2001-01-17,5.190000
2001-01-18,5.120000
2001-01-19,5.190000
2001-01-22,5.250000
2001-01-23,5.300000
2001-01-24,5.330000
2001-01-25,5.290000
2001-01-26,5.290000
2001-01-29,5.320000
2001-01-30,5.240000
2001-01-31,5.190000
2001-02-01,5.100000
2001-02-02,5.170000
2001-02-05,5.180000
2001-02-06,5.220000
2001-02-07,5.100000
2001-02-08,5.100000
2001-02-09,5.030000
2001-02-12,5.050000
2001-02-13,5.070000
2001-02-14,5.130000
2001-02-15,5.190000
2001-02-16,5.110000
2001-02-20,5.110000
2001-02-21,5.140000
2001-02-22,5.150000
2001-02-23,5.100000
2001-02-26,5.050000
2001-02-27,4.960000
2001-02-28,4.920000
2001-03-01,4.870000
2001-03-02,4.950000
2001-03-05,4.980000
2001-03-06,4.990000
2001-03-07,4.920000
2001-03-08,4.890000
2001-03-09,4.950000
2001-03-12,4.920000
2001-03-13,4.950000
2001-03-14,4.840000
2001-03-15,4.810000
2001-03-16,4.780000
2001-03-19,4.820000
2001-03-20,4.780000
2001-03-21,4.770000
2001-03-22,4.730000
2001-03-23,4.800000
2001-03-26,4.850000
2001-03-27,5.000000
2001-03-28,4.970000
2001-03-29,4.980000
2001-03-30,4.930000
2001-04-02,4.980000
2001-04-03,4.940000
2001-04-04,4.940000
2001-04-05,4.980000
2001-04-06,4.890000
2001-04-09,4.930000
2001-04-10,5.090000
2001-04-11,5.120000
2001-04-12,5.170000
2001-04-16,5.280000
2001-04-17,5.210000
2001-04-18,5.140000
2001-04-19,5.270000
2001-04-20,5.290000
2001-04-23,5.200000
2001-04-24,5.220000
2001-04-25,5.280000
2001-04-26,5.200000
2001-04-27,5.340000
2001-04-30,5.350000
2001-05-01,5.300000
2001-05-02,5.310000
2001-05-03,5.220000
2001-05-04,5.210000
2001-05-07,5.210000
2001-05-08,5.240000
2001-05-09,5.200000
2001-05-10,5.310000
2001-05-11,5.510000
2001-05-14,5.460000
2001-05-15,5.500000
2001-05-16,5.480000
2001-05-17,5.460000
2001-05-18,5.410000
2001-05-21,5.410000
2001-05-22,5.420000
2001-05-23,5.410000
2001-05-24,5.520000
2001-05-25,5.520000
2001-05-29,5.540000
2001-05-30,5.540000
2001-05-31,5.430000
2001-06-01,5.390000
2001-06-04,5.350000
2001-06-05,5.290000
2001-06-06,5.270000
2001-06-07,5.330000
2001-06-08,5.380000
2001-06-11,5.320000
2001-06-12,5.270000
2001-06-13,5.280000
2001-06-14,5.260000
2001-06-15,5.270000
2001-06-18,5.270000
2001-06-19,5.260000
2001-06-20,5.240000
2001-06-21,5.220000
2001-06-22,5.140000
2001-06-25,5.160000
2001-06-26,5.240000
2001-06-27,5.260000
2001-06-28,5.350000
2001-06-29,5.420000
2001-07-02,5.370000
2001-07-03,5.410000
2001-07-05,5.440000
2001-07-06,5.410000
2001-07-09,5.370000
2001-07-10,5.320000
2001-07-11,5.310000
2001-07-12,5.270000
2001-07-13,5.270000
2001-07-16,5.210000
2001-07-17,5.220000
2001-07-18,5.120000
2001-07-19,5.130000
2001-07-20,5.150000
2001-07-23,5.130000
2001-07-24,5.130000
2001-07-25,5.200000
2001-07-26,5.190000
2001-07-27,5.130000
2001-07-30,5.110000
2001-07-31,5.070000
2001-08-01,5.110000
2001-08-02,5.170000
2001-08-03,5.200000
2001-08-06,5.190000
2001-08-07,5.200000
2001-08-08,4.990000
2001-08-09,5.040000
2001-08-10,4.990000
2001-08-13,4.970000
2001-08-14,4.970000
2001-08-15,5.000000
2001-08-16,4.950000
2001-08-17,4.840000
2001-08-20,4.910000
2001-08-21,4.870000
2001-08-22,4.910000
2001-08-23,4.890000
2001-08-24,4.930000
2001-08-27,4.940000
2001-08-28,4.850000
2001-08-29,4.780000
2001-08-30,4.790000
2001-08-31,4.850000
2001-09-04,4.990000
2001-09-05,4.970000
2001-09-06,4.860000
2001-09-07,4.800000
2001-09-10,4.840000
2001-09-13,4.640000
2001-09-14,4.570000
2001-09-17,4.630000
2001-09-18,4.720000
2001-09-19,4.690000
2001-09-20,4.750000
2001-09-21,4.700000
2001-09-24,4.730000
2001-09-25,4.720000
2001-09-26,4.650000
2001-09-27,4.580000
2001-09-28,4.600000
2001-10-01,4.550000
2001-10-02,4.530000
2001-10-03,4.500000
2001-10-04,4.530000
2001-10-05,4.520000
2001-10-09,4.620000
2001-10-10,4.610000
2001-10-11,4.690000
2001-10-12,4.680000
2001-10-15,4.620000
2001-10-16,4.590000
2001-10-17,4.590000
2001-10-18,4.580000
2001-10-19,4.630000
2001-10-22,4.630000
2001-10-23,4.660000
2001-10-24,4.610000
2001-10-25,4.560000
2001-10-26,4.530000
2001-10-29,4.500000
2001-10-30,4.440000
2001-10-31,4.300000
2001-11-01,4.240000
2001-11-02,4.370000
2001-11-05,4.310000
2001-11-06,4.300000
2001-11-07,4.220000
2001-11-08,4.320000
2001-11-09,4.340000
2001-11-13,4.410000
2001-11-14,4.540000
2001-11-15,4.790000
2001-11-16,4.910000
2001-11-19,4.800000
2001-11-20,4.880000
2001-11-21,4.980000
2001-11-23,5.040000
2001-11-26,5.050000
2001-11-27,4.980000
2001-11-28,4.980000
2001-11-29,4.790000
2001-11-30,4.780000
2001-12-03,4.750000
2001-12-04,4.700000
2001-12-05,4.920000
2001-12-06,5.040000
2001-12-07,5.200000
2001-12-10,5.170000
2001-12-11,5.130000
2001-12-12,5.020000
2001-12-13,5.130000
2001-12-14,5.240000
2001-12-17,5.260000
2001-12-18,5.160000
2001-12-19,5.080000
2001-12-20,5.080000
2001-12-21,5.120000
2001-12-24,5.180000
2001-12-26,5.220000
2001-12-27,5.130000
2001-12-28,5.150000
2001-12-31,5.070000
2002-01-02,5.200000
2002-01-03,5.160000
2002-01-04,5.180000
2002-01-07,5.090000
2002-01-08,5.100000
2002-01-09,5.100000
2002-01-10,5.000000
2002-01-11,4.920000
2002-01-14,4.910000
2002-01-15,4.880000
2002-01-16,4.880000
2002-01-17,4.980000
2002-01-18,4.940000
2002-01-22,4.960000
2002-01-23,5.050000
2002-01-24,5.070000
2002-01-25,5.100000
2002-01-28,5.120000
2002-01-29,5.020000
2002-01-30,5.020000
2002-01-31,5.070000
2002-02-01,5.020000
2002-02-04,4.940000
2002-02-05,4.920000
2002-02-06,4.920000
2002-02-07,4.930000
2002-02-08,4.900000
2002-02-11,4.910000
2002-02-12,4.970000
2002-02-13,5.010000
2002-02-14,4.950000
2002-02-15,4.860000
2002-02-19,4.880000
2002-02-20,4.880000
2002-02-21,4.880000
2002-02-22,4.840000
2002-02-25,4.860000
2002-02-26,4.930000
2002-02-27,4.840000
2002-02-28,4.880000
2002-03-01,4.980000
2002-03-04,5.020000
2002-03-05,5.020000
2002-03-06,5.060000
2002-03-07,5.220000
2002-03-08,5.330000
2002-03-11,5.330000
2002-03-12,5.320000
2002-03-13,5.280000
2002-03-14,5.400000
2002-03-15,5.350000
2002-03-18,5.320000
2002-03-19,5.330000
2002-03-20,5.400000
2002-03-21,5.390000
2002-03-22,5.400000
2002-03-25,5.410000
2002-03-26,5.350000
2002-03-27,5.350000
2002-03-28,5.420000
2002-04-01,5.440000
2002-04-02,5.360000
2002-04-03,5.300000
2002-04-04,5.280000
2002-04-05,5.220000
2002-04-08,5.250000
2002-04-09,5.220000
2002-04-10,5.240000
2002-04-11,5.220000
2002-04-12,5.180000
2002-04-15,5.150000
2002-04-16,5.200000
2002-04-17,5.240000
2002-04-18,5.230000
2002-04-19,5.210000
2002-04-22,5.190000
2002-04-23,5.180000
2002-04-24,5.110000
2002-04-25,5.100000
2002-04-26,5.080000
2002-04-29,5.130000
2002-04-30,5.110000
2002-05-01,5.080000
2002-05-02,5.130000
2002-05-03,5.080000
2002-05-06,5.100000
2002-05-07,5.090000
2002-05-08,5.240000
2002-05-09,5.200000
2002-05-10,5.150000
2002-05-13,5.230000
2002-05-14,5.320000
2002-05-15,5.280000
2002-05-16,5.200000
2002-05-17,5.270000
2002-05-20,5.210000
2002-05-21,5.180000
2002-05-22,5.130000
2002-05-23,5.160000
2002-05-24,5.160000
2002-05-28,5.160000
2002-05-29,5.110000
2002-05-30,5.060000
2002-05-31,5.080000
2002-06-03,5.060000
2002-06-04,5.040000
2002-06-05,5.080000
2002-06-06,5.040000
2002-06-07,5.100000
2002-06-10,5.070000
2002-06-11,5.020000
2002-06-12,4.980000
2002-06-13,4.940000
2002-06-14,4.830000
2002-06-17,4.890000
2002-06-18,4.880000
2002-06-19,4.760000
2002-06-20,4.850000
2002-06-21,4.790000
2002-06-24,4.870000
2002-06-25,4.880000
2002-06-26,4.750000
2002-06-27,4.840000
2002-06-28,4.860000
2002-07-01,4.850000
2002-07-02,4.770000
2002-07-03,4.780000
2002-07-05,4.900000
2002-07-08,4.840000
2002-07-09,4.780000
2002-07-10,4.660000
2002-07-11,4.660000
2002-07-12,4.630000
2002-07-15,4.660000
2002-07-16,4.750000
2002-07-17,4.710000
2002-07-18,4.660000
2002-07-19,4.610000
2002-07-22,4.510000
2002-07-23,4.470000
2002-07-24,4.490000
2002-07-25,4.430000
2002-07-26,4.430000
2002-07-29,4.620000
2002-07-30,4.650000
2002-07-31,4.510000
2002-08-01,4.470000
2002-08-02,4.330000
2002-08-05,4.290000
2002-08-06,4.420000
2002-08-07,4.350000
2002-08-08,4.400000
2002-08-09,4.270000
2002-08-12,4.220000
2002-08-13,4.120000
2002-08-14,4.060000
2002-08-15,4.170000
2002-08-16,4.320000
2002-08-19,4.290000
2002-08-20,4.170000
2002-08-21,4.200000
2002-08-22,4.300000
2002-08-23,4.250000
2002-08-26,4.220000
2002-08-27,4.290000
2002-08-28,4.220000
2002-08-29,4.160000
2002-08-30,4.140000
2002-09-03,3.980000
2002-09-04,3.960000
2002-09-05,3.910000
2002-09-06,4.050000
2002-09-09,4.050000
2002-09-10,4.000000
2002-09-11,4.070000
2002-09-12,3.980000
2002-09-13,3.920000
2002-09-16,3.900000
2002-09-17,3.870000
2002-09-18,3.860000
2002-09-19,3.790000
2002-09-20,3.790000
2002-09-23,3.700000
2002-09-24,3.690000
2002-09-25,3.770000
2002-09-26,3.790000
2002-09-27,3.690000
2002-09-30,3.630000
2002-10-01,3.720000
2002-10-02,3.710000
2002-10-03,3.700000
2002-10-04,3.690000
2002-10-07,3.640000
2002-10-08,3.650000
2002-10-09,3.610000
2002-10-10,3.680000
2002-10-11,3.830000
2002-10-15,4.070000
2002-10-16,4.060000
2002-10-17,4.160000
2002-10-18,4.140000
2002-10-21,4.240000
2002-10-22,4.270000
2002-10-23,4.260000
2002-10-24,4.160000
2002-10-25,4.120000
2002-10-28,4.100000
2002-10-29,3.970000
2002-10-30,3.990000
2002-10-31,3.930000
2002-11-01,4.010000
2002-11-04,4.070000
2002-11-05,4.100000
2002-11-06,4.090000
2002-11-07,3.880000
2002-11-08,3.850000
2002-11-12,3.840000
2002-11-13,3.840000
2002-11-14,4.030000
2002-11-15,4.050000
2002-11-18,4.020000
2002-11-19,3.990000
2002-11-20,4.080000
2002-11-21,4.140000
2002-11-22,4.180000
2002-11-25,4.190000
2002-11-26,4.080000
2002-11-27,4.260000
2002-11-29,4.220000
2002-12-02,4.220000
2002-12-03,4.240000
2002-12-04,4.180000
2002-12-05,4.130000
2002-12-06,4.090000
2002-12-09,4.060000
2002-12-10,4.060000
2002-12-11,4.010000
2002-12-12,4.010000
2002-12-13,4.070000
2002-12-16,4.150000
2002-12-17,4.130000
2002-12-18,4.060000
2002-12-19,3.960000
2002-12-20,3.970000
2002-12-23,3.980000
2002-12-24,3.950000
2002-12-26,3.930000
2002-12-27,3.830000
2002-12-30,3.820000
2002-12-31,3.830000
2003-01-02,4.070000
2003-01-03,4.050000
2003-01-06,4.090000
2003-01-07,4.040000
2003-01-08,4.000000
2003-01-09,4.190000
2003-01-10,4.160000
2003-01-13,4.150000
2003-01-14,4.100000
2003-01-15,4.100000
2003-01-16,4.100000
2003-01-17,4.050000
2003-01-21,4.010000
2003-01-22,3.950000
2003-01-23,3.980000
2003-01-24,3.940000
2003-01-27,3.980000
2003-01-28,4.000000
2003-01-29,4.060000
2003-01-30,4.000000
2003-01-31,4.000000
2003-02-03,4.010000
2003-02-04,3.960000
2003-02-05,4.020000
2003-02-06,3.970000
2003-02-07,3.960000
2003-02-10,3.990000
2003-02-11,3.980000
2003-02-12,3.930000
2003-02-13,3.890000
2003-02-14,3.950000
2003-02-18,3.940000
2003-02-19,3.880000
2003-02-20,3.850000
2003-02-21,3.900000
2003-02-24,3.860000
2003-02-25,3.810000
2003-02-26,3.780000
2003-02-27,3.760000
2003-02-28,3.710000
2003-03-03,3.680000
2003-03-04,3.650000
2003-03-05,3.630000
2003-03-06,3.670000
2003-03-07,3.630000
2003-03-10,3.590000
2003-03-11,3.600000
2003-03-12,3.600000
2003-03-13,3.740000
2003-03-14,3.720000
2003-03-17,3.820000
2003-03-18,3.910000
2003-03-19,3.980000
2003-03-20,4.010000
2003-03-21,4.110000
2003-03-24,3.980000
2003-03-25,3.970000
2003-03-26,3.960000
2003-03-27,3.950000
2003-03-28,3.920000
2003-03-31,3.830000
2003-04-01,3.840000
2003-04-02,3.940000
2003-04-03,3.930000
2003-04-04,3.960000
2003-04-07,4.030000
2003-04-08,3.950000
2003-04-09,3.930000
2003-04-10,3.950000
2003-04-11,4.000000
2003-04-14,4.040000
2003-04-15,3.980000
2003-04-16,3.960000
2003-04-17,3.980000
2003-04-21,4.000000
2003-04-22,4.010000
2003-04-23,4.020000
2003-04-24,3.930000
2003-04-25,3.910000
2003-04-28,3.920000
2003-04-29,3.960000
2003-04-30,3.890000
2003-05-01,3.880000
2003-05-02,3.940000
2003-05-05,3.920000
2003-05-06,3.840000
2003-05-07,3.720000
2003-05-08,3.700000
2003-05-09,3.690000
2003-05-12,3.640000
2003-05-13,3.630000
2003-05-14,3.530000
2003-05-15,3.530000
2003-05-16,3.460000
2003-05-19,3.460000
2003-05-20,3.380000
2003-05-21,3.390000
2003-05-22,3.340000
2003-05-23,3.340000
2003-05-27,3.410000
2003-05-28,3.440000
2003-05-29,3.340000
2003-05-30,3.370000
2003-06-02,3.430000
2003-06-03,3.340000
2003-06-04,3.300000
2003-06-05,3.340000
2003-06-06,3.370000
2003-06-09,3.290000
2003-06-10,3.200000
2003-06-11,3.210000
2003-06-12,3.180000
2003-06-13,3.130000
2003-06-16,3.180000
2003-06-17,3.270000
2003-06-18,3.370000
2003-06-19,3.350000
2003-06-20,3.400000
2003-06-23,3.320000
2003-06-24,3.290000
2003-06-25,3.380000
2003-06-26,3.550000
2003-06-27,3.580000
2003-06-30,3.540000
2003-07-01,3.560000
2003-07-02,3.560000
2003-07-03,3.670000
2003-07-07,3.740000
2003-07-08,3.750000
2003-07-09,3.730000
2003-07-10,3.700000
2003-07-11,3.660000
2003-07-14,3.740000
2003-07-15,3.940000
2003-07-16,3.970000
2003-07-17,3.980000
2003-07-18,4.000000
2003-07-21,4.190000
2003-07-22,4.170000
2003-07-23,4.120000
2003-07-24,4.200000
2003-07-25,4.220000
2003-07-28,4.310000
2003-07-29,4.420000
2003-07-30,4.340000
2003-07-31,4.490000
2003-08-01,4.440000
2003-08-04,4.350000
2003-08-05,4.470000
2003-08-06,4.320000
2003-08-07,4.300000
2003-08-08,4.270000
2003-08-11,4.380000
2003-08-12,4.370000
2003-08-13,4.580000
2003-08-14,4.550000
2003-08-15,4.550000
2003-08-18,4.490000
2003-08-19,4.380000
2003-08-20,4.450000
2003-08-21,4.530000
2003-08-22,4.480000
2003-08-25,4.530000
2003-08-26,4.500000
2003-08-27,4.540000
2003-08-28,4.420000
2003-08-29,4.450000
2003-09-02,4.610000
2003-09-03,4.600000
2003-09-04,4.520000
2003-09-05,4.350000
2003-09-08,4.410000
2003-09-09,4.370000
2003-09-10,4.280000
2003-09-11,4.350000
2003-09-12,4.270000
2003-09-15,4.280000
2003-09-16,4.290000
2003-09-17,4.200000
2003-09-18,4.190000
2003-09-19,4.170000
2003-09-22,4.260000
2003-09-23,4.240000
2003-09-24,4.160000
2003-09-25,4.120000
2003-09-26,4.040000
2003-09-29,4.090000
2003-09-30,3.960000
2003-10-01,3.960000
2003-10-02,4.030000
2003-10-03,4.210000
2003-10-06,4.170000
2003-10-07,4.270000
2003-10-08,4.270000
2003-10-09,4.320000
2003-10-10,4.290000
2003-10-14,4.370000
2003-10-15,4.430000
2003-10-16,4.470000
2003-10-17,4.410000
2003-10-20,4.410000
2003-10-21,4.380000
2003-10-22,4.290000
2003-10-23,4.340000
2003-10-24,4.240000
2003-10-27,4.300000
2003-10-28,4.230000
2003-10-29,4.310000
2003-10-30,4.360000
2003-10-31,4.330000
2003-11-03,4.400000
2003-11-04,4.330000
2003-11-05,4.380000
2003-11-06,4.450000
2003-11-07,4.480000
2003-11-10,4.490000
2003-11-12,4.440000
2003-11-13,4.300000
2003-11-14,4.220000
2003-11-17,4.180000
2003-11-18,4.170000
2003-11-19,4.240000
2003-11-20,4.160000
2003-11-21,4.150000
2003-11-24,4.230000
2003-11-25,4.190000
2003-11-26,4.250000
2003-11-28,4.340000
2003-12-01,4.400000
2003-12-02,4.380000
2003-12-03,4.410000
2003-12-04,4.380000
2003-12-05,4.230000
2003-12-08,4.290000
2003-12-09,4.320000
2003-12-10,4.300000
2003-12-11,4.270000
2003-12-12,4.260000
2003-12-15,4.280000
2003-12-16,4.240000
2003-12-17,4.190000
2003-12-18,4.160000
2003-12-19,4.150000
2003-12-22,4.180000
2003-12-23,4.280000
2003-12-24,4.200000
2003-12-26,4.170000
2003-12-29,4.240000
2003-12-30,4.290000
2003-12-31,4.270000
2004-01-02,4.380000
2004-01-05,4.410000
2004-01-06,4.290000
2004-01-07,4.270000
2004-01-08,4.270000
2004-01-09,4.110000
2004-01-12,4.110000
2004-01-13,4.050000
2004-01-14,4.010000
2004-01-15,3.990000
2004-01-16,4.040000
2004-01-20,4.080000
2004-01-21,4.050000
2004-01-22,3.990000
2004-01-23,4.090000
2004-01-26,4.160000
2004-01-27,4.110000
2004-01-28,4.220000
2004-01-29,4.220000
2004-01-30,4.160000
2004-02-02,4.180000
2004-02-03,4.130000
2004-02-04,4.150000
2004-02-05,4.200000
2004-02-06,4.120000
2004-02-09,4.090000
2004-02-10,4.130000
2004-02-11,4.050000
2004-02-12,4.100000
2004-02-13,4.050000
2004-02-17,4.050000
2004-02-18,4.050000
2004-02-19,4.050000
2004-02-20,4.100000
2004-02-23,4.050000
2004-02-24,4.040000
2004-02-25,4.020000
2004-02-26,4.050000
2004-02-27,3.990000
2004-03-01,4.000000
2004-03-02,4.050000
2004-03-03,4.070000
2004-03-04,4.040000
2004-03-05,3.850000
2004-03-08,3.780000
2004-03-09,3.730000
2004-03-10,3.740000
2004-03-11,3.740000
2004-03-12,3.780000
2004-03-15,3.780000
2004-03-16,3.700000
2004-03-17,3.710000
2004-03-18,3.760000
2004-03-19,3.800000
2004-03-22,3.740000
2004-03-23,3.730000
2004-03-24,3.730000
2004-03-25,3.750000
2004-03-26,3.850000
2004-03-29,3.910000
2004-03-30,3.910000
2004-03-31,3.860000
2004-04-01,3.910000
2004-04-02,4.150000
2004-04-05,4.240000
2004-04-06,4.190000
2004-04-07,4.190000
2004-04-08,4.210000
2004-04-12,4.250000
2004-04-13,4.350000
2004-04-14,4.400000
2004-04-15,4.420000
2004-04-16,4.370000
2004-04-19,4.390000
2004-04-20,4.430000
2004-04-21,4.450000
2004-04-22,4.400000
2004-04-23,4.480000
2004-04-26,4.460000
2004-04-27,4.430000
2004-04-28,4.500000
2004-04-29,4.550000
2004-04-30,4.530000
2004-05-03,4.530000
2004-05-04,4.560000
2004-05-05,4.610000
2004-05-06,4.630000
2004-05-07,4.790000
2004-05-10,4.810000
2004-05-11,4.790000
2004-05-12,4.830000
2004-05-13,4.850000
2004-05-14,4.790000
2004-05-17,4.700000
2004-05-18,4.740000
2004-05-19,4.790000
2004-05-20,4.720000
2004-05-21,4.760000
2004-05-24,4.750000
2004-05-25,4.730000
2004-05-26,4.670000
2004-05-27,4.600000
2004-05-28,4.660000
2004-06-01,4.710000
2004-06-02,4.740000
2004-06-03,4.710000
2004-06-04,4.780000
2004-06-07,4.780000
2004-06-08,4.780000
2004-06-09,4.820000
2004-06-10,4.810000
2004-06-14,4.890000
2004-06-15,4.690000
2004-06-16,4.740000
2004-06-17,4.710000
2004-06-18,4.720000
2004-06-21,4.700000
2004-06-22,4.720000
2004-06-23,4.710000
2004-06-24,4.660000
2004-06-25,4.660000
2004-06-28,4.760000
2004-06-29,4.700000
2004-06-30,4.620000
2004-07-01,4.570000
2004-07-02,4.480000
2004-07-06,4.490000
2004-07-07,4.500000
2004-07-08,4.490000
2004-07-09,4.490000
2004-07-12,4.460000
2004-07-13,4.500000
2004-07-14,4.500000
2004-07-15,4.500000
2004-07-16,4.380000
2004-07-19,4.380000
2004-07-20,4.470000
2004-07-21,4.500000
2004-07-22,4.480000
2004-07-23,4.450000
2004-07-26,4.490000
2004-07-27,4.620000
2004-07-28,4.610000
2004-07-29,4.600000
2004-07-30,4.500000
2004-08-02,4.480000
2004-08-03,4.450000
2004-08-04,4.450000
2004-08-05,4.430000
2004-08-06,4.240000
2004-08-09,4.280000
2004-08-10,4.320000
2004-08-11,4.300000
2004-08-12,4.270000
2004-08-13,4.220000
2004-08-16,4.260000
2004-08-17,4.210000
2004-08-18,4.230000
2004-08-19,4.220000
2004-08-20,4.240000
2004-08-23,4.280000
2004-08-24,4.280000
2004-08-25,4.260000
2004-08-26,4.220000
2004-08-27,4.230000
2004-08-30,4.190000
2004-08-31,4.130000
2004-09-01,4.130000
2004-09-02,4.200000
2004-09-03,4.300000
2004-09-07,4.260000
2004-09-08,4.180000
2004-09-09,4.220000
2004-09-10,4.190000
2004-09-13,4.160000
2004-09-14,4.150000
2004-09-15,4.180000
2004-09-16,4.080000
2004-09-17,4.140000
2004-09-20,4.070000
2004-09-21,4.050000
2004-09-22,4.000000
2004-09-23,4.020000
2004-09-24,4.040000
2004-09-27,4.010000
2004-09-28,4.020000
2004-09-29,4.100000
2004-09-30,4.140000
2004-10-01,4.210000
2004-10-04,4.190000
2004-10-05,4.180000
2004-10-06,4.230000
2004-10-07,4.260000
2004-10-08,4.150000
2004-10-12,4.120000
2004-10-13,4.090000
2004-10-14,4.030000
2004-10-15,4.070000
2004-10-18,4.070000
2004-10-19,4.070000
2004-10-20,4.010000
2004-10-21,4.010000
2004-10-22,4.000000
2004-10-25,3.990000
2004-10-26,4.010000
2004-10-27,4.110000
2004-10-28,4.090000
2004-10-29,4.050000
2004-11-01,4.110000
2004-11-02,4.100000
2004-11-03,4.090000
2004-11-04,4.100000
2004-11-05,4.210000
2004-11-08,4.220000
2004-11-09,4.220000
2004-11-10,4.250000
2004-11-12,4.200000
2004-11-15,4.200000
2004-11-16,4.210000
2004-11-17,4.140000
2004-11-18,4.120000
2004-11-19,4.200000
2004-11-22,4.180000
2004-11-23,4.190000
2004-11-24,4.200000
2004-11-26,4.240000
2004-11-29,4.340000
2004-11-30,4.360000
2004-12-01,4.380000
2004-12-02,4.400000
2004-12-03,4.270000
2004-12-06,4.240000
2004-12-07,4.230000
2004-12-08,4.140000
2004-12-09,4.190000
2004-12-10,4.160000
2004-12-13,4.160000
2004-12-14,4.140000
2004-12-15,4.090000
2004-12-16,4.190000
2004-12-17,4.210000
2004-12-20,4.210000
2004-12-21,4.180000
2004-12-22,4.210000
2004-12-23,4.230000
2004-12-27,4.300000
2004-12-28,4.310000
2004-12-29,4.330000
2004-12-30,4.270000
2004-12-31,4.240000
2005-01-03,4.230000
2005-01-04,4.290000
2005-01-05,4.290000
2005-01-06,4.290000
2005-01-07,4.290000
2005-01-10,4.290000
2005-01-11,4.260000
2005-01-12,4.250000
2005-01-13,4.200000
2005-01-14,4.230000
2005-01-18,4.210000
2005-01-19,4.200000
2005-01-20,4.170000
2005-01-21,4.160000
2005-01-24,4.140000
2005-01-25,4.200000
2005-01-26,4.210000
2005-01-27,4.220000
2005-01-28,4.160000
2005-01-31,4.140000
2005-02-01,4.150000
2005-02-02,4.150000
2005-02-03,4.180000
2005-02-04,4.090000
2005-02-07,4.070000
2005-02-08,4.050000
2005-02-09,4.000000
2005-02-10,4.070000
2005-02-11,4.100000
2005-02-14,4.080000
2005-02-15,4.100000
2005-02-16,4.160000
2005-02-17,4.190000
2005-02-18,4.270000
2005-02-22,4.290000
2005-02-23,4.270000
2005-02-24,4.290000
2005-02-25,4.270000
2005-02-28,4.360000
2005-03-01,4.380000
2005-03-02,4.380000
2005-03-03,4.390000
2005-03-04,4.320000
2005-03-07,4.310000
2005-03-08,4.380000
2005-03-09,4.520000
2005-03-10,4.480000
2005-03-11,4.560000
2005-03-14,4.520000
2005-03-15,4.540000
2005-03-16,4.520000
2005-03-17,4.470000
2005-03-18,4.510000
2005-03-21,4.530000
2005-03-22,4.630000
2005-03-23,4.610000
2005-03-24,4.600000
2005-03-28,4.640000
2005-03-29,4.600000
2005-03-30,4.560000
2005-03-31,4.500000
2005-04-01,4.460000
2005-04-04,4.470000
2005-04-05,4.480000
2005-04-06,4.440000
2005-04-07,4.490000
2005-04-08,4.500000
2005-04-11,4.450000
2005-04-12,4.380000
2005-04-13,4.380000
2005-04-14,4.370000
2005-04-15,4.270000
2005-04-18,4.270000
2005-04-19,4.210000
2005-04-20,4.220000
2005-04-21,4.320000
2005-04-22,4.260000
2005-04-25,4.260000
2005-04-26,4.280000
2005-04-27,4.250000
2005-04-28,4.190000
2005-04-29,4.210000
2005-05-02,4.210000
2005-05-03,4.210000
2005-05-04,4.200000
2005-05-05,4.190000
2005-05-06,4.280000
2005-05-09,4.290000
2005-05-10,4.230000
2005-05-11,4.210000
2005-05-12,4.180000
2005-05-13,4.120000
2005-05-16,4.130000
2005-05-17,4.120000
2005-05-18,4.070000
2005-05-19,4.110000
2005-05-20,4.130000
2005-05-23,4.070000
2005-05-24,4.040000
2005-05-25,4.080000
2005-05-26,4.080000
2005-05-27,4.080000
2005-05-31,4.000000
2005-06-01,3.910000
2005-06-02,3.890000
2005-06-03,3.980000
2005-06-06,3.960000
2005-06-07,3.920000
2005-06-08,3.950000
2005-06-09,3.980000
2005-06-10,4.050000
2005-06-13,4.090000
2005-06-14,4.130000
2005-06-15,4.120000
2005-06-16,4.090000
2005-06-17,4.090000
2005-06-20,4.110000
2005-06-21,4.060000
2005-06-22,3.950000
2005-06-23,3.960000
2005-06-24,3.920000
2005-06-27,3.900000
2005-06-28,3.970000
2005-06-29,3.990000
2005-06-30,3.940000
2005-07-01,4.060000
2005-07-05,4.110000
2005-07-06,4.080000
2005-07-07,4.050000
2005-07-08,4.110000
2005-07-11,4.110000
2005-07-12,4.150000
2005-07-13,4.170000
2005-07-14,4.190000
2005-07-15,4.180000
2005-07-18,4.220000
2005-07-19,4.200000
2005-07-20,4.170000
2005-07-21,4.280000
2005-07-22,4.230000
2005-07-25,4.250000
2005-07-26,4.240000
2005-07-27,4.270000
2005-07-28,4.200000
2005-07-29,4.280000
2005-08-01,4.320000
2005-08-02,4.340000
2005-08-03,4.300000
2005-08-04,4.320000
2005-08-05,4.400000
2005-08-08,4.420000
2005-08-09,4.410000
2005-08-10,4.400000
2005-08-11,4.320000
2005-08-12,4.240000
2005-08-15,4.270000
2005-08-16,4.230000
2005-08-17,4.280000
2005-08-18,4.210000
2005-08-19,4.210000
2005-08-22,4.220000
2005-08-23,4.200000
2005-08-24,4.190000
2005-08-25,4.180000
2005-08-26,4.200000
2005-08-29,4.200000
2005-08-30,4.160000
2005-08-31,4.020000
2005-09-01,4.020000
2005-09-02,4.030000
2005-09-06,4.090000
2005-09-07,4.150000
2005-09-08,4.150000
2005-09-09,4.140000
2005-09-12,4.180000
2005-09-13,4.140000
2005-09-14,4.170000
2005-09-15,4.220000
2005-09-16,4.260000
2005-09-19,4.250000
2005-09-20,4.260000
2005-09-21,4.190000
2005-09-22,4.190000
2005-09-23,4.250000
2005-09-26,4.300000
2005-09-27,4.300000
2005-09-28,4.260000
2005-09-29,4.290000
2005-09-30,4.340000
2005-10-03,4.390000
2005-10-04,4.380000
2005-10-05,4.360000
2005-10-06,4.370000
2005-10-07,4.350000
2005-10-11,4.390000
2005-10-12,4.450000
2005-10-13,4.480000
2005-10-14,4.480000
2005-10-17,4.500000
2005-10-18,4.490000
2005-10-19,4.470000
2005-10-20,4.460000
2005-10-21,4.390000
2005-10-24,4.450000
2005-10-25,4.540000
2005-10-26,4.600000
2005-10-27,4.570000
2005-10-28,4.580000
2005-10-31,4.570000
2005-11-01,4.580000
2005-11-02,4.610000
2005-11-03,4.650000
2005-11-04,4.660000
2005-11-07,4.650000
2005-11-08,4.570000
2005-11-09,4.640000
2005-11-10,4.550000
2005-11-14,4.610000
2005-11-15,4.560000
2005-11-16,4.490000
2005-11-17,4.460000
2005-11-18,4.500000
2005-11-21,4.460000
2005-11-22,4.430000
2005-11-23,4.470000
2005-11-25,4.430000
2005-11-28,4.410000
2005-11-29,4.480000
2005-11-30,4.490000
2005-12-01,4.520000
2005-12-02,4.520000
2005-12-05,4.570000
2005-12-06,4.490000
2005-12-07,4.520000
2005-12-08,4.470000
2005-12-09,4.540000
2005-12-12,4.560000
2005-12-13,4.540000
2005-12-14,4.450000
2005-12-15,4.470000
2005-12-16,4.450000
2005-12-19,4.450000
2005-12-20,4.470000
2005-12-21,4.490000
2005-12-22,4.440000
2005-12-23,4.380000
2005-12-27,4.340000
2005-12-28,4.380000
2005-12-29,4.370000
2005-12-30,4.390000
2006-01-03,4.370000
2006-01-04,4.360000
2006-01-05,4.360000
2006-01-06,4.380000
2006-01-09,4.380000
2006-01-10,4.430000
2006-01-11,4.460000
2006-01-12,4.420000
2006-01-13,4.360000
2006-01-17,4.340000
2006-01-18,4.340000
2006-01-19,4.380000
2006-01-20,4.370000
2006-01-23,4.360000
2006-01-24,4.400000
2006-01-25,4.490000
2006-01-26,4.530000
2006-01-27,4.520000
2006-01-30,4.540000
2006-01-31,4.530000
2006-02-01,4.570000
2006-02-02,4.570000
2006-02-03,4.540000
2006-02-06,4.550000
2006-02-07,4.570000
2006-02-08,4.560000
2006-02-09,4.540000
2006-02-10,4.590000
2006-02-13,4.580000
2006-02-14,4.620000
2006-02-15,4.610000
2006-02-16,4.590000
2006-02-17,4.540000
2006-02-21,4.570000
2006-02-22,4.530000
2006-02-23,4.560000
2006-02-24,4.580000
2006-02-27,4.590000
2006-02-28,4.550000
2006-03-01,4.590000
2006-03-02,4.640000
2006-03-03,4.680000
2006-03-06,4.740000
2006-03-07,4.740000
2006-03-08,4.730000
2006-03-09,4.740000
2006-03-10,4.760000
2006-03-13,4.770000
2006-03-14,4.710000
2006-03-15,4.730000
2006-03-16,4.650000
2006-03-17,4.680000
2006-03-20,4.660000
2006-03-21,4.710000
2006-03-22,4.700000
2006-03-23,4.730000
2006-03-24,4.670000
2006-03-27,4.700000
2006-03-28,4.790000
2006-03-29,4.810000
2006-03-30,4.860000
2006-03-31,4.860000
2006-04-03,4.880000
2006-04-04,4.870000
2006-04-05,4.840000
2006-04-06,4.900000
2006-04-07,4.970000
2006-04-10,4.970000
2006-04-11,4.930000
2006-04-12,4.980000
2006-04-13,5.050000
2006-04-17,5.010000
2006-04-18,4.990000
2006-04-19,5.040000
2006-04-20,5.040000
2006-04-21,5.010000
2006-04-24,4.990000
2006-04-25,5.070000
2006-04-26,5.120000
2006-04-27,5.090000
2006-04-28,5.070000
2006-05-01,5.140000
2006-05-02,5.120000
2006-05-03,5.150000
2006-05-04,5.160000
2006-05-05,5.120000
2006-05-08,5.120000
2006-05-09,5.130000
2006-05-10,5.130000
2006-05-11,5.140000
2006-05-12,5.190000
2006-05-15,5.150000
2006-05-16,5.100000
2006-05-17,5.160000
2006-05-18,5.080000
2006-05-19,5.050000
2006-05-22,5.040000
2006-05-23,5.070000
2006-05-24,5.030000
2006-05-25,5.070000
2006-05-26,5.060000
2006-05-30,5.090000
2006-05-31,5.120000
2006-06-01,5.110000
2006-06-02,5.000000
2006-06-05,5.020000
2006-06-06,5.010000
2006-06-07,5.020000
2006-06-08,5.000000
2006-06-09,4.980000
2006-06-12,4.990000
2006-06-13,4.970000
2006-06-14,5.050000
2006-06-15,5.100000
2006-06-16,5.130000
2006-06-19,5.140000
2006-06-20,5.150000
2006-06-21,5.160000
2006-06-22,5.200000
2006-06-23,5.230000
2006-06-26,5.250000
2006-06-27,5.210000
2006-06-28,5.250000
2006-06-29,5.220000
2006-06-30,5.150000
2006-07-03,5.150000
2006-07-05,5.230000
2006-07-06,5.190000
2006-07-07,5.140000
2006-07-10,5.130000
2006-07-11,5.100000
2006-07-12,5.100000
2006-07-13,5.080000
2006-07-14,5.070000
2006-07-17,5.070000
2006-07-18,5.130000
2006-07-19,5.060000
2006-07-20,5.030000
2006-07-21,5.050000
2006-07-24,5.050000
2006-07-25,5.070000
2006-07-26,5.040000
2006-07-27,5.070000
2006-07-28,5.000000
2006-07-31,4.990000
2006-08-01,4.990000
2006-08-02,4.960000
2006-08-03,4.960000
2006-08-04,4.910000
2006-08-07,4.930000
2006-08-08,4.930000
2006-08-09,4.920000
2006-08-10,4.930000
2006-08-11,4.970000
2006-08-14,5.000000
2006-08-15,4.930000
2006-08-16,4.870000
2006-08-17,4.870000
2006-08-18,4.840000
2006-08-21,4.820000
2006-08-22,4.820000
2006-08-23,4.820000
2006-08-24,4.810000
2006-08-25,4.790000
2006-08-28,4.800000
2006-08-29,4.790000
2006-08-30,4.760000
2006-08-31,4.740000
2006-09-01,4.730000
2006-09-05,4.780000
2006-09-06,4.800000
2006-09-07,4.800000
2006-09-08,4.780000
2006-09-11,4.800000
2006-09-12,4.780000
2006-09-13,4.770000
2006-09-14,4.790000
2006-09-15,4.800000
2006-09-18,4.810000
2006-09-19,4.740000
2006-09-20,4.730000
2006-09-21,4.650000
2006-09-22,4.600000
2006-09-25,4.560000
2006-09-26,4.590000
2006-09-27,4.600000
2006-09-28,4.630000
2006-09-29,4.640000
2006-10-02,4.620000
2006-10-03,4.620000
2006-10-04,4.570000
2006-10-05,4.610000
2006-10-06,4.700000
2006-10-10,4.750000
2006-10-11,4.780000
2006-10-12,4.790000
2006-10-13,4.810000
2006-10-16,4.790000
2006-10-17,4.780000
2006-10-18,4.770000
2006-10-19,4.790000
2006-10-20,4.790000
2006-10-23,4.830000
2006-10-24,4.830000
2006-10-25,4.780000
2006-10-26,4.730000
2006-10-27,4.680000
2006-10-30,4.680000
2006-10-31,4.610000
2006-11-01,4.570000
2006-11-02,4.600000
2006-11-03,4.720000
2006-11-06,4.710000
2006-11-07,4.660000
2006-11-08,4.640000
2006-11-09,4.620000
2006-11-10,4.590000
2006-11-13,4.610000
2006-11-14,4.570000
2006-11-15,4.610000
2006-11-16,4.660000
2006-11-17,4.610000
2006-11-20,4.600000
2006-11-21,4.580000
2006-11-22,4.570000
2006-11-24,4.550000
2006-11-27,4.540000
2006-11-28,4.510000
2006-11-29,4.520000
2006-11-30,4.460000
2006-12-01,4.430000
2006-12-04,4.430000
2006-12-05,4.450000
2006-12-06,4.480000
2006-12-07,4.490000
2006-12-08,4.560000
2006-12-11,4.520000
2006-12-12,4.490000
2006-12-13,4.580000
2006-12-14,4.600000
2006-12-15,4.600000
2006-12-18,4.600000
2006-12-19,4.600000
2006-12-20,4.600000
2006-12-21,4.550000
2006-12-22,4.630000
2006-12-26,4.610000
2006-12-27,4.660000
2006-12-28,4.700000
2006-12-29,4.710000
2007-01-02,4.680000
2007-01-03,4.670000
2007-01-04,4.620000
2007-01-05,4.650000
2007-01-08,4.660000
2007-01-09,4.660000
2007-01-10,4.690000
2007-01-11,4.740000
2007-01-12,4.770000
2007-01-16,4.750000
2007-01-17,4.790000
2007-01-18,4.750000
2007-01-19,4.780000
2007-01-22,4.760000
2007-01-23,4.810000
2007-01-24,4.810000
2007-01-25,4.870000
2007-01-26,4.880000
2007-01-29,4.900000
2007-01-30,4.880000
2007-01-31,4.830000
2007-02-01,4.840000
2007-02-02,4.830000
2007-02-05,4.810000
2007-02-06,4.770000
2007-02-07,4.740000
2007-02-08,4.730000
2007-02-09,4.790000
2007-02-12,4.800000
2007-02-13,4.820000
2007-02-14,4.740000
2007-02-15,4.700000
2007-02-16,4.690000
2007-02-20,4.680000
2007-02-21,4.690000
2007-02-22,4.730000
2007-02-23,4.680000
2007-02-26,4.630000
2007-02-27,4.500000
2007-02-28,4.560000
2007-03-01,4.560000
2007-03-02,4.520000
2007-03-05,4.510000
2007-03-06,4.530000
2007-03-07,4.500000
2007-03-08,4.510000
2007-03-09,4.590000
2007-03-12,4.560000
2007-03-13,4.500000
2007-03-14,4.530000
2007-03-15,4.540000
2007-03-16,4.550000
2007-03-19,4.580000
2007-03-20,4.560000
2007-03-21,4.530000
2007-03-22,4.600000
2007-03-23,4.620000
2007-03-26,4.600000
2007-03-27,4.620000
2007-03-28,4.620000
2007-03-29,4.640000
2007-03-30,4.650000
2007-04-02,4.650000
2007-04-03,4.670000
2007-04-04,4.660000
2007-04-05,4.680000
2007-04-06,4.760000
2007-04-09,4.750000
2007-04-10,4.730000
2007-04-11,4.740000
2007-04-12,4.740000
2007-04-13,4.760000
2007-04-16,4.740000
2007-04-17,4.690000
2007-04-18,4.660000
2007-04-19,4.680000
2007-04-20,4.680000
2007-04-23,4.660000
2007-04-24,4.630000
2007-04-25,4.660000
2007-04-26,4.690000
2007-04-27,4.710000
2007-04-30,4.630000
2007-05-01,4.640000
2007-05-02,4.650000
2007-05-03,4.680000
2007-05-04,4.650000
2007-05-07,4.640000
2007-05-08,4.630000
2007-05-09,4.670000
2007-05-10,4.650000
2007-05-11,4.670000
2007-05-14,4.690000
2007-05-15,4.710000
2007-05-16,4.710000
2007-05-17,4.760000
2007-05-18,4.810000
2007-05-21,4.790000
2007-05-22,4.830000
2007-05-23,4.860000
2007-05-24,4.860000
2007-05-25,4.860000
2007-05-29,4.880000
2007-05-30,4.880000
2007-05-31,4.900000
2007-06-01,4.950000
2007-06-04,4.930000
2007-06-05,4.980000
2007-06-06,4.970000
2007-06-07,5.110000
2007-06-08,5.120000
2007-06-11,5.140000
2007-06-12,5.260000
2007-06-13,5.200000
2007-06-14,5.230000
2007-06-15,5.160000
2007-06-18,5.150000
2007-06-19,5.090000
2007-06-20,5.140000
2007-06-21,5.160000
2007-06-22,5.140000
2007-06-25,5.090000
2007-06-26,5.100000
2007-06-27,5.090000
2007-06-28,5.120000
2007-06-29,5.030000
2007-07-02,5.000000
2007-07-03,5.050000
2007-07-05,5.160000
2007-07-06,5.190000
2007-07-09,5.160000
2007-07-10,5.030000
2007-07-11,5.090000
2007-07-12,5.130000
2007-07-13,5.110000
2007-07-16,5.050000
2007-07-17,5.080000
2007-07-18,5.020000
2007-07-19,5.040000
2007-07-20,4.960000
2007-07-23,4.970000
2007-07-24,4.940000
2007-07-25,4.920000
2007-07-26,4.790000
2007-07-27,4.800000
2007-07-30,4.820000
2007-07-31,4.780000
2007-08-01,4.760000
2007-08-02,4.770000
2007-08-03,4.710000
2007-08-06,4.720000
2007-08-07,4.770000
2007-08-08,4.840000
2007-08-09,4.790000
2007-08-10,4.810000
2007-08-13,4.780000
2007-08-14,4.730000
2007-08-15,4.690000
2007-08-16,4.600000
2007-08-17,4.680000
2007-08-20,4.640000
2007-08-21,4.600000
2007-08-22,4.630000
2007-08-23,4.620000
2007-08-24,4.630000
2007-08-27,4.600000
2007-08-28,4.530000
2007-08-29,4.570000
2007-08-30,4.510000
2007-08-31,4.540000
2007-09-04,4.560000
2007-09-05,4.480000
2007-09-06,4.510000
2007-09-07,4.380000
2007-09-10,4.340000
2007-09-11,4.370000
2007-09-12,4.410000
2007-09-13,4.490000
2007-09-14,4.470000
2007-09-17,4.480000
2007-09-18,4.500000
2007-09-19,4.530000
2007-09-20,4.690000
2007-09-21,4.640000
2007-09-24,4.630000
2007-09-25,4.630000
2007-09-26,4.630000
2007-09-27,4.580000
2007-09-28,4.590000
2007-10-01,4.560000
2007-10-02,4.540000
2007-10-03,4.550000
2007-10-04,4.540000
2007-10-05,4.650000
2007-10-09,4.670000
2007-10-10,4.650000
2007-10-11,4.660000
2007-10-12,4.700000
2007-10-15,4.690000
2007-10-16,4.660000
2007-10-17,4.570000
2007-10-18,4.520000
2007-10-19,4.410000
2007-10-22,4.420000
2007-10-23,4.410000
2007-10-24,4.360000
2007-10-25,4.370000
2007-10-26,4.410000
2007-10-29,4.390000
2007-10-30,4.400000
2007-10-31,4.480000
2007-11-01,4.360000
2007-11-02,4.310000
2007-11-05,4.350000
2007-11-06,4.380000
2007-11-07,4.340000
2007-11-08,4.280000
2007-11-09,4.230000
2007-11-13,4.260000
2007-11-14,4.280000
2007-11-15,4.170000
2007-11-16,4.150000
2007-11-19,4.070000
2007-11-20,4.060000
2007-11-21,4.000000
2007-11-23,4.010000
2007-11-26,3.830000
2007-11-27,3.950000
2007-11-28,4.030000
2007-11-29,3.940000
2007-11-30,3.970000
2007-12-03,3.890000
2007-12-04,3.890000
2007-12-05,3.920000
2007-12-06,4.020000
2007-12-07,4.120000
2007-12-10,4.150000
2007-12-11,3.980000
2007-12-12,4.050000
2007-12-13,4.180000
2007-12-14,4.240000
2007-12-17,4.200000
2007-12-18,4.140000
2007-12-19,4.060000
2007-12-20,4.040000
2007-12-21,4.180000
2007-12-24,4.230000
2007-12-26,4.300000
2007-12-27,4.210000
2007-12-28,4.110000
2007-12-31,4.040000
2008-01-02,3.910000
2008-01-03,3.910000
2008-01-04,3.880000
2008-01-07,3.860000
2008-01-08,3.860000
2008-01-09,3.820000
2008-01-10,3.910000
2008-01-11,3.820000
2008-01-14,3.810000
2008-01-15,3.720000
2008-01-16,3.740000
2008-01-17,3.660000
2008-01-18,3.660000
2008-01-22,3.520000
2008-01-23,3.510000
2008-01-24,3.680000
2008-01-25,3.610000
2008-01-28,3.610000
2008-01-29,3.690000
2008-01-30,3.780000
2008-01-31,3.670000
2008-02-01,3.620000
2008-02-04,3.680000
2008-02-05,3.610000
2008-02-06,3.610000
2008-02-07,3.740000
2008-02-08,3.640000
2008-02-11,3.620000
2008-02-12,3.660000
2008-02-13,3.700000
2008-02-14,3.850000
2008-02-15,3.760000
2008-02-19,3.890000
2008-02-20,3.930000
2008-02-21,3.770000
2008-02-22,3.790000
2008-02-25,3.910000
2008-02-26,3.880000
2008-02-27,3.850000
2008-02-28,3.710000
2008-02-29,3.530000
2008-03-03,3.540000
2008-03-04,3.630000
2008-03-05,3.700000
2008-03-06,3.620000
2008-03-07,3.560000
2008-03-10,3.460000
2008-03-11,3.600000
2008-03-12,3.490000
2008-03-13,3.560000
2008-03-14,3.440000
2008-03-17,3.340000
2008-03-18,3.480000
2008-03-19,3.380000
2008-03-20,3.340000
2008-03-24,3.560000
2008-03-25,3.510000
2008-03-26,3.510000
2008-03-27,3.560000
2008-03-28,3.470000
2008-03-31,3.450000
2008-04-01,3.570000
2008-04-02,3.600000
2008-04-03,3.610000
2008-04-04,3.500000
2008-04-07,3.570000
2008-04-08,3.580000
2008-04-09,3.490000
2008-04-10,3.550000
2008-04-11,3.490000
2008-04-14,3.530000
2008-04-15,3.600000
2008-04-16,3.720000
2008-04-17,3.750000
2008-04-18,3.770000
2008-04-21,3.750000
2008-04-22,3.740000
2008-04-23,3.770000
2008-04-24,3.870000
2008-04-25,3.910000
2008-04-28,3.860000
2008-04-29,3.850000
2008-04-30,3.770000
2008-05-01,3.780000
2008-05-02,3.890000
2008-05-05,3.880000
2008-05-06,3.930000
2008-05-07,3.870000
2008-05-08,3.790000
2008-05-09,3.770000
2008-05-12,3.780000
2008-05-13,3.900000
2008-05-14,3.920000
2008-05-15,3.830000
2008-05-16,3.850000
2008-05-19,3.830000
2008-05-20,3.780000
2008-05-21,3.810000
2008-05-22,3.920000
2008-05-23,3.850000
2008-05-27,3.930000
2008-05-28,4.030000
2008-05-29,4.080000
2008-05-30,4.060000
2008-06-02,3.980000
2008-06-03,3.920000
2008-06-04,3.980000
2008-06-05,4.060000
2008-06-06,3.940000
2008-06-09,4.020000
2008-06-10,4.110000
2008-06-11,4.100000
2008-06-12,4.230000
2008-06-13,4.270000
2008-06-16,4.250000
2008-06-17,4.230000
2008-06-18,4.160000
2008-06-19,4.220000
2008-06-20,4.160000
2008-06-23,4.190000
2008-06-24,4.100000
2008-06-25,4.120000
2008-06-26,4.070000
2008-06-27,3.990000
2008-06-30,3.990000
2008-07-01,4.010000
2008-07-02,3.990000
2008-07-03,3.990000
2008-07-07,3.950000
2008-07-08,3.910000
2008-07-09,3.850000
2008-07-10,3.830000
2008-07-11,3.960000
2008-07-14,3.900000
2008-07-15,3.870000
2008-07-16,3.970000
2008-07-17,4.070000
2008-07-18,4.110000
2008-07-21,4.090000
2008-07-22,4.140000
2008-07-23,4.160000
2008-07-24,4.030000
2008-07-25,4.130000
2008-07-28,4.060000
2008-07-29,4.090000
2008-07-30,4.070000
2008-07-31,3.990000
2008-08-01,3.970000
2008-08-04,3.980000
2008-08-05,4.040000
2008-08-06,4.060000
2008-08-07,3.920000
2008-08-08,3.940000
2008-08-11,3.990000
2008-08-12,3.910000
2008-08-13,3.940000
2008-08-14,3.890000
2008-08-15,3.840000
2008-08-18,3.820000
2008-08-19,3.830000
2008-08-20,3.790000
2008-08-21,3.840000
2008-08-22,3.870000
2008-08-25,3.790000
2008-08-26,3.790000
2008-08-27,3.770000
2008-08-28,3.790000
2008-08-29,3.830000
2008-09-02,3.740000
2008-09-03,3.710000
2008-09-04,3.640000
2008-09-05,3.660000
2008-09-08,3.660000
2008-09-09,3.620000
2008-09-10,3.650000
2008-09-11,3.640000
2008-09-12,3.740000
2008-09-15,3.470000
2008-09-16,3.480000
2008-09-17,3.410000
2008-09-18,3.540000
2008-09-19,3.780000
2008-09-22,3.830000
2008-09-23,3.850000
2008-09-24,3.800000
2008-09-25,3.880000
2008-09-26,3.850000
2008-09-29,3.610000
2008-09-30,3.850000
2008-10-01,3.770000
2008-10-02,3.660000
2008-10-03,3.630000
2008-10-06,3.480000
2008-10-07,3.500000
2008-10-08,3.720000
2008-10-09,3.840000
2008-10-10,3.890000
2008-10-14,4.080000
2008-10-15,4.040000
2008-10-16,3.990000
2008-10-17,3.980000
2008-10-20,3.910000
2008-10-21,3.760000
2008-10-22,3.650000
2008-10-23,3.630000
2008-10-24,3.760000
2008-10-27,3.790000
2008-10-28,3.890000
2008-10-29,3.930000
2008-10-30,4.000000
2008-10-31,4.010000
2008-11-03,3.960000
2008-11-04,3.810000
2008-11-05,3.730000
2008-11-06,3.750000
2008-11-07,3.830000
2008-11-10,3.820000
2008-11-12,3.750000
2008-11-13,3.840000
2008-11-14,3.720000
2008-11-17,3.680000
2008-11-18,3.530000
2008-11-19,3.380000
2008-11-20,3.100000
2008-11-21,3.200000
2008-11-24,3.350000
2008-11-25,3.110000
2008-11-26,2.990000
2008-11-28,2.930000
2008-12-01,2.720000
2008-12-02,2.680000
2008-12-03,2.670000
2008-12-04,2.550000
2008-12-05,2.670000
2008-12-08,2.770000
2008-12-09,2.670000
2008-12-10,2.690000
2008-12-11,2.640000
2008-12-12,2.600000
2008-12-15,2.530000
2008-12-16,2.370000
2008-12-17,2.200000
2008-12-18,2.080000
2008-12-19,2.130000
2008-12-22,2.160000
2008-12-23,2.180000
2008-12-24,2.200000
2008-12-26,2.160000
2008-12-29,2.130000
2008-12-30,2.110000
2008-12-31,2.250000
2009-01-02,2.460000
2009-01-05,2.490000
2009-01-06,2.510000
2009-01-07,2.520000
2009-01-08,2.470000
2009-01-09,2.430000
2009-01-12,2.340000
2009-01-13,2.330000
2009-01-14,2.240000
2009-01-15,2.230000
2009-01-16,2.360000
2009-01-20,2.400000
2009-01-21,2.560000
2009-01-22,2.620000
2009-01-23,2.650000
2009-01-26,2.700000
2009-01-27,2.590000
2009-01-28,2.710000
2009-01-29,2.870000
2009-01-30,2.870000
2009-02-02,2.760000
2009-02-03,2.890000
2009-02-04,2.950000
2009-02-05,2.950000
2009-02-06,3.050000
2009-02-09,3.070000
2009-02-10,2.900000
2009-02-11,2.780000
2009-02-12,2.750000
2009-02-13,2.890000
2009-02-17,2.640000
2009-02-18,2.740000
2009-02-19,2.850000
2009-02-20,2.780000
2009-02-23,2.780000
2009-02-24,2.800000
2009-02-25,2.950000
2009-02-26,2.980000
2009-02-27,3.020000
2009-03-02,2.910000
2009-03-03,2.930000
2009-03-04,3.010000
2009-03-05,2.830000
2009-03-06,2.830000
2009-03-09,2.890000
2009-03-10,2.990000
2009-03-11,2.950000
2009-03-12,2.890000
2009-03-13,2.890000
2009-03-16,2.970000
2009-03-17,3.020000
2009-03-18,2.510000
2009-03-19,2.610000
2009-03-20,2.650000
2009-03-23,2.680000
2009-03-24,2.680000
2009-03-25,2.810000
2009-03-26,2.760000
2009-03-27,2.780000
2009-03-30,2.730000
2009-03-31,2.710000
2009-04-01,2.680000
2009-04-02,2.770000
2009-04-03,2.910000
2009-04-06,2.950000
2009-04-07,2.930000
2009-04-08,2.860000
2009-04-09,2.960000
2009-04-13,2.880000
2009-04-14,2.800000
2009-04-15,2.820000
2009-04-16,2.860000
2009-04-17,2.980000
2009-04-20,2.880000
2009-04-21,2.940000
2009-04-22,2.980000
2009-04-23,2.960000
2009-04-24,3.030000
2009-04-27,2.950000
2009-04-28,3.050000
2009-04-29,3.120000
2009-04-30,3.160000
2009-05-01,3.210000
2009-05-04,3.190000
2009-05-05,3.200000
2009-05-06,3.180000
2009-05-07,3.290000
2009-05-08,3.290000
2009-05-11,3.170000
2009-05-12,3.170000
2009-05-13,3.110000
2009-05-14,3.100000
2009-05-15,3.140000
2009-05-18,3.220000
2009-05-19,3.250000
2009-05-20,3.190000
2009-05-21,3.350000
2009-05-22,3.450000
2009-05-26,3.500000
2009-05-27,3.710000
2009-05-28,3.670000
2009-05-29,3.470000
2009-06-01,3.710000
2009-06-02,3.650000
2009-06-03,3.560000
2009-06-04,3.720000
2009-06-05,3.840000
2009-06-08,3.910000
2009-06-09,3.860000
2009-06-10,3.980000
2009-06-11,3.880000
2009-06-12,3.810000
2009-06-15,3.760000
2009-06-16,3.670000
2009-06-17,3.680000
2009-06-18,3.860000
2009-06-19,3.790000
2009-06-22,3.720000
2009-06-23,3.650000
2009-06-24,3.720000
2009-06-25,3.550000
2009-06-26,3.520000
2009-06-29,3.510000
2009-06-30,3.530000
2009-07-01,3.550000
2009-07-02,3.510000
2009-07-06,3.520000
2009-07-07,3.470000
2009-07-08,3.330000
2009-07-09,3.440000
2009-07-10,3.320000
2009-07-13,3.380000
2009-07-14,3.500000
2009-07-15,3.630000
2009-07-16,3.590000
2009-07-17,3.670000
2009-07-20,3.610000
2009-07-21,3.500000
2009-07-22,3.580000
2009-07-23,3.720000
2009-07-24,3.700000
2009-07-27,3.750000
2009-07-28,3.720000
2009-07-29,3.690000
2009-07-30,3.670000
2009-07-31,3.520000
2009-08-03,3.660000
2009-08-04,3.700000
2009-08-05,3.800000
2009-08-06,3.790000
2009-08-07,3.890000
2009-08-10,3.800000
2009-08-11,3.710000
2009-08-12,3.720000
2009-08-13,3.590000
2009-08-14,3.550000
2009-08-17,3.480000
2009-08-18,3.510000
2009-08-19,3.450000
2009-08-20,3.420000
2009-08-21,3.560000
2009-08-24,3.480000
2009-08-25,3.450000
2009-08-26,3.440000
2009-08-27,3.470000
2009-08-28,3.460000
2009-08-31,3.400000
2009-09-01,3.380000
2009-09-02,3.290000
2009-09-03,3.330000
2009-09-04,3.450000
2009-09-08,3.470000
2009-09-09,3.480000
2009-09-10,3.360000
2009-09-11,3.340000
2009-09-14,3.420000
2009-09-15,3.470000
2009-09-16,3.480000
2009-09-17,3.420000
2009-09-18,3.490000
2009-09-21,3.490000
2009-09-22,3.460000
2009-09-23,3.440000
2009-09-24,3.400000
2009-09-25,3.340000
2009-09-28,3.310000
2009-09-29,3.310000
2009-09-30,3.310000
2009-10-01,3.210000
2009-10-02,3.240000
2009-10-05,3.240000
2009-10-06,3.270000
2009-10-07,3.210000
2009-10-08,3.270000
2009-10-09,3.400000
2009-10-13,3.340000
2009-10-14,3.450000
2009-10-15,3.490000
2009-10-16,3.430000
2009-10-19,3.410000
2009-10-20,3.350000
2009-10-21,3.420000
2009-10-22,3.440000
2009-10-23,3.510000
2009-10-26,3.590000
2009-10-27,3.490000
2009-10-28,3.440000
2009-10-29,3.530000
2009-10-30,3.410000
2009-11-02,3.450000
2009-11-03,3.500000
2009-11-04,3.570000
2009-11-05,3.570000
2009-11-06,3.540000
2009-11-09,3.520000
2009-11-10,3.500000
2009-11-12,3.450000
2009-11-13,3.430000
2009-11-16,3.330000
2009-11-17,3.330000
2009-11-18,3.360000
2009-11-19,3.350000
2009-11-20,3.360000
2009-11-23,3.370000
2009-11-24,3.320000
2009-11-25,3.280000
2009-11-27,3.210000
2009-11-30,3.210000
2009-12-01,3.280000
2009-12-02,3.320000
2009-12-03,3.390000
2009-12-04,3.480000
2009-12-07,3.440000
2009-12-08,3.400000
2009-12-09,3.450000
2009-12-10,3.490000
2009-12-11,3.550000
2009-12-14,3.560000
2009-12-15,3.600000
2009-12-16,3.610000
2009-12-17,3.500000
2009-12-18,3.550000
2009-12-21,3.690000
2009-12-22,3.760000
2009-12-23,3.770000
2009-12-24,3.820000
2009-12-28,3.850000
2009-12-29,3.820000
2009-12-30,3.800000
2009-12-31,3.850000
2010-01-04,3.850000
2010-01-05,3.770000
2010-01-06,3.850000
2010-01-07,3.850000
2010-01-08,3.830000
2010-01-11,3.850000
2010-01-12,3.740000
2010-01-13,3.800000
2010-01-14,3.760000
2010-01-15,3.700000
2010-01-19,3.730000
2010-01-20,3.680000
2010-01-21,3.620000
2010-01-22,3.620000
2010-01-25,3.660000
2010-01-26,3.650000
2010-01-27,3.660000
2010-01-28,3.680000
2010-01-29,3.630000
2010-02-01,3.680000
2010-02-02,3.670000
2010-02-03,3.730000
2010-02-04,3.620000
2010-02-05,3.590000
2010-02-08,3.620000
2010-02-09,3.670000
2010-02-10,3.720000
2010-02-11,3.730000
2010-02-12,3.690000
2010-02-16,3.660000
2010-02-17,3.740000
2010-02-18,3.790000
2010-02-19,3.780000
2010-02-22,3.800000
2010-02-23,3.690000
2010-02-24,3.700000
2010-02-25,3.640000
2010-02-26,3.610000
2010-03-01,3.610000
2010-03-02,3.620000
2010-03-03,3.630000
2010-03-04,3.610000
2010-03-05,3.690000
2010-03-08,3.720000
2010-03-09,3.710000
2010-03-10,3.730000
2010-03-11,3.730000
2010-03-12,3.710000
2010-03-15,3.710000
2010-03-16,3.660000
2010-03-17,3.650000
2010-03-18,3.680000
2010-03-19,3.700000
2010-03-22,3.670000
2010-03-23,3.690000
2010-03-24,3.840000
2010-03-25,3.910000
2010-03-26,3.860000
2010-03-29,3.880000
2010-03-30,3.880000
2010-03-31,3.840000
2010-04-01,3.890000
2010-04-02,3.960000
2010-04-05,4.010000
2010-04-06,3.980000
2010-04-07,3.890000
2010-04-08,3.910000
2010-04-09,3.900000
2010-04-12,3.870000
2010-04-13,3.840000
2010-04-14,3.880000
2010-04-15,3.860000
2010-04-16,3.790000
2010-04-19,3.830000
2010-04-20,3.820000
2010-04-21,3.770000
2010-04-22,3.800000
2010-04-23,3.840000
2010-04-26,3.830000
2010-04-27,3.710000
2010-04-28,3.800000
2010-04-29,3.760000
2010-04-30,3.690000
2010-05-03,3.720000
2010-05-04,3.630000
2010-05-05,3.580000
2010-05-06,3.410000
2010-05-07,3.450000
2010-05-10,3.570000
2010-05-11,3.560000
2010-05-12,3.560000
2010-05-13,3.550000
2010-05-14,3.440000
2010-05-17,3.470000
2010-05-18,3.380000
2010-05-19,3.360000
2010-05-20,3.250000
2010-05-21,3.200000
2010-05-24,3.230000
2010-05-25,3.180000
2010-05-26,3.210000
2010-05-27,3.340000
2010-05-28,3.310000
2010-06-01,3.290000
2010-06-02,3.350000
2010-06-03,3.390000
2010-06-04,3.200000
2010-06-07,3.170000
2010-06-08,3.180000
2010-06-09,3.200000
2010-06-10,3.330000
2010-06-11,3.240000
2010-06-14,3.280000
2010-06-15,3.320000
2010-06-16,3.270000
2010-06-17,3.210000
2010-06-18,3.240000
2010-06-21,3.260000
2010-06-22,3.180000
2010-06-23,3.130000
2010-06-24,3.140000
2010-06-25,3.120000
2010-06-28,3.050000
2010-06-29,2.970000
2010-06-30,2.970000
2010-07-01,2.960000
2010-07-02,3.000000
2010-07-06,2.950000
2010-07-07,3.000000
2010-07-08,3.040000
2010-07-09,3.070000
2010-07-12,3.080000
2010-07-13,3.150000
2010-07-14,3.070000
2010-07-15,3.000000
2010-07-16,2.960000
2010-07-19,2.990000
2010-07-20,2.980000
2010-07-21,2.900000
2010-07-22,2.960000
2010-07-23,3.020000
2010-07-26,3.030000
2010-07-27,3.080000
2010-07-28,3.030000
2010-07-29,3.030000
2010-07-30,2.940000
2010-08-02,2.990000
2010-08-03,2.940000
2010-08-04,2.980000
2010-08-05,2.940000
2010-08-06,2.860000
2010-08-09,2.860000
2010-08-10,2.790000
2010-08-11,2.720000
2010-08-12,2.740000
2010-08-13,2.680000
2010-08-16,2.580000
2010-08-17,2.640000
2010-08-18,2.640000
2010-08-19,2.580000
2010-08-20,2.620000
2010-08-23,2.600000
2010-08-24,2.500000
2010-08-25,2.540000
2010-08-26,2.500000
2010-08-27,2.660000
2010-08-30,2.540000
2010-08-31,2.470000
2010-09-01,2.580000
2010-09-02,2.630000
2010-09-03,2.720000
2010-09-07,2.610000
2010-09-08,2.660000
2010-09-09,2.770000
2010-09-10,2.810000
2010-09-13,2.740000
2010-09-14,2.680000
2010-09-15,2.740000
2010-09-16,2.770000
2010-09-17,2.750000
2010-09-20,2.720000
2010-09-21,2.610000
2010-09-22,2.560000
2010-09-23,2.560000
2010-09-24,2.620000
2010-09-27,2.540000
2010-09-28,2.480000
2010-09-29,2.520000
2010-09-30,2.530000
2010-10-01,2.540000
2010-10-04,2.500000
2010-10-05,2.500000
2010-10-06,2.410000
2010-10-07,2.410000
2010-10-08,2.410000
2010-10-12,2.440000
2010-10-13,2.460000
2010-10-14,2.520000
2010-10-15,2.590000
2010-10-18,2.520000
2010-10-19,2.500000
2010-10-20,2.510000
2010-10-21,2.570000
2010-10-22,2.590000
2010-10-25,2.590000
2010-10-26,2.670000
2010-10-27,2.750000
2010-10-28,2.690000
2010-10-29,2.630000
2010-11-01,2.660000
2010-11-02,2.630000
2010-11-03,2.670000
2010-11-04,2.530000
2010-11-05,2.580000
2010-11-08,2.600000
2010-11-09,2.720000
2010-11-10,2.650000
2010-11-12,2.760000
2010-11-15,2.920000
2010-11-16,2.850000
2010-11-17,2.890000
2010-11-18,2.900000
2010-11-19,2.880000
2010-11-22,2.800000
2010-11-23,2.770000
2010-11-24,2.930000
2010-11-26,2.870000
2010-11-29,2.840000
2010-11-30,2.810000
2010-12-01,2.970000
2010-12-02,3.010000
2010-12-03,3.030000
2010-12-06,2.950000
2010-12-07,3.150000
2010-12-08,3.260000
2010-12-09,3.230000
2010-12-10,3.320000
2010-12-13,3.290000
2010-12-14,3.490000
2010-12-15,3.530000
2010-12-16,3.470000
2010-12-17,3.330000
2010-12-20,3.360000
2010-12-21,3.350000
2010-12-22,3.360000
2010-12-23,3.410000
2010-12-27,3.360000
2010-12-28,3.500000
2010-12-29,3.350000
2010-12-30,3.380000
2010-12-31,3.300000
2011-01-03,3.360000
2011-01-04,3.360000
2011-01-05,3.500000
2011-01-06,3.440000
2011-01-07,3.340000
2011-01-10,3.320000
2011-01-11,3.370000
2011-01-12,3.400000
2011-01-13,3.340000
2011-01-14,3.350000
2011-01-18,3.390000
2011-01-19,3.370000
2011-01-20,3.470000
2011-01-21,3.440000
2011-01-24,3.430000
2011-01-25,3.350000
2011-01-26,3.450000
2011-01-27,3.420000
2011-01-28,3.360000
2011-01-31,3.420000
2011-02-01,3.480000
2011-02-02,3.520000
2011-02-03,3.580000
2011-02-04,3.680000
2011-02-07,3.680000
2011-02-08,3.750000
2011-02-09,3.650000
2011-02-10,3.700000
2011-02-11,3.640000
2011-02-14,3.620000
2011-02-15,3.610000
2011-02-16,3.620000
2011-02-17,3.580000
2011-02-18,3.590000
2011-02-22,3.460000
2011-02-23,3.490000
2011-02-24,3.460000
2011-02-25,3.420000
2011-02-28,3.420000
2011-03-01,3.410000
2011-03-02,3.460000
2011-03-03,3.580000
2011-03-04,3.490000
2011-03-07,3.510000
2011-03-08,3.560000
2011-03-09,3.480000
2011-03-10,3.370000
2011-03-11,3.400000
2011-03-14,3.360000
2011-03-15,3.330000
2011-03-16,3.220000
2011-03-17,3.250000
2011-03-18,3.280000
2011-03-21,3.340000
2011-03-22,3.340000
2011-03-23,3.360000
2011-03-24,3.420000
2011-03-25,3.460000
2011-03-28,3.470000
2011-03-29,3.500000
2011-03-30,3.470000
2011-03-31,3.470000
2011-04-01,3.460000
2011-04-04,3.450000
2011-04-05,3.500000
2011-04-06,3.560000
2011-04-07,3.580000
2011-04-08,3.590000
2011-04-11,3.590000
2011-04-12,3.520000
2011-04-13,3.490000
2011-04-14,3.510000
2011-04-15,3.430000
2011-04-18,3.400000
2011-04-19,3.390000
2011-04-20,3.430000
2011-04-21,3.420000
2011-04-25,3.390000
2011-04-26,3.340000
2011-04-27,3.390000
2011-04-28,3.340000
2011-04-29,3.320000
2011-05-02,3.310000
2011-05-03,3.280000
2011-05-04,3.250000
2011-05-05,3.180000
2011-05-06,3.190000
2011-05-09,3.170000
2011-05-10,3.230000
2011-05-11,3.190000
2011-05-12,3.220000
2011-05-13,3.180000
2011-05-16,3.150000
2011-05-17,3.120000
2011-05-18,3.180000
2011-05-19,3.170000
2011-05-20,3.150000
2011-05-23,3.130000
2011-05-24,3.120000
2011-05-25,3.130000
2011-05-26,3.070000
2011-05-27,3.070000
2011-05-31,3.050000
2011-06-01,2.960000
2011-06-02,3.040000
2011-06-03,2.990000
2011-06-06,3.010000
2011-06-07,3.010000
2011-06-08,2.980000
2011-06-09,3.010000
2011-06-10,2.990000
2011-06-13,3.000000
2011-06-14,3.110000
2011-06-15,2.980000
2011-06-16,2.930000
2011-06-17,2.940000
2011-06-20,2.970000
2011-06-21,2.990000
2011-06-22,3.010000
2011-06-23,2.930000
2011-06-24,2.880000
2011-06-27,2.950000
2011-06-28,3.050000
2011-06-29,3.140000
2011-06-30,3.180000
2011-07-01,3.220000
2011-07-05,3.160000
2011-07-06,3.120000
2011-07-07,3.170000
2011-07-08,3.030000
2011-07-11,2.940000
2011-07-12,2.920000
2011-07-13,2.920000
2011-07-14,2.980000
2011-07-15,2.940000
2011-07-18,2.940000
2011-07-19,2.910000
2011-07-20,2.960000
2011-07-21,3.030000
2011-07-22,2.990000
2011-07-25,3.030000
2011-07-26,2.990000
2011-07-27,3.010000
2011-07-28,2.980000
2011-07-29,2.820000
2011-08-01,2.770000
2011-08-02,2.660000
2011-08-03,2.640000
2011-08-04,2.470000
2011-08-05,2.580000
2011-08-08,2.400000
2011-08-09,2.200000
2011-08-10,2.170000
2011-08-11,2.340000
2011-08-12,2.240000
2011-08-15,2.290000
2011-08-16,2.230000
2011-08-17,2.170000
2011-08-18,2.080000
2011-08-19,2.070000
2011-08-22,2.100000
2011-08-23,2.150000
2011-08-24,2.290000
2011-08-25,2.230000
2011-08-26,2.190000
2011-08-29,2.280000
2011-08-30,2.190000
2011-08-31,2.230000
2011-09-01,2.150000
2011-09-02,2.020000
2011-09-06,1.980000
2011-09-07,2.050000
2011-09-08,2.000000
2011-09-09,1.930000
2011-09-12,1.940000
2011-09-13,2.000000
2011-09-14,2.030000
2011-09-15,2.090000
2011-09-16,2.080000
2011-09-19,1.970000
2011-09-20,1.950000
2011-09-21,1.880000
2011-09-22,1.720000
2011-09-23,1.840000
2011-09-26,1.910000
2011-09-27,2.000000
2011-09-28,2.030000
2011-09-29,1.990000
2011-09-30,1.920000
2011-10-03,1.800000
2011-10-04,1.810000
2011-10-05,1.920000
2011-10-06,2.010000
2011-10-07,2.100000
2011-10-11,2.180000
2011-10-12,2.240000
2011-10-13,2.190000
2011-10-14,2.260000
2011-10-17,2.180000
2011-10-18,2.190000
2011-10-19,2.180000
2011-10-20,2.200000
2011-10-21,2.230000
2011-10-24,2.250000
2011-10-25,2.140000
2011-10-26,2.230000
2011-10-27,2.420000
2011-10-28,2.340000
2011-10-31,2.170000
2011-11-01,2.010000
2011-11-02,2.030000
2011-11-03,2.090000
2011-11-04,2.060000
2011-11-07,2.040000
2011-11-08,2.100000
2011-11-09,2.000000
2011-11-10,2.040000
2011-11-14,2.040000
2011-11-15,2.060000
2011-11-16,2.010000
2011-11-17,1.960000
2011-11-18,2.010000
2011-11-21,1.970000
2011-11-22,1.940000
2011-11-23,1.890000
2011-11-25,1.970000
2011-11-28,1.970000
2011-11-29,2.000000
2011-11-30,2.080000
2011-12-01,2.110000
2011-12-02,2.050000
2011-12-05,2.040000
2011-12-06,2.080000
2011-12-07,2.020000
2011-12-08,1.990000
2011-12-09,2.070000
2011-12-12,2.030000
2011-12-13,1.960000
2011-12-14,1.920000
2011-12-15,1.920000
2011-12-16,1.860000
2011-12-19,1.820000
2011-12-20,1.940000
2011-12-21,1.980000
2011-12-22,1.970000
2011-12-23,2.030000
2011-12-27,2.020000
2011-12-28,1.930000
2011-12-29,1.910000
2011-12-30,1.890000
2012-01-03,1.970000
2012-01-04,2.000000
2012-01-05,2.020000
2012-01-06,1.980000
2012-01-09,1.980000
2012-01-10,2.000000
2012-01-11,1.930000
2012-01-12,1.940000
2012-01-13,1.890000
2012-01-17,1.870000
2012-01-18,1.920000
2012-01-19,2.010000
2012-01-20,2.050000
2012-01-23,2.090000
2012-01-24,2.080000
2012-01-25,2.010000
2012-01-26,1.960000
2012-01-27,1.930000
2012-01-30,1.870000
2012-01-31,1.830000
2012-02-01,1.870000
2012-02-02,1.860000
2012-02-03,1.970000
2012-02-06,1.930000
2012-02-07,2.000000
2012-02-08,2.010000
2012-02-09,2.040000
2012-02-10,1.960000
2012-02-13,1.990000
2012-02-14,1.920000
2012-02-15,1.930000
2012-02-16,1.990000
2012-02-17,2.010000
2012-02-21,2.050000
2012-02-22,2.010000
2012-02-23,1.990000
2012-02-24,1.980000
2012-02-27,1.920000
2012-02-28,1.940000
2012-02-29,1.980000
2012-03-01,2.030000
2012-03-02,1.990000
2012-03-05,2.000000
2012-03-06,1.960000
2012-03-07,1.980000
2012-03-08,2.030000
2012-03-09,2.040000
2012-03-12,2.040000
2012-03-13,2.140000
2012-03-14,2.290000
2012-03-15,2.290000
2012-03-16,2.310000
2012-03-19,2.390000
2012-03-20,2.380000
2012-03-21,2.310000
2012-03-22,2.290000
2012-03-23,2.250000
2012-03-26,2.260000
2012-03-27,2.200000
2012-03-28,2.210000
2012-03-29,2.180000
2012-03-30,2.230000
2012-04-02,2.220000
2012-04-03,2.300000
2012-04-04,2.250000
2012-04-05,2.190000
2012-04-06,2.070000
2012-04-09,2.060000
2012-04-10,2.010000
2012-04-11,2.050000
2012-04-12,2.080000
2012-04-13,2.020000
2012-04-16,2.000000
2012-04-17,2.030000
2012-04-18,2.000000
2012-04-19,1.980000
2012-04-20,1.990000
2012-04-23,1.960000
2012-04-24,2.000000
2012-04-25,2.010000
2012-04-26,1.980000
2012-04-27,1.960000
2012-04-30,1.950000
2012-05-01,1.980000
2012-05-02,1.960000
2012-05-03,1.960000
2012-05-04,1.910000
2012-05-07,1.920000
2012-05-08,1.880000
2012-05-09,1.870000
2012-05-10,1.890000
2012-05-11,1.840000
2012-05-14,1.780000
2012-05-15,1.760000
2012-05-16,1.760000
2012-05-17,1.700000
2012-05-18,1.710000
2012-05-21,1.750000
2012-05-22,1.790000
2012-05-23,1.730000
2012-05-24,1.770000
2012-05-25,1.750000
2012-05-29,1.740000
2012-05-30,1.630000
2012-05-31,1.590000
2012-06-01,1.470000
2012-06-04,1.530000
2012-06-05,1.570000
2012-06-06,1.660000
2012-06-07,1.660000
2012-06-08,1.650000
2012-06-11,1.600000
2012-06-12,1.670000
2012-06-13,1.610000
2012-06-14,1.640000
2012-06-15,1.600000
2012-06-18,1.590000
2012-06-19,1.640000
2012-06-20,1.650000
2012-06-21,1.630000
2012-06-22,1.690000
2012-06-25,1.630000
2012-06-26,1.660000
2012-06-27,1.650000
2012-06-28,1.600000
2012-06-29,1.670000
2012-07-02,1.610000
2012-07-03,1.650000
2012-07-05,1.620000
2012-07-06,1.570000
2012-07-09,1.530000
2012-07-10,1.530000
2012-07-11,1.540000
2012-07-12,1.500000
2012-07-13,1.520000
2012-07-16,1.500000
2012-07-17,1.530000
2012-07-18,1.520000
2012-07-19,1.540000
2012-07-20,1.490000
2012-07-23,1.470000
2012-07-24,1.440000
2012-07-25,1.430000
2012-07-26,1.450000
2012-07-27,1.580000
2012-07-30,1.530000
2012-07-31,1.510000
2012-08-01,1.560000
2012-08-02,1.510000
2012-08-03,1.600000
2012-08-06,1.590000
2012-08-07,1.660000
2012-08-08,1.680000
2012-08-09,1.690000
2012-08-10,1.650000
2012-08-13,1.650000
2012-08-14,1.730000
2012-08-15,1.800000
2012-08-16,1.830000
2012-08-17,1.810000
2012-08-20,1.820000
2012-08-21,1.800000
2012-08-22,1.710000
2012-08-23,1.680000
2012-08-24,1.680000
2012-08-27,1.650000
2012-08-28,1.640000
2012-08-29,1.660000
2012-08-30,1.630000
2012-08-31,1.570000
2012-09-04,1.590000
2012-09-05,1.600000
2012-09-06,1.680000
2012-09-07,1.670000
2012-09-10,1.680000
2012-09-11,1.700000
2012-09-12,1.770000
2012-09-13,1.750000
2012-09-14,1.880000
2012-09-17,1.850000
2012-09-18,1.820000
2012-09-19,1.790000
2012-09-20,1.800000
2012-09-21,1.770000
2012-09-24,1.740000
2012-09-25,1.700000
2012-09-26,1.640000
2012-09-27,1.660000
2012-09-28,1.650000
2012-10-01,1.640000
2012-10-02,1.640000
2012-10-03,1.640000
2012-10-04,1.700000
2012-10-05,1.750000
2012-10-09,1.740000
2012-10-10,1.720000
2012-10-11,1.700000
2012-10-12,1.690000
2012-10-15,1.700000
2012-10-16,1.750000
2012-10-17,1.830000
2012-10-18,1.860000
2012-10-19,1.790000
2012-10-22,1.830000
2012-10-23,1.790000
2012-10-24,1.800000
2012-10-25,1.860000
2012-10-26,1.780000
2012-10-29,1.740000
2012-10-31,1.720000
2012-11-01,1.750000
2012-11-02,1.750000
2012-11-05,1.720000
2012-11-06,1.780000
2012-11-07,1.680000
2012-11-08,1.620000
2012-11-09,1.610000
2012-11-13,1.590000
2012-11-14,1.590000
2012-11-15,1.580000
2012-11-16,1.580000
2012-11-19,1.610000
2012-11-20,1.660000
2012-11-21,1.690000
2012-11-23,1.700000
2012-11-26,1.660000
2012-11-27,1.640000
2012-11-28,1.630000
2012-11-29,1.620000
2012-11-30,1.620000
2012-12-03,1.630000
2012-12-04,1.620000
2012-12-05,1.600000
2012-12-06,1.590000
2012-12-07,1.640000
2012-12-10,1.630000
2012-12-11,1.660000
2012-12-12,1.720000
2012-12-13,1.740000
2012-12-14,1.720000
2012-12-17,1.780000
2012-12-18,1.840000
2012-12-19,1.820000
2012-12-20,1.810000
2012-12-21,1.770000
2012-12-24,1.790000
2012-12-26,1.770000
2012-12-27,1.740000
2012-12-28,1.730000
2012-12-31,1.780000
2013-01-02,1.860000
2013-01-03,1.920000
2013-01-04,1.930000
2013-01-07,1.920000
2013-01-08,1.890000
2013-01-09,1.880000
2013-01-10,1.910000
2013-01-11,1.890000
2013-01-14,1.890000
2013-01-15,1.860000
2013-01-16,1.840000
2013-01-17,1.890000
2013-01-18,1.870000
2013-01-22,1.860000
2013-01-23,1.860000
2013-01-24,1.880000
2013-01-25,1.980000
2013-01-28,2.000000
2013-01-29,2.030000
2013-01-30,2.030000
2013-01-31,2.020000
2013-02-01,2.040000
2013-02-04,2.000000
2013-02-05,2.040000
2013-02-06,2.000000
2013-02-07,1.990000
2013-02-08,1.990000
2013-02-11,1.990000
2013-02-12,2.020000
2013-02-13,2.050000
2013-02-14,2.000000
2013-02-15,2.010000
2013-02-19,2.030000
2013-02-20,2.020000
2013-02-21,1.990000
2013-02-22,1.970000
2013-02-25,1.880000
2013-02-26,1.880000
2013-02-27,1.910000
2013-02-28,1.890000
2013-03-01,1.860000
2013-03-04,1.880000
2013-03-05,1.900000
2013-03-06,1.950000
2013-03-07,2.000000
2013-03-08,2.060000
2013-03-11,2.070000
2013-03-12,2.030000
2013-03-13,2.040000
2013-03-14,2.040000
2013-03-15,2.010000
2013-03-18,1.960000
2013-03-19,1.920000
2013-03-20,1.960000
2013-03-21,1.950000
2013-03-22,1.930000
2013-03-25,1.930000
2013-03-26,1.920000
2013-03-27,1.870000
2013-03-28,1.870000
2013-04-01,1.860000
2013-04-02,1.880000
2013-04-03,1.830000
2013-04-04,1.780000
2013-04-05,1.720000
2013-04-08,1.760000
2013-04-09,1.780000
2013-04-10,1.840000
2013-04-11,1.820000
2013-04-12,1.750000
2013-04-15,1.720000
2013-04-16,1.750000
2013-04-17,1.730000
2013-04-18,1.720000
2013-04-19,1.730000
2013-04-22,1.720000
2013-04-23,1.740000
2013-04-24,1.730000
2013-04-25,1.740000
2013-04-26,1.700000
2013-04-29,1.700000
2013-04-30,1.700000
2013-05-01,1.660000
2013-05-02,1.660000
2013-05-03,1.780000
2013-05-06,1.800000
2013-05-07,1.820000
2013-05-08,1.810000
2013-05-09,1.810000
2013-05-10,1.900000
2013-05-13,1.920000
2013-05-14,1.960000
2013-05-15,1.940000
2013-05-16,1.870000
2013-05-17,1.950000
2013-05-20,1.970000
2013-05-21,1.940000
2013-05-22,2.030000
2013-05-23,2.020000
2013-05-24,2.010000
2013-05-28,2.150000
2013-05-29,2.130000
2013-05-30,2.130000
2013-05-31,2.160000
2013-06-03,2.130000
2013-06-04,2.140000
2013-06-05,2.100000
2013-06-06,2.080000
2013-06-07,2.170000
2013-06-10,2.220000
2013-06-11,2.200000
2013-06-12,2.250000
2013-06-13,2.190000
2013-06-14,2.140000
2013-06-17,2.190000
2013-06-18,2.200000
2013-06-19,2.330000
2013-06-20,2.410000
2013-06-21,2.520000
2013-06-24,2.570000
2013-06-25,2.600000
2013-06-26,2.550000
2013-06-27,2.490000
2013-06-28,2.520000
2013-07-01,2.500000
2013-07-02,2.480000
2013-07-03,2.520000
2013-07-05,2.730000
2013-07-08,2.650000
2013-07-09,2.650000
2013-07-10,2.700000
2013-07-11,2.600000
2013-07-12,2.610000
2013-07-15,2.570000
2013-07-16,2.550000
2013-07-17,2.520000
2013-07-18,2.560000
2013-07-19,2.500000
2013-07-22,2.500000
2013-07-23,2.530000
2013-07-24,2.610000
2013-07-25,2.610000
2013-07-26,2.580000
2013-07-29,2.610000
2013-07-30,2.630000
2013-07-31,2.600000
2013-08-01,2.740000
2013-08-02,2.630000
2013-08-05,2.670000
2013-08-06,2.670000
2013-08-07,2.610000
2013-08-08,2.580000
2013-08-09,2.570000
2013-08-12,2.610000
2013-08-13,2.710000
2013-08-14,2.710000
2013-08-15,2.770000
2013-08-16,2.840000
2013-08-19,2.880000
2013-08-20,2.820000
2013-08-21,2.870000
2013-08-22,2.900000
2013-08-23,2.820000
2013-08-26,2.790000
2013-08-27,2.720000
2013-08-28,2.780000
2013-08-29,2.750000
2013-08-30,2.780000
2013-09-03,2.860000
2013-09-04,2.900000
2013-09-05,2.980000
2013-09-06,2.940000
2013-09-09,2.900000
2013-09-10,2.960000
2013-09-11,2.930000
2013-09-12,2.920000
2013-09-13,2.900000
2013-09-16,2.880000
2013-09-17,2.860000
2013-09-18,2.690000
2013-09-19,2.760000
2013-09-20,2.750000
2013-09-23,2.720000
2013-09-24,2.670000
2013-09-25,2.630000
2013-09-26,2.660000
2013-09-27,2.640000
2013-09-30,2.640000
2013-10-01,2.660000
2013-10-02,2.630000
2013-10-03,2.620000
2013-10-04,2.660000
2013-10-07,2.650000
2013-10-08,2.660000
2013-10-09,2.680000
2013-10-10,2.710000
2013-10-11,2.700000
2013-10-15,2.750000
2013-10-16,2.690000
2013-10-17,2.610000
2013-10-18,2.600000
2013-10-21,2.630000
2013-10-22,2.540000
2013-10-23,2.510000
2013-10-24,2.530000
2013-10-25,2.530000
2013-10-28,2.540000
2013-10-29,2.530000
2013-10-30,2.550000
2013-10-31,2.570000
2013-11-01,2.650000
2013-11-04,2.630000
2013-11-05,2.690000
2013-11-06,2.670000
2013-11-07,2.630000
2013-11-08,2.770000
2013-11-12,2.800000
2013-11-13,2.750000
2013-11-14,2.690000
2013-11-15,2.710000
2013-11-18,2.670000
2013-11-19,2.710000
2013-11-20,2.800000
2013-11-21,2.790000
2013-11-22,2.750000
2013-11-25,2.740000
2013-11-26,2.710000
2013-11-27,2.740000
2013-11-29,2.750000
2013-12-02,2.810000
2013-12-03,2.790000
2013-12-04,2.840000
2013-12-05,2.880000
2013-12-06,2.880000
2013-12-09,2.860000
2013-12-10,2.810000
2013-12-11,2.860000
2013-12-12,2.890000
2013-12-13,2.880000
2013-12-16,2.890000
2013-12-17,2.850000
2013-12-18,2.890000
2013-12-19,2.940000
2013-12-20,2.890000
2013-12-23,2.940000
2013-12-24,2.990000
2013-12-26,3.000000
2013-12-27,3.020000
2013-12-30,2.990000
2013-12-31,3.040000
2014-01-02,3.000000
2014-01-03,3.010000
2014-01-06,2.980000
2014-01-07,2.960000
2014-01-08,3.010000
2014-01-09,2.970000
2014-01-10,2.880000
2014-01-13,2.840000
2014-01-14,2.880000
2014-01-15,2.900000
2014-01-16,2.860000
2014-01-17,2.840000
2014-01-21,2.850000
2014-01-22,2.870000
2014-01-23,2.790000
2014-01-24,2.750000
2014-01-27,2.780000
2014-01-28,2.770000
2014-01-29,2.690000
2014-01-30,2.720000
2014-01-31,2.670000
2014-02-03,2.610000
2014-02-04,2.640000
2014-02-05,2.700000
2014-02-06,2.730000
2014-02-07,2.710000
2014-02-10,2.700000
2014-02-11,2.750000
2014-02-12,2.800000
2014-02-13,2.730000
2014-02-14,2.750000
2014-02-18,2.710000
2014-02-19,2.730000
2014-02-20,2.760000
2014-02-21,2.730000
2014-02-24,2.750000
2014-02-25,2.700000
2014-02-26,2.670000
2014-02-27,2.650000
2014-02-28,2.660000
2014-03-03,2.600000
2014-03-04,2.700000
2014-03-05,2.700000
2014-03-06,2.740000
2014-03-07,2.800000
2014-03-10,2.790000
2014-03-11,2.770000
2014-03-12,2.730000
2014-03-13,2.660000
2014-03-14,2.650000
2014-03-17,2.700000
2014-03-18,2.680000
2014-03-19,2.780000
2014-03-20,2.790000
2014-03-21,2.750000
2014-03-24,2.740000
2014-03-25,2.750000
2014-03-26,2.710000
2014-03-27,2.690000
2014-03-28,2.730000
2014-03-31,2.730000
2014-04-01,2.770000
2014-04-02,2.820000
2014-04-03,2.800000
2014-04-04,2.740000
2014-04-07,2.710000
2014-04-08,2.690000
2014-04-09,2.710000
2014-04-10,2.650000
2014-04-11,2.630000
2014-04-14,2.650000
2014-04-15,2.640000
2014-04-16,2.650000
2014-04-17,2.730000
2014-04-21,2.730000
2014-04-22,2.730000
2014-04-23,2.700000
2014-04-24,2.700000
2014-04-25,2.680000
2014-04-28,2.700000
2014-04-29,2.710000
2014-04-30,2.670000
2014-05-01,2.630000
2014-05-02,2.600000
2014-05-05,2.630000
2014-05-06,2.610000
2014-05-07,2.620000
2014-05-08,2.610000
2014-05-09,2.620000
2014-05-12,2.660000
2014-05-13,2.610000
2014-05-14,2.540000
2014-05-15,2.500000
2014-05-16,2.520000
2014-05-19,2.540000
2014-05-20,2.520000
2014-05-21,2.540000
2014-05-22,2.560000
2014-05-23,2.540000
2014-05-27,2.520000
2014-05-28,2.440000
2014-05-29,2.450000
2014-05-30,2.480000
2014-06-02,2.540000
2014-06-03,2.600000
2014-06-04,2.610000
2014-06-05,2.590000
2014-06-06,2.600000
2014-06-09,2.620000
2014-06-10,2.640000
2014-06-11,2.650000
2014-06-12,2.580000
2014-06-13,2.600000
2014-06-16,2.610000
2014-06-17,2.660000
2014-06-18,2.610000
2014-06-19,2.640000
2014-06-20,2.630000
2014-06-23,2.630000
2014-06-24,2.590000
2014-06-25,2.570000
2014-06-26,2.530000
2014-06-27,2.540000
2014-06-30,2.530000
2014-07-01,2.580000
2014-07-02,2.640000
2014-07-03,2.650000
2014-07-07,2.630000
2014-07-08,2.580000
2014-07-09,2.570000
2014-07-10,2.550000
2014-07-11,2.530000
2014-07-14,2.550000
2014-07-15,2.560000
2014-07-16,2.550000
2014-07-17,2.470000
2014-07-18,2.500000
2014-07-21,2.490000
2014-07-22,2.480000
2014-07-23,2.480000
2014-07-24,2.520000
2014-07-25,2.480000
2014-07-28,2.500000
2014-07-29,2.470000
2014-07-30,2.570000
2014-07-31,2.580000
2014-08-01,2.520000
2014-08-04,2.510000
2014-08-05,2.490000
2014-08-06,2.490000
2014-08-07,2.430000
2014-08-08,2.440000
2014-08-11,2.440000
2014-08-12,2.460000
2014-08-13,2.430000
2014-08-14,2.400000
2014-08-15,2.340000
2014-08-18,2.390000
2014-08-19,2.400000
2014-08-20,2.430000
2014-08-21,2.410000
2014-08-22,2.400000
2014-08-25,2.390000
2014-08-26,2.390000
2014-08-27,2.370000
2014-08-28,2.340000
2014-08-29,2.350000
2014-09-02,2.420000
2014-09-03,2.410000
2014-09-04,2.450000
2014-09-05,2.460000
2014-09-08,2.480000
2014-09-09,2.500000
2014-09-10,2.540000
2014-09-11,2.540000
2014-09-12,2.620000
2014-09-15,2.600000
2014-09-16,2.600000
2014-09-17,2.620000
2014-09-18,2.630000
2014-09-19,2.590000
2014-09-22,2.570000
2014-09-23,2.540000
2014-09-24,2.570000
2014-09-25,2.520000
2014-09-26,2.540000
2014-09-29,2.500000
2014-09-30,2.520000
2014-10-01,2.420000
2014-10-02,2.440000
2014-10-03,2.450000
2014-10-06,2.430000
2014-10-07,2.360000
2014-10-08,2.350000
2014-10-09,2.340000
2014-10-10,2.310000
2014-10-14,2.210000
2014-10-15,2.150000
2014-10-16,2.170000
2014-10-17,2.220000
2014-10-20,2.200000
2014-10-21,2.230000
2014-10-22,2.250000
2014-10-23,2.290000
2014-10-24,2.290000
2014-10-27,2.270000
2014-10-28,2.300000
2014-10-29,2.340000
2014-10-30,2.320000
2014-10-31,2.350000
2014-11-03,2.360000
2014-11-04,2.350000
2014-11-05,2.360000
2014-11-06,2.390000
2014-11-07,2.320000
2014-11-10,2.380000
2014-11-12,2.370000
2014-11-13,2.350000
2014-11-14,2.320000
2014-11-17,2.340000
2014-11-18,2.320000
2014-11-19,2.360000
2014-11-20,2.340000
2014-11-21,2.310000
2014-11-24,2.300000
2014-11-25,2.270000
2014-11-26,2.240000
2014-11-28,2.180000
2014-12-01,2.220000
2014-12-02,2.280000
2014-12-03,2.290000
2014-12-04,2.250000
2014-12-05,2.310000
2014-12-08,2.260000
2014-12-09,2.220000
2014-12-10,2.180000
2014-12-11,2.190000
2014-12-12,2.100000
2014-12-15,2.120000
2014-12-16,2.070000
2014-12-17,2.140000
2014-12-18,2.220000
2014-12-19,2.170000
2014-12-22,2.170000
2014-12-23,2.260000
2014-12-24,2.270000
2014-12-26,2.250000
2014-12-29,2.220000
2014-12-30,2.200000
2014-12-31,2.170000
2015-01-02,2.120000
2015-01-05,2.040000
2015-01-06,1.970000
2015-01-07,1.960000
2015-01-08,2.030000
2015-01-09,1.980000
2015-01-12,1.920000
2015-01-13,1.910000
2015-01-14,1.860000
2015-01-15,1.770000
2015-01-16,1.830000
2015-01-20,1.820000
2015-01-21,1.870000
2015-01-22,1.900000
2015-01-23,1.810000
2015-01-26,1.830000
2015-01-27,1.830000
2015-01-28,1.730000
2015-01-29,1.770000
2015-01-30,1.680000
2015-02-02,1.680000
2015-02-03,1.790000
2015-02-04,1.810000
2015-02-05,1.830000
2015-02-06,1.950000
2015-02-09,1.960000
2015-02-10,2.010000
2015-02-11,2.000000
2015-02-12,1.990000
2015-02-13,2.020000
2015-02-17,2.140000
2015-02-18,2.070000
2015-02-19,2.110000
2015-02-20,2.130000
2015-02-23,2.060000
2015-02-24,1.990000
2015-02-25,1.960000
2015-02-26,2.030000
2015-02-27,2.000000
2015-03-02,2.080000
2015-03-03,2.120000
2015-03-04,2.120000
2015-03-05,2.110000
2015-03-06,2.240000
2015-03-09,2.200000
2015-03-10,2.140000
2015-03-11,2.110000
2015-03-12,2.100000
2015-03-13,2.130000
2015-03-16,2.100000
2015-03-17,2.060000
2015-03-18,1.930000
2015-03-19,1.980000
2015-03-20,1.930000
2015-03-23,1.920000
2015-03-24,1.880000
2015-03-25,1.930000
2015-03-26,2.010000
2015-03-27,1.950000
2015-03-30,1.960000
2015-03-31,1.940000
2015-04-01,1.870000
2015-04-02,1.920000
2015-04-03,1.850000
2015-04-06,1.920000
2015-04-07,1.890000
2015-04-08,1.920000
2015-04-09,1.970000
2015-04-10,1.960000
2015-04-13,1.940000
2015-04-14,1.900000
2015-04-15,1.910000
2015-04-16,1.900000
2015-04-17,1.870000
2015-04-20,1.900000
2015-04-21,1.920000
2015-04-22,1.990000
2015-04-23,1.960000
2015-04-24,1.930000
2015-04-27,1.940000
2015-04-28,2.000000
2015-04-29,2.060000
2015-04-30,2.050000
2015-05-01,2.120000
2015-05-04,2.160000
2015-05-05,2.190000
2015-05-06,2.250000
2015-05-07,2.180000
2015-05-08,2.160000
2015-05-11,2.280000
2015-05-12,2.280000
2015-05-13,2.270000
2015-05-14,2.230000
2015-05-15,2.140000
2015-05-18,2.230000
2015-05-19,2.270000
2015-05-20,2.260000
2015-05-21,2.190000
2015-05-22,2.210000
2015-05-26,2.140000
2015-05-27,2.140000
2015-05-28,2.130000
2015-05-29,2.120000
2015-06-01,2.190000
2015-06-02,2.270000
2015-06-03,2.380000
2015-06-04,2.310000
2015-06-05,2.410000
2015-06-08,2.390000
2015-06-09,2.420000
2015-06-10,2.500000
2015-06-11,2.390000
2015-06-12,2.390000
2015-06-15,2.360000
2015-06-16,2.320000
2015-06-17,2.320000
2015-06-18,2.350000
2015-06-19,2.260000
2015-06-22,2.370000
2015-06-23,2.420000
2015-06-24,2.380000
2015-06-25,2.400000
2015-06-26,2.490000
2015-06-29,2.330000
2015-06-30,2.350000
2015-07-01,2.430000
2015-07-02,2.400000
2015-07-06,2.300000
2015-07-07,2.270000
2015-07-08,2.220000
2015-07-09,2.320000
2015-07-10,2.420000
2015-07-13,2.440000
2015-07-14,2.410000
2015-07-15,2.360000
2015-07-16,2.360000
2015-07-17,2.340000
2015-07-20,2.380000
2015-07-21,2.350000
2015-07-22,2.330000
2015-07-23,2.280000
2015-07-24,2.270000
2015-07-27,2.230000
2015-07-28,2.260000
2015-07-29,2.290000
2015-07-30,2.280000
2015-07-31,2.200000
2015-08-03,2.160000
2015-08-04,2.230000
2015-08-05,2.280000
2015-08-06,2.230000
2015-08-07,2.180000
2015-08-10,2.240000
2015-08-11,2.150000
2015-08-12,2.140000
2015-08-13,2.190000
2015-08-14,2.200000
2015-08-17,2.160000
2015-08-18,2.200000
2015-08-19,2.120000
2015-08-20,2.090000
2015-08-21,2.050000
2015-08-24,2.010000
2015-08-25,2.120000
2015-08-26,2.180000
2015-08-27,2.180000
2015-08-28,2.190000
2015-08-31,2.210000
2015-09-01,2.170000
2015-09-02,2.200000
2015-09-03,2.180000
2015-09-04,2.130000
2015-09-08,2.200000
2015-09-09,2.210000
2015-09-10,2.230000
2015-09-11,2.200000
2015-09-14,2.180000
2015-09-15,2.280000
2015-09-16,2.300000
2015-09-17,2.210000
2015-09-18,2.130000
2015-09-21,2.200000
2015-09-22,2.140000
2015-09-23,2.160000
2015-09-24,2.130000
2015-09-25,2.170000
2015-09-28,2.100000
2015-09-29,2.050000
2015-09-30,2.060000
2015-10-01,2.050000
2015-10-02,1.990000
2015-10-05,2.070000
2015-10-06,2.050000
2015-10-07,2.080000
2015-10-08,2.120000
2015-10-09,2.120000
2015-10-13,2.060000
2015-10-14,1.990000
2015-10-15,2.040000
2015-10-16,2.040000
2015-10-19,2.040000
2015-10-20,2.080000
2015-10-21,2.040000
2015-10-22,2.040000
2015-10-23,2.090000
2015-10-26,2.070000
2015-10-27,2.050000
2015-10-28,2.100000
2015-10-29,2.190000
2015-10-30,2.160000
2015-11-02,2.200000
2015-11-03,2.230000
2015-11-04,2.250000
2015-11-05,2.260000
2015-11-06,2.340000
2015-11-09,2.360000
2015-11-10,2.320000
2015-11-12,2.320000
2015-11-13,2.280000
2015-11-16,2.270000
2015-11-17,2.250000
2015-11-18,2.270000
2015-11-19,2.240000
2015-11-20,2.260000
2015-11-23,2.250000
2015-11-24,2.240000
2015-11-25,2.230000
2015-11-27,2.220000
2015-11-30,2.210000
2015-12-01,2.150000
2015-12-02,2.180000
2015-12-03,2.330000
2015-12-04,2.280000
2015-12-07,2.230000
2015-12-08,2.240000
2015-12-09,2.220000
2015-12-10,2.240000
2015-12-11,2.130000
2015-12-14,2.230000
2015-12-15,2.280000
2015-12-16,2.300000
2015-12-17,2.240000
2015-12-18,2.190000
2015-12-21,2.200000
2015-12-22,2.240000
2015-12-23,2.270000
2015-12-24,2.250000
2015-12-28,2.240000
2015-12-29,2.320000
2015-12-30,2.310000
2015-12-31,2.270000
2016-01-04,2.240000
2016-01-05,2.250000
2016-01-06,2.180000
2016-01-07,2.160000
2016-01-08,2.130000
2016-01-11,2.170000
2016-01-12,2.120000
2016-01-13,2.080000
2016-01-14,2.100000
2016-01-15,2.030000
2016-01-19,2.060000
2016-01-20,2.010000
2016-01-21,2.020000
2016-01-22,2.070000
2016-01-25,2.030000
2016-01-26,2.010000
2016-01-27,2.020000
2016-01-28,2.000000
2016-01-29,1.940000
2016-02-01,1.970000
2016-02-02,1.870000
2016-02-03,1.880000
2016-02-04,1.870000
2016-02-05,1.860000
2016-02-08,1.750000
2016-02-09,1.740000
2016-02-10,1.710000
2016-02-11,1.630000
2016-02-12,1.740000
2016-02-16,1.780000
2016-02-17,1.810000
2016-02-18,1.750000
2016-02-19,1.760000
2016-02-22,1.770000
2016-02-23,1.740000
2016-02-24,1.750000
2016-02-25,1.710000
2016-02-26,1.760000
2016-02-29,1.740000
2016-03-01,1.830000
2016-03-02,1.840000
2016-03-03,1.830000
2016-03-04,1.880000
2016-03-07,1.910000
2016-03-08,1.830000
2016-03-09,1.900000
2016-03-10,1.930000
2016-03-11,1.980000
2016-03-14,1.970000
2016-03-15,1.970000
2016-03-16,1.940000
2016-03-17,1.910000
2016-03-18,1.880000
2016-03-21,1.920000
2016-03-22,1.940000
2016-03-23,1.880000
2016-03-24,1.910000
2016-03-28,1.890000
2016-03-29,1.810000
2016-03-30,1.830000
2016-03-31,1.780000
2016-04-01,1.790000
2016-04-04,1.780000
2016-04-05,1.730000
2016-04-06,1.760000
2016-04-07,1.700000
2016-04-08,1.720000
2016-04-11,1.730000
2016-04-12,1.790000
2016-04-13,1.770000
2016-04-14,1.800000
2016-04-15,1.760000
2016-04-18,1.780000
2016-04-19,1.790000
2016-04-20,1.850000
2016-04-21,1.880000
2016-04-22,1.890000
2016-04-25,1.910000
2016-04-26,1.940000
2016-04-27,1.870000
2016-04-28,1.840000
2016-04-29,1.830000
2016-05-02,1.880000
2016-05-03,1.810000
2016-05-04,1.790000
2016-05-05,1.760000
2016-05-06,1.790000
2016-05-09,1.770000
2016-05-10,1.770000
2016-05-11,1.730000
2016-05-12,1.750000
2016-05-13,1.710000
2016-05-16,1.750000
2016-05-17,1.760000
2016-05-18,1.870000
2016-05-19,1.850000
2016-05-20,1.850000
2016-05-23,1.840000
2016-05-24,1.860000
2016-05-25,1.870000
2016-05-26,1.830000
2016-05-27,1.850000
2016-05-31,1.840000
2016-06-01,1.850000
2016-06-02,1.810000
2016-06-03,1.710000
2016-06-06,1.730000
2016-06-07,1.720000
2016-06-08,1.710000
2016-06-09,1.680000
2016-06-10,1.640000
2016-06-13,1.620000
2016-06-14,1.620000
2016-06-15,1.600000
2016-06-16,1.570000
2016-06-17,1.620000
2016-06-20,1.670000
2016-06-21,1.710000
2016-06-22,1.690000
2016-06-23,1.740000
2016-06-24,1.570000
2016-06-27,1.460000
2016-06-28,1.460000
2016-06-29,1.500000
2016-06-30,1.490000
2016-07-01,1.460000
2016-07-05,1.370000
2016-07-06,1.380000
2016-07-07,1.400000
2016-07-08,1.370000
2016-07-11,1.430000
2016-07-12,1.530000
2016-07-13,1.480000
2016-07-14,1.530000
2016-07-15,1.600000
2016-07-18,1.590000
2016-07-19,1.560000
2016-07-20,1.590000
2016-07-21,1.570000
2016-07-22,1.570000
2016-07-25,1.580000
2016-07-26,1.570000
2016-07-27,1.520000
2016-07-28,1.520000
2016-07-29,1.460000
2016-08-01,1.510000
2016-08-02,1.550000
2016-08-03,1.550000
2016-08-04,1.510000
2016-08-05,1.590000
2016-08-08,1.590000
2016-08-09,1.550000
2016-08-10,1.500000
2016-08-11,1.570000
2016-08-12,1.510000
2016-08-15,1.550000
2016-08-16,1.570000
2016-08-17,1.560000
2016-08-18,1.530000
2016-08-19,1.580000
2016-08-22,1.550000
2016-08-23,1.550000
2016-08-24,1.560000
2016-08-25,1.580000
2016-08-26,1.620000
2016-08-29,1.570000
2016-08-30,1.570000
2016-08-31,1.580000
2016-09-01,1.570000
2016-09-02,1.600000
2016-09-06,1.550000
2016-09-07,1.540000
2016-09-08,1.610000
2016-09-09,1.670000
2016-09-12,1.680000
2016-09-13,1.730000
2016-09-14,1.700000
2016-09-15,1.710000
2016-09-16,1.700000
2016-09-19,1.700000
2016-09-20,1.690000
2016-09-21,1.660000
2016-09-22,1.630000
2016-09-23,1.620000
2016-09-26,1.590000
2016-09-27,1.560000
2016-09-28,1.570000
2016-09-29,1.560000
2016-09-30,1.600000
2016-10-03,1.630000
2016-10-04,1.690000
2016-10-05,1.720000
2016-10-06,1.750000
2016-10-07,1.730000
2016-10-11,1.770000
2016-10-12,1.790000
2016-10-13,1.750000
2016-10-14,1.800000
2016-10-17,1.770000
2016-10-18,1.750000
2016-10-19,1.760000
2016-10-20,1.760000
2016-10-21,1.740000
2016-10-24,1.770000
2016-10-25,1.770000
2016-10-26,1.790000
2016-10-27,1.850000
2016-10-28,1.860000
2016-10-31,1.840000
2016-11-01,1.830000
2016-11-02,1.810000
2016-11-03,1.820000
2016-11-04,1.790000
2016-11-07,1.830000
2016-11-08,1.880000
2016-11-09,2.070000
2016-11-10,2.150000
2016-11-14,2.230000
2016-11-15,2.230000
2016-11-16,2.220000
2016-11-17,2.290000
2016-11-18,2.340000
2016-11-21,2.330000
2016-11-22,2.310000
2016-11-23,2.360000
2016-11-25,2.360000
2016-11-28,2.320000
2016-11-29,2.300000
2016-11-30,2.370000
2016-12-01,2.450000
2016-12-02,2.400000
2016-12-05,2.390000
2016-12-06,2.390000
2016-12-07,2.340000
2016-12-08,2.400000
2016-12-09,2.470000
2016-12-12,2.490000
2016-12-13,2.480000
2016-12-14,2.540000
2016-12-15,2.600000
2016-12-16,2.600000
2016-12-19,2.540000
2016-12-20,2.570000
2016-12-21,2.550000
2016-12-22,2.550000
2016-12-23,2.550000
2016-12-27,2.570000
2016-12-28,2.510000
2016-12-29,2.490000
2016-12-30,2.450000
2017-01-03,2.450000
2017-01-04,2.460000
2017-01-05,2.370000
2017-01-06,2.420000
2017-01-09,2.380000
2017-01-10,2.380000
2017-01-11,2.380000
2017-01-12,2.360000
2017-01-13,2.400000
2017-01-17,2.330000
2017-01-18,2.420000
2017-01-19,2.470000
2017-01-20,2.480000
2017-01-23,2.410000
2017-01-24,2.470000
2017-01-25,2.530000
2017-01-26,2.510000
2017-01-27,2.490000
2017-01-30,2.490000
2017-01-31,2.450000
2017-02-01,2.480000
2017-02-02,2.480000
2017-02-03,2.490000
2017-02-06,2.420000
2017-02-07,2.400000
2017-02-08,2.340000
2017-02-09,2.400000
2017-02-10,2.410000
2017-02-13,2.430000
2017-02-14,2.470000
2017-02-15,2.510000
2017-02-16,2.450000
2017-02-17,2.420000
2017-02-21,2.430000
2017-02-22,2.420000
2017-02-23,2.380000
2017-02-24,2.310000
2017-02-27,2.360000
2017-02-28,2.360000
2017-03-01,2.460000
2017-03-02,2.490000
2017-03-03,2.490000
2017-03-06,2.490000
2017-03-07,2.520000
2017-03-08,2.570000
2017-03-09,2.600000
2017-03-10,2.580000
2017-03-13,2.620000
2017-03-14,2.600000
2017-03-15,2.510000
2017-03-16,2.530000
2017-03-17,2.500000
2017-03-20,2.470000
2017-03-21,2.430000
2017-03-22,2.400000
2017-03-23,2.410000
2017-03-24,2.400000
2017-03-27,2.380000
2017-03-28,2.420000
2017-03-29,2.390000
2017-03-30,2.420000
2017-03-31,2.400000
2017-04-03,2.350000
2017-04-04,2.360000
2017-04-05,2.340000
2017-04-06,2.340000
2017-04-07,2.380000
2017-04-10,2.370000
2017-04-11,2.320000
2017-04-12,2.280000
2017-04-13,2.240000
2017-04-17,2.260000
2017-04-18,2.180000
2017-04-19,2.210000
2017-04-20,2.240000
2017-04-21,2.240000
2017-04-24,2.280000
2017-04-25,2.350000
2017-04-26,2.320000
2017-04-27,2.300000
2017-04-28,2.290000
2017-05-01,2.330000
2017-05-02,2.290000
2017-05-03,2.330000
2017-05-04,2.360000
2017-05-05,2.360000
2017-05-08,2.390000
2017-05-09,2.420000
2017-05-10,2.410000
2017-05-11,2.390000
2017-05-12,2.330000
2017-05-15,2.340000
2017-05-16,2.330000
2017-05-17,2.220000
2017-05-18,2.230000
2017-05-19,2.230000
2017-05-22,2.250000
2017-05-23,2.290000
2017-05-24,2.260000
2017-05-25,2.250000
2017-05-26,2.250000
2017-05-30,2.210000
2017-05-31,2.210000
2017-06-01,2.210000
2017-06-02,2.150000
2017-06-05,2.180000
2017-06-06,2.140000
2017-06-07,2.180000
2017-06-08,2.190000
2017-06-09,2.210000
2017-06-12,2.210000
2017-06-13,2.210000
2017-06-14,2.150000
2017-06-15,2.160000
2017-06-16,2.160000
2017-06-19,2.190000
2017-06-20,2.160000
2017-06-21,2.160000
2017-06-22,2.150000
2017-06-23,2.150000
2017-06-26,2.140000
2017-06-27,2.210000
2017-06-28,2.220000
2017-06-29,2.270000
2017-06-30,2.310000
2017-07-03,2.350000
2017-07-05,2.330000
2017-07-06,2.370000
2017-07-07,2.390000
2017-07-10,2.380000
2017-07-11,2.370000
2017-07-12,2.330000
2017-07-13,2.350000
2017-07-14,2.330000
2017-07-17,2.310000
2017-07-18,2.270000
2017-07-19,2.270000
2017-07-20,2.270000
2017-07-21,2.240000
2017-07-24,2.260000
2017-07-25,2.330000
2017-07-26,2.290000
2017-07-27,2.320000
2017-07-28,2.300000
2017-07-31,2.300000
2017-08-01,2.260000
2017-08-02,2.270000
2017-08-03,2.240000
2017-08-04,2.270000
2017-08-07,2.260000
2017-08-08,2.290000
2017-08-09,2.240000
2017-08-10,2.200000
2017-08-11,2.190000
2017-08-14,2.220000
2017-08-15,2.270000
2017-08-16,2.230000
2017-08-17,2.190000
2017-08-18,2.190000
2017-08-21,2.180000
2017-08-22,2.220000
2017-08-23,2.170000
2017-08-24,2.190000
2017-08-25,2.170000
2017-08-28,2.160000
2017-08-29,2.130000
2017-08-30,2.150000
2017-08-31,2.120000
2017-09-01,2.160000
2017-09-05,2.070000
2017-09-06,2.100000
2017-09-07,2.050000
2017-09-08,2.060000
2017-09-11,2.140000
2017-09-12,2.170000
2017-09-13,2.200000
2017-09-14,2.200000
2017-09-15,2.200000
2017-09-18,2.230000
2017-09-19,2.240000
2017-09-20,2.280000
2017-09-21,2.270000
2017-09-22,2.260000
2017-09-25,2.220000
2017-09-26,2.240000
2017-09-27,2.310000
2017-09-28,2.310000
2017-09-29,2.330000
2017-10-02,2.340000
2017-10-03,2.330000
2017-10-04,2.330000
2017-10-05,2.350000
2017-10-06,2.370000
2017-10-10,2.350000
2017-10-11,2.350000
2017-10-12,2.330000
2017-10-13,2.280000
2017-10-16,2.300000
2017-10-17,2.300000
2017-10-18,2.340000
2017-10-19,2.330000
2017-10-20,2.390000
2017-10-23,2.380000
2017-10-24,2.420000
2017-10-25,2.440000
2017-10-26,2.460000
2017-10-27,2.420000
2017-10-30,2.370000
2017-10-31,2.380000
2017-11-01,2.370000
2017-11-02,2.350000
2017-11-03,2.340000
2017-11-06,2.320000
2017-11-07,2.320000
2017-11-08,2.320000
2017-11-09,2.330000
2017-11-10,2.400000
2017-11-13,2.400000
2017-11-14,2.380000
2017-11-15,2.330000
2017-11-16,2.370000
2017-11-17,2.350000
2017-11-20,2.370000
2017-11-21,2.360000
2017-11-22,2.320000
2017-11-24,2.340000
2017-11-27,2.320000
2017-11-28,2.340000
2017-11-29,2.370000
2017-11-30,2.420000
2017-12-01,2.370000
2017-12-04,2.370000
2017-12-05,2.360000
2017-12-06,2.330000
2017-12-07,2.370000
2017-12-08,2.380000
2017-12-11,2.390000
2017-12-12,2.400000
2017-12-13,2.360000
2017-12-14,2.350000
2017-12-15,2.350000
2017-12-18,2.390000
2017-12-19,2.460000
2017-12-20,2.490000
2017-12-21,2.480000
2017-12-22,2.480000
2017-12-26,2.470000
2017-12-27,2.420000
2017-12-28,2.430000
2017-12-29,2.400000
2018-01-02,2.460000
2018-01-03,2.440000
2018-01-04,2.460000
2018-01-05,2.470000
2018-01-08,2.490000
2018-01-09,2.550000
2018-01-10,2.550000
2018-01-11,2.540000
2018-01-12,2.550000
2018-01-16,2.540000
2018-01-17,2.570000
2018-01-18,2.620000
2018-01-19,2.640000
2018-01-22,2.660000
2018-01-23,2.630000
2018-01-24,2.650000
2018-01-25,2.630000
2018-01-26,2.660000
2018-01-29,2.700000
2018-01-30,2.730000
2018-01-31,2.720000
2018-02-01,2.780000
2018-02-02,2.840000
2018-02-05,2.770000
2018-02-06,2.790000
2018-02-07,2.840000
2018-02-08,2.850000
2018-02-09,2.830000
2018-02-12,2.860000
2018-02-13,2.830000
2018-02-14,2.910000
2018-02-15,2.900000
2018-02-16,2.870000
2018-02-20,2.880000
2018-02-21,2.940000
2018-02-22,2.920000
2018-02-23,2.880000
2018-02-26,2.860000
2018-02-27,2.900000
2018-02-28,2.870000
2018-03-01,2.810000
2018-03-02,2.860000
2018-03-05,2.880000
2018-03-06,2.880000
2018-03-07,2.890000
2018-03-08,2.860000
2018-03-09,2.900000
2018-03-12,2.870000
2018-03-13,2.840000
2018-03-14,2.810000
2018-03-15,2.820000
2018-03-16,2.850000
2018-03-19,2.850000
2018-03-20,2.890000
2018-03-21,2.890000
2018-03-22,2.830000
2018-03-23,2.820000
2018-03-26,2.850000
2018-03-27,2.780000
2018-03-28,2.770000
2018-03-29,2.740000
2018-04-02,2.730000
2018-04-03,2.790000
2018-04-04,2.790000
2018-04-05,2.830000
2018-04-06,2.770000
2018-04-09,2.780000
2018-04-10,2.800000
2018-04-11,2.790000
2018-04-12,2.830000
2018-04-13,2.820000
2018-04-16,2.830000
2018-04-17,2.820000
2018-04-18,2.870000
2018-04-19,2.920000
2018-04-20,2.960000
2018-04-23,2.980000
2018-04-24,3.000000
2018-04-25,3.030000
2018-04-26,3.000000
2018-04-27,2.960000
2018-04-30,2.950000
2018-05-01,2.970000
2018-05-02,2.970000
2018-05-03,2.940000
2018-05-04,2.950000
2018-05-07,2.950000
2018-05-08,2.970000
2018-05-09,3.000000
2018-05-10,2.970000
2018-05-11,2.970000
2018-05-14,3.000000
2018-05-15,3.080000
2018-05-16,3.090000
2018-05-17,3.110000
2018-05-18,3.060000
2018-05-21,3.060000
2018-05-22,3.060000
2018-05-23,3.010000
2018-05-24,2.980000
2018-05-25,2.930000
2018-05-29,2.770000
2018-05-30,2.840000
2018-05-31,2.830000
2018-06-01,2.890000
2018-06-04,2.940000
2018-06-05,2.920000
2018-06-06,2.970000
2018-06-07,2.930000
2018-06-08,2.930000
2018-06-11,2.960000
2018-06-12,2.960000
2018-06-13,2.980000
2018-06-14,2.940000
2018-06-15,2.930000
2018-06-18,2.920000
2018-06-19,2.890000
2018-06-20,2.930000
2018-06-21,2.900000
2018-06-22,2.900000
2018-06-25,2.870000
2018-06-26,2.880000
2018-06-27,2.830000
2018-06-28,2.840000
2018-06-29,2.850000
2018-07-02,2.870000
2018-07-03,2.830000
2018-07-05,2.840000
2018-07-06,2.820000
2018-07-09,2.860000
2018-07-10,2.870000
2018-07-11,2.850000
2018-07-12,2.850000
2018-07-13,2.830000
2018-07-16,2.850000
2018-07-17,2.860000
2018-07-18,2.880000
2018-07-19,2.840000
2018-07-20,2.890000
2018-07-23,2.960000
2018-07-24,2.950000
2018-07-25,2.940000
2018-07-26,2.980000
2018-07-27,2.960000
2018-07-30,2.980000
2018-07-31,2.960000
2018-08-01,3.000000
2018-08-02,2.980000
2018-08-03,2.950000
2018-08-06,2.940000
2018-08-07,2.980000
2018-08-08,2.960000
2018-08-09,2.930000
2018-08-10,2.870000
2018-08-13,2.880000
2018-08-14,2.890000
2018-08-15,2.860000
2018-08-16,2.870000
2018-08-17,2.870000
2018-08-20,2.820000
2018-08-21,2.850000
2018-08-22,2.820000
2018-08-23,2.820000
2018-08-24,2.820000
2018-08-27,2.850000
2018-08-28,2.880000
2018-08-29,2.890000
2018-08-30,2.860000
2018-08-31,2.860000
2018-09-04,2.900000
2018-09-05,2.900000
2018-09-06,2.880000
2018-09-07,2.940000
2018-09-10,2.940000
2018-09-11,2.980000
2018-09-12,2.970000
2018-09-13,2.970000
2018-09-14,2.990000
2018-09-17,2.990000
2018-09-18,3.050000
2018-09-19,3.080000
2018-09-20,3.070000
2018-09-21,3.070000
2018-09-24,3.080000
2018-09-25,3.100000
2018-09-26,3.060000
2018-09-27,3.060000
2018-09-28,3.050000
2018-10-01,3.090000
2018-10-02,3.050000
2018-10-03,3.150000
2018-10-04,3.190000
2018-10-05,3.230000
2018-10-09,3.210000
2018-10-10,3.220000
2018-10-11,3.140000
2018-10-12,3.150000
2018-10-15,3.160000
2018-10-16,3.160000
2018-10-17,3.190000
2018-10-18,3.170000
2018-10-19,3.200000
2018-10-22,3.200000
2018-10-23,3.170000
2018-10-24,3.100000
2018-10-25,3.140000
2018-10-26,3.080000
2018-10-29,3.080000
2018-10-30,3.120000
2018-10-31,3.150000
2018-11-01,3.140000
2018-11-02,3.220000
2018-11-05,3.200000
2018-11-06,3.220000
2018-11-07,3.220000
2018-11-08,3.240000
2018-11-09,3.190000
2018-11-13,3.140000
2018-11-14,3.120000
2018-11-15,3.110000
2018-11-16,3.080000
2018-11-19,3.060000
2018-11-20,3.060000
2018-11-21,3.060000
2018-11-23,3.050000
2018-11-26,3.070000
2018-11-27,3.060000
2018-11-28,3.060000
2018-11-29,3.030000
2018-11-30,3.010000
2018-12-03,2.980000
2018-12-04,2.910000
2018-12-06,2.870000
2018-12-07,2.850000
2018-12-10,2.850000
2018-12-11,2.890000
2018-12-12,2.910000
2018-12-13,2.910000
2018-12-14,2.890000
2018-12-17,2.860000
2018-12-18,2.820000
2018-12-19,2.770000
2018-12-20,2.790000
2018-12-21,2.790000
2018-12-24,2.740000
2018-12-26,2.810000
2018-12-27,2.770000
2018-12-28,2.720000
2018-12-31,2.690000
2019-01-02,2.660000
2019-01-03,2.560000
2019-01-04,2.670000
2019-01-07,2.700000
2019-01-08,2.730000
2019-01-09,2.740000
2019-01-10,2.740000
2019-01-11,2.710000
2019-01-14,2.710000
2019-01-15,2.720000
2019-01-16,2.730000
2019-01-17,2.750000
2019-01-18,2.790000
2019-01-22,2.740000
2019-01-23,2.760000
2019-01-24,2.720000
2019-01-25,2.760000
2019-01-28,2.750000
2019-01-29,2.720000
2019-01-30,2.700000
2019-01-31,2.630000
2019-02-01,2.700000
2019-02-04,2.730000
2019-02-05,2.710000
2019-02-06,2.700000
2019-02-07,2.650000
2019-02-08,2.630000
2019-02-11,2.650000
2019-02-12,2.680000
2019-02-13,2.710000
2019-02-14,2.660000
2019-02-15,2.660000
2019-02-19,2.650000
2019-02-20,2.650000
2019-02-21,2.690000
2019-02-22,2.650000
2019-02-25,2.670000
2019-02-26,2.640000
2019-02-27,2.690000
2019-02-28,2.730000
2019-03-01,2.760000
2019-03-04,2.720000
2019-03-05,2.720000
2019-03-06,2.690000
2019-03-07,2.640000
2019-03-08,2.620000
2019-03-11,2.640000
2019-03-12,2.610000
2019-03-13,2.610000
2019-03-14,2.630000
2019-03-15,2.590000
2019-03-18,2.600000
2019-03-19,2.610000
2019-03-20,2.540000
2019-03-21,2.540000
2019-03-22,2.440000
2019-03-25,2.430000
2019-03-26,2.410000
2019-03-27,2.390000
2019-03-28,2.390000
2019-03-29,2.410000
2019-04-01,2.490000
2019-04-02,2.480000
2019-04-03,2.520000
2019-04-04,2.510000
2019-04-05,2.500000
2019-04-08,2.520000
2019-04-09,2.510000
2019-04-10,2.480000
2019-04-11,2.510000
2019-04-12,2.560000
2019-04-15,2.550000
2019-04-16,2.600000
2019-04-17,2.590000
2019-04-18,2.570000
2019-04-22,2.590000
2019-04-23,2.570000
2019-04-24,2.530000
2019-04-25,2.540000
2019-04-26,2.510000
2019-04-29,2.540000
2019-04-30,2.510000
2019-05-01,2.520000
2019-05-02,2.550000
2019-05-03,2.540000
2019-05-06,2.510000
2019-05-07,2.450000
2019-05-08,2.490000
2019-05-09,2.450000
2019-05-10,2.470000
2019-05-13,2.400000
2019-05-14,2.420000
2019-05-15,2.370000
2019-05-16,2.400000
2019-05-17,2.390000
2019-05-20,2.410000
2019-05-21,2.430000
2019-05-22,2.390000
2019-05-23,2.310000
2019-05-24,2.320000
2019-05-28,2.260000
2019-05-29,2.250000
2019-05-30,2.220000
2019-05-31,2.140000
2019-06-03,2.070000
2019-06-04,2.120000
2019-06-05,2.120000
2019-06-06,2.120000
2019-06-07,2.090000
2019-06-10,2.150000
2019-06-11,2.150000
2019-06-12,2.130000
2019-06-13,2.100000
2019-06-14,2.090000
2019-06-17,2.090000
2019-06-18,2.060000
2019-06-19,2.030000
2019-06-20,2.010000
2019-06-21,2.070000
2019-06-24,2.020000
2019-06-25,2.000000
2019-06-26,2.050000
2019-06-27,2.010000
2019-06-28,2.000000
2019-07-01,2.030000
2019-07-02,1.980000
2019-07-03,1.960000
2019-07-05,2.040000
2019-07-08,2.050000
2019-07-09,2.070000
2019-07-10,2.070000
2019-07-11,2.130000
2019-07-12,2.120000
2019-07-15,2.090000
2019-07-16,2.130000
2019-07-17,2.060000
2019-07-18,2.040000
2019-07-19,2.050000
2019-07-22,2.050000
2019-07-23,2.080000
2019-07-24,2.050000
2019-07-25,2.080000
2019-07-26,2.080000
2019-07-29,2.060000
2019-07-30,2.060000
2019-07-31,2.020000
2019-08-01,1.900000
2019-08-02,1.860000
2019-08-05,1.750000
2019-08-06,1.730000
2019-08-07,1.710000
2019-08-08,1.720000
2019-08-09,1.740000
2019-08-12,1.650000
2019-08-13,1.680000
2019-08-14,1.590000
2019-08-15,1.520000
2019-08-16,1.550000
2019-08-19,1.600000
2019-08-20,1.550000
2019-08-21,1.590000
2019-08-22,1.620000
2019-08-23,1.520000
2019-08-26,1.540000
2019-08-27,1.490000
2019-08-28,1.470000
2019-08-29,1.500000
2019-08-30,1.500000
2019-09-03,1.470000
2019-09-04,1.470000
2019-09-05,1.570000
2019-09-06,1.550000
2019-09-09,1.630000
2019-09-10,1.720000
2019-09-11,1.750000
2019-09-12,1.790000
2019-09-13,1.900000
2019-09-16,1.840000
2019-09-17,1.810000
2019-09-18,1.800000
2019-09-19,1.790000
2019-09-20,1.740000
2019-09-23,1.720000
2019-09-24,1.640000
2019-09-25,1.730000
2019-09-26,1.700000
2019-09-27,1.690000
2019-09-30,1.680000
2019-10-01,1.650000
2019-10-02,1.600000
2019-10-03,1.540000
2019-10-04,1.520000
2019-10-07,1.560000
2019-10-08,1.540000
2019-10-09,1.590000
2019-10-10,1.670000
2019-10-11,1.760000
2019-10-15,1.770000
2019-10-16,1.750000
2019-10-17,1.760000
2019-10-18,1.760000
2019-10-21,1.800000
2019-10-22,1.780000
2019-10-23,1.770000
2019-10-24,1.770000
2019-10-25,1.800000
2019-10-28,1.850000
2019-10-29,1.840000
2019-10-30,1.780000
2019-10-31,1.690000
2019-11-01,1.730000
2019-11-04,1.790000
2019-11-05,1.860000
2019-11-06,1.810000
2019-11-07,1.920000
2019-11-08,1.940000
2019-11-12,1.920000
2019-11-13,1.880000
2019-11-14,1.820000
2019-11-15,1.840000
2019-11-18,1.810000
2019-11-19,1.790000
2019-11-20,1.730000
2019-11-21,1.770000
2019-11-22,1.770000
2019-11-25,1.760000
2019-11-26,1.740000
2019-11-27,1.770000
2019-11-29,1.780000
2019-12-02,1.830000
2019-12-03,1.720000
2019-12-04,1.770000
2019-12-05,1.800000
2019-12-06,1.840000
2019-12-09,1.830000
2019-12-10,1.850000
2019-12-11,1.790000
2019-12-12,1.900000
2019-12-13,1.820000
2019-12-16,1.890000
2019-12-17,1.890000
2019-12-18,1.920000
2019-12-19,1.920000
2019-12-20,1.920000
2019-12-23,1.930000
2019-12-24,1.900000
2019-12-26,1.900000
2019-12-27,1.880000
2019-12-30,1.900000
2019-12-31,1.920000
2020-01-02,1.880000
2020-01-03,1.800000
2020-01-06,1.810000
2020-01-07,1.830000
2020-01-08,1.870000
2020-01-09,1.850000
2020-01-10,1.830000
2020-01-13,1.850000
2020-01-14,1.820000
2020-01-15,1.790000
2020-01-16,1.810000
2020-01-17,1.840000
2020-01-21,1.780000
2020-01-22,1.770000
2020-01-23,1.740000
2020-01-24,1.700000
2020-01-27,1.610000
2020-01-28,1.650000
2020-01-29,1.600000
2020-01-30,1.570000
2020-01-31,1.510000
2020-02-03,1.540000
2020-02-04,1.610000
2020-02-05,1.660000
2020-02-06,1.650000
2020-02-07,1.590000
2020-02-10,1.560000
2020-02-11,1.590000
2020-02-12,1.620000
2020-02-13,1.610000
2020-02-14,1.590000
2020-02-18,1.550000
2020-02-19,1.560000
2020-02-20,1.520000
2020-02-21,1.460000
2020-02-24,1.380000
2020-02-25,1.330000
2020-02-26,1.330000
2020-02-27,1.300000
2020-02-28,1.130000
2020-03-02,1.100000
2020-03-03,1.020000
2020-03-04,1.020000
2020-03-05,0.920000
2020-03-06,0.740000
2020-03-09,0.540000
2020-03-10,0.760000
2020-03-11,0.820000
2020-03-12,0.880000
2020-03-13,0.940000
2020-03-16,0.730000
2020-03-17,1.020000
2020-03-18,1.180000
2020-03-19,1.120000
2020-03-20,0.920000
2020-03-23,0.760000
2020-03-24,0.840000
2020-03-25,0.880000
2020-03-26,0.830000
2020-03-27,0.720000
2020-03-30,0.700000
2020-03-31,0.700000
2020-04-01,0.620000
2020-04-02,0.630000
2020-04-03,0.620000
2020-04-06,0.670000
2020-04-07,0.750000
2020-04-08,0.770000
2020-04-09,0.730000
2020-04-13,0.760000
2020-04-14,0.760000
2020-04-15,0.630000
2020-04-16,0.610000
2020-04-17,0.650000
2020-04-20,0.630000
2020-04-21,0.580000
2020-04-22,0.630000
2020-04-23,0.610000
2020-04-24,0.600000
2020-04-27,0.670000
2020-04-28,0.620000
2020-04-29,0.630000
2020-04-30,0.640000
2020-05-01,0.640000
2020-05-04,0.640000
2020-05-05,0.660000
2020-05-06,0.720000
2020-05-07,0.630000
2020-05-08,0.690000
2020-05-11,0.730000
2020-05-12,0.690000
2020-05-13,0.640000
2020-05-14,0.630000
2020-05-15,0.640000
2020-05-18,0.730000
2020-05-19,0.700000
2020-05-20,0.680000
2020-05-21,0.680000
2020-05-22,0.660000
2020-05-26,0.690000
2020-05-27,0.680000
2020-05-28,0.700000
2020-05-29,0.650000
2020-06-01,0.660000
2020-06-02,0.680000
2020-06-03,0.770000
2020-06-04,0.820000
2020-06-05,0.910000
2020-06-08,0.880000
2020-06-09,0.840000
2020-06-10,0.750000
2020-06-11,0.660000
2020-06-12,0.710000
2020-06-15,0.710000
2020-06-16,0.750000
2020-06-17,0.740000
2020-06-18,0.710000
2020-06-19,0.700000
2020-06-22,0.710000
2020-06-23,0.720000
2020-06-24,0.690000
2020-06-25,0.680000
2020-06-26,0.640000
2020-06-29,0.640000
2020-06-30,0.660000
2020-07-01,0.690000
2020-07-02,0.680000
2020-07-06,0.690000
2020-07-07,0.650000
2020-07-08,0.670000
2020-07-09,0.620000
2020-07-10,0.650000
2020-07-13,0.640000
2020-07-14,0.630000
2020-07-15,0.640000
2020-07-16,0.620000
2020-07-17,0.640000
2020-07-20,0.620000
2020-07-21,0.610000
2020-07-22,0.600000
2020-07-23,0.590000
2020-07-24,0.590000
2020-07-27,0.620000
2020-07-28,0.590000
2020-07-29,0.580000
2020-07-30,0.550000
2020-07-31,0.550000
2020-08-03,0.560000
2020-08-04,0.520000
2020-08-05,0.550000
2020-08-06,0.550000
2020-08-07,0.570000
2020-08-10,0.590000
2020-08-11,0.640000
2020-08-12,0.690000
2020-08-13,0.710000
2020-08-14,0.710000
2020-08-17,0.690000
2020-08-18,0.670000
2020-08-19,0.680000
2020-08-20,0.650000
2020-08-21,0.640000
2020-08-24,0.650000
2020-08-25,0.690000
2020-08-26,0.690000
2020-08-27,0.740000
2020-08-28,0.740000
2020-08-31,0.720000
2020-09-01,0.680000
2020-09-02,0.660000
2020-09-03,0.630000
2020-09-04,0.720000
2020-09-08,0.690000
2020-09-09,0.710000
2020-09-10,0.680000
2020-09-11,0.670000
2020-09-14,0.680000
2020-09-15,0.680000
2020-09-16,0.690000
2020-09-17,0.690000
2020-09-18,0.700000
2020-09-21,0.680000
2020-09-22,0.680000
2020-09-23,0.680000
2020-09-24,0.670000
2020-09-25,0.660000
2020-09-28,0.670000
2020-09-29,0.660000
2020-09-30,0.690000
2020-10-01,0.680000
2020-10-02,0.700000
2020-10-05,0.780000
2020-10-06,0.760000
2020-10-07,0.810000
2020-10-08,0.780000
2020-10-09,0.790000
2020-10-13,0.740000
2020-10-14,0.730000
2020-10-15,0.740000
2020-10-16,0.760000
2020-10-19,0.780000
2020-10-20,0.810000
2020-10-21,0.830000
2020-10-22,0.870000
2020-10-23,0.850000
2020-10-26,0.810000
2020-10-27,0.790000
2020-10-28,0.790000
2020-10-29,0.850000
2020-10-30,0.880000
2020-11-02,0.870000
2020-11-03,0.900000
2020-11-04,0.780000
2020-11-05,0.790000
2020-11-06,0.830000
2020-11-09,0.960000
2020-11-10,0.980000
2020-11-12,0.880000
2020-11-13,0.890000
2020-11-16,0.910000
2020-11-17,0.870000
2020-11-18,0.880000
2020-11-19,0.860000
2020-11-20,0.830000
2020-11-23,0.860000
2020-11-24,0.880000
2020-11-25,0.880000
2020-11-27,0.840000
2020-11-30,0.840000
2020-12-01,0.920000
2020-12-02,0.950000
2020-12-03,0.920000
2020-12-04,0.970000
2020-12-07,0.940000
2020-12-08,0.920000
2020-12-09,0.950000
2020-12-10,0.920000
2020-12-11,0.900000
2020-12-14,0.900000
2020-12-15,0.920000
2020-12-16,0.920000
2020-12-17,0.940000
2020-12-18,0.950000
2020-12-21,0.950000
2020-12-22,0.930000
2020-12-23,0.960000
2020-12-24,0.940000
2020-12-28,0.940000
2020-12-29,0.940000
2020-12-30,0.930000
2020-12-31,0.930000
2021-01-04,0.930000
2021-01-05,0.960000
2021-01-06,1.040000
2021-01-07,1.080000
2021-01-08,1.130000
2021-01-11,1.150000
2021-01-12,1.150000
2021-01-13,1.100000
2021-01-14,1.150000
2021-01-15,1.110000
2021-01-19,1.100000
2021-01-20,1.100000
2021-01-21,1.120000
2021-01-22,1.100000
2021-01-25,1.050000
2021-01-26,1.050000
2021-01-27,1.040000
2021-01-28,1.070000
2021-01-29,1.110000
2021-02-01,1.090000
2021-02-02,1.120000
2021-02-03,1.150000
2021-02-04,1.150000
2021-02-05,1.190000
2021-02-08,1.190000
2021-02-09,1.180000
2021-02-10,1.150000
2021-02-11,1.160000
2021-02-12,1.200000
2021-02-16,1.300000
2021-02-17,1.290000
2021-02-18,1.290000
2021-02-19,1.340000
2021-02-22,1.370000
2021-02-23,1.370000
2021-02-24,1.380000
2021-02-25,1.540000
2021-02-26,1.440000
2021-03-01,1.450000
2021-03-02,1.420000
2021-03-03,1.470000
2021-03-04,1.540000
2021-03-05,1.560000
2021-03-08,1.590000
2021-03-09,1.550000
2021-03-10,1.530000
2021-03-11,1.540000
2021-03-12,1.640000
2021-03-15,1.620000
2021-03-16,1.620000
2021-03-17,1.630000
2021-03-18,1.710000
2021-03-19,1.740000
2021-03-22,1.690000
2021-03-23,1.630000
2021-03-24,1.620000
2021-03-25,1.630000
2021-03-26,1.670000
2021-03-29,1.730000
2021-03-30,1.730000
2021-03-31,1.740000
2021-04-01,1.690000
2021-04-02,1.720000
2021-04-05,1.730000
2021-04-06,1.670000
2021-04-07,1.680000
2021-04-08,1.640000
2021-04-09,1.670000
2021-04-12,1.690000
2021-04-13,1.640000
2021-04-14,1.640000
2021-04-15,1.560000
2021-04-16,1.590000
2021-04-19,1.610000
2021-04-20,1.580000
2021-04-21,1.570000
2021-04-22,1.570000
2021-04-23,1.580000
2021-04-26,1.580000
2021-04-27,1.630000
2021-04-28,1.630000
2021-04-29,1.650000
2021-04-30,1.650000
2021-05-03,1.630000
2021-05-04,1.610000
2021-05-05,1.590000
2021-05-06,1.580000
2021-05-07,1.600000
2021-05-10,1.630000
2021-05-11,1.640000
2021-05-12,1.690000
2021-05-13,1.660000
2021-05-14,1.630000
2021-05-17,1.640000
2021-05-18,1.640000
2021-05-19,1.680000
2021-05-20,1.630000
2021-05-21,1.630000
2021-05-24,1.610000
2021-05-25,1.560000
2021-05-26,1.580000
2021-05-27,1.610000
2021-05-28,1.580000
2021-06-01,1.620000
2021-06-02,1.590000
2021-06-03,1.630000
2021-06-04,1.560000
2021-06-07,1.570000
2021-06-08,1.530000
2021-06-09,1.500000
2021-06-10,1.450000
2021-06-11,1.470000
2021-06-14,1.510000
2021-06-15,1.510000
2021-06-16,1.570000
2021-06-17,1.520000
2021-06-18,1.450000
2021-06-21,1.500000
2021-06-22,1.480000
2021-06-23,1.500000
2021-06-24,1.490000
2021-06-25,1.540000
2021-06-28,1.490000
2021-06-29,1.490000
2021-06-30,1.450000
2021-07-01,1.480000
2021-07-02,1.440000
2021-07-06,1.370000
2021-07-07,1.330000
2021-07-08,1.300000
2021-07-09,1.370000
2021-07-12,1.380000
2021-07-13,1.420000
2021-07-14,1.370000
2021-07-15,1.310000
2021-07-16,1.310000
2021-07-19,1.190000
2021-07-20,1.230000
2021-07-21,1.300000
2021-07-22,1.270000
2021-07-23,1.300000
2021-07-26,1.290000
2021-07-27,1.250000
2021-07-28,1.260000
2021-07-29,1.280000
2021-07-30,1.240000
2021-08-02,1.200000
2021-08-03,1.190000
2021-08-04,1.190000
2021-08-05,1.230000
2021-08-06,1.310000
2021-08-09,1.330000
2021-08-10,1.360000
2021-08-11,1.350000
2021-08-12,1.360000
2021-08-13,1.290000
2021-08-16,1.260000
2021-08-17,1.260000
2021-08-18,1.270000
2021-08-19,1.240000
2021-08-20,1.260000
2021-08-23,1.250000
2021-08-24,1.290000
2021-08-25,1.350000
2021-08-26,1.340000
2021-08-27,1.310000
2021-08-30,1.290000
2021-08-31,1.300000
2021-09-01,1.310000
2021-09-02,1.290000
2021-09-03,1.330000
2021-09-07,1.380000
2021-09-08,1.350000
2021-09-09,1.300000
2021-09-10,1.350000
2021-09-13,1.330000
2021-09-14,1.280000
2021-09-15,1.310000
2021-09-16,1.340000
2021-09-17,1.370000
2021-09-20,1.310000
2021-09-21,1.330000
2021-09-22,1.320000
2021-09-23,1.410000
2021-09-24,1.470000
2021-09-27,1.480000
2021-09-28,1.540000
2021-09-29,1.550000
2021-09-30,1.520000
2021-10-01,1.480000
2021-10-04,1.490000
2021-10-05,1.540000
2021-10-06,1.530000
2021-10-07,1.580000
2021-10-08,1.610000
2021-10-12,1.590000
2021-10-13,1.560000
2021-10-14,1.520000
2021-10-15,1.590000
2021-10-18,1.590000
2021-10-19,1.650000
2021-10-20,1.650000
2021-10-21,1.680000
2021-10-22,1.660000
2021-10-25,1.640000
2021-10-26,1.630000
2021-10-27,1.540000
2021-10-28,1.570000
2021-10-29,1.550000
2021-11-01,1.580000
2021-11-02,1.560000
2021-11-03,1.600000
2021-11-04,1.530000
2021-11-05,1.450000
2021-11-08,1.510000
2021-11-09,1.460000
2021-11-10,1.560000
2021-11-12,1.580000
2021-11-15,1.630000
2021-11-16,1.630000
2021-11-17,1.600000
2021-11-18,1.590000
2021-11-19,1.540000
2021-11-22,1.630000
2021-11-23,1.670000
2021-11-24,1.640000
2021-11-26,1.480000
2021-11-29,1.520000
2021-11-30,1.430000
2021-12-01,1.430000
2021-12-02,1.440000
2021-12-03,1.350000
2021-12-06,1.430000
2021-12-07,1.480000
2021-12-08,1.520000
2021-12-09,1.490000
2021-12-10,1.480000
2021-12-13,1.420000
2021-12-14,1.440000
2021-12-15,1.470000
2021-12-16,1.440000
2021-12-17,1.410000
2021-12-20,1.430000
2021-12-21,1.480000
2021-12-22,1.460000
2021-12-23,1.500000
2021-12-27,1.480000
2021-12-28,1.490000
2021-12-29,1.550000
2021-12-30,1.520000
2021-12-31,1.520000
2022-01-03,1.630000
2022-01-04,1.660000
2022-01-05,1.710000
2022-01-06,1.730000
2022-01-07,1.760000
2022-01-10,1.780000
2022-01-11,1.750000
2022-01-12,1.740000
2022-01-13,1.700000
2022-01-14,1.780000
2022-01-18,1.870000
2022-01-19,1.830000
2022-01-20,1.830000
2022-01-21,1.750000
2022-01-24,1.750000
2022-01-25,1.780000
2022-01-26,1.850000
2022-01-27,1.810000
2022-01-28,1.780000
2022-01-31,1.790000
2022-02-01,1.810000
2022-02-02,1.780000
2022-02-03,1.820000
2022-02-04,1.930000
2022-02-07,1.920000
2022-02-08,1.960000
2022-02-09,1.940000
2022-02-10,2.030000
2022-02-11,1.920000
2022-02-14,1.980000
2022-02-15,2.050000
2022-02-16,2.030000
2022-02-17,1.970000
2022-02-18,1.920000
2022-02-22,1.940000
2022-02-23,1.990000
2022-02-24,1.960000
2022-02-25,1.970000
2022-02-28,1.830000
2022-03-01,1.720000
2022-03-02,1.860000
2022-03-03,1.860000
2022-03-04,1.740000
2022-03-07,1.780000
2022-03-08,1.860000
2022-03-09,1.940000
2022-03-10,1.980000
2022-03-11,2.000000
2022-03-14,2.140000
2022-03-15,2.150000
2022-03-16,2.190000
2022-03-17,2.200000
2022-03-18,2.140000
2022-03-21,2.320000
2022-03-22,2.380000
2022-03-23,2.320000
2022-03-24,2.340000
2022-03-25,2.480000
2022-03-28,2.460000
2022-03-29,2.410000
2022-03-30,2.350000
2022-03-31,2.320000
2022-04-01,2.390000
2022-04-04,2.420000
2022-04-05,2.540000
2022-04-06,2.610000
2022-04-07,2.660000
2022-04-08,2.720000
2022-04-11,2.790000
2022-04-12,2.720000
2022-04-13,2.700000
2022-04-14,2.830000
2022-04-18,2.850000
2022-04-19,2.930000
2022-04-20,2.850000
2022-04-21,2.900000
2022-04-22,2.900000
2022-04-25,2.810000
2022-04-26,2.770000
2022-04-27,2.820000
2022-04-28,2.850000
2022-04-29,2.890000
2022-05-02,2.990000
2022-05-03,2.970000
2022-05-04,2.930000
2022-05-05,3.050000
2022-05-06,3.120000
2022-05-09,3.050000
2022-05-10,2.990000
2022-05-11,2.910000
2022-05-12,2.840000
2022-05-13,2.930000
2022-05-16,2.880000
2022-05-17,2.980000
2022-05-18,2.890000
2022-05-19,2.840000
2022-05-20,2.780000
2022-05-23,2.860000
2022-05-24,2.760000
2022-05-25,2.750000
2022-05-26,2.750000
2022-05-27,2.740000
2022-05-31,2.850000
2022-06-01,2.940000
2022-06-02,2.920000
2022-06-03,2.960000
2022-06-06,3.040000
2022-06-07,2.980000
2022-06-08,3.030000
2022-06-09,3.040000
2022-06-10,3.150000
2022-06-13,3.430000
2022-06-14,3.490000
2022-06-15,3.330000
2022-06-16,3.280000
2022-06-17,3.250000
2022-06-21,3.310000
2022-06-22,3.160000
2022-06-23,3.090000
2022-06-24,3.130000
2022-06-27,3.200000
2022-06-28,3.200000
2022-06-29,3.100000
2022-06-30,2.980000
2022-07-01,2.880000
2022-07-05,2.820000
2022-07-06,2.930000
2022-07-07,3.010000
2022-07-08,3.090000
2022-07-11,2.990000
2022-07-12,2.960000
2022-07-13,2.910000
2022-07-14,2.960000
2022-07-15,2.930000
2022-07-18,2.960000
2022-07-19,3.010000
2022-07-20,3.040000
2022-07-21,2.910000
2022-07-22,2.770000
2022-07-25,2.810000
2022-07-26,2.810000
2022-07-27,2.780000
2022-07-28,2.680000
2022-07-29,2.670000
2022-08-01,2.600000
2022-08-02,2.750000
2022-08-03,2.730000
2022-08-04,2.680000
2022-08-05,2.830000
2022-08-08,2.770000
2022-08-09,2.800000
2022-08-10,2.780000
2022-08-11,2.870000
2022-08-12,2.840000
2022-08-15,2.790000
2022-08-16,2.820000
2022-08-17,2.890000
2022-08-18,2.880000
2022-08-19,2.980000
2022-08-22,3.030000
2022-08-23,3.050000
2022-08-24,3.110000
2022-08-25,3.030000
2022-08-26,3.040000
2022-08-29,3.120000
2022-08-30,3.110000
2022-08-31,3.150000
2022-09-01,3.260000
2022-09-02,3.200000
2022-09-06,3.330000
2022-09-07,3.270000
2022-09-08,3.290000
2022-09-09,3.330000
2022-09-12,3.370000
2022-09-13,3.420000
2022-09-14,3.410000
2022-09-15,3.450000
2022-09-16,3.450000
2022-09-19,3.490000
2022-09-20,3.570000
2022-09-21,3.510000
2022-09-22,3.700000
2022-09-23,3.690000
2022-09-26,3.880000
2022-09-27,3.970000
2022-09-28,3.720000
2022-09-29,3.760000
2022-09-30,3.830000
2022-10-03,3.670000
2022-10-04,3.620000
2022-10-05,3.760000
2022-10-06,3.830000
2022-10-07,3.890000
2022-10-11,3.930000
2022-10-12,3.910000
2022-10-13,3.970000
2022-10-14,4.000000
2022-10-17,4.020000
2022-10-18,4.010000
2022-10-19,4.140000
2022-10-20,4.240000
2022-10-21,4.210000
2022-10-24,4.250000
2022-10-25,4.100000
2022-10-26,4.040000
2022-10-27,3.960000
2022-10-28,4.020000
2022-10-31,4.100000
2022-11-01,4.070000
2022-11-02,4.100000
2022-11-03,4.140000
2022-11-04,4.170000
2022-11-07,4.220000
2022-11-08,4.140000
2022-11-09,4.120000
2022-11-10,3.820000
2022-11-14,3.880000
2022-11-15,3.800000
2022-11-16,3.670000
2022-11-17,3.770000
2022-11-18,3.820000
2022-11-21,3.830000
2022-11-22,3.760000
2022-11-23,3.710000
2022-11-25,3.680000
2022-11-28,3.690000
2022-11-29,3.750000
2022-11-30,3.680000
2022-12-01,3.530000
2022-12-02,3.510000
2022-12-05,3.600000
2022-12-06,3.510000
2022-12-07,3.420000
2022-12-08,3.480000
2022-12-09,3.570000
2022-12-12,3.610000
2022-12-13,3.510000
2022-12-14,3.490000
2022-12-15,3.440000
2022-12-16,3.480000
2022-12-19,3.570000
2022-12-20,3.690000
2022-12-21,3.680000
2022-12-22,3.670000
2022-12-23,3.750000
2022-12-27,3.840000
2022-12-28,3.880000
2022-12-29,3.830000
2022-12-30,3.880000
2023-01-03,3.790000
2023-01-04,3.690000
2023-01-05,3.710000
2023-01-06,3.550000
2023-01-09,3.530000
2023-01-10,3.610000
2023-01-11,3.540000
2023-01-12,3.430000
2023-01-13,3.490000
2023-01-17,3.530000
2023-01-18,3.370000
2023-01-19,3.390000
2023-01-20,3.480000
2023-01-23,3.520000
2023-01-24,3.460000
2023-01-25,3.460000
2023-01-26,3.490000
2023-01-27,3.520000
2023-01-30,3.550000
2023-01-31,3.520000
2023-02-01,3.390000
2023-02-02,3.400000
2023-02-03,3.530000
2023-02-06,3.630000
2023-02-07,3.670000
2023-02-08,3.630000
2023-02-09,3.670000
2023-02-10,3.740000
2023-02-13,3.720000
2023-02-14,3.770000
2023-02-15,3.810000
2023-02-16,3.860000
2023-02-17,3.820000
2023-02-21,3.950000
2023-02-22,3.930000
2023-02-23,3.880000
2023-02-24,3.950000
2023-02-27,3.920000
2023-02-28,3.920000
2023-03-01,4.010000
2023-03-02,4.080000
2023-03-03,3.970000
2023-03-06,3.980000
2023-03-07,3.970000
2023-03-08,3.980000
2023-03-09,3.930000
2023-03-10,3.700000
2023-03-13,3.550000
2023-03-14,3.640000
2023-03-15,3.510000
2023-03-16,3.560000
2023-03-17,3.390000
2023-03-20,3.470000
2023-03-21,3.590000
2023-03-22,3.480000
2023-03-23,3.380000
2023-03-24,3.380000
2023-03-27,3.530000
2023-03-28,3.550000
2023-03-29,3.570000
2023-03-30,3.550000
2023-03-31,3.480000
2023-04-03,3.430000
2023-04-04,3.350000
2023-04-05,3.300000
2023-04-06,3.300000
2023-04-07,3.390000
2023-04-10,3.410000
2023-04-11,3.430000
2023-04-12,3.410000
2023-04-13,3.450000
2023-04-14,3.520000
2023-04-17,3.600000
2023-04-18,3.580000
2023-04-19,3.600000
2023-04-20,3.540000
2023-04-21,3.570000
2023-04-24,3.520000
2023-04-25,3.400000
2023-04-26,3.430000
2023-04-27,3.530000
2023-04-28,3.440000
2023-05-01,3.590000
2023-05-02,3.440000
2023-05-03,3.380000
2023-05-04,3.370000
2023-05-05,3.440000
2023-05-08,3.520000
2023-05-09,3.530000
2023-05-10,3.430000
2023-05-11,3.390000
2023-05-12,3.460000
2023-05-15,3.500000
2023-05-16,3.540000
2023-05-17,3.570000
2023-05-18,3.650000
2023-05-19,3.700000
2023-05-22,3.720000
2023-05-23,3.700000
2023-05-24,3.730000
2023-05-25,3.830000
2023-05-26,3.800000
2023-05-30,3.690000
2023-05-31,3.640000
2023-06-01,3.610000
2023-06-02,3.690000
2023-06-05,3.690000
2023-06-06,3.700000
2023-06-07,3.790000
2023-06-08,3.730000
2023-06-09,3.750000
2023-06-12,3.730000
2023-06-13,3.840000
2023-06-14,3.830000
2023-06-15,3.720000
2023-06-16,3.770000
2023-06-20,3.740000
2023-06-21,3.720000
2023-06-22,3.800000
2023-06-23,3.740000
2023-06-26,3.720000
2023-06-27,3.770000
2023-06-28,3.710000
2023-06-29,3.850000
2023-06-30,3.810000
2023-07-03,3.860000
2023-07-05,3.950000
2023-07-06,4.050000
2023-07-07,4.060000
2023-07-10,4.010000
2023-07-11,3.990000
2023-07-12,3.860000
2023-07-13,3.760000
2023-07-14,3.830000
2023-07-17,3.810000
2023-07-18,3.800000
2023-07-19,3.750000
2023-07-20,3.850000
2023-07-21,3.840000
2023-07-24,3.860000
2023-07-25,3.910000
2023-07-26,3.860000
2023-07-27,4.010000
2023-07-28,3.960000
2023-07-31,3.970000
2023-08-01,4.050000
2023-08-02,4.080000
2023-08-03,4.200000
2023-08-04,4.050000
2023-08-07,4.090000
2023-08-08,4.020000
2023-08-09,4.000000
2023-08-10,4.090000
2023-08-11,4.160000
2023-08-14,4.190000
2023-08-15,4.210000
2023-08-16,4.280000
2023-08-17,4.300000
2023-08-18,4.260000
2023-08-21,4.340000
2023-08-22,4.340000
2023-08-23,4.190000
2023-08-24,4.230000
2023-08-25,4.250000
2023-08-28,4.200000
2023-08-29,4.120000
2023-08-30,4.120000
2023-08-31,4.090000
2023-09-01,4.180000
2023-09-05,4.270000
2023-09-06,4.300000
2023-09-07,4.270000
2023-09-08,4.260000
2023-09-11,4.290000
2023-09-12,4.270000
2023-09-13,4.250000
2023-09-14,4.290000
2023-09-15,4.330000
2023-09-18,4.320000
2023-09-19,4.370000
2023-09-20,4.350000
2023-09-21,4.490000
2023-09-22,4.440000
2023-09-25,4.550000
2023-09-26,4.560000
2023-09-27,4.610000
2023-09-28,4.590000
2023-09-29,4.590000
2023-10-02,4.690000
2023-10-03,4.810000
2023-10-04,4.730000
2023-10-05,4.720000
2023-10-06,4.780000
2023-10-10,4.660000
2023-10-11,4.580000
2023-10-12,4.700000
2023-10-13,4.630000
2023-10-16,4.710000
2023-10-17,4.830000
2023-10-18,4.910000
2023-10-19,4.980000
2023-10-20,4.930000
2023-10-23,4.860000
2023-10-24,4.830000
2023-10-25,4.950000
2023-10-26,4.860000
2023-10-27,4.840000
2023-10-30,4.880000
2023-10-31,4.880000
2023-11-01,4.770000
2023-11-02,4.670000
2023-11-03,4.570000
2023-11-06,4.670000
2023-11-07,4.580000
2023-11-08,4.490000
2023-11-09,4.620000
2023-11-10,4.610000
2023-11-13,4.630000
2023-11-14,4.440000
2023-11-15,4.530000
2023-11-16,4.450000
2023-11-17,4.440000
2023-11-20,4.420000
2023-11-21,4.410000
2023-11-22,4.420000
2023-11-24,4.470000
2023-11-27,4.390000
2023-11-28,4.340000
2023-11-29,4.270000
2023-11-30,4.370000
2023-12-01,4.220000
2023-12-04,4.280000
2023-12-05,4.180000
2023-12-06,4.120000
2023-12-07,4.140000
2023-12-08,4.230000
2023-12-11,4.230000
2023-12-12,4.200000
2023-12-13,4.040000
2023-12-14,3.920000
2023-12-15,3.910000
2023-12-18,3.950000
2023-12-19,3.930000
2023-12-20,3.860000
2023-12-21,3.890000
2023-12-22,3.900000
2023-12-26,3.890000
2023-12-27,3.790000
2023-12-28,3.840000
2023-12-29,3.880000
2024-01-02,3.950000
2024-01-03,3.910000
2024-01-04,3.990000
2024-01-05,4.050000
2024-01-08,4.010000
2024-01-09,4.020000
2024-01-10,4.040000
2024-01-11,3.980000
2024-01-12,3.960000
2024-01-16,4.070000
2024-01-17,4.100000
2024-01-18,4.140000
2024-01-19,4.150000
2024-01-22,4.110000
2024-01-23,4.140000
2024-01-24,4.180000
2024-01-25,4.140000
2024-01-26,4.150000
2024-01-29,4.080000
2024-01-30,4.060000
2024-01-31,3.990000
2024-02-01,3.870000
2024-02-02,4.030000
2024-02-05,4.170000
2024-02-06,4.090000
2024-02-07,4.090000
2024-02-08,4.150000
2024-02-09,4.170000
2024-02-12,4.170000
2024-02-13,4.310000
2024-02-14,4.270000
2024-02-15,4.240000
2024-02-16,4.300000
2024-02-20,4.270000
2024-02-21,4.320000
2024-02-22,4.330000
2024-02-23,4.260000
2024-02-26,4.280000
2024-02-27,4.310000
2024-02-28,4.270000
2024-02-29,4.250000
2024-03-01,4.190000
2024-03-04,4.220000
2024-03-05,4.130000
2024-03-06,4.110000
2024-03-07,4.090000
2024-03-08,4.090000
2024-03-11,4.100000
2024-03-12,4.160000
2024-03-13,4.190000
2024-03-14,4.290000
2024-03-15,4.310000
2024-03-18,4.340000
2024-03-19,4.300000
2024-03-20,4.270000
2024-03-21,4.270000
2024-03-22,4.220000
2024-03-25,4.250000
2024-03-26,4.240000
2024-03-27,4.200000
2024-03-28,4.200000
2024-04-01,4.330000
2024-04-02,4.360000
2024-04-03,4.360000
2024-04-04,4.310000
2024-04-05,4.390000
2024-04-08,4.420000
2024-04-09,4.360000
2024-04-10,4.550000
2024-04-11,4.560000
2024-04-12,4.500000
2024-04-15,4.630000
2024-04-16,4.670000
2024-04-17,4.590000
2024-04-18,4.640000
2024-04-19,4.620000
2024-04-22,4.620000
2024-04-23,4.610000
2024-04-24,4.650000
2024-04-25,4.700000
2024-04-26,4.670000
2024-04-29,4.630000
2024-04-30,4.690000
2024-05-01,4.630000
2024-05-02,4.580000
2024-05-03,4.500000
2024-05-06,4.490000
2024-05-07,4.470000
2024-05-08,4.480000
2024-05-09,4.450000
2024-05-10,4.500000
2024-05-13,4.480000
2024-05-14,4.450000
2024-05-15,4.360000
2024-05-16,4.380000
2024-05-17,4.420000
2024-05-20,4.440000
2024-05-21,4.410000
2024-05-22,4.430000
2024-05-23,4.470000
2024-05-24,4.460000
2024-05-28,4.540000
2024-05-29,4.610000
2024-05-30,4.550000
2024-05-31,4.510000
2024-06-03,4.410000
2024-06-04,4.330000
2024-06-05,4.290000
2024-06-06,4.280000
2024-06-07,4.430000
2024-06-10,4.470000
2024-06-11,4.390000
2024-06-12,4.310000
2024-06-13,4.240000
2024-06-14,4.200000
2024-06-17,4.280000
2024-06-18,4.220000
2024-06-20,4.250000
2024-06-21,4.250000
2024-06-24,4.250000
2024-06-25,4.230000
2024-06-26,4.320000
2024-06-27,4.290000
2024-06-28,4.360000
2024-07-01,4.480000
2024-07-02,4.430000
2024-07-03,4.360000
2024-07-05,4.280000
2024-07-08,4.280000
2024-07-09,4.300000
2024-07-10,4.280000
2024-07-11,4.200000
2024-07-12,4.180000
2024-07-15,4.230000
2024-07-16,4.170000
2024-07-17,4.160000
2024-07-18,4.200000
2024-07-19,4.250000
2024-07-22,4.260000
2024-07-23,4.250000
2024-07-24,4.280000
2024-07-25,4.270000
2024-07-26,4.200000
2024-07-29,4.170000
2024-07-30,4.150000
2024-07-31,4.090000
2024-08-01,3.990000
2024-08-02,3.800000
2024-08-05,3.780000
2024-08-06,3.900000
2024-08-07,3.960000
2024-08-08,3.990000
2024-08-09,3.940000
2024-08-12,3.900000
2024-08-13,3.850000
2024-08-14,3.830000
2024-08-15,3.920000
2024-08-16,3.890000
2024-08-19,3.860000
2024-08-20,3.820000
2024-08-21,3.790000
2024-08-22,3.860000
2024-08-23,3.810000
2024-08-26,3.820000
2024-08-27,3.830000
2024-08-28,3.840000
2024-08-29,3.870000
2024-08-30,3.910000
2024-09-03,3.840000
2024-09-04,3.770000
2024-09-05,3.730000
2024-09-06,3.720000
2024-09-09,3.700000
2024-09-10,3.650000
2024-09-11,3.650000
2024-09-12,3.680000
2024-09-13,3.660000
2024-09-16,3.630000
2024-09-17,3.650000
2024-09-18,3.700000
2024-09-19,3.730000
2024-09-20,3.730000
2024-09-23,3.750000
2024-09-24,3.740000
2024-09-25,3.790000
2024-09-26,3.790000
2024-09-27,3.750000
2024-09-30,3.810000
2024-10-01,3.740000
2024-10-02,3.790000
2024-10-03,3.850000
2024-10-04,3.980000
2024-10-07,4.030000
2024-10-08,4.040000
2024-10-09,4.060000
2024-10-10,4.090000
2024-10-11,4.080000
2024-10-15,4.030000
2024-10-16,4.020000
2024-10-17,4.090000
2024-10-18,4.080000
2024-10-21,4.190000
2024-10-22,4.200000
2024-10-23,4.240000
2024-10-24,4.210000
2024-10-25,4.250000
2024-10-28,4.280000
2024-10-29,4.280000
2024-10-30,4.290000
2024-10-31,4.280000
2024-11-01,4.370000
2024-11-04,4.310000
2024-11-05,4.260000
2024-11-06,4.420000
2024-11-07,4.310000
2024-11-08,4.300000
2024-11-12,4.430000
2024-11-13,4.440000
2024-11-14,4.430000
2024-11-15,4.430000
2024-11-18,4.420000
2024-11-19,4.390000
2024-11-20,4.410000
2024-11-21,4.430000
2024-11-22,4.410000
2024-11-25,4.270000
2024-11-26,4.300000
2024-11-27,4.250000
2024-11-29,4.180000
2024-12-02,4.190000
2024-12-03,4.230000
2024-12-04,4.190000
2024-12-05,4.170000
2024-12-06,4.150000
2024-12-09,4.200000
2024-12-10,4.220000
2024-12-11,4.260000
2024-12-12,4.320000
2024-12-13,4.400000
2024-12-16,4.390000
2024-12-17,4.400000
2024-12-18,4.500000
2024-12-19,4.570000
2024-12-20,4.520000
2024-12-23,4.590000
2024-12-24,4.590000
2024-12-26,4.580000
2024-12-27,4.620000
2024-12-30,4.550000
2024-12-31,4.580000
2025-01-02,4.570000
2025-01-03,4.600000
2025-01-06,4.620000
2025-01-07,4.670000
2025-01-08,4.670000
2025-01-09,4.680000
2025-01-10,4.770000
2025-01-13,4.790000
2025-01-14,4.780000
2025-01-15,4.660000
2025-01-16,4.610000
2025-01-17,4.610000
2025-01-21,4.570000
2025-01-22,4.600000
2025-01-23,4.650000
2025-01-24,4.630000
2025-01-27,4.530000
2025-01-28,4.550000
2025-01-29,4.550000
2025-01-30,4.520000
2025-01-31,4.580000
2025-02-03,4.540000
2025-02-04,4.520000
2025-02-05,4.430000
2025-02-06,4.450000
2025-02-07,4.490000
2025-02-10,4.510000
2025-02-11,4.540000
2025-02-12,4.620000
2025-02-13,4.520000
2025-02-14,4.470000
2025-02-18,4.550000
2025-02-19,4.530000
2025-02-20,4.500000
2025-02-21,4.420000
2025-02-24,4.400000
2025-02-25,4.300000
2025-02-26,4.250000
2025-02-27,4.290000
2025-02-28,4.240000
2025-03-03,4.160000
2025-03-04,4.220000
2025-03-05,4.280000
2025-03-06,4.290000
2025-03-07,4.320000
2025-03-10,4.220000
2025-03-11,4.280000
2025-03-12,4.320000
2025-03-13,4.270000
2025-03-14,4.310000
2025-03-17,4.310000
2025-03-18,4.290000
2025-03-19,4.250000
2025-03-20,4.240000
2025-03-21,4.250000
2025-03-24,4.340000
2025-03-25,4.310000
2025-03-26,4.350000
2025-03-27,4.380000
2025-03-28,4.270000
2025-03-31,4.230000
2025-04-01,4.170000
2025-04-02,4.200000
2025-04-03,4.060000
2025-04-04,4.010000
2025-04-07,4.150000
2025-04-08,4.260000
2025-04-09,4.340000
2025-04-10,4.400000
2025-04-11,4.480000
2025-04-14,4.380000
2025-04-15,4.350000
2025-04-16,4.290000
2025-04-17,4.340000
2025-04-21,4.420000
2025-04-22,4.410000
2025-04-23,4.400000
2025-04-24,4.320000
2025-04-25,4.290000
2025-04-28,4.230000
2025-04-29,4.190000
2025-04-30,4.170000
2025-05-01,4.250000
2025-05-02,4.330000
2025-05-05,4.360000
2025-05-06,4.300000
2025-05-07,4.260000
2025-05-08,4.370000
2025-05-09,4.370000
2025-05-12,4.450000
2025-05-13,4.490000
2025-05-14,4.530000
2025-05-15,4.450000
2025-05-16,4.430000
2025-05-19,4.460000
2025-05-20,4.480000
2025-05-21,4.580000
2025-05-22,4.540000
2025-05-23,4.510000
2025-05-27,4.430000
2025-05-28,4.470000
2025-05-29,4.430000
2025-05-30,4.410000
2025-06-02,4.460000
2025-06-03,4.460000
2025-06-04,4.370000
2025-06-05,4.400000
2025-06-06,4.510000
2025-06-09,4.490000
2025-06-10,4.470000
2025-06-11,4.410000
2025-06-12,4.360000
2025-06-13,4.410000
2025-06-16,4.460000
2025-06-17,4.390000
2025-06-18,4.380000
2025-06-20,4.380000
2025-06-23,4.340000
2025-06-24,4.300000
2025-06-25,4.290000
2025-06-26,4.260000
2025-06-27,4.290000
2025-06-30,4.240000
2025-07-01,4.260000
2025-07-02,4.300000
2025-07-03,4.350000
2025-07-07,4.400000
2025-07-08,4.420000
2025-07-09,4.340000
2025-07-10,4.350000
2025-07-11,4.430000
2025-07-14,4.430000
2025-07-15,4.500000
2025-07-16,4.460000
2025-07-17,4.470000
2025-07-18,4.440000
2025-07-21,4.380000
2025-07-22,4.350000
2025-07-23,4.400000
2025-07-24,4.430000
2025-07-25,4.400000
2025-07-28,4.420000
2025-07-29,4.340000
2025-07-30,4.380000
2025-07-31,4.370000
2025-08-01,4.230000
2025-08-04,4.220000
2025-08-05,4.220000
2025-08-06,4.220000
2025-08-07,4.230000
2025-08-08,4.270000
2025-08-11,4.270000
2025-08-12,4.290000
2025-08-13,4.240000
2025-08-14,4.290000
2025-08-15,4.330000
2025-08-18,4.340000
2025-08-19,4.300000
2025-08-20,4.290000
2025-08-21,4.330000
2025-08-22,4.260000
2025-08-25,4.280000
2025-08-26,4.260000
2025-08-27,4.240000
2025-08-28,4.220000
2025-08-29,4.230000
2025-09-02,4.280000
2025-09-03,4.220000
2025-09-04,4.170000
2025-09-05,4.100000
2025-09-08,4.050000
2025-09-09,4.080000
2025-09-10,4.040000
2025-09-11,4.010000
2025-09-12,4.060000
2025-09-15,4.050000
2025-09-16,4.040000
2025-09-17,4.060000
2025-09-18,4.110000
2025-09-19,4.140000
2025-09-22,4.150000
2025-09-23,4.120000
2025-09-24,4.160000
2025-09-25,4.180000
2025-09-26,4.200000
2025-09-29,4.150000
2025-09-30,4.160000
2025-10-01,4.120000
2025-10-02,4.100000
2025-10-03,4.130000
2025-10-06,4.180000
2025-10-07,4.140000
2025-10-08,4.130000
2025-10-09,4.140000
2025-10-10,4.050000
2025-10-14,4.030000
2025-10-15,4.050000
2025-10-16,3.990000
2025-10-17,4.020000
2025-10-20,4.000000
2025-10-21,3.980000
2025-10-22,3.970000
2025-10-23,4.010000
2025-10-24,4.020000
2025-10-27,4.010000
2025-10-28,3.990000
2025-10-29,4.080000
2025-10-30,4.110000
2025-10-31,4.110000
2025-11-03,4.130000
2025-11-04,4.100000
2025-11-05,4.170000
2025-11-06,4.110000
2025-11-07,4.110000
2025-11-10,4.130000
2025-11-12,4.080000
2025-11-13,4.110000
2025-11-14,4.140000
2025-11-17,4.130000
2025-11-18,4.120000
2025-11-19,4.130000
2025-11-20,4.100000
2025-11-21,4.060000
2025-11-24,4.040000
2025-11-25,4.010000
2025-11-26,4.000000
2025-11-28,4.020000
2025-12-01,4.090000
2025-12-02,4.090000
2025-12-03,4.060000
2025-12-04,4.110000
2025-12-05,4.140000
2025-12-08,4.170000
2025-12-09,4.180000
2025-12-10,4.130000
2025-12-11,4.140000
2025-12-12,4.190000
2025-12-15,4.180000
2025-12-16,4.150000
2025-12-17,4.160000
2025-12-18,4.120000
2025-12-19,4.160000
2025-12-22,4.170000
2025-12-23,4.180000
2025-12-24,4.150000
2025-12-26,4.140000
2025-12-29,4.120000
2025-12-30,4.140000
2025-12-31,4.180000
2026-01-02,4.190000
2026-01-05,4.170000
2026-01-06,4.180000
2026-01-07,4.150000
2026-01-08,4.190000
2026-01-09,4.180000
2026-01-12,4.190000
2026-01-13,4.180000
2026-01-14,4.150000
2026-01-15,4.170000
2026-01-16,4.240000
2026-01-20,4.300000
2026-01-21,4.260000
2026-01-22,4.260000
2026-01-23,4.240000
2026-01-26,4.220000
2026-01-27,4.240000
2026-01-28,4.260000
2026-01-29,4.240000
2026-01-30,4.260000
2026-02-02,4.290000
2026-02-03,4.280000
2026-02-04,4.290000
2026-02-05,4.210000
2026-02-06,4.220000
2026-02-09,4.220000
2026-02-10,4.160000
2026-02-11,4.180000
2026-02-12,4.090000
2026-02-13,4.040000
2026-02-17,4.050000
2026-02-18,4.090000
2026-02-19,4.080000
2026-02-20,4.080000
2026-02-23,4.030000
2026-02-24,4.040000
2026-02-25,4.050000
2026-02-26,4.020000
2026-02-27,3.970000
2026-03-02,4.050000
2026-03-03,4.060000
2026-03-04,4.090000
2026-03-05,4.130000
2026-03-06,4.150000
2026-03-09,4.120000
2026-03-10,4.150000
2026-03-11,4.210000
2026-03-12,4.270000
2026-03-13,4.280000
2026-03-16,4.230000
2026-03-17,4.200000
2026-03-18,4.260000
2026-03-19,4.250000
2026-03-20,4.390000
2026-03-23,4.340000
2026-03-24,4.390000
2026-03-25,4.330000
2026-03-26,4.420000
2026-03-27,4.440000
2026-03-30,4.350000
2026-03-31,4.300000
2026-04-01,4.330000
2026-04-02,4.310000
2026-04-03,4.350000
2026-04-06,4.340000
2026-04-07,4.330000
2026-04-08,4.290000
2026-04-09,4.290000
2026-04-10,4.310000
2026-04-13,4.300000
2026-04-14,4.260000
2026-04-15,4.290000
2026-04-16,4.320000
2026-04-17,4.260000
2026-04-20,4.260000
2026-04-21,4.300000
2026-04-22,4.300000
2026-04-23,4.340000
2026-04-24,4.310000
2026-04-27,4.350000
2026-04-28,4.360000
2026-04-29,4.420000
2026-04-30,4.400000
2026-05-01,4.390000
2026-05-04,4.450000
2026-05-05,4.430000
2026-05-06,4.360000
2026-05-07,4.410000
2026-05-08,4.380000
2026-05-11,4.420000
2026-05-12,4.460000
2026-05-13,4.460000
2026-05-14,4.470000
2026-05-15,4.590000
2026-05-18,4.610000
2026-05-19,4.670000
2026-05-20,4.570000
2026-05-21,4.570000
2026-05-22,4.560000
2026-05-26,4.500000
2026-05-27,4.480000
2026-05-28,4.450000
2026-05-29,4.450000
2026-06-01,4.470000
2026-06-02,4.460000
2026-06-03,4.490000
2026-06-04,4.470000
2026-06-05,4.550000
2026-06-08,4.560000
2026-06-09,4.530000
2026-06-10,4.550000
2026-06-11,4.450000
2026-06-12,4.480000
2026-06-15,4.470000
2026-06-16,4.430000
2026-06-17,4.490000
2026-06-18,4.460000
2026-06-22,4.510000
2026-06-23,4.500000
2026-06-24,4.410000
2026-06-25,4.400000
2026-06-26,4.380000
2026-06-29,4.380000
2026-06-30,4.440000
2026-07-01,4.480000
2026-07-02,4.490000
2026-07-06,4.480000
2026-07-07,4.550000
2026-07-08,4.560000
2026-07-09,4.540000
2026-07-10,4.560000
2026-07-13,4.620000
2026-07-14,4.580000
2026-07-15,4.550000
2026-07-16,4.570000
2026-07-17,4.550000
2026-07-20,4.600000
2026-07-21,4.630000
2026-07-22,4.670000
2026-07-23,4.710000
2026-07-24,4.690000
2026-07-27,4.650000
2026-07-28,4.610000
2026-07-29,4.670000
2026-07-30,4.680000
2026-07-31,4.750000
2026-08-03,4.700000
2026-08-04,4.630000
2026-08-05,4.630000
2026-08-06,4.690000
2026-08-07,4.650000
2026-08-10,4.720000
2026-08-11,4.700000
2026-08-12,4.680000
2026-08-13,4.630000
2026-08-14,4.680000
2026-08-17,4.720000
2026-08-18,4.710000
2026-08-19,4.650000
2026-08-20,4.690000
2026-08-21,4.740000
2026-08-24,4.700000
2026-08-25,4.640000
2026-08-26,4.660000
2026-08-27,4.670000
