date,value
1976-06-01,7.260000
1976-06-02,7.230000
1976-06-03,7.220000
1976-06-04,7.120000
1976-06-07,7.090000
1976-06-08,7.110000
1976-06-09,7.080000
1976-06-10,7.000000
1976-06-11,7.030000
1976-06-14,7.010000
1976-06-15,7.020000
1976-06-16,7.060000
1976-06-17,7.060000
1976-06-18,6.990000
1976-06-21,6.950000
1976-06-22,7.010000
1976-06-23,7.010000
1976-06-24,6.990000
1976-06-25,7.020000
1976-06-28,7.020000
1976-06-29,7.020000
1976-06-30,7.020000
1976-07-01,7.020000
1976-07-02,6.990000
1976-07-06,6.960000
1976-07-07,6.990000
1976-07-08,6.920000
1976-07-09,6.770000
1976-07-12,6.720000
1976-07-13,6.740000
1976-07-14,6.760000
1976-07-15,6.720000
1976-07-16,6.850000
1976-07-19,6.890000
1976-07-20,6.910000
1976-07-21,6.900000
1976-07-22,6.910000
1976-07-23,6.900000
1976-07-26,6.860000
1976-07-27,6.760000
1976-07-28,6.790000
1976-07-29,6.750000
1976-07-30,6.740000
1976-08-02,6.750000
1976-08-03,6.720000
1976-08-04,6.730000
1976-08-05,6.740000
1976-08-06,6.710000
1976-08-09,6.680000
1976-08-10,6.680000
1976-08-11,6.660000
1976-08-12,6.640000
1976-08-13,6.600000
1976-08-16,6.570000
1976-08-17,6.570000
1976-08-18,6.590000
1976-08-19,6.610000
1976-08-20,6.680000
1976-08-23,6.620000
1976-08-24,6.600000
1976-08-25,6.530000
1976-08-26,6.540000
1976-08-27,6.600000
1976-08-30,6.570000
1976-08-31,6.500000
1976-09-01,6.500000
1976-09-02,6.540000
1976-09-03,6.520000
1976-09-07,6.460000
1976-09-08,6.440000
1976-09-09,6.490000
1976-09-10,6.460000
1976-09-13,6.470000
1976-09-14,6.490000
1976-09-15,6.450000
1976-09-16,6.410000
1976-09-17,6.260000
1976-09-20,6.340000
1976-09-21,6.300000
1976-09-22,6.360000
1976-09-23,6.350000
1976-09-24,6.440000
1976-09-27,6.410000
1976-09-28,6.360000
1976-09-29,6.360000
1976-09-30,6.330000
1976-10-01,6.240000
1976-10-04,6.190000
1976-10-05,6.190000
1976-10-06,6.110000
1976-10-07,6.090000
1976-10-08,5.870000
1976-10-12,5.800000
1976-10-13,5.820000
1976-10-14,5.810000
1976-10-15,5.750000
1976-10-18,5.770000
1976-10-19,5.850000
1976-10-20,5.950000
1976-10-21,5.980000
1976-10-22,6.070000
1976-10-25,6.110000
1976-10-26,6.050000
1976-10-27,6.010000
1976-10-28,5.990000
1976-10-29,6.030000
1976-11-01,6.030000
1976-11-03,6.070000
1976-11-04,5.950000
1976-11-05,6.010000
1976-11-08,6.040000
1976-11-09,6.070000
1976-11-10,6.030000
1976-11-12,6.010000
1976-11-15,6.000000
1976-11-16,5.860000
1976-11-17,5.820000
1976-11-18,5.830000
1976-11-19,5.670000
1976-11-22,5.560000
1976-11-23,5.590000
1976-11-24,5.560000
1976-11-26,5.410000
1976-11-29,5.460000
1976-11-30,5.420000
1976-12-01,5.400000
1976-12-02,5.340000
1976-12-03,5.310000
1976-12-06,5.370000
1976-12-07,5.410000
1976-12-08,5.430000
1976-12-09,5.440000
1976-12-10,5.310000
1976-12-13,5.430000
1976-12-14,5.390000
1976-12-15,5.380000
1976-12-16,5.400000
1976-12-17,5.400000
1976-12-20,5.340000
1976-12-21,5.370000
1976-12-22,5.340000
1976-12-23,5.360000
1976-12-27,5.370000
1976-12-28,5.390000
1976-12-29,5.390000
1976-12-30,5.380000
1976-12-31,5.340000
1977-01-03,5.420000
1977-01-04,5.500000
1977-01-05,5.480000
1977-01-06,5.570000
1977-01-07,5.680000
1977-01-10,5.790000
1977-01-11,5.870000
1977-01-12,5.840000
1977-01-13,5.790000
1977-01-14,5.960000
1977-01-17,5.980000
1977-01-18,6.040000
1977-01-19,6.020000
1977-01-20,6.010000
1977-01-21,6.020000
1977-01-24,6.090000
1977-01-25,6.080000
1977-01-26,6.090000
1977-01-27,6.260000
1977-01-28,6.220000
1977-01-31,6.180000
1977-02-01,6.200000
1977-02-02,6.280000
1977-02-03,6.200000
1977-02-04,6.030000
1977-02-07,6.040000
1977-02-08,6.060000
1977-02-09,6.010000
1977-02-10,6.040000
1977-02-11,6.020000
1977-02-14,6.060000
1977-02-15,6.040000
1977-02-16,6.020000
1977-02-17,5.990000
1977-02-18,6.060000
1977-02-22,6.090000
1977-02-23,6.120000
1977-02-24,6.200000
1977-02-25,6.140000
1977-02-28,6.080000
1977-03-01,6.160000
1977-03-02,6.120000
1977-03-03,6.080000
1977-03-04,6.100000
1977-03-07,6.120000
1977-03-08,6.140000
1977-03-09,6.120000
1977-03-10,6.110000
1977-03-11,6.090000
1977-03-14,6.060000
1977-03-15,6.060000
1977-03-16,6.080000
1977-03-17,6.140000
1977-03-18,6.080000
1977-03-21,6.030000
1977-03-22,6.040000
1977-03-23,6.040000
1977-03-24,6.070000
1977-03-25,6.100000
1977-03-28,6.110000
1977-03-29,6.080000
1977-03-30,6.050000
1977-03-31,6.010000
1977-04-01,6.020000
1977-04-04,6.030000
1977-04-05,6.010000
1977-04-06,6.040000
1977-04-07,6.020000
1977-04-11,5.960000
1977-04-12,5.980000
1977-04-13,5.960000
1977-04-14,5.730000
1977-04-15,5.780000
1977-04-18,5.800000
1977-04-19,5.870000
1977-04-20,5.950000
1977-04-21,5.940000
1977-04-22,5.990000
1977-04-25,6.010000
1977-04-26,6.000000
1977-04-27,6.010000
1977-04-28,6.030000
1977-04-29,6.140000
1977-05-02,6.150000
1977-05-03,6.150000
1977-05-04,6.110000
1977-05-05,6.160000
1977-05-06,6.240000
1977-05-09,6.250000
1977-05-10,6.270000
1977-05-11,6.340000
1977-05-12,6.320000
1977-05-13,6.280000
1977-05-16,6.260000
1977-05-17,6.250000
1977-05-18,6.240000
1977-05-19,6.370000
1977-05-20,6.430000
1977-05-23,6.380000
1977-05-24,6.300000
1977-05-25,6.230000
1977-05-26,6.240000
1977-05-27,6.200000
1977-05-31,6.180000
1977-06-01,6.240000
1977-06-02,6.200000
1977-06-03,6.190000
1977-06-06,6.180000
1977-06-07,6.170000
1977-06-08,6.150000
1977-06-09,6.160000
1977-06-10,6.150000
1977-06-13,6.130000
1977-06-14,6.080000
1977-06-15,6.110000
1977-06-16,6.120000
1977-06-17,6.100000
1977-06-20,6.110000
1977-06-21,6.120000
1977-06-22,6.120000
1977-06-23,6.120000
1977-06-24,6.100000
1977-06-27,6.060000
1977-06-28,6.060000
1977-06-29,6.050000
1977-06-30,6.080000
1977-07-01,6.120000
1977-07-05,6.120000
1977-07-06,6.140000
1977-07-07,6.150000
1977-07-08,6.190000
1977-07-11,6.220000
1977-07-12,6.220000
1977-07-13,6.190000
1977-07-15,6.260000
1977-07-18,6.300000
1977-07-19,6.310000
1977-07-20,6.350000
1977-07-21,6.380000
1977-07-22,6.350000
1977-07-25,6.290000
1977-07-26,6.280000
1977-07-27,6.370000
1977-07-28,6.480000
1977-07-29,6.500000
1977-08-01,6.490000
1977-08-02,6.540000
1977-08-03,6.530000
1977-08-04,6.520000
1977-08-05,6.530000
1977-08-08,6.520000
1977-08-09,6.580000
1977-08-10,6.590000
1977-08-11,6.640000
1977-08-12,6.680000
1977-08-15,6.710000
1977-08-16,6.740000
1977-08-17,6.720000
1977-08-18,6.680000
1977-08-19,6.670000
1977-08-22,6.660000
1977-08-23,6.640000
1977-08-24,6.670000
1977-08-25,6.620000
1977-08-26,6.620000
1977-08-29,6.560000
1977-08-30,6.560000
1977-08-31,6.590000
1977-09-01,6.570000
1977-09-02,6.530000
1977-09-06,6.520000
1977-09-07,6.540000
1977-09-08,6.540000
1977-09-09,6.760000
1977-09-12,6.780000
1977-09-13,6.750000
1977-09-14,6.740000
1977-09-15,6.700000
1977-09-16,6.680000
1977-09-19,6.660000
1977-09-20,6.700000
1977-09-21,6.710000
1977-09-22,6.850000
1977-09-23,6.860000
1977-09-26,6.890000
1977-09-27,6.800000
1977-09-28,6.810000
1977-09-29,6.790000
1977-09-30,6.820000
1977-10-03,6.840000
1977-10-04,6.840000
1977-10-05,6.860000
1977-10-06,6.890000
1977-10-07,6.960000
1977-10-11,7.060000
1977-10-12,7.140000
1977-10-13,7.190000
1977-10-14,7.170000
1977-10-17,7.220000
1977-10-18,7.230000
1977-10-19,7.220000
1977-10-20,7.200000
1977-10-21,7.220000
1977-10-24,7.200000
1977-10-25,7.200000
1977-10-26,7.170000
1977-10-27,7.140000
1977-10-28,7.140000
1977-10-31,7.230000
1977-11-01,7.230000
1977-11-02,7.240000
1977-11-03,7.220000
1977-11-04,7.200000
1977-11-07,7.170000
1977-11-09,7.160000
1977-11-10,7.150000
1977-11-14,7.100000
1977-11-15,7.110000
1977-11-16,7.120000
1977-11-17,7.100000
1977-11-18,7.110000
1977-11-21,7.120000
1977-11-22,7.140000
1977-11-23,7.110000
1977-11-25,7.100000
1977-11-28,7.110000
1977-11-29,7.110000
1977-11-30,7.110000
1977-12-01,7.130000
1977-12-02,7.150000
1977-12-05,7.150000
1977-12-06,7.150000
1977-12-07,7.160000
1977-12-08,7.160000
1977-12-09,7.150000
1977-12-12,7.160000
1977-12-13,7.160000
1977-12-14,7.160000
1977-12-15,7.140000
1977-12-16,7.130000
1977-12-19,7.130000
1977-12-20,7.140000
1977-12-21,7.160000
1977-12-22,7.260000
1977-12-23,7.240000
1977-12-27,7.250000
1977-12-28,7.250000
1977-12-29,7.260000
1977-12-30,7.220000
1978-01-03,7.240000
1978-01-04,7.240000
1978-01-05,7.260000
1978-01-06,7.280000
1978-01-09,7.580000
1978-01-10,7.580000
1978-01-11,7.600000
1978-01-12,7.600000
1978-01-13,7.570000
1978-01-16,7.550000
1978-01-17,7.540000
1978-01-18,7.540000
1978-01-19,7.550000
1978-01-20,7.550000
1978-01-23,7.530000
1978-01-24,7.530000
1978-01-25,7.530000
1978-01-26,7.510000
1978-01-27,7.480000
1978-01-30,7.470000
1978-01-31,7.470000
1978-02-01,7.470000
1978-02-02,7.480000
1978-02-03,7.480000
1978-02-06,7.500000
1978-02-07,7.520000
1978-02-08,7.520000
1978-02-09,7.520000
1978-02-10,7.530000
1978-02-14,7.570000
1978-02-15,7.590000
1978-02-16,7.640000
1978-02-17,7.630000
1978-02-21,7.650000
1978-02-22,7.650000
1978-02-23,7.650000
1978-02-24,7.610000
1978-02-27,7.590000
1978-02-28,7.570000
1978-03-01,7.590000
1978-03-02,7.590000
1978-03-03,7.590000
1978-03-06,7.580000
1978-03-07,7.560000
1978-03-08,7.540000
1978-03-09,7.560000
1978-03-10,7.540000
1978-03-13,7.540000
1978-03-14,7.540000
1978-03-15,7.540000
1978-03-16,7.540000
1978-03-17,7.550000
1978-03-20,7.530000
1978-03-21,7.530000
1978-03-22,7.540000
1978-03-23,7.560000
1978-03-27,7.610000
1978-03-28,7.640000
1978-03-29,7.640000
1978-03-30,7.640000
1978-03-31,7.700000
1978-04-03,7.690000
1978-04-04,7.690000
1978-04-05,7.720000
1978-04-06,7.730000
1978-04-07,7.720000
1978-04-10,7.720000
1978-04-11,7.710000
1978-04-12,7.690000
1978-04-13,7.670000
1978-04-14,7.610000
1978-04-17,7.600000
1978-04-18,7.620000
1978-04-19,7.770000
1978-04-20,7.790000
1978-04-21,7.810000
1978-04-24,7.820000
1978-04-25,7.800000
1978-04-26,7.850000
1978-04-27,7.890000
1978-04-28,7.970000
1978-05-01,7.910000
1978-05-02,7.910000
1978-05-03,7.910000
1978-05-04,7.900000
1978-05-05,7.960000
1978-05-08,7.980000
1978-05-09,7.980000
1978-05-10,7.980000
1978-05-11,8.000000
1978-05-12,8.000000
1978-05-15,7.980000
1978-05-16,7.970000
1978-05-17,7.980000
1978-05-18,8.040000
1978-05-19,8.070000
1978-05-22,8.070000
1978-05-23,8.070000
1978-05-24,8.100000
1978-05-25,8.100000
1978-05-26,8.100000
1978-05-31,8.120000
1978-06-01,8.120000
1978-06-02,8.090000
1978-06-05,8.070000
1978-06-06,8.070000
1978-06-07,8.070000
1978-06-08,8.070000
1978-06-09,8.090000
1978-06-12,8.110000
1978-06-13,8.110000
1978-06-14,8.120000
1978-06-15,8.120000
1978-06-16,8.190000
1978-06-19,8.250000
1978-06-20,8.270000
1978-06-21,8.410000
1978-06-22,8.410000
1978-06-23,8.440000
1978-06-26,8.480000
1978-06-27,8.440000
1978-06-28,8.440000
1978-06-29,8.420000
1978-06-30,8.480000
1978-07-03,8.440000
1978-07-05,8.440000
1978-07-06,8.440000
1978-07-07,8.480000
1978-07-10,8.500000
1978-07-11,8.480000
1978-07-12,8.480000
1978-07-13,8.500000
1978-07-14,8.510000
1978-07-17,8.480000
1978-07-18,8.460000
1978-07-19,8.460000
1978-07-20,8.500000
1978-07-21,8.590000
1978-07-24,8.570000
1978-07-25,8.550000
1978-07-26,8.520000
1978-07-27,8.470000
1978-07-28,8.450000
1978-07-31,8.470000
1978-08-01,8.450000
1978-08-02,8.400000
1978-08-03,8.260000
1978-08-04,8.260000
1978-08-07,8.180000
1978-08-08,8.190000
1978-08-09,8.170000
1978-08-10,8.240000
1978-08-11,8.250000
1978-08-14,8.290000
1978-08-15,8.290000
1978-08-16,8.500000
1978-08-17,8.480000
1978-08-18,8.500000
1978-08-21,8.470000
1978-08-22,8.470000
1978-08-23,8.420000
1978-08-24,8.410000
1978-08-25,8.410000
1978-08-28,8.410000
1978-08-29,8.440000
1978-08-30,8.480000
1978-08-31,8.460000
1978-09-01,8.500000
1978-09-05,8.460000
1978-09-06,8.440000
1978-09-07,8.440000
1978-09-08,8.460000
1978-09-11,8.430000
1978-09-12,8.450000
1978-09-13,8.450000
1978-09-14,8.450000
1978-09-15,8.490000
1978-09-18,8.520000
1978-09-19,8.540000
1978-09-20,8.600000
1978-09-21,8.690000
1978-09-22,8.730000
1978-09-25,8.750000
1978-09-26,8.750000
1978-09-27,8.740000
1978-09-28,8.720000
1978-09-29,8.700000
1978-10-02,8.710000
1978-10-03,8.690000
1978-10-04,8.690000
1978-10-05,8.690000
1978-10-06,8.690000
1978-10-10,8.700000
1978-10-11,8.700000
1978-10-12,8.690000
1978-10-13,8.690000
1978-10-16,8.730000
1978-10-17,8.770000
1978-10-18,8.830000
1978-10-19,8.840000
1978-10-20,8.850000
1978-10-23,8.840000
1978-10-24,8.850000
1978-10-25,8.960000
1978-10-26,9.050000
1978-10-27,9.120000
1978-10-30,9.350000
1978-10-31,9.490000
1978-11-01,9.440000
1978-11-02,9.420000
1978-11-03,9.490000
1978-11-06,9.450000
1978-11-08,9.490000
1978-11-09,9.500000
1978-11-10,9.460000
1978-11-13,9.400000
1978-11-14,9.410000
1978-11-15,9.340000
1978-11-16,9.210000
1978-11-17,9.190000
1978-11-20,9.190000
1978-11-21,9.230000
1978-11-22,9.370000
1978-11-24,9.600000
1978-11-27,9.600000
1978-11-28,9.600000
1978-11-29,9.550000
1978-11-30,9.550000
1978-12-01,9.500000
1978-12-04,9.510000
1978-12-05,9.500000
1978-12-06,9.500000
1978-12-07,9.500000
1978-12-08,9.510000
1978-12-11,9.520000
1978-12-12,9.520000
1978-12-13,9.540000
1978-12-14,9.540000
1978-12-15,9.580000
1978-12-18,9.860000
1978-12-19,9.910000
1978-12-20,9.960000
1978-12-21,9.980000
1978-12-22,9.960000
1978-12-26,9.980000
1978-12-27,9.980000
1978-12-28,9.980000
1978-12-29,9.980000
1979-01-02,10.000000
1979-01-03,9.980000
1979-01-04,9.880000
1979-01-05,9.870000
1979-01-08,9.920000
1979-01-09,9.920000
1979-01-10,9.940000
1979-01-11,9.920000
1979-01-12,9.920000
1979-01-15,9.910000
1979-01-16,9.920000
1979-01-17,9.910000
1979-01-18,9.920000
1979-01-19,9.910000
1979-01-22,9.860000
1979-01-23,9.850000
1979-01-24,9.850000
1979-01-25,9.780000
1979-01-26,9.670000
1979-01-29,9.670000
1979-01-30,9.680000
1979-01-31,9.640000
1979-02-01,9.610000
1979-02-02,9.480000
1979-02-05,9.530000
1979-02-06,9.580000
1979-02-07,9.670000
1979-02-08,9.700000
1979-02-09,9.700000
1979-02-13,9.690000
1979-02-14,9.670000
1979-02-15,9.680000
1979-02-16,9.680000
1979-02-20,9.690000
1979-02-21,9.710000
1979-02-22,9.900000
1979-02-23,9.920000
1979-02-26,9.910000
1979-02-27,9.890000
1979-02-28,9.890000
1979-03-01,9.870000
1979-03-02,9.870000
1979-03-05,9.830000
1979-03-06,9.830000
1979-03-07,9.810000
1979-03-08,9.760000
1979-03-09,9.790000
1979-03-12,9.810000
1979-03-13,9.800000
1979-03-14,9.820000
1979-03-15,9.820000
1979-03-16,9.840000
1979-03-19,9.810000
1979-03-20,9.790000
1979-03-21,9.790000
1979-03-22,9.770000
1979-03-23,9.770000
1979-03-26,9.760000
1979-03-27,9.730000
1979-03-28,9.710000
1979-03-29,9.670000
1979-03-30,9.720000
1979-04-02,9.740000
1979-04-03,9.730000
1979-04-04,9.710000
1979-04-05,9.680000
1979-04-06,9.750000
1979-04-09,9.810000
1979-04-10,9.810000
1979-04-11,9.850000
1979-04-12,9.850000
1979-04-16,9.860000
1979-04-17,9.770000
1979-04-18,9.710000
1979-04-19,9.680000
1979-04-20,9.730000
1979-04-23,9.730000
1979-04-24,9.750000
1979-04-25,9.770000
1979-04-26,9.800000
1979-04-27,9.930000
1979-04-30,9.910000
1979-05-01,9.910000
1979-05-02,9.910000
1979-05-03,9.930000
1979-05-04,9.930000
1979-05-07,9.910000
1979-05-08,9.910000
1979-05-09,9.900000
1979-05-10,9.920000
1979-05-11,9.900000
1979-05-14,9.870000
1979-05-15,9.870000
1979-05-16,9.840000
1979-05-17,9.720000
1979-05-18,9.710000
1979-05-21,9.750000
1979-05-22,9.690000
1979-05-23,9.650000
1979-05-24,9.580000
1979-05-25,9.500000
1979-05-29,9.500000
1979-05-31,9.560000
1979-06-01,9.560000
1979-06-04,9.560000
1979-06-05,9.500000
1979-06-06,9.430000
1979-06-07,9.290000
1979-06-08,9.250000
1979-06-11,9.270000
1979-06-12,9.050000
1979-06-13,9.080000
1979-06-14,9.120000
1979-06-15,9.240000
1979-06-18,9.260000
1979-06-19,9.240000
1979-06-20,9.250000
1979-06-21,9.250000
1979-06-22,9.270000
1979-06-25,9.200000
1979-06-26,8.970000
1979-06-27,8.920000
1979-06-28,8.950000
1979-06-29,8.970000
1979-07-02,8.930000
1979-07-03,8.950000
1979-07-05,8.980000
1979-07-06,9.000000
1979-07-09,9.040000
1979-07-10,9.040000
1979-07-11,9.040000
1979-07-12,9.010000
1979-07-13,9.010000
1979-07-16,9.080000
1979-07-17,9.100000
1979-07-18,9.100000
1979-07-19,9.140000
1979-07-20,9.240000
1979-07-23,9.280000
1979-07-24,9.330000
1979-07-25,9.360000
1979-07-26,9.250000
1979-07-27,9.380000
1979-07-30,9.320000
1979-07-31,9.310000
1979-08-01,9.230000
1979-08-02,9.200000
1979-08-03,9.270000
1979-08-06,9.270000
1979-08-07,9.220000
1979-08-08,9.250000
1979-08-09,9.270000
1979-08-10,9.330000
1979-08-13,9.340000
1979-08-14,9.320000
1979-08-15,9.410000
1979-08-16,9.390000
1979-08-17,9.440000
1979-08-20,9.450000
1979-08-21,9.510000
1979-08-22,9.550000
1979-08-23,9.630000
1979-08-24,9.720000
1979-08-27,9.680000
1979-08-28,9.730000
1979-08-29,9.730000
1979-08-30,9.770000
1979-08-31,9.840000
1979-09-04,10.000000
1979-09-05,10.020000
1979-09-06,10.030000
1979-09-07,10.100000
1979-09-10,10.130000
1979-09-11,10.000000
1979-09-12,10.040000
1979-09-13,10.100000
1979-09-14,10.020000
1979-09-17,10.130000
1979-09-18,10.140000
1979-09-19,10.080000
1979-09-20,10.030000
1979-09-21,10.000000
1979-09-24,10.010000
1979-09-25,10.010000
1979-09-26,10.020000
1979-09-27,10.110000
1979-09-28,10.100000
1979-10-01,10.140000
1979-10-02,10.140000
1979-10-03,10.140000
1979-10-04,10.340000
1979-10-05,10.390000
1979-10-09,11.120000
1979-10-10,11.400000
1979-10-11,11.260000
1979-10-12,11.170000
1979-10-15,11.390000
1979-10-16,11.390000
1979-10-17,11.400000
1979-10-18,11.750000
1979-10-19,12.150000
1979-10-22,12.430000
1979-10-23,12.630000
1979-10-24,12.520000
1979-10-25,12.590000
1979-10-26,12.050000
1979-10-29,12.190000
1979-10-30,12.120000
1979-10-31,12.060000
1979-11-01,12.080000
1979-11-02,12.190000
1979-11-05,12.150000
1979-11-07,12.360000
1979-11-08,12.290000
1979-11-09,11.780000
1979-11-13,11.640000
1979-11-14,11.820000
1979-11-15,11.680000
1979-11-16,11.970000
1979-11-19,12.080000
1979-11-20,12.120000
1979-11-21,12.170000
1979-11-23,11.690000
1979-11-26,11.440000
1979-11-27,11.110000
1979-11-28,11.230000
1979-11-29,11.230000
1979-11-30,11.330000
1979-12-03,11.420000
1979-12-04,11.300000
1979-12-05,11.210000
1979-12-06,11.080000
1979-12-07,11.210000
1979-12-10,11.250000
1979-12-11,11.600000
1979-12-12,11.850000
1979-12-13,11.670000
1979-12-14,11.470000
1979-12-17,11.450000
1979-12-18,11.310000
1979-12-19,11.380000
1979-12-20,11.400000
1979-12-21,11.420000
1979-12-24,11.440000
1979-12-26,11.430000
1979-12-27,11.390000
1979-12-28,11.300000
1979-12-31,11.230000
1980-01-02,11.390000
1980-01-03,11.450000
1980-01-04,11.470000
1980-01-07,11.350000
1980-01-08,11.260000
1980-01-09,11.240000
1980-01-10,11.180000
1980-01-11,11.330000
1980-01-14,11.350000
1980-01-15,11.320000
1980-01-16,11.300000
1980-01-17,11.370000
1980-01-18,11.520000
1980-01-21,11.580000
1980-01-22,11.560000
1980-01-23,11.530000
1980-01-24,11.680000
1980-01-25,11.820000
1980-01-28,11.790000
1980-01-29,11.880000
1980-01-30,11.840000
1980-01-31,11.750000
1980-02-01,12.040000
1980-02-04,12.120000
1980-02-05,12.490000
1980-02-06,12.420000
1980-02-07,12.210000
1980-02-08,12.310000
1980-02-11,12.600000
1980-02-13,12.520000
1980-02-14,12.600000
1980-02-15,13.130000
1980-02-19,13.960000
1980-02-20,14.030000
1980-02-21,14.510000
1980-02-22,14.520000
1980-02-25,14.620000
1980-02-26,14.910000
1980-02-27,14.820000
1980-02-28,14.410000
1980-02-29,14.730000
1980-03-03,14.830000
1980-03-04,14.860000
1980-03-05,14.990000
1980-03-06,15.270000
1980-03-07,15.200000
1980-03-10,14.710000
1980-03-11,14.430000
1980-03-12,14.740000
1980-03-13,14.690000
1980-03-14,14.800000
1980-03-17,14.820000
1980-03-18,14.420000
1980-03-19,14.330000
1980-03-20,15.030000
1980-03-21,15.020000
1980-03-24,15.360000
1980-03-25,15.190000
1980-03-26,15.260000
1980-03-27,15.110000
1980-03-28,14.890000
1980-03-31,14.630000
1980-04-01,14.590000
1980-04-02,14.520000
1980-04-03,14.510000
1980-04-07,13.850000
1980-04-08,13.890000
1980-04-09,13.540000
1980-04-10,13.570000
1980-04-11,13.220000
1980-04-14,12.960000
1980-04-15,12.720000
1980-04-16,11.970000
1980-04-17,11.970000
1980-04-18,11.760000
1980-04-21,11.560000
1980-04-22,11.430000
1980-04-23,11.380000
1980-04-24,11.420000
1980-04-25,11.390000
1980-04-28,10.740000
1980-04-29,10.740000
1980-04-30,10.810000
1980-05-01,10.700000
1980-05-02,10.040000
1980-05-05,9.850000
1980-05-06,9.400000
1980-05-07,9.410000
1980-05-08,9.480000
1980-05-09,9.850000
1980-05-12,9.520000
1980-05-13,9.380000
1980-05-14,9.270000
1980-05-15,9.480000
1980-05-16,9.760000
1980-05-19,9.780000
1980-05-20,9.260000
1980-05-21,9.140000
1980-05-22,9.130000
1980-05-23,8.730000
1980-05-27,8.820000
1980-05-28,9.040000
1980-05-29,9.160000
1980-05-30,9.250000
1980-06-02,9.340000
1980-06-03,9.200000
1980-06-04,9.060000
1980-06-05,8.970000
1980-06-06,8.720000
1980-06-09,8.610000
1980-06-10,8.790000
1980-06-11,8.650000
1980-06-12,8.460000
1980-06-13,8.390000
1980-06-16,8.380000
1980-06-17,8.360000
1980-06-18,8.580000
1980-06-19,8.680000
1980-06-20,8.430000
1980-06-23,8.590000
1980-06-24,8.640000
1980-06-25,8.730000
1980-06-26,8.800000
1980-06-27,8.940000
1980-06-30,8.970000
1980-07-01,9.010000
1980-07-02,9.010000
1980-07-03,8.770000
1980-07-07,8.940000
1980-07-08,8.800000
1980-07-09,8.830000
1980-07-10,8.900000
1980-07-11,8.970000
1980-07-14,9.160000
1980-07-15,8.980000
1980-07-16,8.790000
1980-07-17,8.890000
1980-07-18,8.930000
1980-07-21,8.930000
1980-07-22,9.020000
1980-07-23,8.950000
1980-07-24,9.050000
1980-07-25,9.150000
1980-07-28,9.240000
1980-07-29,9.280000
1980-07-30,9.330000
1980-07-31,9.720000
1980-08-01,9.780000
1980-08-04,9.660000
1980-08-05,9.670000
1980-08-06,9.690000
1980-08-07,9.670000
1980-08-08,9.810000
1980-08-11,10.070000
1980-08-12,10.030000
1980-08-13,10.030000
1980-08-14,10.070000
1980-08-15,10.120000
1980-08-18,10.770000
1980-08-19,10.910000
1980-08-20,11.110000
1980-08-21,11.270000
1980-08-22,11.090000
1980-08-25,11.340000
1980-08-26,11.340000
1980-08-27,11.520000
1980-08-28,11.770000
1980-08-29,11.360000
1980-09-02,11.050000
1980-09-03,10.730000
1980-09-04,10.770000
1980-09-05,10.890000
1980-09-08,11.110000
1980-09-09,11.130000
1980-09-10,11.030000
1980-09-11,11.270000
1980-09-12,11.400000
1980-09-15,11.790000
1980-09-16,11.680000
1980-09-17,11.790000
1980-09-18,11.840000
1980-09-19,11.590000
1980-09-22,12.000000
1980-09-23,12.000000
1980-09-24,11.980000
1980-09-25,12.110000
1980-09-26,12.400000
1980-09-29,12.380000
1980-09-30,12.130000
1980-10-01,12.020000
1980-10-02,12.060000
1980-10-03,11.510000
1980-10-06,11.410000
1980-10-07,11.440000
1980-10-08,11.690000
1980-10-09,11.600000
1980-10-10,11.640000
1980-10-14,11.670000
1980-10-15,11.580000
1980-10-16,11.690000
1980-10-17,11.910000
1980-10-20,12.000000
1980-10-21,12.110000
1980-10-22,12.310000
1980-10-23,12.310000
1980-10-24,12.250000
1980-10-27,12.730000
1980-10-28,12.910000
1980-10-29,12.980000
1980-10-30,13.040000
1980-10-31,13.080000
1980-11-03,13.230000
1980-11-05,13.380000
1980-11-06,13.570000
1980-11-07,13.360000
1980-11-10,13.290000
1980-11-12,12.860000
1980-11-13,12.890000
1980-11-14,13.250000
1980-11-17,13.710000
1980-11-18,13.470000
1980-11-19,13.370000
1980-11-20,13.530000
1980-11-21,13.830000
1980-11-24,13.880000
1980-11-25,13.990000
1980-11-26,14.000000
1980-11-28,14.130000
1980-12-01,14.250000
1980-12-02,14.250000
1980-12-03,14.040000
1980-12-04,14.150000
1980-12-05,14.340000
1980-12-08,14.450000
1980-12-09,14.540000
1980-12-10,14.590000
1980-12-11,14.970000
1980-12-12,14.740000
1980-12-15,14.830000
1980-12-16,15.120000
1980-12-17,14.980000
1980-12-18,14.890000
1980-12-19,14.050000
1980-12-22,13.240000
1980-12-23,13.040000
1980-12-24,13.370000
1980-12-26,12.950000
1980-12-29,12.870000
1980-12-30,12.970000
1980-12-31,13.060000
1981-01-02,13.100000
1981-01-05,12.280000
1981-01-06,12.420000
1981-01-07,12.920000
1981-01-08,13.090000
1981-01-09,13.530000
1981-01-12,13.170000
1981-01-13,13.300000
1981-01-14,12.950000
1981-01-15,13.250000
1981-01-16,13.080000
1981-01-19,13.620000
1981-01-20,13.480000
1981-01-21,13.790000
1981-01-22,13.830000
1981-01-23,13.740000
1981-01-26,13.400000
1981-01-27,13.400000
1981-01-28,13.480000
1981-01-29,13.420000
1981-01-30,13.260000
1981-02-02,13.510000
1981-02-03,13.700000
1981-02-04,13.630000
1981-02-05,13.630000
1981-02-06,13.890000
1981-02-09,13.970000
1981-02-10,14.100000
1981-02-11,14.340000
1981-02-13,14.450000
1981-02-17,13.970000
1981-02-18,13.980000
1981-02-19,13.720000
1981-02-20,13.550000
1981-02-23,13.920000
1981-02-24,14.000000
1981-02-25,14.000000
1981-02-26,14.100000
1981-02-27,14.080000
1981-03-02,14.400000
1981-03-03,14.130000
1981-03-04,14.210000
1981-03-05,14.170000
1981-03-06,13.910000
1981-03-09,13.840000
1981-03-10,13.740000
1981-03-11,13.790000
1981-03-12,13.700000
1981-03-13,13.450000
1981-03-16,13.300000
1981-03-17,13.200000
1981-03-18,12.750000
1981-03-19,12.840000
1981-03-20,12.880000
1981-03-23,13.360000
1981-03-24,13.550000
1981-03-25,13.510000
1981-03-26,13.620000
1981-03-27,13.670000
1981-03-30,13.320000
1981-03-31,13.170000
1981-04-01,13.190000
1981-04-02,13.400000
1981-04-03,13.570000
1981-04-06,14.130000
1981-04-07,13.700000
1981-04-08,13.890000
1981-04-09,13.870000
1981-04-10,13.900000
1981-04-13,14.050000
1981-04-14,13.920000
1981-04-15,14.190000
1981-04-16,14.230000
1981-04-20,14.330000
1981-04-21,14.340000
1981-04-22,14.410000
1981-04-23,14.510000
1981-04-24,14.660000
1981-04-27,14.730000
1981-04-28,14.650000
1981-04-29,14.670000
1981-04-30,14.840000
1981-05-01,14.720000
1981-05-04,15.370000
1981-05-05,15.940000
1981-05-06,15.830000
1981-05-07,15.690000
1981-05-08,15.690000
1981-05-11,15.740000
1981-05-12,15.930000
1981-05-13,15.940000
1981-05-14,15.800000
1981-05-15,15.550000
1981-05-18,15.190000
1981-05-19,15.470000
1981-05-20,15.630000
1981-05-21,15.750000
1981-05-22,15.480000
1981-05-26,15.090000
1981-05-27,15.140000
1981-05-28,14.790000
1981-05-29,14.400000
1981-06-01,14.470000
1981-06-02,14.660000
1981-06-03,14.650000
1981-06-04,14.760000
1981-06-05,14.730000
1981-06-08,14.310000
1981-06-09,14.410000
1981-06-10,14.310000
1981-06-11,14.400000
1981-06-12,14.440000
1981-06-15,14.030000
1981-06-16,14.110000
1981-06-17,14.370000
1981-06-18,14.660000
1981-06-19,14.650000
1981-06-22,14.490000
1981-06-23,14.590000
1981-06-24,14.710000
1981-06-25,14.650000
1981-06-26,14.590000
1981-06-29,14.480000
1981-06-30,14.660000
1981-07-01,14.940000
1981-07-02,14.870000
1981-07-06,14.680000
1981-07-07,14.920000
1981-07-08,15.020000
1981-07-09,15.140000
1981-07-10,14.880000
1981-07-13,14.830000
1981-07-14,15.070000
1981-07-15,15.030000
1981-07-16,15.110000
1981-07-17,15.070000
1981-07-20,15.960000
1981-07-21,16.000000
1981-07-22,15.950000
1981-07-23,15.850000
1981-07-24,15.640000
1981-07-27,15.570000
1981-07-28,15.780000
1981-07-29,15.760000
1981-07-30,15.880000
1981-07-31,15.840000
1981-08-03,16.160000
1981-08-04,16.160000
1981-08-05,16.070000
1981-08-06,16.030000
1981-08-07,16.050000
1981-08-10,15.830000
1981-08-11,15.670000
1981-08-12,16.020000
1981-08-13,16.130000
1981-08-14,16.190000
1981-08-17,16.220000
1981-08-18,16.300000
1981-08-19,16.320000
1981-08-20,16.250000
1981-08-21,16.310000
1981-08-24,16.860000
1981-08-25,16.670000
1981-08-26,16.690000
1981-08-27,16.750000
1981-08-28,16.570000
1981-08-31,16.730000
1981-09-01,16.780000
1981-09-02,16.780000
1981-09-03,16.900000
1981-09-04,16.890000
1981-09-08,16.950000
1981-09-09,16.950000
1981-09-10,16.720000
1981-09-11,16.470000
1981-09-14,16.430000
1981-09-15,16.130000
1981-09-16,16.090000
1981-09-17,16.010000
1981-09-18,16.020000
1981-09-21,15.790000
1981-09-22,16.040000
1981-09-23,16.110000
1981-09-24,16.170000
1981-09-25,16.530000
1981-09-28,16.570000
1981-09-29,16.590000
1981-09-30,16.690000
1981-10-01,16.570000
1981-10-02,16.340000
1981-10-05,15.870000
1981-10-06,15.850000
1981-10-07,15.730000
1981-10-08,15.790000
1981-10-09,15.200000
1981-10-13,15.250000
1981-10-14,15.350000
1981-10-15,15.310000
1981-10-16,15.460000
1981-10-19,15.480000
1981-10-20,15.480000
1981-10-21,15.550000
1981-10-22,15.560000
1981-10-23,15.410000
1981-10-26,15.560000
1981-10-27,15.560000
1981-10-28,15.420000
1981-10-29,15.070000
1981-10-30,14.590000
1981-11-02,14.440000
1981-11-04,14.110000
1981-11-05,14.200000
1981-11-06,13.860000
1981-11-09,13.170000
1981-11-10,13.220000
1981-11-12,12.770000
1981-11-13,12.830000
1981-11-16,12.690000
1981-11-17,12.710000
1981-11-18,12.190000
1981-11-19,12.220000
1981-11-20,12.210000
1981-11-23,12.500000
1981-11-24,12.150000
1981-11-25,12.130000
1981-11-27,12.110000
1981-11-30,12.360000
1981-12-01,12.710000
1981-12-02,12.890000
1981-12-03,12.880000
1981-12-04,12.230000
1981-12-07,12.580000
1981-12-08,12.650000
1981-12-09,12.870000
1981-12-10,13.160000
1981-12-11,13.350000
1981-12-14,13.390000
1981-12-15,13.100000
1981-12-16,13.040000
1981-12-17,13.370000
1981-12-18,13.190000
1981-12-21,13.610000
1981-12-22,13.770000
1981-12-23,14.120000
1981-12-24,13.950000
1981-12-28,14.020000
1981-12-29,13.980000
1981-12-30,13.900000
1981-12-31,13.630000
1982-01-04,13.870000
1982-01-05,14.090000
1982-01-06,14.190000
1982-01-07,14.330000
1982-01-08,14.110000
1982-01-11,14.550000
1982-01-12,14.490000
1982-01-13,14.780000
1982-01-14,14.710000
1982-01-15,14.810000
1982-01-18,14.830000
1982-01-19,14.790000
1982-01-20,15.020000
1982-01-21,14.960000
1982-01-22,15.060000
1982-01-25,14.930000
1982-01-26,14.700000
1982-01-27,14.570000
1982-01-28,14.330000
1982-01-29,14.240000
1982-02-01,15.040000
1982-02-02,14.850000
1982-02-03,14.930000
1982-02-04,14.960000
1982-02-05,14.890000
1982-02-08,15.090000
1982-02-09,15.150000
1982-02-10,15.080000
1982-02-11,15.070000
1982-02-16,15.040000
1982-02-17,15.180000
1982-02-18,14.990000
1982-02-19,14.940000
1982-02-22,14.350000
1982-02-23,14.330000
1982-02-24,14.240000
1982-02-25,14.250000
1982-02-26,14.440000
1982-03-01,14.250000
1982-03-02,14.140000
1982-03-03,14.090000
1982-03-04,13.900000
1982-03-05,13.790000
1982-03-08,13.710000
1982-03-09,13.930000
1982-03-10,13.970000
1982-03-11,14.250000
1982-03-12,14.350000
1982-03-15,14.430000
1982-03-16,14.350000
1982-03-17,14.150000
1982-03-18,14.240000
1982-03-19,14.350000
1982-03-22,14.090000
1982-03-23,14.070000
1982-03-24,14.140000
1982-03-25,14.240000
1982-03-26,14.350000
1982-03-29,14.530000
1982-03-30,14.630000
1982-03-31,14.520000
1982-04-01,14.420000
1982-04-02,14.440000
1982-04-05,14.370000
1982-04-06,14.420000
1982-04-07,14.540000
1982-04-08,14.280000
1982-04-12,14.220000
1982-04-13,14.170000
1982-04-14,14.350000
1982-04-15,14.390000
1982-04-16,14.240000
1982-04-19,14.180000
1982-04-20,14.140000
1982-04-21,14.040000
1982-04-22,14.060000
1982-04-23,14.020000
1982-04-26,14.020000
1982-04-27,13.950000
1982-04-28,13.990000
1982-04-29,14.020000
1982-04-30,13.990000
1982-05-03,14.130000
1982-05-04,14.170000
1982-05-05,14.040000
1982-05-06,13.780000
1982-05-07,13.670000
1982-05-10,13.710000
1982-05-11,13.730000
1982-05-12,13.800000
1982-05-13,13.950000
1982-05-14,13.860000
1982-05-17,13.850000
1982-05-18,13.850000
1982-05-19,13.780000
1982-05-20,13.480000
1982-05-21,13.570000
1982-05-24,13.620000
1982-05-25,13.680000
1982-05-26,13.620000
1982-05-27,13.630000
1982-05-28,13.620000
1982-06-01,13.920000
1982-06-02,13.950000
1982-06-03,13.900000
1982-06-04,14.030000
1982-06-07,13.970000
1982-06-08,14.040000
1982-06-09,14.110000
1982-06-10,14.120000
1982-06-11,14.080000
1982-06-14,14.370000
1982-06-15,14.410000
1982-06-16,14.450000
1982-06-17,14.790000
1982-06-18,14.960000
1982-06-21,14.920000
1982-06-22,14.900000
1982-06-23,14.970000
1982-06-24,14.950000
1982-06-25,14.980000
1982-06-28,14.930000
1982-06-29,14.830000
1982-06-30,14.660000
1982-07-01,14.600000
1982-07-02,14.710000
1982-07-06,14.720000
1982-07-07,14.680000
1982-07-08,14.260000
1982-07-09,14.050000
1982-07-12,13.860000
1982-07-13,14.130000
1982-07-14,14.230000
1982-07-15,14.070000
1982-07-16,13.710000
1982-07-19,13.520000
1982-07-20,13.270000
1982-07-21,13.130000
1982-07-22,13.040000
1982-07-23,13.040000
1982-07-26,13.330000
1982-07-27,13.350000
1982-07-28,13.450000
1982-07-29,13.420000
1982-07-30,13.170000
1982-08-02,12.820000
1982-08-03,12.900000
1982-08-04,12.930000
1982-08-05,13.080000
1982-08-06,13.240000
1982-08-09,13.080000
1982-08-10,13.150000
1982-08-11,13.150000
1982-08-12,12.930000
1982-08-13,12.750000
1982-08-16,12.360000
1982-08-17,11.830000
1982-08-18,11.760000
1982-08-19,11.610000
1982-08-20,11.200000
1982-08-23,11.570000
1982-08-24,11.500000
1982-08-25,11.660000
1982-08-26,11.670000
1982-08-27,11.930000
1982-08-30,12.010000
1982-08-31,11.990000
1982-09-01,12.000000
1982-09-02,11.950000
1982-09-03,11.690000
1982-09-07,11.800000
1982-09-08,11.870000
1982-09-09,11.870000
1982-09-10,12.060000
1982-09-13,11.930000
1982-09-14,11.880000
1982-09-15,12.160000
1982-09-16,12.140000
1982-09-17,11.960000
1982-09-20,11.980000
1982-09-21,11.680000
1982-09-22,11.610000
1982-09-23,11.500000
1982-09-24,11.650000
1982-09-27,11.690000
1982-09-28,11.420000
1982-09-29,11.380000
1982-09-30,11.230000
1982-10-01,11.130000
1982-10-04,11.510000
1982-10-05,11.420000
1982-10-06,11.210000
1982-10-07,10.460000
1982-10-08,10.150000
1982-10-12,9.690000
1982-10-13,9.680000
1982-10-14,9.840000
1982-10-15,10.000000
1982-10-18,9.800000
1982-10-19,9.820000
1982-10-20,9.720000
1982-10-21,9.790000
1982-10-22,9.870000
1982-10-25,10.090000
1982-10-26,9.890000
1982-10-27,9.940000
1982-10-28,9.890000
1982-10-29,9.850000
1982-11-01,9.680000
1982-11-03,9.650000
1982-11-04,9.640000
1982-11-05,9.730000
1982-11-08,9.810000
1982-11-09,9.740000
1982-11-10,9.770000
1982-11-12,9.870000
1982-11-15,9.910000
1982-11-16,9.900000
1982-11-17,9.900000
1982-11-18,9.810000
1982-11-19,9.790000
1982-11-22,9.730000
1982-11-23,9.730000
1982-11-24,9.800000
1982-11-26,9.760000
1982-11-29,9.940000
1982-11-30,9.960000
1982-12-01,9.960000
1982-12-02,9.890000
1982-12-03,9.720000
1982-12-06,9.730000
1982-12-07,9.720000
1982-12-08,9.850000
1982-12-09,9.830000
1982-12-10,9.870000
1982-12-13,9.840000
1982-12-14,9.540000
1982-12-15,9.490000
1982-12-16,9.590000
1982-12-17,9.660000
1982-12-20,9.670000
1982-12-21,9.540000
1982-12-22,9.550000
1982-12-23,9.520000
1982-12-27,9.540000
1982-12-28,9.520000
1982-12-29,9.540000
1982-12-30,9.520000
1982-12-31,9.480000
1983-01-03,9.290000
1983-01-04,9.430000
1983-01-05,9.390000
1983-01-06,9.390000
1983-01-07,9.260000
1983-01-10,9.240000
1983-01-11,9.190000
1983-01-12,9.220000
1983-01-13,9.110000
1983-01-14,9.090000
1983-01-17,9.170000
1983-01-18,9.140000
1983-01-19,9.200000
1983-01-20,9.260000
1983-01-21,9.460000
1983-01-24,9.540000
1983-01-25,9.440000
1983-01-26,9.520000
1983-01-27,9.490000
1983-01-28,9.470000
1983-01-31,9.580000
1983-02-01,9.600000
1983-02-02,9.710000
1983-02-03,9.710000
1983-02-04,9.820000
1983-02-07,9.800000
1983-02-08,9.830000
1983-02-09,9.890000
1983-02-10,9.740000
1983-02-11,9.700000
1983-02-14,9.780000
1983-02-15,9.770000
1983-02-16,9.690000
1983-02-17,9.650000
1983-02-18,9.560000
1983-02-22,9.410000
1983-02-23,9.440000
1983-02-24,9.400000
1983-02-25,9.280000
1983-02-28,9.310000
1983-03-01,9.260000
1983-03-02,9.300000
1983-03-03,9.240000
1983-03-04,9.250000
1983-03-07,9.460000
1983-03-08,9.620000
1983-03-09,9.620000
1983-03-10,9.670000
1983-03-11,9.660000
1983-03-14,9.580000
1983-03-15,9.570000
1983-03-16,9.650000
1983-03-17,9.710000
1983-03-18,9.780000
1983-03-21,9.790000
1983-03-22,9.840000
1983-03-23,9.810000
1983-03-24,9.820000
1983-03-25,9.910000
1983-03-28,9.920000
1983-03-29,9.880000
1983-03-30,9.880000
1983-03-31,9.870000
1983-04-04,9.870000
1983-04-05,9.720000
1983-04-06,9.690000
1983-04-07,9.670000
1983-04-08,9.670000
1983-04-11,9.530000
1983-04-12,9.580000
1983-04-13,9.570000
1983-04-14,9.490000
1983-04-15,9.530000
1983-04-18,9.490000
1983-04-19,9.580000
1983-04-20,9.580000
1983-04-21,9.610000
1983-04-22,9.580000
1983-04-25,9.520000
1983-04-26,9.490000
1983-04-27,9.420000
1983-04-28,9.420000
1983-04-29,9.350000
1983-05-02,9.290000
1983-05-03,9.270000
1983-05-04,9.190000
1983-05-05,9.250000
1983-05-06,9.170000
1983-05-09,9.330000
1983-05-10,9.240000
1983-05-11,9.220000
1983-05-12,9.290000
1983-05-13,9.270000
1983-05-16,9.470000
1983-05-17,9.480000
1983-05-18,9.490000
1983-05-19,9.610000
1983-05-20,9.640000
1983-05-23,9.740000
1983-05-24,9.750000
1983-05-25,9.760000
1983-05-26,9.890000
1983-05-27,9.900000
1983-05-31,10.020000
1983-06-01,9.970000
1983-06-02,9.960000
1983-06-03,10.010000
1983-06-06,10.090000
1983-06-07,10.180000
1983-06-08,10.200000
1983-06-09,10.120000
1983-06-10,10.200000
1983-06-13,10.110000
1983-06-14,10.090000
1983-06-15,10.060000
1983-06-16,10.050000
1983-06-17,10.070000
1983-06-20,10.260000
1983-06-21,10.270000
1983-06-22,10.310000
1983-06-23,10.330000
1983-06-24,10.430000
1983-06-27,10.440000
1983-06-28,10.350000
1983-06-29,10.270000
1983-06-30,10.230000
1983-07-01,10.170000
1983-07-05,10.520000
1983-07-06,10.490000
1983-07-07,10.590000
1983-07-08,10.690000
1983-07-11,10.560000
1983-07-12,10.740000
1983-07-13,10.710000
1983-07-14,10.720000
1983-07-15,10.820000
1983-07-18,10.760000
1983-07-19,10.690000
1983-07-20,10.640000
1983-07-21,10.660000
1983-07-22,10.770000
1983-07-25,10.740000
1983-07-26,10.770000
1983-07-27,10.770000
1983-07-28,10.860000
1983-07-29,11.030000
1983-08-01,11.090000
1983-08-02,11.140000
1983-08-03,11.130000
1983-08-04,11.270000
1983-08-05,11.270000
1983-08-08,11.370000
1983-08-09,11.330000
1983-08-10,11.410000
1983-08-11,11.320000
1983-08-12,11.270000
1983-08-15,11.080000
1983-08-16,10.970000
1983-08-17,10.860000
1983-08-18,10.850000
1983-08-19,10.900000
1983-08-22,10.750000
1983-08-23,10.790000
1983-08-24,10.760000
1983-08-25,10.830000
1983-08-26,10.880000
1983-08-29,11.090000
1983-08-30,11.080000
1983-08-31,11.180000
1983-09-01,11.160000
1983-09-02,11.180000
1983-09-06,11.030000
1983-09-07,10.880000
1983-09-08,10.950000
1983-09-09,10.930000
1983-09-12,10.710000
1983-09-13,10.770000
1983-09-14,10.880000
1983-09-15,10.950000
1983-09-16,10.830000
1983-09-19,10.720000
1983-09-20,10.700000
1983-09-21,10.730000
1983-09-22,10.740000
1983-09-23,10.610000
1983-09-26,10.490000
1983-09-27,10.570000
1983-09-28,10.590000
1983-09-29,10.640000
1983-09-30,10.530000
1983-10-03,10.550000
1983-10-04,10.560000
1983-10-05,10.450000
1983-10-06,10.420000
1983-10-07,10.450000
1983-10-11,10.680000
1983-10-12,10.650000
1983-10-13,10.710000
1983-10-14,10.650000
1983-10-17,10.490000
1983-10-18,10.480000
1983-10-19,10.550000
1983-10-20,10.540000
1983-10-21,10.480000
1983-10-24,10.680000
1983-10-25,10.630000
1983-10-26,10.630000
1983-10-27,10.600000
1983-10-28,10.610000
1983-10-31,10.610000
1983-11-01,10.640000
1983-11-02,10.620000
1983-11-03,10.630000
1983-11-04,10.760000
1983-11-07,10.790000
1983-11-09,10.740000
1983-11-10,10.630000
1983-11-14,10.600000
1983-11-15,10.660000
1983-11-16,10.660000
1983-11-17,10.680000
1983-11-18,10.680000
1983-11-21,10.650000
1983-11-22,10.600000
1983-11-23,10.640000
1983-11-25,10.630000
1983-11-28,10.690000
1983-11-29,10.650000
1983-11-30,10.670000
1983-12-01,10.660000
1983-12-02,10.770000
1983-12-05,10.800000
1983-12-06,10.740000
1983-12-07,10.750000
1983-12-08,10.830000
1983-12-09,10.850000
1983-12-12,10.820000
1983-12-13,10.930000
1983-12-14,10.920000
1983-12-15,10.930000
1983-12-16,10.870000
1983-12-19,10.870000
1983-12-20,10.870000
1983-12-21,10.880000
1983-12-22,10.830000
1983-12-23,10.860000
1983-12-27,10.850000
1983-12-28,10.850000
1983-12-29,10.840000
1983-12-30,10.850000
1984-01-03,10.870000
1984-01-04,10.770000
1984-01-05,10.750000
1984-01-06,10.680000
1984-01-09,10.730000
1984-01-10,10.660000
1984-01-11,10.720000
1984-01-12,10.710000
1984-01-13,10.500000
1984-01-16,10.520000
1984-01-17,10.550000
1984-01-18,10.580000
1984-01-19,10.570000
1984-01-20,10.600000
1984-01-23,10.610000
1984-01-24,10.630000
1984-01-25,10.650000
1984-01-26,10.620000
1984-01-27,10.620000
1984-01-30,10.570000
1984-01-31,10.580000
1984-02-01,10.560000
1984-02-02,10.540000
1984-02-03,10.530000
1984-02-06,10.670000
1984-02-07,10.660000
1984-02-08,10.650000
1984-02-09,10.660000
1984-02-10,10.730000
1984-02-14,10.780000
1984-02-15,10.730000
1984-02-16,10.750000
1984-02-17,10.870000
1984-02-21,10.850000
1984-02-22,10.920000
1984-02-23,11.030000
1984-02-24,10.940000
1984-02-27,11.020000
1984-02-28,11.040000
1984-02-29,10.990000
1984-03-01,11.050000
1984-03-02,10.920000
1984-03-05,11.010000
1984-03-06,11.010000
1984-03-07,11.080000
1984-03-08,11.150000
1984-03-09,11.190000
1984-03-12,11.180000
1984-03-13,11.220000
1984-03-14,11.260000
1984-03-15,11.280000
1984-03-16,11.270000
1984-03-19,11.390000
1984-03-20,11.450000
1984-03-21,11.570000
1984-03-22,11.590000
1984-03-23,11.590000
1984-03-26,11.560000
1984-03-27,11.580000
1984-03-28,11.480000
1984-03-29,11.490000
1984-03-30,11.600000
1984-04-02,11.610000
1984-04-03,11.730000
1984-04-04,11.760000
1984-04-05,11.700000
1984-04-06,11.550000
1984-04-09,11.550000
1984-04-10,11.540000
1984-04-11,11.530000
1984-04-12,11.490000
1984-04-13,11.660000
1984-04-16,11.700000
1984-04-17,11.590000
1984-04-18,11.690000
1984-04-19,11.770000
1984-04-23,11.780000
1984-04-24,11.730000
1984-04-25,11.790000
1984-04-26,11.770000
1984-04-27,11.890000
1984-04-30,11.890000
1984-05-01,11.880000
1984-05-02,11.920000
1984-05-03,11.960000
1984-05-04,12.150000
1984-05-07,12.240000
1984-05-08,12.230000
1984-05-09,12.320000
1984-05-10,12.320000
1984-05-11,12.550000
1984-05-14,12.570000
1984-05-15,12.510000
1984-05-16,12.420000
1984-05-17,12.510000
1984-05-18,12.470000
1984-05-21,12.480000
1984-05-22,12.580000
1984-05-23,12.670000
1984-05-24,12.770000
1984-05-25,12.770000
1984-05-29,12.980000
1984-05-30,13.040000
1984-05-31,13.000000
1984-06-01,12.720000
1984-06-04,12.630000
1984-06-05,12.600000
1984-06-06,12.750000
1984-06-07,12.810000
1984-06-08,12.740000
1984-06-11,13.000000
1984-06-12,12.920000
1984-06-13,12.830000
1984-06-14,12.750000
1984-06-15,12.630000
1984-06-18,12.750000
1984-06-19,12.790000
1984-06-20,13.080000
1984-06-21,13.140000
1984-06-22,13.150000
1984-06-25,13.120000
1984-06-26,13.170000
1984-06-27,13.120000
1984-06-28,13.170000
1984-06-29,13.170000
1984-07-02,13.170000
1984-07-03,13.120000
1984-07-05,13.070000
1984-07-06,13.130000
1984-07-09,12.960000
1984-07-10,13.000000
1984-07-11,13.060000
1984-07-12,12.960000
1984-07-13,12.850000
1984-07-16,12.890000
1984-07-17,12.930000
1984-07-18,12.890000
1984-07-19,12.820000
1984-07-20,12.850000
1984-07-23,12.870000
1984-07-24,12.850000
1984-07-25,12.640000
1984-07-26,12.550000
1984-07-27,12.590000
1984-07-30,12.660000
1984-07-31,12.570000
1984-08-01,12.480000
1984-08-02,12.480000
1984-08-03,12.300000
1984-08-06,12.420000
1984-08-07,12.410000
1984-08-08,12.370000
1984-08-09,12.330000
1984-08-10,12.350000
1984-08-13,12.450000
1984-08-14,12.340000
1984-08-15,12.390000
1984-08-16,12.400000
1984-08-17,12.400000
1984-08-20,12.420000
1984-08-21,12.410000
1984-08-22,12.450000
1984-08-23,12.440000
1984-08-24,12.410000
1984-08-27,12.540000
1984-08-28,12.540000
1984-08-29,12.560000
1984-08-30,12.560000
1984-08-31,12.540000
1984-09-04,12.590000
1984-09-05,12.630000
1984-09-06,12.540000
1984-09-07,12.450000
1984-09-10,12.270000
1984-09-11,12.260000
1984-09-12,12.300000
1984-09-13,12.210000
1984-09-14,12.150000
1984-09-17,12.160000
1984-09-18,12.100000
1984-09-19,11.940000
1984-09-20,11.940000
1984-09-21,12.060000
1984-09-24,12.100000
1984-09-25,12.120000
1984-09-26,12.050000
1984-09-27,11.950000
1984-09-28,12.070000
1984-10-01,12.090000
1984-10-02,12.070000
1984-10-03,12.060000
1984-10-04,12.020000
1984-10-05,11.930000
1984-10-09,11.870000
1984-10-10,11.890000
1984-10-11,11.780000
1984-10-12,11.720000
1984-10-15,11.780000
1984-10-16,11.770000
1984-10-17,11.700000
1984-10-18,11.530000
1984-10-19,11.390000
1984-10-22,11.350000
1984-10-23,11.170000
1984-10-24,11.100000
1984-10-25,11.130000
1984-10-26,11.330000
1984-10-29,11.300000
1984-10-30,11.130000
1984-10-31,11.090000
1984-11-01,10.930000
1984-11-02,10.960000
1984-11-05,10.790000
1984-11-07,10.800000
1984-11-08,10.950000
1984-11-09,10.810000
1984-11-13,10.890000
1984-11-14,10.910000
1984-11-15,10.780000
1984-11-16,10.710000
1984-11-19,10.670000
1984-11-20,10.590000
1984-11-21,10.390000
1984-11-23,10.290000
1984-11-26,10.330000
1984-11-27,10.310000
1984-11-28,10.350000
1984-11-29,10.370000
1984-11-30,10.500000
1984-12-03,10.500000
1984-12-04,10.440000
1984-12-05,10.400000
1984-12-06,10.490000
1984-12-07,10.510000
1984-12-10,10.470000
1984-12-11,10.400000
1984-12-12,10.350000
1984-12-13,10.400000
1984-12-14,10.200000
1984-12-17,10.070000
1984-12-18,9.850000
1984-12-19,9.890000
1984-12-20,9.940000
1984-12-21,9.940000
1984-12-24,9.830000
1984-12-26,9.950000
1984-12-27,9.960000
1984-12-28,10.020000
1984-12-31,10.020000
1985-01-02,10.030000
1985-01-03,10.060000
1985-01-04,10.080000
1985-01-07,10.010000
1985-01-08,9.990000
1985-01-09,9.950000
1985-01-10,10.000000
1985-01-11,10.080000
1985-01-14,10.070000
1985-01-15,10.000000
1985-01-16,9.990000
1985-01-17,9.980000
1985-01-18,9.910000
1985-01-22,9.830000
1985-01-23,9.830000
1985-01-24,9.740000
1985-01-25,9.760000
1985-01-28,9.790000
1985-01-29,9.790000
1985-01-30,9.760000
1985-01-31,9.900000
1985-02-01,10.040000
1985-02-04,10.030000
1985-02-05,9.990000
1985-02-06,10.030000
1985-02-07,10.060000
1985-02-08,10.030000
1985-02-11,10.060000
1985-02-13,10.030000
1985-02-14,9.980000
1985-02-15,10.020000
1985-02-19,10.010000
1985-02-20,10.130000
1985-02-21,10.290000
1985-02-22,10.340000
1985-02-25,10.360000
1985-02-26,10.360000
1985-02-27,10.560000
1985-02-28,10.660000
1985-03-01,10.730000
1985-03-04,10.780000
1985-03-05,10.710000
1985-03-06,10.750000
1985-03-07,10.830000
1985-03-08,10.560000
1985-03-11,10.560000
1985-03-12,10.620000
1985-03-13,10.790000
1985-03-14,10.860000
1985-03-15,10.820000
1985-03-18,10.890000
1985-03-19,10.850000
1985-03-20,10.850000
1985-03-21,10.690000
1985-03-22,10.750000
1985-03-25,10.710000
1985-03-26,10.630000
1985-03-27,10.630000
1985-03-28,10.530000
1985-03-29,10.430000
1985-04-01,10.450000
1985-04-02,10.480000
1985-04-03,10.490000
1985-04-04,10.530000
1985-04-08,10.490000
1985-04-09,10.380000
1985-04-10,10.310000
1985-04-11,10.120000
1985-04-12,10.130000
1985-04-15,10.090000
1985-04-16,9.860000
1985-04-17,9.930000
1985-04-18,9.730000
1985-04-19,9.810000
1985-04-22,9.720000
1985-04-23,9.880000
1985-04-24,9.810000
1985-04-25,9.900000
1985-04-26,9.880000
1985-04-29,9.970000
1985-04-30,9.910000
1985-05-01,9.820000
1985-05-02,9.860000
1985-05-03,9.710000
1985-05-06,9.700000
1985-05-07,9.660000
1985-05-08,9.730000
1985-05-09,9.670000
1985-05-10,9.620000
1985-05-13,9.640000
1985-05-14,9.470000
1985-05-15,9.400000
1985-05-16,9.310000
1985-05-17,9.370000
1985-05-20,9.100000
1985-05-21,9.110000
1985-05-22,9.110000
1985-05-23,9.210000
1985-05-24,9.130000
1985-05-28,9.050000
1985-05-29,9.050000
1985-05-30,9.030000
1985-05-31,8.920000
1985-06-03,8.720000
1985-06-04,8.680000
1985-06-05,8.420000
1985-06-06,8.510000
1985-06-07,8.820000
1985-06-10,8.870000
1985-06-11,8.780000
1985-06-12,8.760000
1985-06-13,8.760000
1985-06-14,8.450000
1985-06-17,8.480000
1985-06-18,8.370000
1985-06-19,8.500000
1985-06-20,8.590000
1985-06-21,8.800000
1985-06-24,8.870000
1985-06-25,8.960000
1985-06-26,8.940000
1985-06-27,8.810000
1985-06-28,8.670000
1985-07-01,8.660000
1985-07-02,8.660000
1985-07-03,8.660000
1985-07-05,8.360000
1985-07-08,8.520000
1985-07-09,8.520000
1985-07-10,8.550000
1985-07-11,8.730000
1985-07-12,8.780000
1985-07-15,8.760000
1985-07-16,8.670000
1985-07-17,8.630000
1985-07-18,8.760000
1985-07-19,8.820000
1985-07-22,8.950000
1985-07-23,8.970000
1985-07-24,8.990000
1985-07-25,8.960000
1985-07-26,8.980000
1985-07-29,9.030000
1985-07-30,9.040000
1985-07-31,9.010000
1985-08-01,9.040000
1985-08-02,9.150000
1985-08-05,9.130000
1985-08-06,9.130000
1985-08-07,9.080000
1985-08-08,8.990000
1985-08-09,8.950000
1985-08-12,8.950000
1985-08-13,8.960000
1985-08-14,8.960000
1985-08-15,8.960000
1985-08-16,8.900000
1985-08-19,8.890000
1985-08-20,8.860000
1985-08-21,8.820000
1985-08-22,8.810000
1985-08-23,8.870000
1985-08-26,8.880000
1985-08-27,8.810000
1985-08-28,8.850000
1985-08-29,8.810000
1985-08-30,8.960000
1985-09-03,8.950000
1985-09-04,8.850000
1985-09-05,8.920000
1985-09-06,9.150000
1985-09-09,9.130000
1985-09-10,9.100000
1985-09-11,9.130000
1985-09-12,9.150000
1985-09-13,9.030000
1985-09-16,8.990000
1985-09-17,9.050000
1985-09-18,9.070000
1985-09-19,9.130000
1985-09-20,9.010000
1985-09-23,8.890000
1985-09-24,8.820000
1985-09-25,8.710000
1985-09-26,8.720000
1985-09-30,8.880000
1985-10-01,8.830000
1985-10-02,8.840000
1985-10-03,8.840000
1985-10-04,8.840000
1985-10-07,8.970000
1985-10-08,8.960000
1985-10-09,8.970000
1985-10-10,8.960000
1985-10-11,8.960000
1985-10-15,8.940000
1985-10-16,8.890000
1985-10-17,8.850000
1985-10-18,8.810000
1985-10-21,8.830000
1985-10-22,8.800000
1985-10-23,8.840000
1985-10-24,8.900000
1985-10-25,8.880000
1985-10-28,8.910000
1985-10-29,8.820000
1985-10-30,8.680000
1985-10-31,8.700000
1985-11-01,8.700000
1985-11-04,8.710000
1985-11-05,8.690000
1985-11-06,8.670000
1985-11-07,8.670000
1985-11-08,8.570000
1985-11-12,8.530000
1985-11-13,8.580000
1985-11-14,8.630000
1985-11-15,8.660000
1985-11-18,8.510000
1985-11-19,8.520000
1985-11-20,8.540000
1985-11-21,8.510000
1985-11-22,8.520000
1985-11-25,8.520000
1985-11-26,8.530000
1985-11-27,8.520000
1985-11-29,8.460000
1985-12-02,8.540000
1985-12-03,8.520000
1985-12-04,8.490000
1985-12-05,8.470000
1985-12-06,8.470000
1985-12-09,8.350000
1985-12-10,8.230000
1985-12-11,8.000000
1985-12-12,8.070000
1985-12-13,7.970000
1985-12-16,8.000000
1985-12-17,7.940000
1985-12-18,8.040000
1985-12-19,8.000000
1985-12-20,8.010000
1985-12-23,8.010000
1985-12-24,8.020000
1985-12-26,7.990000
1985-12-27,7.990000
1985-12-30,7.990000
1985-12-31,7.980000
1986-01-02,8.020000
1986-01-03,8.030000
1986-01-06,8.040000
1986-01-07,7.970000
1986-01-08,8.090000
1986-01-09,8.270000
1986-01-10,8.360000
1986-01-13,8.380000
1986-01-14,8.330000
1986-01-15,8.240000
1986-01-16,8.210000
1986-01-17,8.190000
1986-01-21,8.200000
1986-01-22,8.190000
1986-01-23,8.170000
1986-01-24,8.130000
1986-01-27,8.070000
1986-01-28,8.020000
1986-01-29,8.050000
1986-01-30,8.040000
1986-01-31,7.990000
1986-02-03,7.970000
1986-02-04,7.940000
1986-02-05,7.990000
1986-02-06,8.020000
1986-02-07,8.150000
1986-02-10,8.080000
1986-02-11,8.040000
1986-02-12,8.080000
1986-02-13,8.060000
1986-02-14,7.990000
1986-02-18,7.960000
1986-02-19,8.060000
1986-02-20,8.050000
1986-02-21,7.930000
1986-02-24,7.860000
1986-02-25,7.890000
1986-02-26,7.880000
1986-02-27,7.720000
1986-02-28,7.710000
1986-03-03,7.550000
1986-03-04,7.380000
1986-03-05,7.540000
1986-03-06,7.380000
1986-03-07,7.290000
1986-03-10,7.160000
1986-03-11,7.150000
1986-03-12,7.170000
1986-03-13,7.210000
1986-03-14,7.180000
1986-03-17,7.220000
1986-03-18,7.230000
1986-03-19,7.170000
1986-03-20,7.170000
1986-03-21,7.190000
1986-03-24,7.110000
1986-03-25,7.120000
1986-03-26,7.110000
1986-03-27,7.040000
1986-03-31,6.920000
1986-04-01,6.890000
1986-04-02,6.900000
1986-04-03,6.940000
1986-04-04,6.850000
1986-04-07,6.820000
1986-04-08,6.700000
1986-04-09,6.580000
1986-04-10,6.580000
1986-04-11,6.650000
1986-04-14,6.530000
1986-04-15,6.530000
1986-04-16,6.390000
1986-04-17,6.440000
1986-04-18,6.440000
1986-04-21,6.460000
1986-04-22,6.580000
1986-04-23,6.670000
1986-04-24,6.890000
1986-04-25,6.910000
1986-04-28,6.860000
1986-04-29,6.850000
1986-04-30,6.830000
1986-05-01,6.850000
1986-05-02,6.880000
1986-05-05,6.820000
1986-05-06,6.820000
1986-05-07,6.830000
1986-05-08,6.780000
1986-05-09,6.850000
1986-05-12,6.980000
1986-05-13,7.000000
1986-05-14,7.000000
1986-05-15,7.160000
1986-05-16,7.320000
1986-05-19,7.280000
1986-05-20,7.230000
1986-05-21,7.200000
1986-05-22,7.200000
1986-05-23,7.190000
1986-05-27,7.140000
1986-05-28,7.170000
1986-05-29,7.350000
1986-05-30,7.360000
1986-06-02,7.500000
1986-06-03,7.490000
1986-06-04,7.630000
1986-06-05,7.540000
1986-06-06,7.270000
1986-06-09,7.390000
1986-06-10,7.380000
1986-06-11,7.390000
1986-06-12,7.310000
1986-06-13,7.150000
1986-06-16,7.100000
1986-06-17,7.080000
1986-06-18,7.010000
1986-06-19,7.100000
1986-06-20,7.060000
1986-06-23,7.030000
1986-06-24,6.980000
1986-06-25,6.910000
1986-06-26,6.910000
1986-06-27,6.840000
1986-06-30,6.810000
1986-07-01,6.800000
1986-07-02,6.810000
1986-07-03,6.710000
1986-07-07,6.700000
1986-07-08,6.840000
1986-07-09,6.730000
1986-07-10,6.730000
1986-07-11,6.600000
1986-07-14,6.580000
1986-07-15,6.560000
1986-07-16,6.590000
1986-07-17,6.610000
1986-07-18,6.560000
1986-07-21,6.560000
1986-07-22,6.600000
1986-07-23,6.630000
1986-07-24,6.670000
1986-07-25,6.670000
1986-07-28,6.760000
1986-07-29,6.710000
1986-07-30,6.670000
1986-07-31,6.570000
1986-08-01,6.560000
1986-08-04,6.560000
1986-08-05,6.580000
1986-08-06,6.610000
1986-08-07,6.610000
1986-08-08,6.540000
1986-08-11,6.510000
1986-08-12,6.460000
1986-08-13,6.370000
1986-08-14,6.390000
1986-08-15,6.360000
1986-08-18,6.370000
1986-08-19,6.290000
1986-08-20,6.170000
1986-08-21,6.080000
1986-08-22,6.140000
1986-08-25,6.100000
1986-08-26,6.020000
1986-08-27,6.120000
1986-08-28,6.070000
1986-08-29,5.940000
1986-09-02,5.990000
1986-09-03,6.140000
1986-09-04,6.110000
1986-09-05,6.250000
1986-09-08,6.300000
1986-09-09,6.300000
1986-09-10,6.270000
1986-09-11,6.430000
1986-09-12,6.430000
1986-09-15,6.390000
1986-09-16,6.380000
1986-09-17,6.370000
1986-09-18,6.470000
1986-09-19,6.520000
1986-09-22,6.490000
1986-09-23,6.460000
1986-09-24,6.370000
1986-09-25,6.370000
1986-09-26,6.390000
1986-09-29,6.460000
1986-09-30,6.380000
1986-10-01,6.360000
1986-10-02,6.380000
1986-10-03,6.160000
1986-10-06,6.140000
1986-10-07,6.130000
1986-10-08,6.110000
1986-10-09,6.150000
1986-10-10,6.160000
1986-10-14,6.260000
1986-10-15,6.270000
1986-10-16,6.290000
1986-10-17,6.380000
1986-10-20,6.470000
1986-10-21,6.400000
1986-10-22,6.340000
1986-10-23,6.310000
1986-10-24,6.350000
1986-10-27,6.320000
1986-10-28,6.340000
1986-10-29,6.320000
1986-10-30,6.240000
1986-10-31,6.260000
1986-11-03,6.210000
1986-11-04,6.230000
1986-11-05,6.260000
1986-11-06,6.290000
1986-11-07,6.350000
1986-11-10,6.420000
1986-11-12,6.380000
1986-11-13,6.350000
1986-11-14,6.330000
1986-11-17,6.320000
1986-11-18,6.320000
1986-11-19,6.210000
1986-11-20,6.260000
1986-11-21,6.210000
1986-11-24,6.190000
1986-11-25,6.230000
1986-11-26,6.210000
1986-11-28,6.210000
1986-12-01,6.250000
1986-12-02,6.220000
1986-12-03,6.170000
1986-12-04,6.150000
1986-12-05,6.240000
1986-12-08,6.240000
1986-12-09,6.210000
1986-12-10,6.190000
1986-12-11,6.240000
1986-12-12,6.240000
1986-12-15,6.290000
1986-12-16,6.290000
1986-12-17,6.310000
1986-12-18,6.310000
1986-12-19,6.290000
1986-12-22,6.300000
1986-12-23,6.300000
1986-12-24,6.300000
1986-12-26,6.300000
1986-12-29,6.370000
1986-12-30,6.420000
1986-12-31,6.350000
1987-01-02,6.300000
1987-01-05,6.240000
1987-01-06,6.250000
1987-01-07,6.220000
1987-01-08,6.200000
1987-01-09,6.190000
1987-01-12,6.200000
1987-01-13,6.220000
1987-01-14,6.240000
1987-01-15,6.220000
1987-01-16,6.220000
1987-01-20,6.170000
1987-01-21,6.170000
1987-01-22,6.170000
1987-01-23,6.200000
1987-01-26,6.260000
1987-01-27,6.240000
1987-01-28,6.240000
1987-01-29,6.240000
1987-01-30,6.330000
1987-02-02,6.360000
1987-02-03,6.380000
1987-02-04,6.380000
1987-02-05,6.330000
1987-02-06,6.380000
1987-02-09,6.450000
1987-02-10,6.490000
1987-02-11,6.580000
1987-02-12,6.470000
1987-02-13,6.430000
1987-02-17,6.480000
1987-02-18,6.430000
1987-02-19,6.330000
1987-02-20,6.330000
1987-02-23,6.350000
1987-02-24,6.320000
1987-02-25,6.370000
1987-02-26,6.350000
1987-02-27,6.350000
1987-03-02,6.340000
1987-03-03,6.370000
1987-03-04,6.320000
1987-03-05,6.350000
1987-03-06,6.420000
1987-03-09,6.430000
1987-03-10,6.440000
1987-03-11,6.440000
1987-03-12,6.430000
1987-03-13,6.390000
1987-03-16,6.410000
1987-03-17,6.420000
1987-03-18,6.400000
1987-03-19,6.380000
1987-03-20,6.400000
1987-03-23,6.420000
1987-03-24,6.440000
1987-03-25,6.460000
1987-03-26,6.420000
1987-03-27,6.490000
1987-03-30,6.630000
1987-03-31,6.540000
1987-04-01,6.650000
1987-04-02,6.630000
1987-04-03,6.620000
1987-04-06,6.570000
1987-04-07,6.590000
1987-04-08,6.590000
1987-04-09,6.740000
1987-04-10,6.970000
1987-04-13,7.080000
1987-04-14,7.190000
1987-04-15,7.020000
1987-04-16,6.900000
1987-04-20,7.060000
1987-04-21,7.090000
1987-04-22,7.230000
1987-04-23,7.360000
1987-04-24,7.480000
1987-04-27,7.500000
1987-04-28,7.430000
1987-04-29,7.430000
1987-04-30,7.380000
1987-05-01,7.470000
1987-05-04,7.610000
1987-05-05,7.600000
1987-05-06,7.620000
1987-05-07,7.600000
1987-05-08,7.570000
1987-05-11,7.660000
1987-05-12,7.680000
1987-05-13,7.680000
1987-05-14,7.660000
1987-05-15,7.950000
1987-05-18,7.930000
1987-05-19,7.990000
1987-05-20,8.050000
1987-05-21,8.060000
1987-05-22,7.970000
1987-05-26,7.790000
1987-05-27,7.840000
1987-05-28,7.810000
1987-05-29,7.690000
1987-06-01,7.670000
1987-06-02,7.850000
1987-06-03,7.780000
1987-06-04,7.760000
1987-06-05,7.660000
1987-06-08,7.680000
1987-06-09,7.710000
1987-06-10,7.680000
1987-06-11,7.660000
1987-06-12,7.510000
1987-06-15,7.470000
1987-06-16,7.470000
1987-06-17,7.420000
1987-06-18,7.440000
1987-06-19,7.450000
1987-06-22,7.420000
1987-06-23,7.450000
1987-06-24,7.540000
1987-06-25,7.470000
1987-06-26,7.560000
1987-06-29,7.480000
1987-06-30,7.480000
1987-07-01,7.440000
1987-07-02,7.380000
1987-07-06,7.380000
1987-07-07,7.360000
1987-07-08,7.350000
1987-07-09,7.380000
1987-07-10,7.320000
1987-07-13,7.360000
1987-07-14,7.320000
1987-07-15,7.370000
1987-07-16,7.340000
1987-07-17,7.340000
1987-07-20,7.380000
1987-07-21,7.450000
1987-07-22,7.470000
1987-07-23,7.460000
1987-07-24,7.530000
1987-07-27,7.590000
1987-07-28,7.610000
1987-07-29,7.640000
1987-07-30,7.630000
1987-07-31,7.630000
1987-08-03,7.720000
1987-08-04,7.720000
1987-08-05,7.650000
1987-08-06,7.650000
1987-08-07,7.690000
1987-08-10,7.710000
1987-08-11,7.690000
1987-08-12,7.670000
1987-08-13,7.640000
1987-08-14,7.620000
1987-08-17,7.620000
1987-08-18,7.710000
1987-08-19,7.760000
1987-08-20,7.770000
1987-08-21,7.790000
1987-08-24,7.810000
1987-08-25,7.790000
1987-08-26,7.870000
1987-08-27,7.950000
1987-08-28,8.010000
1987-08-31,7.970000
1987-09-01,7.980000
1987-09-02,8.150000
1987-09-03,8.190000
1987-09-04,8.260000
1987-09-08,8.460000
1987-09-09,8.430000
1987-09-10,8.360000
1987-09-11,8.310000
1987-09-14,8.260000
1987-09-15,8.300000
1987-09-16,8.350000
1987-09-17,8.340000
1987-09-18,8.300000
1987-09-21,8.330000
1987-09-22,8.310000
1987-09-23,8.310000
1987-09-24,8.420000
1987-09-25,8.480000
1987-09-28,8.480000
1987-09-29,8.600000
1987-09-30,8.600000
1987-10-01,8.620000
1987-10-02,8.610000
1987-10-05,8.660000
1987-10-06,8.730000
1987-10-07,8.730000
1987-10-08,9.030000
1987-10-09,9.010000
1987-10-13,8.940000
1987-10-14,9.140000
1987-10-15,9.230000
1987-10-16,9.220000
1987-10-19,8.930000
1987-10-20,8.090000
1987-10-21,7.900000
1987-10-22,7.760000
1987-10-23,7.760000
1987-10-26,7.570000
1987-10-27,7.660000
1987-10-28,7.650000
1987-10-29,7.530000
1987-10-30,7.580000
1987-11-02,7.720000
1987-11-03,7.670000
1987-11-04,7.600000
1987-11-05,7.500000
1987-11-06,7.620000
1987-11-09,7.640000
1987-11-10,7.610000
1987-11-12,7.670000
1987-11-13,7.750000
1987-11-16,7.780000
1987-11-17,7.730000
1987-11-18,7.740000
1987-11-19,7.690000
1987-11-20,7.660000
1987-11-23,7.670000
1987-11-24,7.730000
1987-11-25,7.780000
1987-11-27,7.870000
1987-11-30,7.730000
1987-12-01,7.770000
1987-12-02,7.790000
1987-12-03,7.720000
1987-12-04,7.720000
1987-12-07,7.860000
1987-12-08,7.880000
1987-12-09,7.880000
1987-12-10,8.000000
1987-12-11,8.020000
1987-12-14,8.010000
1987-12-15,7.920000
1987-12-16,7.890000
1987-12-17,7.890000
1987-12-18,7.820000
1987-12-21,7.840000
1987-12-22,7.910000
1987-12-23,7.830000
1987-12-24,7.830000
1987-12-28,7.910000
1987-12-29,7.860000
1987-12-30,7.750000
1987-12-31,7.770000
1988-01-04,7.770000
1988-01-05,7.760000
1988-01-06,7.790000
1988-01-07,7.790000
1988-01-08,7.920000
1988-01-11,7.800000
1988-01-12,7.800000
1988-01-13,7.760000
1988-01-14,7.760000
1988-01-15,7.610000
1988-01-19,7.660000
1988-01-20,7.590000
1988-01-21,7.520000
1988-01-22,7.510000
1988-01-25,7.490000
1988-01-26,7.560000
1988-01-27,7.370000
1988-01-28,7.290000
1988-01-29,7.220000
1988-02-01,7.220000
1988-02-02,7.210000
1988-02-03,7.240000
1988-02-04,7.240000
1988-02-05,7.100000
1988-02-08,7.160000
1988-02-09,7.120000
1988-02-10,7.070000
1988-02-11,7.120000
1988-02-12,7.220000
1988-02-16,7.260000
1988-02-17,7.240000
1988-02-18,7.230000
1988-02-19,7.210000
1988-02-22,7.200000
1988-02-23,7.160000
1988-02-24,7.150000
1988-02-25,7.170000
1988-02-26,7.160000
1988-02-29,7.130000
1988-03-01,7.110000
1988-03-02,7.070000
1988-03-03,7.080000
1988-03-04,7.200000
1988-03-07,7.220000
1988-03-08,7.250000
1988-03-09,7.220000
1988-03-10,7.250000
1988-03-11,7.200000
1988-03-14,7.200000
1988-03-15,7.190000
1988-03-16,7.240000
1988-03-17,7.170000
1988-03-18,7.230000
1988-03-21,7.320000
1988-03-22,7.330000
1988-03-23,7.390000
1988-03-24,7.460000
1988-03-25,7.410000
1988-03-28,7.420000
1988-03-29,7.420000
1988-03-30,7.430000
1988-03-31,7.410000
1988-04-04,7.580000
1988-04-05,7.600000
1988-04-06,7.570000
1988-04-07,7.540000
1988-04-08,7.470000
1988-04-11,7.500000
1988-04-12,7.490000
1988-04-13,7.450000
1988-04-14,7.560000
1988-04-15,7.600000
1988-04-18,7.600000
1988-04-19,7.570000
1988-04-20,7.650000
1988-04-21,7.640000
1988-04-22,7.640000
1988-04-25,7.640000
1988-04-26,7.640000
1988-04-27,7.630000
1988-04-28,7.690000
1988-04-29,7.730000
1988-05-02,7.780000
1988-05-03,7.770000
1988-05-04,7.770000
1988-05-05,7.790000
1988-05-06,7.870000
1988-05-09,7.950000
1988-05-10,8.000000
1988-05-11,7.950000
1988-05-12,7.950000
1988-05-13,7.900000
1988-05-16,7.930000
1988-05-17,7.990000
1988-05-18,8.040000
1988-05-19,8.040000
1988-05-20,8.080000
1988-05-23,8.120000
1988-05-24,8.140000
1988-05-25,8.170000
1988-05-26,8.230000
1988-05-27,8.230000
1988-05-31,8.210000
1988-06-01,8.090000
1988-06-02,8.130000
1988-06-03,8.060000
1988-06-06,8.040000
1988-06-07,8.040000
1988-06-08,7.960000
1988-06-09,7.970000
1988-06-10,7.990000
1988-06-13,7.980000
1988-06-14,7.800000
1988-06-15,7.840000
1988-06-16,7.960000
1988-06-17,8.100000
1988-06-20,8.140000
1988-06-21,8.150000
1988-06-22,8.040000
1988-06-23,8.050000
1988-06-24,8.030000
1988-06-27,8.100000
1988-06-28,8.050000
1988-06-29,8.030000
1988-06-30,8.020000
1988-07-01,7.980000
1988-07-05,8.040000
1988-07-06,8.070000
1988-07-07,8.130000
1988-07-08,8.250000
1988-07-11,8.250000
1988-07-12,8.270000
1988-07-13,8.270000
1988-07-14,8.330000
1988-07-15,8.310000
1988-07-18,8.350000
1988-07-19,8.320000
1988-07-20,8.310000
1988-07-21,8.390000
1988-07-22,8.350000
1988-07-25,8.340000
1988-07-26,8.350000
1988-07-27,8.440000
1988-07-28,8.440000
1988-07-29,8.390000
1988-08-01,8.360000
1988-08-02,8.320000
1988-08-03,8.340000
1988-08-04,8.310000
1988-08-05,8.470000
1988-08-08,8.480000
1988-08-09,8.590000
1988-08-10,8.640000
1988-08-11,8.680000
1988-08-12,8.680000
1988-08-15,8.700000
1988-08-16,8.720000
1988-08-17,8.740000
1988-08-18,8.740000
1988-08-19,8.740000
1988-08-22,8.760000
1988-08-23,8.710000
1988-08-24,8.730000
1988-08-25,8.780000
1988-08-26,8.780000
1988-08-29,8.750000
1988-08-30,8.730000
1988-08-31,8.710000
1988-09-01,8.680000
1988-09-02,8.450000
1988-09-06,8.470000
1988-09-07,8.450000
1988-09-08,8.450000
1988-09-09,8.420000
1988-09-12,8.440000
1988-09-13,8.400000
1988-09-14,8.360000
1988-09-15,8.390000
1988-09-16,8.400000
1988-09-19,8.440000
1988-09-20,8.450000
1988-09-21,8.400000
1988-09-22,8.440000
1988-09-23,8.470000
1988-09-26,8.520000
1988-09-27,8.550000
1988-09-28,8.590000
1988-09-29,8.530000
1988-09-30,8.430000
1988-10-03,8.410000
1988-10-04,8.430000
1988-10-05,8.430000
1988-10-06,8.430000
1988-10-07,8.260000
1988-10-11,8.290000
1988-10-12,8.350000
1988-10-13,8.360000
1988-10-14,8.330000
1988-10-17,8.330000
1988-10-18,8.330000
1988-10-19,8.380000
1988-10-20,8.380000
1988-10-21,8.400000
1988-10-24,8.420000
1988-10-25,8.420000
1988-10-26,8.340000
1988-10-27,8.270000
1988-10-28,8.270000
1988-10-31,8.250000
1988-11-01,8.250000
1988-11-02,8.290000
1988-11-03,8.270000
1988-11-04,8.390000
1988-11-07,8.500000
1988-11-08,8.530000
1988-11-09,8.570000
1988-11-10,8.600000
1988-11-14,8.620000
1988-11-15,8.690000
1988-11-16,8.750000
1988-11-17,8.750000
1988-11-18,8.770000
1988-11-21,8.810000
1988-11-22,8.880000
1988-11-23,8.870000
1988-11-25,8.980000
1988-11-28,9.000000
1988-11-29,8.960000
1988-11-30,8.840000
1988-12-01,8.860000
1988-12-02,9.120000
1988-12-05,9.090000
1988-12-06,8.880000
1988-12-07,8.930000
1988-12-08,9.000000
1988-12-09,9.030000
1988-12-12,9.050000
1988-12-13,9.160000
1988-12-14,9.200000
1988-12-15,9.200000
1988-12-16,9.180000
1988-12-19,9.180000
1988-12-20,9.110000
1988-12-21,9.090000
1988-12-22,9.040000
1988-12-23,9.040000
1988-12-27,9.150000
1988-12-28,9.230000
1988-12-29,9.180000
1988-12-30,9.140000
1989-01-03,9.210000
1989-01-04,9.250000
1989-01-05,9.320000
1989-01-06,9.320000
1989-01-09,9.290000
1989-01-10,9.250000
1989-01-11,9.290000
1989-01-12,9.200000
1989-01-13,9.140000
1989-01-17,9.160000
1989-01-18,9.130000
1989-01-19,9.090000
1989-01-20,9.130000
1989-01-23,9.130000
1989-01-24,9.070000
1989-01-25,9.100000
1989-01-26,9.140000
1989-01-27,9.070000
1989-01-30,9.100000
1989-01-31,9.120000
1989-02-01,9.120000
1989-02-02,9.120000
1989-02-03,9.230000
1989-02-06,9.250000
1989-02-07,9.190000
1989-02-08,9.210000
1989-02-09,9.280000
1989-02-10,9.370000
1989-02-13,9.390000
1989-02-14,9.430000
1989-02-15,9.410000
1989-02-16,9.370000
1989-02-17,9.370000
1989-02-21,9.410000
1989-02-22,9.480000
1989-02-23,9.600000
1989-02-24,9.660000
1989-02-27,9.620000
1989-02-28,9.550000
1989-03-01,9.550000
1989-03-02,9.520000
1989-03-03,9.500000
1989-03-06,9.460000
1989-03-07,9.480000
1989-03-08,9.480000
1989-03-09,9.480000
1989-03-10,9.660000
1989-03-13,9.640000
1989-03-14,9.640000
1989-03-15,9.620000
1989-03-16,9.610000
1989-03-17,9.840000
1989-03-20,9.900000
1989-03-21,9.920000
1989-03-22,9.810000
1989-03-23,9.810000
1989-03-27,9.850000
1989-03-28,9.860000
1989-03-29,9.800000
1989-03-30,9.790000
1989-03-31,9.730000
1989-04-03,9.560000
1989-04-04,9.470000
1989-04-05,9.450000
1989-04-06,9.540000
1989-04-07,9.570000
1989-04-10,9.570000
1989-04-11,9.570000
1989-04-12,9.590000
1989-04-13,9.660000
1989-04-14,9.430000
1989-04-17,9.480000
1989-04-18,9.280000
1989-04-19,9.300000
1989-04-20,9.460000
1989-04-21,9.440000
1989-04-24,9.460000
1989-04-25,9.410000
1989-04-26,9.340000
1989-04-27,9.230000
1989-04-28,9.220000
1989-05-01,9.360000
1989-05-02,9.270000
1989-05-03,9.210000
1989-05-04,9.210000
1989-05-05,9.040000
1989-05-08,9.090000
1989-05-09,9.230000
1989-05-10,9.270000
1989-05-11,9.140000
1989-05-12,8.820000
1989-05-15,8.910000
1989-05-16,8.950000
1989-05-17,8.960000
1989-05-18,9.000000
1989-05-19,8.940000
1989-05-22,8.840000
1989-05-23,8.830000
1989-05-24,8.820000
1989-05-25,8.920000
1989-05-26,8.890000
1989-05-30,8.870000
1989-05-31,8.820000
1989-06-01,8.820000
1989-06-02,8.520000
1989-06-05,8.440000
1989-06-06,8.450000
1989-06-07,8.380000
1989-06-08,8.330000
1989-06-09,8.280000
1989-06-12,8.290000
1989-06-13,8.410000
1989-06-14,8.360000
1989-06-15,8.480000
1989-06-16,8.530000
1989-06-19,8.550000
1989-06-20,8.500000
1989-06-21,8.530000
1989-06-22,8.550000
1989-06-23,8.390000
1989-06-26,8.350000
1989-06-27,8.270000
1989-06-28,8.270000
1989-06-29,8.160000
1989-06-30,8.080000
1989-07-03,8.020000
1989-07-05,7.990000
1989-07-06,7.940000
1989-07-07,7.830000
1989-07-10,7.810000
1989-07-11,7.810000
1989-07-12,7.740000
1989-07-13,7.740000
1989-07-14,7.830000
1989-07-17,7.850000
1989-07-18,7.950000
1989-07-19,7.900000
1989-07-20,7.810000
1989-07-21,7.910000
1989-07-24,7.930000
1989-07-25,7.840000
1989-07-26,7.750000
1989-07-27,7.650000
1989-07-28,7.560000
1989-07-31,7.530000
1989-08-01,7.460000
1989-08-02,7.530000
1989-08-03,7.600000
1989-08-04,7.920000
1989-08-07,8.010000
1989-08-08,7.960000
1989-08-09,7.990000
1989-08-10,7.990000
1989-08-11,8.120000
1989-08-14,8.310000
1989-08-15,8.290000
1989-08-16,8.170000
1989-08-17,8.260000
1989-08-18,8.260000
1989-08-21,8.320000
1989-08-22,8.430000
1989-08-23,8.370000
1989-08-24,8.320000
1989-08-25,8.340000
1989-08-28,8.410000
1989-08-29,8.440000
1989-08-30,8.410000
1989-08-31,8.420000
1989-09-01,8.370000
1989-09-05,8.370000
1989-09-06,8.350000
1989-09-07,8.350000
1989-09-08,8.270000
1989-09-11,8.200000
1989-09-12,8.180000
1989-09-13,8.200000
1989-09-14,8.090000
1989-09-15,8.060000
1989-09-18,8.130000
1989-09-19,8.140000
1989-09-20,8.270000
1989-09-21,8.320000
1989-09-22,8.340000
1989-09-25,8.430000
1989-09-26,8.360000
1989-09-27,8.390000
1989-09-28,8.410000
1989-09-29,8.460000
1989-10-02,8.480000
1989-10-03,8.390000
1989-10-04,8.370000
1989-10-05,8.310000
1989-10-06,8.100000
1989-10-10,8.060000
1989-10-11,8.080000
1989-10-12,8.010000
1989-10-13,7.690000
1989-10-16,7.850000
1989-10-17,7.830000
1989-10-18,7.830000
1989-10-19,7.870000
1989-10-20,7.920000
1989-10-23,7.880000
1989-10-24,7.780000
1989-10-25,7.760000
1989-10-26,7.780000
1989-10-27,7.870000
1989-10-30,7.850000
1989-10-31,7.850000
1989-11-01,7.870000
1989-11-02,7.810000
1989-11-03,8.010000
1989-11-06,8.040000
1989-11-07,7.870000
1989-11-08,7.780000
1989-11-09,7.800000
1989-11-10,7.830000
1989-11-13,7.820000
1989-11-14,7.750000
1989-11-15,7.690000
1989-11-16,7.710000
1989-11-17,7.770000
1989-11-20,7.770000
1989-11-21,7.770000
1989-11-22,7.660000
1989-11-24,7.640000
1989-11-27,7.790000
1989-11-28,7.780000
1989-11-29,7.800000
1989-11-30,7.750000
1989-12-01,7.700000
1989-12-04,7.720000
1989-12-05,7.720000
1989-12-06,7.800000
1989-12-07,7.850000
1989-12-08,7.780000
1989-12-11,7.780000
1989-12-12,7.800000
1989-12-13,7.820000
1989-12-14,7.750000
1989-12-15,7.750000
1989-12-18,7.750000
1989-12-19,7.720000
1989-12-20,7.640000
1989-12-21,7.680000
1989-12-22,7.740000
1989-12-26,7.900000
1989-12-27,7.900000
1989-12-28,7.870000
1989-12-29,7.870000
1990-01-02,7.870000
1990-01-03,7.940000
1990-01-04,7.920000
1990-01-05,7.900000
1990-01-08,7.900000
1990-01-09,7.910000
1990-01-10,7.910000
1990-01-11,7.910000
1990-01-12,7.930000
1990-01-16,8.100000
1990-01-17,8.090000
1990-01-18,8.250000
1990-01-19,8.200000
1990-01-22,8.180000
1990-01-23,8.180000
1990-01-24,8.200000
1990-01-25,8.240000
1990-01-26,8.280000
1990-01-29,8.300000
1990-01-30,8.300000
1990-01-31,8.280000
1990-02-01,8.280000
1990-02-02,8.370000
1990-02-05,8.370000
1990-02-06,8.420000
1990-02-07,8.420000
1990-02-08,8.370000
1990-02-09,8.250000
1990-02-12,8.320000
1990-02-13,8.210000
1990-02-14,8.270000
1990-02-15,8.350000
1990-02-16,8.360000
1990-02-20,8.520000
1990-02-21,8.500000
1990-02-22,8.450000
1990-02-23,8.430000
1990-02-26,8.380000
1990-02-27,8.340000
1990-02-28,8.430000
1990-03-01,8.530000
1990-03-02,8.480000
1990-03-05,8.550000
1990-03-06,8.540000
1990-03-07,8.540000
1990-03-08,8.590000
1990-03-09,8.730000
1990-03-12,8.710000
1990-03-13,8.770000
1990-03-14,8.690000
1990-03-15,8.710000
1990-03-16,8.640000
1990-03-19,8.680000
1990-03-20,8.680000
1990-03-21,8.690000
1990-03-22,8.620000
1990-03-23,8.610000
1990-03-26,8.610000
1990-03-27,8.590000
1990-03-28,8.570000
1990-03-29,8.620000
1990-03-30,8.640000
1990-04-02,8.620000
1990-04-03,8.610000
1990-04-04,8.540000
1990-04-05,8.540000
1990-04-06,8.520000
1990-04-09,8.540000
1990-04-10,8.540000
1990-04-11,8.560000
1990-04-12,8.570000
1990-04-16,8.610000
1990-04-17,8.700000
1990-04-18,8.790000
1990-04-19,8.810000
1990-04-20,8.820000
1990-04-23,8.870000
1990-04-24,8.920000
1990-04-25,8.950000
1990-04-26,9.030000
1990-04-27,8.980000
1990-04-30,8.960000
1990-05-01,9.020000
1990-05-02,9.050000
1990-05-03,8.980000
1990-05-04,8.700000
1990-05-07,8.740000
1990-05-08,8.680000
1990-05-09,8.750000
1990-05-10,8.690000
1990-05-11,8.550000
1990-05-14,8.510000
1990-05-15,8.540000
1990-05-16,8.540000
1990-05-17,8.560000
1990-05-18,8.630000
1990-05-21,8.610000
1990-05-22,8.540000
1990-05-23,8.510000
1990-05-24,8.500000
1990-05-25,8.530000
1990-05-29,8.520000
1990-05-30,8.480000
1990-05-31,8.500000
1990-06-01,8.330000
1990-06-04,8.310000
1990-06-05,8.340000
1990-06-06,8.340000
1990-06-07,8.340000
1990-06-08,8.330000
1990-06-11,8.360000
1990-06-12,8.360000
1990-06-13,8.270000
1990-06-14,8.240000
1990-06-15,8.330000
1990-06-18,8.390000
1990-06-19,8.410000
1990-06-20,8.430000
1990-06-21,8.410000
1990-06-22,8.400000
1990-06-25,8.450000
1990-06-26,8.410000
1990-06-27,8.370000
1990-06-28,8.310000
1990-06-29,8.240000
1990-07-02,8.250000
1990-07-03,8.200000
1990-07-05,8.220000
1990-07-06,8.320000
1990-07-09,8.390000
1990-07-10,8.400000
1990-07-11,8.400000
1990-07-12,8.200000
1990-07-13,8.130000
1990-07-16,8.150000
1990-07-17,8.130000
1990-07-18,8.130000
1990-07-19,8.130000
1990-07-20,8.080000
1990-07-23,8.050000
1990-07-24,8.120000
1990-07-25,8.080000
1990-07-26,8.080000
1990-07-27,8.000000
1990-07-30,7.930000
1990-07-31,7.910000
1990-08-01,7.850000
1990-08-02,7.900000
1990-08-03,7.790000
1990-08-06,7.900000
1990-08-07,8.040000
1990-08-08,8.020000
1990-08-09,7.990000
1990-08-10,7.950000
1990-08-13,7.940000
1990-08-14,7.940000
1990-08-15,7.940000
1990-08-16,8.090000
1990-08-17,8.110000
1990-08-20,8.130000
1990-08-21,8.190000
1990-08-22,8.260000
1990-08-23,8.260000
1990-08-24,8.320000
1990-08-27,8.210000
1990-08-28,8.230000
1990-08-29,8.160000
1990-08-30,8.120000
1990-08-31,8.070000
1990-09-04,8.090000
1990-09-05,8.040000
1990-09-06,8.060000
1990-09-07,8.040000
1990-09-10,8.090000
1990-09-11,8.100000
1990-09-12,8.050000
1990-09-13,8.010000
1990-09-14,8.030000
1990-09-17,8.050000
1990-09-18,8.030000
1990-09-19,8.080000
1990-09-20,8.100000
1990-09-21,8.120000
1990-09-24,8.210000
1990-09-25,8.180000
1990-09-26,8.160000
1990-09-27,8.050000
1990-09-28,8.020000
1990-10-01,7.940000
1990-10-02,7.920000
1990-10-03,7.880000
1990-10-04,7.870000
1990-10-05,7.810000
1990-10-09,7.940000
1990-10-10,7.990000
1990-10-11,7.990000
1990-10-12,7.940000
1990-10-15,7.920000
1990-10-16,7.920000
1990-10-17,7.920000
1990-10-18,7.910000
1990-10-19,7.850000
1990-10-22,7.850000
1990-10-23,7.840000
1990-10-24,7.840000
1990-10-25,7.800000
1990-10-26,7.800000
1990-10-29,7.820000
1990-10-30,7.790000
1990-10-31,7.770000
1990-11-01,7.680000
1990-11-02,7.680000
1990-11-05,7.630000
1990-11-06,7.650000
1990-11-07,7.670000
1990-11-08,7.670000
1990-11-09,7.610000
1990-11-13,7.600000
1990-11-14,7.580000
1990-11-15,7.600000
1990-11-16,7.580000
1990-11-19,7.620000
1990-11-20,7.620000
1990-11-21,7.550000
1990-11-23,7.530000
1990-11-26,7.550000
1990-11-27,7.500000
1990-11-28,7.560000
1990-11-29,7.580000
1990-11-30,7.530000
1990-12-03,7.510000
1990-12-04,7.460000
1990-12-05,7.460000
1990-12-06,7.480000
1990-12-07,7.330000
1990-12-10,7.280000
1990-12-11,7.260000
1990-12-12,7.220000
1990-12-13,7.310000
1990-12-14,7.350000
1990-12-17,7.310000
1990-12-18,7.280000
1990-12-19,7.210000
1990-12-20,7.250000
1990-12-21,7.300000
1990-12-24,7.350000
1990-12-26,7.270000
1990-12-27,7.250000
1990-12-28,7.250000
1990-12-31,7.150000
1991-01-02,7.080000
1991-01-03,7.080000
1991-01-04,7.170000
1991-01-07,7.200000
1991-01-08,7.150000
1991-01-09,7.100000
1991-01-10,7.140000
1991-01-11,7.140000
1991-01-14,7.180000
1991-01-15,7.160000
1991-01-16,7.210000
1991-01-17,7.190000
1991-01-18,7.140000
1991-01-22,7.130000
1991-01-23,7.080000
1991-01-24,7.040000
1991-01-25,7.100000
1991-01-28,7.120000
1991-01-29,7.100000
1991-01-30,7.070000
1991-01-31,7.050000
1991-02-01,6.830000
1991-02-04,6.820000
1991-02-05,6.800000
1991-02-06,6.820000
1991-02-07,6.800000
1991-02-08,6.800000
1991-02-11,6.780000
1991-02-12,6.780000
1991-02-13,6.780000
1991-02-14,6.770000
1991-02-15,6.820000
1991-02-19,6.870000
1991-02-20,6.870000
1991-02-21,6.900000
1991-02-22,6.980000
1991-02-25,6.990000
1991-02-26,7.000000
1991-02-27,7.020000
1991-02-28,7.040000
1991-03-01,7.180000
1991-03-04,7.160000
1991-03-05,7.130000
1991-03-06,7.150000
1991-03-07,7.120000
1991-03-08,7.080000
1991-03-11,7.050000
1991-03-12,7.070000
1991-03-13,7.000000
1991-03-14,6.950000
1991-03-15,7.010000
1991-03-18,7.090000
1991-03-19,7.220000
1991-03-20,7.200000
1991-03-21,7.130000
1991-03-22,7.130000
1991-03-25,7.140000
1991-03-26,7.160000
1991-03-27,7.070000
1991-03-28,7.020000
1991-04-01,7.010000
1991-04-02,6.970000
1991-04-03,6.990000
1991-04-04,6.940000
1991-04-05,6.920000
1991-04-08,6.910000
1991-04-09,6.940000
1991-04-10,7.020000
1991-04-11,6.950000
1991-04-12,6.880000
1991-04-15,6.900000
1991-04-16,6.920000
1991-04-17,6.900000
1991-04-18,6.990000
1991-04-19,7.030000
1991-04-22,7.070000
1991-04-23,7.050000
1991-04-24,6.950000
1991-04-25,6.930000
1991-04-26,6.890000
1991-04-29,6.900000
1991-04-30,6.800000
1991-05-01,6.800000
1991-05-02,6.760000
1991-05-03,6.800000
1991-05-06,6.820000
1991-05-07,6.820000
1991-05-08,6.840000
1991-05-09,6.840000
1991-05-10,6.870000
1991-05-13,6.840000
1991-05-14,6.860000
1991-05-15,6.840000
1991-05-16,6.840000
1991-05-17,6.860000
1991-05-20,6.860000
1991-05-21,6.840000
1991-05-22,6.770000
1991-05-23,6.740000
1991-05-24,6.690000
1991-05-28,6.660000
1991-05-29,6.610000
1991-05-30,6.600000
1991-05-31,6.680000
1991-06-03,6.790000
1991-06-04,6.790000
1991-06-05,6.830000
1991-06-06,6.860000
1991-06-07,6.980000
1991-06-10,7.010000
1991-06-11,6.990000
1991-06-12,7.080000
1991-06-13,7.080000
1991-06-14,7.020000
1991-06-17,7.020000
1991-06-18,7.000000
1991-06-19,6.950000
1991-06-20,6.870000
1991-06-21,6.940000
1991-06-24,6.960000
1991-06-25,7.040000
1991-06-26,7.010000
1991-06-27,7.000000
1991-06-28,6.900000
1991-07-01,6.970000
1991-07-02,7.000000
1991-07-03,6.970000
1991-07-05,7.040000
1991-07-08,7.000000
1991-07-09,7.000000
1991-07-10,6.970000
1991-07-11,6.920000
1991-07-12,6.880000
1991-07-15,6.880000
1991-07-16,6.900000
1991-07-17,6.940000
1991-07-18,6.910000
1991-07-19,6.890000
1991-07-22,6.910000
1991-07-23,6.940000
1991-07-24,6.880000
1991-07-25,6.870000
1991-07-26,6.850000
1991-07-29,6.820000
1991-07-30,6.840000
1991-07-31,6.810000
1991-08-01,6.840000
1991-08-02,6.690000
1991-08-05,6.690000
1991-08-06,6.570000
1991-08-07,6.540000
1991-08-08,6.520000
1991-08-09,6.490000
1991-08-12,6.490000
1991-08-13,6.480000
1991-08-14,6.370000
1991-08-15,6.330000
1991-08-16,6.310000
1991-08-19,6.240000
1991-08-20,6.170000
1991-08-21,6.270000
1991-08-22,6.270000
1991-08-23,6.460000
1991-08-26,6.480000
1991-08-27,6.410000
1991-08-28,6.300000
1991-08-29,6.250000
1991-08-30,6.360000
1991-09-03,6.330000
1991-09-04,6.310000
1991-09-05,6.310000
1991-09-06,6.260000
1991-09-09,6.230000
1991-09-10,6.210000
1991-09-11,6.230000
1991-09-12,6.200000
1991-09-13,6.180000
1991-09-16,6.170000
1991-09-17,6.180000
1991-09-18,6.180000
1991-09-19,6.200000
1991-09-20,6.180000
1991-09-23,6.170000
1991-09-24,6.110000
1991-09-25,6.120000
1991-09-26,6.050000
1991-09-27,6.020000
1991-09-30,5.990000
1991-10-01,5.990000
1991-10-02,5.990000
1991-10-03,5.980000
1991-10-04,5.910000
1991-10-07,5.930000
1991-10-08,5.890000
1991-10-09,5.930000
1991-10-10,5.980000
1991-10-11,5.910000
1991-10-15,5.850000
1991-10-16,5.860000
1991-10-17,5.930000
1991-10-18,5.950000
1991-10-21,5.990000
1991-10-22,6.020000
1991-10-23,6.010000
1991-10-24,5.930000
1991-10-25,5.930000
1991-10-28,5.880000
1991-10-29,5.780000
1991-10-30,5.730000
1991-10-31,5.700000
1991-11-01,5.650000
1991-11-04,5.630000
1991-11-05,5.700000
1991-11-06,5.630000
1991-11-07,5.620000
1991-11-08,5.630000
1991-11-12,5.650000
1991-11-13,5.650000
1991-11-14,5.600000
1991-11-15,5.540000
1991-11-18,5.550000
1991-11-19,5.500000
1991-11-20,5.520000
1991-11-21,5.500000
1991-11-22,5.490000
1991-11-25,5.500000
1991-11-26,5.450000
1991-11-27,5.430000
1991-11-29,5.380000
1991-12-02,5.330000
1991-12-03,5.290000
1991-12-04,5.220000
1991-12-05,5.220000
1991-12-06,5.190000
1991-12-09,5.090000
1991-12-10,5.070000
1991-12-11,5.040000
1991-12-12,5.060000
1991-12-13,5.090000
1991-12-16,5.060000
1991-12-17,5.020000
1991-12-18,5.110000
1991-12-19,5.050000
1991-12-20,4.800000
1991-12-23,4.790000
1991-12-24,4.840000
1991-12-26,4.850000
1991-12-27,4.850000
1991-12-30,4.800000
1991-12-31,4.770000
1992-01-02,4.770000
1992-01-03,4.800000
1992-01-06,4.760000
1992-01-07,4.670000
1992-01-08,4.660000
1992-01-09,4.770000
1992-01-10,4.850000
1992-01-13,4.930000
1992-01-14,5.000000
1992-01-15,5.070000
1992-01-16,5.070000
1992-01-17,5.020000
1992-01-21,4.970000
1992-01-22,4.950000
1992-01-23,5.020000
1992-01-24,5.130000
1992-01-27,5.150000
1992-01-28,5.100000
1992-01-29,5.150000
1992-01-30,5.170000
1992-01-31,5.110000
1992-02-03,5.150000
1992-02-04,5.120000
1992-02-05,5.070000
1992-02-06,5.050000
1992-02-07,4.970000
1992-02-10,4.940000
1992-02-11,5.010000
1992-02-12,5.080000
1992-02-13,5.220000
1992-02-14,5.270000
1992-02-18,5.240000
1992-02-19,5.280000
1992-02-20,5.300000
1992-02-21,5.460000
1992-02-24,5.460000
1992-02-25,5.430000
1992-02-26,5.370000
1992-02-27,5.340000
1992-02-28,5.270000
1992-03-02,5.450000
1992-03-03,5.480000
1992-03-04,5.500000
1992-03-05,5.620000
1992-03-06,5.600000
1992-03-09,5.540000
1992-03-10,5.560000
1992-03-11,5.580000
1992-03-12,5.740000
1992-03-13,5.860000
1992-03-16,5.870000
1992-03-17,5.830000
1992-03-18,5.840000
1992-03-19,5.790000
1992-03-20,5.860000
1992-03-23,5.870000
1992-03-24,5.780000
1992-03-25,5.720000
1992-03-26,5.690000
1992-03-27,5.680000
1992-03-30,5.610000
1992-03-31,5.600000
1992-04-01,5.530000
1992-04-02,5.550000
1992-04-03,5.370000
1992-04-06,5.360000
1992-04-07,5.340000
1992-04-08,5.330000
1992-04-09,5.090000
1992-04-10,5.160000
1992-04-13,5.110000
1992-04-14,5.150000
1992-04-15,5.220000
1992-04-16,5.340000
1992-04-20,5.450000
1992-04-21,5.410000
1992-04-22,5.410000
1992-04-23,5.410000
1992-04-24,5.330000
1992-04-27,5.420000
1992-04-28,5.400000
1992-04-29,5.390000
1992-04-30,5.460000
1992-05-01,5.330000
1992-05-04,5.320000
1992-05-05,5.300000
1992-05-06,5.250000
1992-05-07,5.340000
1992-05-08,5.290000
1992-05-11,5.240000
1992-05-12,5.190000
1992-05-13,5.140000
1992-05-14,5.130000
1992-05-15,5.110000
1992-05-18,5.120000
1992-05-19,5.000000
1992-05-20,5.130000
1992-05-21,5.340000
1992-05-22,5.240000
1992-05-26,5.350000
1992-05-27,5.280000
1992-05-28,5.220000
1992-05-29,5.190000
1992-06-01,5.290000
1992-06-02,5.230000
1992-06-03,5.200000
1992-06-04,5.220000
1992-06-05,5.130000
1992-06-08,5.110000
1992-06-09,5.110000
1992-06-10,5.130000
1992-06-11,5.090000
1992-06-12,5.060000
1992-06-15,5.050000
1992-06-16,5.020000
1992-06-17,5.000000
1992-06-18,4.940000
1992-06-19,5.000000
1992-06-22,4.990000
1992-06-23,5.100000
1992-06-24,4.960000
1992-06-25,4.890000
1992-06-26,4.880000
1992-06-29,4.830000
1992-06-30,4.830000
1992-07-01,4.820000
1992-07-02,4.550000
1992-07-06,4.460000
1992-07-07,4.400000
1992-07-08,4.400000
1992-07-09,4.400000
1992-07-10,4.380000
1992-07-13,4.400000
1992-07-14,4.320000
1992-07-15,4.250000
1992-07-16,4.250000
1992-07-17,4.270000
1992-07-20,4.300000
1992-07-21,4.340000
1992-07-22,4.290000
1992-07-23,4.200000
1992-07-24,4.250000
1992-07-27,4.270000
1992-07-28,4.270000
1992-07-29,4.250000
1992-07-30,4.330000
1992-07-31,4.420000
1992-08-03,4.400000
1992-08-04,4.310000
1992-08-05,4.290000
1992-08-06,4.290000
1992-08-07,4.180000
1992-08-10,4.120000
1992-08-11,4.150000
1992-08-12,4.190000
1992-08-13,4.190000
1992-08-14,4.140000
1992-08-17,4.130000
1992-08-18,4.040000
1992-08-19,4.060000
1992-08-20,4.040000
1992-08-21,4.130000
1992-08-24,4.270000
1992-08-25,4.320000
1992-08-26,4.260000
1992-08-27,4.230000
1992-08-28,4.160000
1992-08-31,4.150000
1992-09-01,4.120000
1992-09-02,4.100000
1992-09-03,4.090000
1992-09-04,3.890000
1992-09-08,3.830000
1992-09-09,3.850000
1992-09-10,3.830000
1992-09-11,3.870000
1992-09-14,3.800000
1992-09-15,3.890000
1992-09-16,3.870000
1992-09-17,3.860000
1992-09-18,3.860000
1992-09-21,3.910000
1992-09-22,3.980000
1992-09-23,3.970000
1992-09-24,3.910000
1992-09-25,3.780000
1992-09-28,3.770000
1992-09-29,3.800000
1992-09-30,3.800000
1992-10-01,3.670000
1992-10-02,3.710000
1992-10-05,3.680000
1992-10-06,3.740000
1992-10-07,3.880000
1992-10-08,3.830000
1992-10-09,4.000000
1992-10-13,3.990000
1992-10-14,4.020000
1992-10-15,4.020000
1992-10-16,4.040000
1992-10-19,4.150000
1992-10-20,4.340000
1992-10-21,4.290000
1992-10-22,4.240000
1992-10-23,4.370000
1992-10-26,4.390000
1992-10-27,4.320000
1992-10-28,4.330000
1992-10-29,4.330000
1992-10-30,4.400000
1992-11-02,4.470000
1992-11-03,4.440000
1992-11-04,4.440000
1992-11-05,4.390000
1992-11-06,4.480000
1992-11-09,4.570000
1992-11-10,4.500000
1992-11-12,4.440000
1992-11-13,4.540000
1992-11-16,4.680000
1992-11-17,4.670000
1992-11-18,4.580000
1992-11-19,4.590000
1992-11-20,4.660000
1992-11-23,4.690000
1992-11-24,4.610000
1992-11-25,4.700000
1992-11-27,4.770000
1992-11-30,4.790000
1992-12-01,4.810000
1992-12-02,4.810000
1992-12-03,4.780000
1992-12-04,4.700000
1992-12-07,4.620000
1992-12-08,4.590000
1992-12-09,4.610000
1992-12-10,4.670000
1992-12-11,4.780000
1992-12-14,4.800000
1992-12-15,4.770000
1992-12-16,4.670000
1992-12-17,4.690000
1992-12-18,4.660000
1992-12-21,4.640000
1992-12-22,4.640000
1992-12-23,4.630000
1992-12-24,4.600000
1992-12-28,4.640000
1992-12-29,4.610000
1992-12-30,4.540000
1992-12-31,4.560000
1993-01-04,4.480000
1993-01-05,4.480000
1993-01-06,4.520000
1993-01-07,4.640000
1993-01-08,4.500000
1993-01-11,4.480000
1993-01-12,4.480000
1993-01-13,4.460000
1993-01-14,4.400000
1993-01-15,4.310000
1993-01-19,4.390000
1993-01-20,4.410000
1993-01-21,4.360000
1993-01-22,4.300000
1993-01-25,4.260000
1993-01-26,4.300000
1993-01-27,4.240000
1993-01-28,4.200000
1993-01-29,4.200000
1993-02-01,4.190000
1993-02-02,4.250000
1993-02-03,4.270000
1993-02-04,4.190000
1993-02-05,4.070000
1993-02-08,4.160000
1993-02-09,4.200000
1993-02-10,4.270000
1993-02-11,4.200000
1993-02-12,4.200000
1993-02-16,4.140000
1993-02-17,4.060000
1993-02-18,3.950000
1993-02-19,3.990000
1993-02-22,3.990000
1993-02-23,3.900000
1993-02-24,3.970000
1993-02-25,3.950000
1993-02-26,3.920000
1993-03-01,3.880000
1993-03-02,3.880000
1993-03-03,3.810000
1993-03-04,3.750000
1993-03-05,3.910000
1993-03-08,3.970000
1993-03-09,4.020000
1993-03-10,4.050000
1993-03-11,4.010000
1993-03-12,4.110000
1993-03-15,4.100000
1993-03-16,4.020000
1993-03-17,3.980000
1993-03-18,3.910000
1993-03-19,3.950000
1993-03-22,3.920000
1993-03-23,3.880000
1993-03-24,3.930000
1993-03-25,3.920000
1993-03-26,4.020000
1993-03-29,3.950000
1993-03-30,3.910000
1993-03-31,3.960000
1993-04-01,3.940000
1993-04-02,3.990000
1993-04-05,3.960000
1993-04-06,3.930000
1993-04-07,3.930000
1993-04-08,3.850000
1993-04-12,3.820000
1993-04-13,3.820000
1993-04-14,3.780000
1993-04-15,3.790000
1993-04-16,3.800000
1993-04-19,3.780000
1993-04-20,3.780000
1993-04-21,3.770000
1993-04-22,3.750000
1993-04-23,3.750000
1993-04-26,3.790000
1993-04-27,3.880000
1993-04-28,3.860000
1993-04-29,3.790000
1993-04-30,3.830000
1993-05-03,3.750000
1993-05-04,3.750000
1993-05-05,3.800000
1993-05-06,3.800000
1993-05-07,3.790000
1993-05-10,3.790000
1993-05-11,3.790000
1993-05-12,3.820000
1993-05-13,3.910000
1993-05-14,3.970000
1993-05-17,4.050000
1993-05-18,4.080000
1993-05-19,4.030000
1993-05-20,4.030000
1993-05-21,4.140000
1993-05-24,4.190000
1993-05-25,4.190000
1993-05-26,4.200000
1993-05-27,4.220000
1993-05-28,4.240000
1993-06-01,4.160000
1993-06-02,4.180000
1993-06-03,4.140000
1993-06-04,4.310000
1993-06-07,4.300000
1993-06-08,4.330000
1993-06-09,4.290000
1993-06-10,4.290000
1993-06-11,4.150000
1993-06-14,4.130000
1993-06-15,4.110000
1993-06-16,4.090000
1993-06-17,4.080000
1993-06-18,4.160000
1993-06-21,4.160000
1993-06-22,4.150000
1993-06-23,4.200000
1993-06-24,4.150000
1993-06-25,4.100000
1993-06-28,4.060000
1993-06-29,4.030000
1993-06-30,4.030000
1993-07-01,3.990000
1993-07-02,3.930000
1993-07-06,4.000000
1993-07-07,4.000000
1993-07-08,4.000000
1993-07-09,3.980000
1993-07-12,3.990000
1993-07-13,4.040000
1993-07-14,3.970000
1993-07-15,3.990000
1993-07-16,3.990000
1993-07-19,3.990000
1993-07-20,4.090000
1993-07-21,4.150000
1993-07-22,4.220000
1993-07-23,4.250000
1993-07-26,4.220000
1993-07-27,4.250000
1993-07-28,4.210000
1993-07-29,4.120000
1993-07-30,4.130000
1993-08-02,4.190000
1993-08-03,4.170000
1993-08-04,4.160000
1993-08-05,4.120000
1993-08-06,4.090000
1993-08-09,4.060000
1993-08-10,4.100000
1993-08-11,4.100000
1993-08-12,4.060000
1993-08-13,4.000000
1993-08-16,3.980000
1993-08-17,4.020000
1993-08-18,3.980000
1993-08-19,3.930000
1993-08-20,3.930000
1993-08-23,3.970000
1993-08-24,3.890000
1993-08-25,3.850000
1993-08-26,3.820000
1993-08-27,3.870000
1993-08-30,3.860000
1993-08-31,3.880000
1993-09-01,3.880000
1993-09-02,3.830000
1993-09-03,3.710000
1993-09-07,3.700000
1993-09-08,3.780000
1993-09-09,3.880000
1993-09-10,3.800000
1993-09-13,3.820000
1993-09-14,3.910000
1993-09-15,3.890000
1993-09-16,3.880000
1993-09-17,3.890000
1993-09-20,3.920000
1993-09-21,3.900000
1993-09-22,3.900000
1993-09-23,3.870000
1993-09-24,3.900000
1993-09-27,3.810000
1993-09-28,3.790000
1993-09-29,3.840000
1993-09-30,3.890000
1993-10-01,3.840000
1993-10-04,3.850000
1993-10-05,3.860000
1993-10-06,3.850000
1993-10-07,3.830000
1993-10-08,3.780000
1993-10-12,3.820000
1993-10-13,3.840000
1993-10-14,3.820000
1993-10-15,3.810000
1993-10-18,3.840000
1993-10-19,3.860000
1993-10-20,3.860000
1993-10-21,3.890000
1993-10-22,3.910000
1993-10-25,3.950000
1993-10-26,3.930000
1993-10-27,3.990000
1993-10-28,3.970000
1993-10-29,3.990000
1993-11-01,4.110000
1993-11-02,4.160000
1993-11-03,4.130000
1993-11-04,4.130000
1993-11-05,4.200000
1993-11-08,4.130000
1993-11-09,4.120000
1993-11-10,4.170000
1993-11-12,4.110000
1993-11-15,4.110000
1993-11-16,4.100000
1993-11-17,4.090000
1993-11-18,4.150000
1993-11-19,4.220000
1993-11-22,4.260000
1993-11-23,4.190000
1993-11-24,4.180000
1993-11-26,4.160000
1993-11-29,4.170000
1993-11-30,4.220000
1993-12-01,4.200000
1993-12-02,4.220000
1993-12-03,4.240000
1993-12-06,4.190000
1993-12-07,4.170000
1993-12-08,4.180000
1993-12-09,4.180000
1993-12-10,4.210000
1993-12-13,4.230000
1993-12-14,4.250000
1993-12-15,4.220000
1993-12-16,4.230000
1993-12-17,4.200000
1993-12-20,4.220000
1993-12-21,4.260000
1993-12-22,4.190000
1993-12-23,4.180000
1993-12-27,4.200000
1993-12-28,4.200000
1993-12-29,4.200000
1993-12-30,4.250000
1993-12-31,4.250000
1994-01-03,4.300000
1994-01-04,4.290000
1994-01-05,4.310000
1994-01-06,4.240000
1994-01-07,4.090000
1994-01-10,4.080000
1994-01-11,4.080000
1994-01-12,4.050000
1994-01-13,4.130000
1994-01-14,4.170000
1994-01-18,4.140000
1994-01-19,4.120000
1994-01-20,4.070000
1994-01-21,4.090000
1994-01-24,4.090000
1994-01-25,4.110000
1994-01-26,4.130000
1994-01-27,4.110000
1994-01-28,4.080000
1994-01-31,4.120000
1994-02-01,4.200000
1994-02-02,4.200000
1994-02-03,4.280000
1994-02-04,4.420000
1994-02-07,4.410000
1994-02-08,4.440000
1994-02-09,4.430000
1994-02-10,4.450000
1994-02-11,4.440000
1994-02-14,4.440000
1994-02-15,4.440000
1994-02-16,4.440000
1994-02-17,4.500000
1994-02-18,4.570000
1994-02-22,4.570000
1994-02-23,4.670000
1994-02-24,4.720000
1994-02-25,4.720000
1994-02-28,4.670000
1994-03-01,4.810000
1994-03-02,4.790000
1994-03-03,4.830000
1994-03-04,4.880000
1994-03-07,4.870000
1994-03-08,4.920000
1994-03-09,4.960000
1994-03-10,4.960000
1994-03-11,4.950000
1994-03-14,4.990000
1994-03-15,4.990000
1994-03-16,4.960000
1994-03-17,4.940000
1994-03-18,5.030000
1994-03-21,5.090000
1994-03-22,5.030000
1994-03-23,5.000000
1994-03-24,5.080000
1994-03-25,5.100000
1994-03-28,5.120000
1994-03-29,5.190000
1994-03-30,5.190000
1994-03-31,5.210000
1994-04-04,5.570000
1994-04-05,5.450000
1994-04-06,5.400000
1994-04-07,5.370000
1994-04-08,5.430000
1994-04-11,5.430000
1994-04-12,5.400000
1994-04-13,5.430000
1994-04-14,5.490000
1994-04-15,5.510000
1994-04-18,5.700000
1994-04-19,5.700000
1994-04-20,5.670000
1994-04-21,5.590000
1994-04-22,5.620000
1994-04-25,5.610000
1994-04-26,5.590000
1994-04-28,5.750000
1994-04-29,5.730000
1994-05-02,5.810000
1994-05-03,5.860000
1994-05-04,5.890000
1994-05-05,5.880000
1994-05-06,6.120000
1994-05-09,6.260000
1994-05-10,6.130000
1994-05-11,6.200000
1994-05-12,6.130000
1994-05-13,6.050000
1994-05-16,6.030000
1994-05-17,5.880000
1994-05-18,5.830000
1994-05-19,5.730000
1994-05-20,5.800000
1994-05-23,5.940000
1994-05-24,5.940000
1994-05-25,5.950000
1994-05-26,5.920000
1994-05-27,5.970000
1994-05-31,6.010000
1994-06-01,5.980000
1994-06-02,5.930000
1994-06-03,5.840000
1994-06-06,5.780000
1994-06-07,5.800000
1994-06-08,5.780000
1994-06-09,5.800000
1994-06-10,5.850000
1994-06-13,5.910000
1994-06-14,5.810000
1994-06-15,5.880000
1994-06-16,5.830000
1994-06-17,5.880000
1994-06-20,5.920000
1994-06-21,6.040000
1994-06-22,5.970000
1994-06-23,5.940000
1994-06-24,6.060000
1994-06-27,6.050000
1994-06-28,6.130000
1994-06-29,6.120000
1994-06-30,6.190000
1994-07-01,6.190000
1994-07-05,6.140000
1994-07-06,6.110000
1994-07-07,6.110000
1994-07-08,6.250000
1994-07-11,6.290000
1994-07-12,6.240000
1994-07-13,6.220000
1994-07-14,6.050000
1994-07-15,6.040000
1994-07-18,5.990000
1994-07-19,5.940000
1994-07-20,6.060000
1994-07-21,6.110000
1994-07-22,6.150000
1994-07-25,6.130000
1994-07-26,6.160000
1994-07-27,6.220000
1994-07-28,6.210000
1994-07-29,5.990000
1994-08-01,6.030000
1994-08-02,5.980000
1994-08-03,5.960000
1994-08-04,5.980000
1994-08-05,6.180000
1994-08-08,6.220000
1994-08-09,6.260000
1994-08-10,6.210000
1994-08-11,6.260000
1994-08-12,6.220000
1994-08-15,6.260000
1994-08-16,6.210000
1994-08-17,6.140000
1994-08-18,6.230000
1994-08-19,6.230000
1994-08-22,6.270000
1994-08-23,6.260000
1994-08-24,6.180000
1994-08-25,6.240000
1994-08-26,6.210000
1994-08-29,6.200000
1994-08-30,6.180000
1994-08-31,6.170000
1994-09-01,6.150000
1994-09-02,6.170000
1994-09-06,6.220000
1994-09-07,6.220000
1994-09-08,6.220000
1994-09-09,6.350000
1994-09-12,6.370000
1994-09-13,6.350000
1994-09-14,6.330000
1994-09-15,6.280000
1994-09-16,6.420000
1994-09-19,6.390000
1994-09-20,6.440000
1994-09-21,6.520000
1994-09-22,6.500000
1994-09-23,6.520000
1994-09-26,6.540000
1994-09-27,6.520000
1994-09-28,6.510000
1994-09-29,6.600000
1994-09-30,6.620000
1994-10-03,6.690000
1994-10-04,6.680000
1994-10-05,6.730000
1994-10-06,6.710000
1994-10-07,6.650000
1994-10-11,6.630000
1994-10-12,6.670000
1994-10-13,6.630000
1994-10-14,6.570000
1994-10-17,6.610000
1994-10-18,6.610000
1994-10-19,6.660000
1994-10-20,6.770000
1994-10-21,6.800000
1994-10-24,6.840000
1994-10-25,6.870000
1994-10-26,6.900000
1994-10-27,6.890000
1994-10-28,6.820000
1994-10-31,6.840000
1994-11-01,6.930000
1994-11-02,6.960000
1994-11-03,6.980000
1994-11-04,7.050000
1994-11-07,7.060000
1994-11-08,7.020000
1994-11-09,7.010000
1994-11-10,7.060000
1994-11-14,7.060000
1994-11-15,7.100000
1994-11-16,7.150000
1994-11-17,7.210000
1994-11-18,7.230000
1994-11-21,7.300000
1994-11-22,7.290000
1994-11-23,7.180000
1994-11-25,7.190000
1994-11-28,7.350000
1994-11-29,7.440000
1994-11-30,7.400000
1994-12-01,7.420000
1994-12-02,7.440000
1994-12-05,7.580000
1994-12-06,7.440000
1994-12-07,7.480000
1994-12-08,7.510000
1994-12-09,7.530000
1994-12-12,7.620000
1994-12-13,7.710000
1994-12-14,7.590000
1994-12-15,7.540000
1994-12-16,7.590000
1994-12-19,7.590000
1994-12-20,7.560000
1994-12-21,7.580000
1994-12-22,7.700000
1994-12-23,7.740000
1994-12-27,7.670000
1994-12-28,7.710000
1994-12-29,7.690000
1994-12-30,7.690000
1995-01-03,7.730000
1995-01-04,7.620000
1995-01-05,7.660000
1995-01-06,7.640000
1995-01-09,7.680000
1995-01-10,7.630000
1995-01-11,7.580000
1995-01-12,7.560000
1995-01-13,7.390000
1995-01-17,7.440000
1995-01-18,7.480000
1995-01-19,7.490000
1995-01-20,7.500000
1995-01-23,7.500000
1995-01-24,7.570000
1995-01-25,7.500000
1995-01-26,7.390000
1995-01-27,7.290000
1995-01-30,7.230000
1995-01-31,7.260000
1995-02-01,7.330000
1995-02-02,7.400000
1995-02-03,7.140000
1995-02-06,7.180000
1995-02-07,7.190000
1995-02-08,7.180000
1995-02-09,7.230000
1995-02-10,7.330000
1995-02-13,7.320000
1995-02-14,7.210000
1995-02-15,7.120000
1995-02-16,7.020000
1995-02-17,7.070000
1995-02-21,7.090000
1995-02-22,6.920000
1995-02-23,6.920000
1995-02-24,6.890000
1995-02-27,6.790000
1995-02-28,6.790000
1995-03-01,6.810000
1995-03-02,6.880000
1995-03-03,6.890000
1995-03-06,6.960000
1995-03-07,7.000000
1995-03-08,6.930000
1995-03-09,6.830000
1995-03-10,6.830000
1995-03-13,6.760000
1995-03-14,6.690000
1995-03-15,6.710000
1995-03-16,6.680000
1995-03-17,6.690000
1995-03-20,6.690000
1995-03-21,6.710000
1995-03-22,6.750000
1995-03-23,6.750000
1995-03-24,6.640000
1995-03-27,6.620000
1995-03-28,6.730000
1995-03-29,6.730000
1995-03-30,6.760000
1995-03-31,6.800000
1995-04-03,6.750000
1995-04-04,6.710000
1995-04-05,6.700000
1995-04-06,6.660000
1995-04-07,6.650000
1995-04-10,6.660000
1995-04-11,6.650000
1995-04-12,6.610000
1995-04-13,6.510000
1995-04-17,6.480000
1995-04-18,6.440000
1995-04-19,6.510000
1995-04-20,6.430000
1995-04-21,6.440000
1995-04-24,6.460000
1995-04-25,6.480000
1995-04-26,6.500000
1995-04-27,6.550000
1995-04-28,6.600000
1995-05-01,6.620000
1995-05-02,6.550000
1995-05-03,6.470000
1995-05-04,6.350000
1995-05-05,6.160000
1995-05-08,6.180000
1995-05-09,6.080000
1995-05-10,6.110000
1995-05-11,6.200000
1995-05-12,6.200000
1995-05-15,6.160000
1995-05-16,6.110000
1995-05-17,6.110000
1995-05-18,6.180000
1995-05-19,6.190000
1995-05-22,6.190000
1995-05-23,6.150000
1995-05-24,6.010000
1995-05-25,5.990000
1995-05-26,5.970000
1995-05-30,5.890000
1995-05-31,5.890000
1995-06-01,5.710000
1995-06-02,5.540000
1995-06-05,5.540000
1995-06-06,5.570000
1995-06-07,5.740000
1995-06-08,5.820000
1995-06-09,6.010000
1995-06-12,5.960000
1995-06-13,5.630000
1995-06-14,5.670000
1995-06-15,5.730000
1995-06-16,5.770000
1995-06-19,5.650000
1995-06-20,5.720000
1995-06-21,5.680000
1995-06-22,5.610000
1995-06-23,5.640000
1995-06-26,5.710000
1995-06-27,5.700000
1995-06-28,5.670000
1995-06-29,5.890000
1995-06-30,5.790000
1995-07-03,5.790000
1995-07-05,5.780000
1995-07-06,5.560000
1995-07-07,5.540000
1995-07-10,5.560000
1995-07-11,5.590000
1995-07-12,5.590000
1995-07-13,5.610000
1995-07-14,5.700000
1995-07-17,5.770000
1995-07-18,5.770000
1995-07-19,5.890000
1995-07-20,5.910000
1995-07-21,5.950000
1995-07-24,5.970000
1995-07-25,5.940000
1995-07-26,5.970000
1995-07-27,5.910000
1995-07-28,5.920000
1995-07-31,5.880000
1995-08-01,5.940000
1995-08-02,5.860000
1995-08-03,5.940000
1995-08-04,5.910000
1995-08-07,5.900000
1995-08-08,5.900000
1995-08-09,5.930000
1995-08-10,5.950000
1995-08-11,6.050000
1995-08-14,6.050000
1995-08-15,6.110000
1995-08-16,6.070000
1995-08-17,6.120000
1995-08-18,6.130000
1995-08-21,6.080000
1995-08-22,6.100000
1995-08-23,6.110000
1995-08-24,6.000000
1995-08-25,5.900000
1995-08-28,5.850000
1995-08-29,5.930000
1995-08-30,5.880000
1995-08-31,5.850000
1995-09-01,5.780000
1995-09-05,5.770000
1995-09-06,5.760000
1995-09-07,5.800000
1995-09-08,5.850000
1995-09-11,5.830000
1995-09-12,5.770000
1995-09-13,5.800000
1995-09-14,5.680000
1995-09-15,5.710000
1995-09-18,5.770000
1995-09-19,5.750000
1995-09-20,5.730000
1995-09-21,5.830000
1995-09-22,5.850000
1995-09-25,5.890000
1995-09-26,5.880000
1995-09-27,5.920000
1995-09-28,5.920000
1995-09-29,5.830000
1995-10-02,5.820000
1995-10-03,5.800000
1995-10-04,5.750000
1995-10-05,5.720000
1995-10-06,5.730000
1995-10-10,5.740000
1995-10-11,5.750000
1995-10-12,5.720000
1995-10-13,5.670000
1995-10-16,5.670000
1995-10-17,5.650000
1995-10-18,5.670000
1995-10-19,5.670000
1995-10-20,5.720000
1995-10-23,5.760000
1995-10-24,5.680000
1995-10-25,5.640000
1995-10-26,5.610000
1995-10-27,5.640000
1995-10-30,5.620000
1995-10-31,5.610000
1995-11-01,5.520000
1995-11-02,5.460000
1995-11-03,5.490000
1995-11-06,5.510000
1995-11-07,5.540000
1995-11-08,5.470000
1995-11-09,5.490000
1995-11-10,5.520000
1995-11-13,5.490000
1995-11-14,5.470000
1995-11-15,5.530000
1995-11-16,5.460000
1995-11-17,5.460000
1995-11-20,5.460000
1995-11-21,5.490000
1995-11-22,5.510000
1995-11-24,5.490000
1995-11-27,5.460000
1995-11-28,5.450000
1995-11-29,5.420000
1995-11-30,5.360000
1995-12-01,5.320000
1995-12-04,5.270000
1995-12-05,5.290000
1995-12-06,5.320000
1995-12-07,5.390000
1995-12-08,5.390000
1995-12-11,5.380000
1995-12-12,5.390000
1995-12-13,5.390000
1995-12-14,5.380000
1995-12-15,5.360000
1995-12-18,5.430000
1995-12-19,5.360000
1995-12-20,5.330000
1995-12-21,5.330000
1995-12-22,5.280000
1995-12-26,5.270000
1995-12-27,5.230000
1995-12-28,5.200000
1995-12-29,5.180000
1996-01-02,5.180000
1996-01-03,5.170000
1996-01-04,5.170000
1996-01-05,5.200000
1996-01-08,5.200000
1996-01-09,5.180000
1996-01-10,5.220000
1996-01-11,5.220000
1996-01-12,5.170000
1996-01-16,5.080000
1996-01-17,5.050000
1996-01-18,5.010000
1996-01-19,5.030000
1996-01-22,5.080000
1996-01-23,5.090000
1996-01-24,5.070000
1996-01-25,5.110000
1996-01-26,5.080000
1996-01-29,5.100000
1996-01-30,5.020000
1996-01-31,4.930000
1996-02-01,4.930000
1996-02-02,4.900000
1996-02-05,4.950000
1996-02-06,4.930000
1996-02-07,4.920000
1996-02-08,4.900000
1996-02-09,4.850000
1996-02-12,4.830000
1996-02-13,4.800000
1996-02-14,4.820000
1996-02-15,4.870000
1996-02-16,4.900000
1996-02-20,5.180000
1996-02-21,5.160000
1996-02-22,5.110000
1996-02-23,5.130000
1996-02-26,5.180000
1996-02-27,5.280000
1996-02-28,5.430000
1996-02-29,5.440000
1996-03-01,5.260000
1996-03-04,5.210000
1996-03-05,5.280000
1996-03-06,5.360000
1996-03-07,5.400000
1996-03-08,5.730000
1996-03-11,5.710000
1996-03-12,5.780000
1996-03-13,5.730000
1996-03-14,5.700000
1996-03-15,5.870000
1996-03-18,5.890000
1996-03-19,5.850000
1996-03-20,5.760000
1996-03-21,5.720000
1996-03-22,5.740000
1996-03-25,5.690000
1996-03-26,5.720000
1996-03-27,5.810000
1996-03-28,5.880000
1996-03-29,5.790000
1996-04-01,5.790000
1996-04-02,5.740000
1996-04-03,5.770000
1996-04-04,5.830000
1996-04-05,6.090000
1996-04-08,6.110000
1996-04-09,6.060000
1996-04-10,6.100000
1996-04-11,6.120000
1996-04-12,5.960000
1996-04-15,5.930000
1996-04-16,5.910000
1996-04-17,5.960000
1996-04-18,6.020000
1996-04-19,5.950000
1996-04-22,5.920000
1996-04-23,5.930000
1996-04-24,5.950000
1996-04-25,5.990000
1996-04-26,5.920000
1996-04-29,5.980000
1996-04-30,6.030000
1996-05-01,6.030000
1996-05-02,6.160000
1996-05-03,6.200000
1996-05-06,6.150000
1996-05-07,6.200000
1996-05-08,6.150000
1996-05-09,6.140000
1996-05-10,6.040000
1996-05-13,6.060000
1996-05-14,6.010000
1996-05-15,6.010000
1996-05-16,6.080000
1996-05-17,6.040000
1996-05-20,6.020000
1996-05-21,6.030000
1996-05-22,6.030000
1996-05-23,6.050000
1996-05-24,6.030000
1996-05-28,6.050000
1996-05-29,6.160000
1996-05-30,6.180000
1996-05-31,6.270000
1996-06-03,6.260000
1996-06-04,6.240000
1996-06-05,6.240000
1996-06-06,6.160000
1996-06-07,6.400000
1996-06-10,6.400000
1996-06-11,6.370000
1996-06-12,6.390000
1996-06-13,6.360000
1996-06-14,6.290000
1996-06-17,6.270000
1996-06-18,6.280000
1996-06-19,6.310000
1996-06-20,6.380000
1996-06-21,6.350000
1996-06-24,6.320000
1996-06-25,6.300000
1996-06-26,6.300000
1996-06-27,6.210000
1996-06-28,6.110000
1996-07-01,6.150000
1996-07-02,6.220000
1996-07-03,6.200000
1996-07-05,6.440000
1996-07-08,6.430000
1996-07-09,6.410000
1996-07-10,6.340000
1996-07-11,6.280000
1996-07-12,6.260000
1996-07-15,6.320000
1996-07-16,6.230000
1996-07-17,6.230000
1996-07-18,6.160000
1996-07-19,6.180000
1996-07-22,6.230000
1996-07-23,6.230000
1996-07-24,6.260000
1996-07-25,6.280000
1996-07-26,6.250000
1996-07-29,6.320000
1996-07-30,6.300000
1996-07-31,6.220000
1996-08-01,6.080000
1996-08-02,5.910000
1996-08-05,5.930000
1996-08-06,5.930000
1996-08-07,5.970000
1996-08-08,5.970000
1996-08-09,5.930000
1996-08-12,5.920000
1996-08-13,5.970000
1996-08-14,5.970000
1996-08-15,6.000000
1996-08-16,5.950000
1996-08-19,5.970000
1996-08-20,5.970000
1996-08-21,5.990000
1996-08-22,6.000000
1996-08-23,6.090000
1996-08-26,6.180000
1996-08-27,6.170000
1996-08-28,6.170000
1996-08-29,6.230000
1996-08-30,6.340000
1996-09-03,6.350000
1996-09-04,6.380000
1996-09-05,6.380000
1996-09-06,6.330000
1996-09-09,6.320000
1996-09-10,6.340000
1996-09-11,6.340000
1996-09-12,6.270000
1996-09-13,6.100000
1996-09-16,6.140000
1996-09-17,6.220000
1996-09-18,6.260000
1996-09-19,6.290000
1996-09-20,6.260000
1996-09-23,6.240000
1996-09-24,6.160000
1996-09-25,6.080000
1996-09-26,6.050000
1996-09-27,6.070000
1996-09-30,6.100000
1996-10-01,6.030000
1996-10-02,5.980000
1996-10-03,6.000000
1996-10-04,5.850000
1996-10-07,5.890000
1996-10-08,5.900000
1996-10-09,5.960000
1996-10-10,6.010000
1996-10-11,5.920000
1996-10-15,5.930000
1996-10-16,5.940000
1996-10-17,5.890000
1996-10-18,5.890000
1996-10-21,5.910000
1996-10-22,5.950000
1996-10-23,5.940000
1996-10-24,5.940000
1996-10-25,5.900000
1996-10-28,5.920000
1996-10-29,5.770000
1996-10-30,5.790000
1996-10-31,5.770000
1996-11-01,5.790000
1996-11-04,5.780000
1996-11-05,5.740000
1996-11-06,5.760000
1996-11-07,5.750000
1996-11-08,5.760000
1996-11-12,5.730000
1996-11-13,5.710000
1996-11-14,5.660000
1996-11-15,5.680000
1996-11-18,5.700000
1996-11-19,5.680000
1996-11-20,5.650000
1996-11-21,5.670000
1996-11-22,5.690000
1996-11-25,5.670000
1996-11-26,5.660000
1996-11-27,5.660000
1996-11-29,5.590000
1996-12-02,5.610000
1996-12-03,5.610000
1996-12-04,5.640000
1996-12-05,5.710000
1996-12-06,5.730000
1996-12-09,5.700000
1996-12-10,5.710000
1996-12-11,5.820000
1996-12-12,5.840000
1996-12-13,5.770000
1996-12-16,5.820000
1996-12-17,5.870000
1996-12-18,5.890000
1996-12-19,5.830000
1996-12-20,5.830000
1996-12-23,5.850000
1996-12-24,5.850000
1996-12-26,5.850000
1996-12-27,5.810000
1996-12-30,5.800000
1996-12-31,5.880000
1997-01-02,5.970000
1997-01-03,5.950000
1997-01-06,5.970000
1997-01-07,5.980000
1997-01-08,6.010000
1997-01-09,5.940000
1997-01-10,6.060000
1997-01-13,6.070000
1997-01-14,5.980000
1997-01-15,5.980000
1997-01-16,6.000000
1997-01-17,6.000000
1997-01-21,5.990000
1997-01-22,6.000000
1997-01-23,6.060000
1997-01-24,6.070000
1997-01-27,6.110000
1997-01-28,6.040000
1997-01-29,6.040000
1997-01-30,6.010000
1997-01-31,5.940000
1997-02-03,5.890000
1997-02-04,5.880000
1997-02-05,5.910000
1997-02-06,5.910000
1997-02-07,5.860000
1997-02-10,5.870000
1997-02-11,5.880000
1997-02-12,5.900000
1997-02-13,5.830000
1997-02-14,5.790000
1997-02-18,5.800000
1997-02-19,5.820000
1997-02-20,5.850000
1997-02-21,5.850000
1997-02-24,5.890000
1997-02-25,5.900000
1997-02-26,6.060000
1997-02-27,6.090000
1997-02-28,6.090000
1997-03-03,6.110000
1997-03-04,6.110000
1997-03-05,6.130000
1997-03-06,6.150000
1997-03-07,6.100000
1997-03-10,6.100000
1997-03-11,6.090000
1997-03-12,6.120000
1997-03-13,6.210000
1997-03-14,6.180000
1997-03-17,6.220000
1997-03-18,6.220000
1997-03-19,6.240000
1997-03-20,6.270000
1997-03-21,6.290000
1997-03-24,6.290000
1997-03-25,6.330000
1997-03-26,6.380000
1997-03-27,6.450000
1997-03-31,6.450000
1997-04-01,6.420000
1997-04-02,6.420000
1997-04-03,6.400000
1997-04-04,6.440000
1997-04-07,6.410000
1997-04-08,6.440000
1997-04-09,6.440000
1997-04-10,6.460000
1997-04-11,6.530000
1997-04-14,6.540000
1997-04-15,6.450000
1997-04-16,6.490000
1997-04-17,6.440000
1997-04-18,6.420000
1997-04-21,6.460000
1997-04-22,6.430000
1997-04-23,6.470000
1997-04-24,6.520000
1997-04-25,6.540000
1997-04-28,6.510000
1997-04-29,6.340000
1997-04-30,6.290000
1997-05-01,6.270000
1997-05-02,6.260000
1997-05-05,6.280000
1997-05-06,6.290000
1997-05-07,6.360000
1997-05-08,6.330000
1997-05-09,6.240000
1997-05-12,6.230000
1997-05-13,6.300000
1997-05-14,6.260000
1997-05-15,6.250000
1997-05-16,6.280000
1997-05-19,6.280000
1997-05-20,6.250000
1997-05-21,6.250000
1997-05-22,6.270000
1997-05-23,6.250000
1997-05-27,6.300000
1997-05-28,6.340000
1997-05-29,6.300000
1997-05-30,6.220000
1997-06-02,6.230000
1997-06-03,6.200000
1997-06-04,6.200000
1997-06-05,6.200000
1997-06-06,6.120000
1997-06-09,6.150000
1997-06-10,6.170000
1997-06-11,6.190000
1997-06-12,6.070000
1997-06-13,6.030000
1997-06-16,6.020000
1997-06-17,6.050000
1997-06-18,6.020000
1997-06-19,6.040000
1997-06-20,6.020000
1997-06-23,6.040000
1997-06-24,6.030000
1997-06-25,6.050000
1997-06-26,6.050000
1997-06-27,6.030000
1997-06-30,6.080000
1997-07-01,6.020000
1997-07-02,6.020000
1997-07-03,5.930000
1997-07-07,5.920000
1997-07-08,5.920000
1997-07-09,5.900000
1997-07-10,5.910000
1997-07-11,5.890000
1997-07-14,5.940000
1997-07-15,5.920000
1997-07-16,5.870000
1997-07-17,5.870000
1997-07-18,5.910000
1997-07-21,5.940000
1997-07-22,5.900000
1997-07-23,5.850000
1997-07-24,5.870000
1997-07-25,5.870000
1997-07-28,5.860000
1997-07-29,5.790000
1997-07-30,5.760000
1997-07-31,5.740000
1997-08-01,5.890000
1997-08-04,5.910000
1997-08-05,5.930000
1997-08-06,5.910000
1997-08-07,5.930000
1997-08-08,6.020000
1997-08-11,5.990000
1997-08-12,6.000000
1997-08-13,5.950000
1997-08-14,5.920000
1997-08-15,5.870000
1997-08-18,5.820000
1997-08-19,5.850000
1997-08-20,5.880000
1997-08-21,5.950000
1997-08-22,5.980000
1997-08-25,6.010000
1997-08-26,5.990000
1997-08-27,6.010000
1997-08-28,5.940000
1997-08-29,5.970000
1997-09-02,5.940000
1997-09-03,5.960000
1997-09-04,5.980000
1997-09-05,5.980000
1997-09-08,5.980000
1997-09-09,5.980000
1997-09-10,6.000000
1997-09-11,6.000000
1997-09-12,5.930000
1997-09-15,5.930000
1997-09-16,5.810000
1997-09-17,5.790000
1997-09-18,5.810000
1997-09-19,5.810000
1997-09-22,5.790000
1997-09-23,5.800000
1997-09-24,5.780000
1997-09-25,5.850000
1997-09-26,5.800000
1997-09-29,5.800000
1997-09-30,5.800000
1997-10-01,5.750000
1997-10-02,5.730000
1997-10-03,5.720000
1997-10-06,5.680000
1997-10-07,5.670000
1997-10-08,5.790000
1997-10-09,5.800000
1997-10-10,5.860000
1997-10-14,5.810000
1997-10-15,5.840000
1997-10-16,5.840000
1997-10-17,5.910000
1997-10-20,5.900000
1997-10-21,5.920000
1997-10-22,5.910000
1997-10-23,5.790000
1997-10-24,5.790000
1997-10-27,5.620000
1997-10-28,5.740000
1997-10-29,5.670000
1997-10-30,5.610000
1997-10-31,5.630000
1997-11-03,5.690000
1997-11-04,5.730000
1997-11-05,5.730000
1997-11-06,5.700000
1997-11-07,5.710000
1997-11-10,5.730000
1997-11-12,5.700000
1997-11-13,5.700000
1997-11-14,5.700000
1997-11-17,5.700000
1997-11-18,5.710000
1997-11-19,5.700000
1997-11-20,5.730000
1997-11-21,5.680000
1997-11-24,5.710000
1997-11-25,5.710000
1997-11-26,5.740000
1997-11-28,5.760000
1997-12-01,5.780000
1997-12-02,5.780000
1997-12-03,5.740000
1997-12-04,5.710000
1997-12-05,5.800000
1997-12-08,5.850000
1997-12-09,5.810000
1997-12-10,5.750000
1997-12-11,5.680000
1997-12-12,5.630000
1997-12-15,5.680000
1997-12-16,5.680000
1997-12-17,5.700000
1997-12-18,5.680000
1997-12-19,5.660000
1997-12-22,5.690000
1997-12-23,5.690000
1997-12-24,5.670000
1997-12-26,5.690000
1997-12-29,5.690000
1997-12-30,5.710000
1997-12-31,5.660000
1998-01-02,5.590000
1998-01-05,5.470000
1998-01-06,5.390000
1998-01-07,5.420000
1998-01-08,5.310000
1998-01-09,5.170000
1998-01-12,5.200000
1998-01-13,5.250000
1998-01-14,5.290000
1998-01-15,5.290000
1998-01-16,5.350000
1998-01-20,5.370000
1998-01-21,5.330000
1998-01-22,5.300000
1998-01-23,5.420000
1998-01-26,5.390000
1998-01-27,5.460000
1998-01-28,5.460000
1998-01-29,5.360000
1998-01-30,5.320000
1998-02-02,5.360000
1998-02-03,5.340000
1998-02-04,5.320000
1998-02-05,5.360000
1998-02-06,5.380000
1998-02-09,5.410000
1998-02-10,5.410000
1998-02-11,5.390000
1998-02-12,5.390000
1998-02-13,5.360000
1998-02-17,5.340000
1998-02-18,5.370000
1998-02-19,5.390000
1998-02-20,5.410000
1998-02-23,5.460000
1998-02-24,5.570000
1998-02-25,5.550000
1998-02-26,5.580000
1998-02-27,5.550000
1998-03-02,5.600000
1998-03-03,5.640000
1998-03-04,5.630000
1998-03-05,5.620000
1998-03-06,5.580000
1998-03-09,5.570000
1998-03-10,5.550000
1998-03-11,5.530000
1998-03-12,5.500000
1998-03-13,5.500000
1998-03-16,5.470000
1998-03-17,5.500000
1998-03-18,5.520000
1998-03-19,5.520000
1998-03-20,5.520000
1998-03-23,5.520000
1998-03-24,5.500000
1998-03-25,5.580000
1998-03-26,5.620000
1998-03-27,5.630000
1998-03-30,5.650000
1998-03-31,5.600000
1998-04-01,5.550000
1998-04-02,5.520000
1998-04-03,5.420000
1998-04-06,5.450000
1998-04-07,5.450000
1998-04-08,5.490000
1998-04-09,5.500000
1998-04-13,5.590000
1998-04-14,5.570000
1998-04-15,5.550000
1998-04-16,5.530000
1998-04-17,5.540000
1998-04-20,5.570000
1998-04-21,5.600000
1998-04-22,5.600000
1998-04-23,5.610000
1998-04-24,5.610000
1998-04-27,5.710000
1998-04-28,5.690000
1998-04-29,5.710000
1998-04-30,5.590000
1998-05-01,5.590000
1998-05-04,5.590000
1998-05-05,5.610000
1998-05-06,5.560000
1998-05-07,5.560000
1998-05-08,5.610000
1998-05-11,5.660000
1998-05-12,5.590000
1998-05-13,5.590000
1998-05-14,5.630000
1998-05-15,5.630000
1998-05-18,5.590000
1998-05-19,5.590000
1998-05-20,5.570000
1998-05-21,5.630000
1998-05-22,5.630000
1998-05-26,5.610000
1998-05-27,5.530000
1998-05-28,5.570000
1998-05-29,5.530000
1998-06-01,5.520000
1998-06-02,5.530000
1998-06-03,5.550000
1998-06-04,5.580000
1998-06-05,5.580000
1998-06-08,5.580000
1998-06-09,5.600000
1998-06-10,5.550000
1998-06-11,5.450000
1998-06-12,5.430000
1998-06-15,5.430000
1998-06-16,5.500000
1998-06-17,5.550000
1998-06-18,5.530000
1998-06-19,5.520000
1998-06-22,5.520000
1998-06-23,5.490000
1998-06-24,5.490000
1998-06-25,5.530000
1998-06-26,5.510000
1998-06-29,5.510000
1998-06-30,5.490000
1998-07-01,5.460000
1998-07-02,5.440000
1998-07-06,5.430000
1998-07-07,5.440000
1998-07-08,5.440000
1998-07-09,5.430000
1998-07-10,5.410000
1998-07-13,5.440000
1998-07-14,5.460000
1998-07-15,5.460000
1998-07-16,5.460000
1998-07-17,5.460000
1998-07-20,5.460000
1998-07-21,5.460000
1998-07-22,5.480000
1998-07-23,5.460000
1998-07-24,5.480000
1998-07-27,5.480000
1998-07-28,5.460000
1998-07-29,5.490000
1998-07-30,5.490000
1998-07-31,5.490000
1998-08-03,5.460000
1998-08-04,5.430000
1998-08-05,5.390000
1998-08-06,5.390000
1998-08-07,5.340000
1998-08-10,5.340000
1998-08-11,5.310000
1998-08-12,5.320000
1998-08-13,5.370000
1998-08-14,5.340000
1998-08-17,5.340000
1998-08-18,5.360000
1998-08-19,5.340000
1998-08-20,5.320000
1998-08-21,5.250000
1998-08-24,5.220000
1998-08-25,5.180000
1998-08-26,5.120000
1998-08-27,4.980000
1998-08-28,4.930000
1998-08-31,4.910000
1998-09-01,4.860000
1998-09-02,4.960000
1998-09-03,4.910000
1998-09-04,4.910000
1998-09-08,4.910000
1998-09-09,4.790000
1998-09-10,4.570000
1998-09-11,4.680000
1998-09-14,4.720000
1998-09-15,4.730000
1998-09-16,4.750000
1998-09-17,4.700000
1998-09-18,4.610000
1998-09-21,4.630000
1998-09-22,4.660000
1998-09-23,4.520000
1998-09-24,4.430000
1998-09-25,4.430000
1998-09-28,4.450000
1998-09-29,4.470000
1998-09-30,4.300000
1998-10-01,4.170000
1998-10-02,4.170000
1998-10-05,4.040000
1998-10-06,4.100000
1998-10-07,4.120000
1998-10-08,4.100000
1998-10-09,4.190000
1998-10-13,4.130000
1998-10-14,4.080000
1998-10-15,4.130000
1998-10-16,3.860000
1998-10-19,3.900000
1998-10-20,3.980000
1998-10-21,4.120000
1998-10-22,4.160000
1998-10-23,4.200000
1998-10-26,4.230000
1998-10-27,4.120000
1998-10-28,4.010000
1998-10-29,4.000000
1998-10-30,4.120000
1998-11-02,4.260000
1998-11-03,4.250000
1998-11-04,4.430000
1998-11-05,4.470000
1998-11-06,4.590000
1998-11-09,4.570000
1998-11-10,4.500000
1998-11-12,4.470000
1998-11-13,4.540000
1998-11-16,4.560000
1998-11-17,4.580000
1998-11-18,4.630000
1998-11-19,4.660000
1998-11-20,4.660000
1998-11-23,4.630000
1998-11-24,4.640000
1998-11-25,4.660000
1998-11-27,4.620000
1998-11-30,4.540000
1998-12-01,4.440000
1998-12-02,4.360000
1998-12-03,4.360000
1998-12-04,4.460000
1998-12-07,4.540000
1998-12-08,4.460000
1998-12-09,4.420000
1998-12-10,4.390000
1998-12-11,4.460000
1998-12-14,4.420000
1998-12-15,4.470000
1998-12-16,4.400000
1998-12-17,4.420000
1998-12-18,4.450000
1998-12-21,4.560000
1998-12-22,4.590000
1998-12-23,4.730000
1998-12-24,4.780000
1998-12-28,4.730000
1998-12-29,4.600000
1998-12-30,4.560000
1998-12-31,4.540000
1999-01-04,4.580000
1999-01-05,4.640000
1999-01-06,4.620000
1999-01-07,4.630000
1999-01-08,4.710000
1999-01-11,4.740000
1999-01-12,4.680000
1999-01-13,4.610000
1999-01-14,4.470000
1999-01-15,4.560000
1999-01-19,4.620000
1999-01-20,4.660000
1999-01-21,4.630000
1999-01-22,4.590000
1999-01-25,4.590000
1999-01-26,4.630000
1999-01-27,4.570000
1999-01-28,4.580000
1999-01-29,4.580000
1999-02-01,4.650000
1999-02-02,4.700000
1999-02-03,4.720000
1999-02-04,4.770000
1999-02-05,4.800000
1999-02-08,4.800000
1999-02-09,4.790000
1999-02-10,4.770000
1999-02-11,4.800000
1999-02-12,4.910000
1999-02-16,4.930000
1999-02-17,4.890000
1999-02-18,4.930000
1999-02-19,4.950000
1999-02-22,4.910000
1999-02-23,5.000000
1999-02-24,5.050000
1999-02-25,5.150000
1999-02-26,5.130000
1999-03-01,5.200000
1999-03-02,5.180000
1999-03-03,5.190000
1999-03-04,5.200000
1999-03-05,5.140000
1999-03-08,5.120000
1999-03-09,5.020000
1999-03-10,5.040000
1999-03-11,5.050000
1999-03-12,5.000000
1999-03-15,4.990000
1999-03-16,4.970000
1999-03-17,5.010000
1999-03-18,4.990000
1999-03-19,5.040000
1999-03-22,5.080000
1999-03-23,5.030000
1999-03-24,4.980000
1999-03-25,5.020000
1999-03-26,4.990000
1999-03-29,5.020000
1999-03-30,4.970000
1999-03-31,4.990000
1999-04-01,5.010000
1999-04-02,4.960000
1999-04-05,4.960000
1999-04-06,4.930000
1999-04-07,4.930000
1999-04-08,4.860000
1999-04-09,4.880000
1999-04-12,4.930000
1999-04-13,4.940000
1999-04-14,4.950000
1999-04-15,4.970000
1999-04-16,5.020000
1999-04-19,4.990000
1999-04-20,4.950000
1999-04-21,4.990000
1999-04-22,5.050000
1999-04-23,5.040000
1999-04-26,5.040000
1999-04-27,5.040000
1999-04-28,5.020000
1999-04-29,4.950000
1999-04-30,5.080000
1999-05-03,5.080000
1999-05-04,5.120000
1999-05-05,5.090000
1999-05-06,5.190000
1999-05-07,5.190000
1999-05-10,5.150000
1999-05-11,5.190000
1999-05-12,5.190000
1999-05-13,5.120000
1999-05-14,5.300000
1999-05-17,5.310000
1999-05-18,5.380000
1999-05-19,5.370000
1999-05-20,5.350000
1999-05-21,5.300000
1999-05-24,5.280000
1999-05-25,5.300000
1999-05-26,5.330000
1999-05-27,5.430000
1999-05-28,5.420000
1999-06-01,5.540000
1999-06-02,5.550000
1999-06-03,5.540000
1999-06-04,5.560000
1999-06-07,5.560000
1999-06-08,5.570000
1999-06-09,5.610000
1999-06-10,5.660000
1999-06-11,5.700000
1999-06-14,5.660000
1999-06-15,5.660000
1999-06-16,5.610000
1999-06-17,5.490000
1999-06-18,5.560000
1999-06-21,5.620000
1999-06-22,5.650000
1999-06-23,5.700000
1999-06-24,5.750000
1999-06-25,5.730000
1999-06-28,5.680000
1999-06-29,5.680000
1999-06-30,5.530000
1999-07-01,5.580000
1999-07-02,5.580000
1999-07-06,5.640000
1999-07-07,5.640000
1999-07-08,5.590000
1999-07-09,5.610000
1999-07-12,5.530000
1999-07-13,5.500000
1999-07-14,5.550000
1999-07-15,5.530000
1999-07-16,5.500000
1999-07-19,5.460000
1999-07-20,5.430000
1999-07-21,5.450000
1999-07-22,5.520000
1999-07-23,5.580000
1999-07-26,5.610000
1999-07-27,5.560000
1999-07-28,5.540000
1999-07-29,5.620000
1999-07-30,5.630000
1999-08-02,5.650000
1999-08-03,5.650000
1999-08-04,5.640000
1999-08-05,5.550000
1999-08-06,5.690000
1999-08-09,5.790000
1999-08-10,5.790000
1999-08-11,5.760000
1999-08-12,5.780000
1999-08-13,5.710000
1999-08-16,5.750000
1999-08-17,5.680000
1999-08-18,5.660000
1999-08-19,5.660000
1999-08-20,5.650000
1999-08-23,5.660000
1999-08-24,5.650000
1999-08-25,5.530000
1999-08-26,5.560000
1999-08-27,5.650000
1999-08-30,5.730000
1999-08-31,5.730000
1999-09-01,5.740000
1999-09-02,5.740000
1999-09-03,5.640000
1999-09-07,5.690000
1999-09-08,5.670000
1999-09-09,5.710000
1999-09-10,5.640000
1999-09-13,5.660000
1999-09-14,5.710000
1999-09-15,5.670000
1999-09-16,5.630000
1999-09-17,5.630000
1999-09-20,5.670000
1999-09-21,5.670000
1999-09-22,5.670000
1999-09-23,5.630000
1999-09-24,5.550000
1999-09-27,5.620000
1999-09-28,5.650000
1999-09-29,5.680000
1999-09-30,5.630000
1999-10-01,5.730000
1999-10-04,5.700000
1999-10-05,5.780000
1999-10-06,5.810000
1999-10-07,5.820000
1999-10-08,5.800000
1999-10-12,5.820000
1999-10-13,5.870000
1999-10-14,5.900000
1999-10-15,5.820000
1999-10-18,5.850000
1999-10-19,5.920000
1999-10-20,5.940000
1999-10-21,5.930000
1999-10-22,5.960000
1999-10-25,5.980000
1999-10-26,6.020000
1999-10-27,5.940000
1999-10-28,5.870000
1999-10-29,5.790000
1999-11-01,5.830000
1999-11-02,5.810000
1999-11-03,5.790000
1999-11-04,5.740000
1999-11-05,5.720000
1999-11-08,5.740000
1999-11-09,5.770000
1999-11-10,5.810000
1999-11-12,5.780000
1999-11-15,5.790000
1999-11-16,5.850000
1999-11-17,5.900000
1999-11-18,5.900000
1999-11-19,5.920000
1999-11-22,5.950000
1999-11-23,5.930000
1999-11-24,5.970000
1999-11-26,5.990000
1999-11-29,6.040000
1999-11-30,6.010000
1999-12-01,6.040000
1999-12-02,6.060000
1999-12-03,5.990000
1999-12-06,5.980000
1999-12-07,5.950000
1999-12-08,5.980000
1999-12-09,5.960000
1999-12-10,5.930000
1999-12-13,5.960000
1999-12-14,6.070000
1999-12-15,6.100000
1999-12-16,6.150000
1999-12-17,6.150000
1999-12-20,6.210000
1999-12-21,6.210000
1999-12-22,6.240000
1999-12-23,6.240000
1999-12-27,6.210000
1999-12-28,6.230000
1999-12-29,6.210000
1999-12-30,6.190000
1999-12-31,6.240000
2000-01-03,6.380000
2000-01-04,6.300000
2000-01-05,6.380000
2000-01-06,6.350000
2000-01-07,6.310000
2000-01-10,6.380000
2000-01-11,6.450000
2000-01-12,6.490000
2000-01-13,6.400000
2000-01-14,6.440000
2000-01-18,6.470000
2000-01-19,6.460000
2000-01-20,6.490000
2000-01-21,6.480000
2000-01-24,6.430000
2000-01-25,6.440000
2000-01-26,6.450000
2000-01-27,6.510000
2000-01-28,6.580000
2000-01-31,6.610000
2000-02-01,6.600000
2000-02-02,6.630000
2000-02-03,6.560000
2000-02-04,6.630000
2000-02-07,6.680000
2000-02-08,6.690000
2000-02-09,6.690000
2000-02-10,6.670000
2000-02-11,6.650000
2000-02-14,6.620000
2000-02-15,6.660000
2000-02-16,6.630000
2000-02-17,6.690000
2000-02-18,6.660000
2000-02-22,6.570000
2000-02-23,6.610000
2000-02-24,6.520000
2000-02-25,6.450000
2000-02-28,6.470000
2000-02-29,6.530000
2000-03-01,6.520000
2000-03-02,6.520000
2000-03-03,6.500000
2000-03-06,6.550000
2000-03-07,6.480000
2000-03-08,6.500000
2000-03-09,6.480000
2000-03-10,6.550000
2000-03-13,6.520000
2000-03-14,6.480000
2000-03-15,6.500000
2000-03-16,6.500000
2000-03-17,6.500000
2000-03-20,6.520000
2000-03-21,6.500000
2000-03-22,6.500000
2000-03-23,6.520000
2000-03-24,6.640000
2000-03-27,6.660000
2000-03-28,6.600000
2000-03-29,6.590000
2000-03-30,6.520000
2000-03-31,6.500000
2000-04-03,6.450000
2000-04-04,6.350000
2000-04-05,6.350000
2000-04-06,6.380000
2000-04-07,6.380000
2000-04-10,6.310000
2000-04-11,6.360000
2000-04-12,6.400000
2000-04-13,6.400000
2000-04-14,6.270000
2000-04-17,6.330000
2000-04-18,6.330000
2000-04-19,6.330000
2000-04-20,6.380000
2000-04-24,6.360000
2000-04-25,6.480000
2000-04-26,6.500000
2000-04-27,6.630000
2000-04-28,6.680000
2000-05-01,6.730000
2000-05-02,6.720000
2000-05-03,6.730000
2000-05-04,6.770000
2000-05-05,6.840000
2000-05-08,6.870000
2000-05-09,6.860000
2000-05-10,6.840000
2000-05-11,6.820000
2000-05-12,6.910000
2000-05-15,6.880000
2000-05-16,6.890000
2000-05-17,6.900000
2000-05-18,6.930000
2000-05-19,6.860000
2000-05-22,6.810000
2000-05-23,6.830000
2000-05-24,6.790000
2000-05-25,6.710000
2000-05-26,6.690000
2000-05-30,6.740000
2000-05-31,6.690000
2000-06-01,6.610000
2000-06-02,6.520000
2000-06-05,6.490000
2000-06-06,6.510000
2000-06-07,6.520000
2000-06-08,6.560000
2000-06-09,6.560000
2000-06-12,6.520000
2000-06-13,6.490000
2000-06-14,6.440000
2000-06-15,6.440000
2000-06-16,6.380000
2000-06-19,6.400000
2000-06-20,6.430000
2000-06-21,6.500000
2000-06-22,6.500000
2000-06-23,6.550000
2000-06-26,6.500000
2000-06-27,6.500000
2000-06-28,6.430000
2000-06-29,6.370000
2000-06-30,6.380000
2000-07-03,6.310000
2000-07-05,6.290000
2000-07-06,6.340000
2000-07-07,6.290000
2000-07-10,6.310000
2000-07-11,6.320000
2000-07-12,6.340000
2000-07-13,6.310000
2000-07-14,6.410000
2000-07-17,6.460000
2000-07-18,6.440000
2000-07-19,6.460000
2000-07-20,6.320000
2000-07-21,6.320000
2000-07-24,6.350000
2000-07-25,6.350000
2000-07-26,6.290000
2000-07-27,6.270000
2000-07-28,6.300000
2000-07-31,6.300000
2000-08-01,6.270000
2000-08-02,6.230000
2000-08-03,6.220000
2000-08-04,6.150000
2000-08-07,6.200000
2000-08-08,6.160000
2000-08-09,6.180000
2000-08-10,6.160000
2000-08-11,6.250000
2000-08-14,6.250000
2000-08-15,6.280000
2000-08-16,6.300000
2000-08-17,6.300000
2000-08-18,6.270000
2000-08-21,6.280000
2000-08-22,6.270000
2000-08-23,6.200000
2000-08-24,6.190000
2000-08-25,6.190000
2000-08-28,6.230000
2000-08-29,6.260000
2000-08-30,6.240000
2000-08-31,6.180000
2000-09-01,6.090000
2000-09-05,6.090000
2000-09-06,6.110000
2000-09-07,6.140000
2000-09-08,6.110000
2000-09-11,6.120000
2000-09-12,6.120000
2000-09-13,6.090000
2000-09-14,6.110000
2000-09-15,6.070000
2000-09-18,6.040000
2000-09-19,6.050000
2000-09-20,6.110000
2000-09-21,6.110000
2000-09-22,6.090000
2000-09-25,6.110000
2000-09-26,6.070000
2000-09-27,6.000000
2000-09-28,6.020000
2000-09-29,5.980000
2000-10-02,5.980000
2000-10-03,6.000000
2000-10-04,6.030000
2000-10-05,6.020000
2000-10-06,5.980000
2000-10-10,5.980000
2000-10-11,5.930000
2000-10-12,5.860000
2000-10-13,5.840000
2000-10-16,5.890000
2000-10-17,5.830000
2000-10-18,5.820000
2000-10-19,5.860000
2000-10-20,5.840000
2000-10-23,5.820000
2000-10-24,5.860000
2000-10-25,5.870000
2000-10-26,5.900000
2000-10-27,5.940000
2000-10-30,5.970000
2000-10-31,5.940000
2000-11-01,5.880000
2000-11-02,5.870000
2000-11-03,5.940000
2000-11-06,5.990000
2000-11-07,5.990000
2000-11-08,5.990000
2000-11-09,5.940000
2000-11-10,5.920000
2000-11-13,5.900000
2000-11-14,5.920000
2000-11-15,5.900000
2000-11-16,5.870000
2000-11-17,5.880000
2000-11-20,5.870000
2000-11-21,5.860000
2000-11-22,5.850000
2000-11-24,5.860000
2000-11-27,5.860000
2000-11-28,5.790000
2000-11-29,5.690000
2000-11-30,5.610000
2000-12-01,5.620000
2000-12-04,5.590000
2000-12-05,5.490000
2000-12-06,5.420000
2000-12-07,5.450000
2000-12-08,5.500000
2000-12-11,5.520000
2000-12-12,5.540000
2000-12-13,5.450000
2000-12-14,5.430000
2000-12-15,5.380000
2000-12-18,5.330000
2000-12-19,5.350000
2000-12-20,5.240000
2000-12-21,5.140000
2000-12-22,5.100000
2000-12-26,5.100000
2000-12-27,5.100000
2000-12-28,5.180000
2000-12-29,5.110000
2001-01-02,4.870000
2001-01-03,4.920000
2001-01-04,4.770000
2001-01-05,4.560000
2001-01-08,4.540000
2001-01-09,4.640000
2001-01-10,4.760000
2001-01-11,4.770000
2001-01-12,4.900000
2001-01-16,4.890000
2001-01-17,4.840000
2001-01-18,4.720000
2001-01-19,4.750000
2001-01-22,4.750000
2001-01-23,4.820000
2001-01-24,4.810000
2001-01-25,4.780000
2001-01-26,4.780000
2001-01-29,4.770000
2001-01-30,4.700000
2001-01-31,4.620000
2001-02-01,4.550000
2001-02-02,4.650000
2001-02-05,4.680000
2001-02-06,4.720000
2001-02-07,4.700000
2001-02-08,4.730000
2001-02-09,4.670000
2001-02-12,4.670000
2001-02-13,4.750000
2001-02-14,4.840000
2001-02-15,4.890000
2001-02-16,4.750000
2001-02-20,4.730000
2001-02-21,4.680000
2001-02-22,4.630000
2001-02-23,4.530000
2001-02-26,4.460000
2001-02-27,4.440000
2001-02-28,4.410000
2001-03-01,4.410000
2001-03-02,4.480000
2001-03-05,4.490000
2001-03-06,4.490000
2001-03-07,4.430000
2001-03-08,4.430000
2001-03-09,4.470000
2001-03-12,4.460000
2001-03-13,4.460000
2001-03-14,4.320000
2001-03-15,4.220000
2001-03-16,4.260000
2001-03-19,4.320000
2001-03-20,4.240000
2001-03-21,4.210000
2001-03-22,4.170000
2001-03-23,4.240000
2001-03-26,4.270000
2001-03-27,4.410000
2001-03-28,4.300000
2001-03-29,4.270000
2001-03-30,4.180000
2001-04-02,4.220000
2001-04-03,4.150000
2001-04-04,4.120000
2001-04-05,4.190000
2001-04-06,4.070000
2001-04-09,4.100000
2001-04-10,4.240000
2001-04-11,4.290000
2001-04-12,4.360000
2001-04-16,4.490000
2001-04-17,4.410000
2001-04-18,4.260000
2001-04-19,4.290000
2001-04-20,4.260000
2001-04-23,4.150000
2001-04-24,4.160000
2001-04-25,4.200000
2001-04-26,4.140000
2001-04-27,4.280000
2001-04-30,4.300000
2001-05-01,4.230000
2001-05-02,4.270000
2001-05-03,4.220000
2001-05-04,4.140000
2001-05-07,4.120000
2001-05-08,4.100000
2001-05-09,4.070000
2001-05-10,4.170000
2001-05-11,4.360000
2001-05-14,4.290000
2001-05-15,4.280000
2001-05-16,4.250000
2001-05-17,4.330000
2001-05-18,4.370000
2001-05-21,4.370000
2001-05-22,4.340000
2001-05-23,4.290000
2001-05-24,4.320000
2001-05-25,4.310000
2001-05-29,4.330000
2001-05-30,4.340000
2001-05-31,4.220000
2001-06-01,4.220000
2001-06-04,4.190000
2001-06-05,4.120000
2001-06-06,4.120000
2001-06-07,4.140000
2001-06-08,4.170000
2001-06-11,4.110000
2001-06-12,4.090000
2001-06-13,4.080000
2001-06-14,4.040000
2001-06-15,4.010000
2001-06-18,3.980000
2001-06-19,3.990000
2001-06-20,3.980000
2001-06-21,3.990000
2001-06-22,3.930000
2001-06-25,3.960000
2001-06-26,4.030000
2001-06-27,4.060000
2001-06-28,4.220000
2001-06-29,4.250000
2001-07-02,4.210000
2001-07-03,4.240000
2001-07-05,4.240000
2001-07-06,4.160000
2001-07-09,4.150000
2001-07-10,4.080000
2001-07-11,4.070000
2001-07-12,4.070000
2001-07-13,4.120000
2001-07-16,4.070000
2001-07-17,4.090000
2001-07-18,3.960000
2001-07-19,3.980000
2001-07-20,3.980000
2001-07-23,3.980000
2001-07-24,3.970000
2001-07-25,3.980000
2001-07-26,3.940000
2001-07-27,3.870000
2001-07-30,3.860000
2001-07-31,3.790000
2001-08-01,3.830000
2001-08-02,3.890000
2001-08-03,3.910000
2001-08-06,3.880000
2001-08-07,3.900000
2001-08-08,3.770000
2001-08-09,3.770000
2001-08-10,3.730000
2001-08-13,3.700000
2001-08-14,3.740000
2001-08-15,3.800000
2001-08-16,3.750000
2001-08-17,3.670000
2001-08-20,3.740000
2001-08-21,3.690000
2001-08-22,3.760000
2001-08-23,3.720000
2001-08-24,3.760000
2001-08-27,3.780000
2001-08-28,3.710000
2001-08-29,3.670000
2001-08-30,3.610000
2001-08-31,3.640000
2001-09-04,3.830000
2001-09-05,3.790000
2001-09-06,3.650000
2001-09-07,3.530000
2001-09-10,3.530000
2001-09-13,2.990000
2001-09-14,2.870000
2001-09-17,2.960000
2001-09-18,2.960000
2001-09-19,2.810000
2001-09-20,2.910000
2001-09-21,2.910000
2001-09-24,2.940000
2001-09-25,2.880000
2001-09-26,2.820000
2001-09-27,2.780000
2001-09-28,2.860000
2001-10-01,2.820000
2001-10-02,2.770000
2001-10-03,2.770000
2001-10-04,2.750000
2001-10-05,2.710000
2001-10-09,2.740000
2001-10-10,2.780000
2001-10-11,2.880000
2001-10-12,2.810000
2001-10-15,2.780000
2001-10-16,2.770000
2001-10-17,2.800000
2001-10-18,2.770000
2001-10-19,2.770000
2001-10-22,2.790000
2001-10-23,2.810000
2001-10-24,2.720000
2001-10-25,2.630000
2001-10-26,2.630000
2001-10-29,2.550000
2001-10-30,2.480000
2001-10-31,2.440000
2001-11-01,2.490000
2001-11-02,2.480000
2001-11-05,2.460000
2001-11-06,2.370000
2001-11-07,2.320000
2001-11-08,2.420000
2001-11-09,2.450000
2001-11-13,2.540000
2001-11-14,2.700000
2001-11-15,2.980000
2001-11-16,3.090000
2001-11-19,2.920000
2001-11-20,2.960000
2001-11-21,3.110000
2001-11-23,3.200000
2001-11-26,3.220000
2001-11-27,3.110000
2001-11-28,3.120000
2001-11-29,2.870000
2001-11-30,2.840000
2001-12-03,2.820000
2001-12-04,2.810000
2001-12-05,3.070000
2001-12-06,3.190000
2001-12-07,3.190000
2001-12-10,3.100000
2001-12-11,3.030000
2001-12-12,2.970000
2001-12-13,3.090000
2001-12-14,3.200000
2001-12-17,3.210000
2001-12-18,3.130000
2001-12-19,3.110000
2001-12-20,3.150000
2001-12-21,3.170000
2001-12-24,3.220000
2001-12-26,3.260000
2001-12-27,3.190000
2001-12-28,3.160000
2001-12-31,3.070000
2002-01-02,3.220000
2002-01-03,3.190000
2002-01-04,3.190000
2002-01-07,3.080000
2002-01-08,3.070000
2002-01-09,3.030000
2002-01-10,2.940000
2002-01-11,2.760000
2002-01-14,2.790000
2002-01-15,2.790000
2002-01-16,2.840000
2002-01-17,2.960000
2002-01-18,2.910000
2002-01-22,2.970000
2002-01-23,3.070000
2002-01-24,3.150000
2002-01-25,3.170000
2002-01-28,3.190000
2002-01-29,3.050000
2002-01-30,3.060000
2002-01-31,3.160000
2002-02-01,3.080000
2002-02-04,2.990000
2002-02-05,2.990000
2002-02-06,2.980000
2002-02-07,2.990000
2002-02-08,2.950000
2002-02-11,2.950000
2002-02-12,3.040000
2002-02-13,3.090000
2002-02-14,3.070000
2002-02-15,2.970000
2002-02-19,2.980000
2002-02-20,3.000000
2002-02-21,3.000000
2002-02-22,2.970000
2002-02-25,3.010000
2002-02-26,3.080000
2002-02-27,3.090000
2002-02-28,3.060000
2002-03-01,3.180000
2002-03-04,3.240000
2002-03-05,3.250000
2002-03-06,3.260000
2002-03-07,3.360000
2002-03-08,3.600000
2002-03-11,3.590000
2002-03-12,3.560000
2002-03-13,3.490000
2002-03-14,3.630000
2002-03-15,3.630000
2002-03-18,3.670000
2002-03-19,3.640000
2002-03-20,3.710000
2002-03-21,3.730000
2002-03-22,3.770000
2002-03-25,3.780000
2002-03-26,3.680000
2002-03-27,3.660000
2002-03-28,3.720000
2002-04-01,3.740000
2002-04-02,3.630000
2002-04-03,3.550000
2002-04-04,3.570000
2002-04-05,3.490000
2002-04-08,3.510000
2002-04-09,3.480000
2002-04-10,3.480000
2002-04-11,3.470000
2002-04-12,3.410000
2002-04-15,3.380000
2002-04-16,3.430000
2002-04-17,3.410000
2002-04-18,3.380000
2002-04-19,3.360000
2002-04-22,3.370000
2002-04-23,3.390000
2002-04-24,3.280000
2002-04-25,3.250000
2002-04-26,3.220000
2002-04-29,3.260000
2002-04-30,3.240000
2002-05-01,3.210000
2002-05-02,3.250000
2002-05-03,3.170000
2002-05-06,3.190000
2002-05-07,3.140000
2002-05-08,3.320000
2002-05-09,3.270000
2002-05-10,3.190000
2002-05-13,3.280000
2002-05-14,3.400000
2002-05-15,3.370000
2002-05-16,3.280000
2002-05-17,3.410000
2002-05-20,3.330000
2002-05-21,3.280000
2002-05-22,3.230000
2002-05-23,3.280000
2002-05-24,3.280000
2002-05-28,3.300000
2002-05-29,3.240000
2002-05-30,3.170000
2002-05-31,3.220000
2002-06-03,3.190000
2002-06-04,3.130000
2002-06-05,3.160000
2002-06-06,3.130000
2002-06-07,3.160000
2002-06-10,3.150000
2002-06-11,3.090000
2002-06-12,3.050000
2002-06-13,3.000000
2002-06-14,2.920000
2002-06-17,2.960000
2002-06-18,2.930000
2002-06-19,2.810000
2002-06-20,2.930000
2002-06-21,2.880000
2002-06-24,2.930000
2002-06-25,2.920000
2002-06-26,2.770000
2002-06-27,2.850000
2002-06-28,2.900000
2002-07-01,2.880000
2002-07-02,2.780000
2002-07-03,2.780000
2002-07-05,2.900000
2002-07-08,2.840000
2002-07-09,2.740000
2002-07-10,2.610000
2002-07-11,2.610000
2002-07-12,2.560000
2002-07-15,2.550000
2002-07-16,2.660000
2002-07-17,2.630000
2002-07-18,2.550000
2002-07-19,2.480000
2002-07-22,2.400000
2002-07-23,2.340000
2002-07-24,2.380000
2002-07-25,2.280000
2002-07-26,2.200000
2002-07-29,2.410000
2002-07-30,2.440000
2002-07-31,2.230000
2002-08-01,2.150000
2002-08-02,1.990000
2002-08-05,1.930000
2002-08-06,2.110000
2002-08-07,1.980000
2002-08-08,2.100000
2002-08-09,2.100000
2002-08-12,2.100000
2002-08-13,2.000000
2002-08-14,2.120000
2002-08-15,2.220000
2002-08-16,2.280000
2002-08-19,2.250000
2002-08-20,2.120000
2002-08-21,2.120000
2002-08-22,2.220000
2002-08-23,2.190000
2002-08-26,2.190000
2002-08-27,2.260000
2002-08-28,2.230000
2002-08-29,2.140000
2002-08-30,2.140000
2002-09-03,2.010000
2002-09-04,2.020000
2002-09-05,1.950000
2002-09-06,2.080000
2002-09-09,2.130000
2002-09-10,2.120000
2002-09-11,2.180000
2002-09-12,2.120000
2002-09-13,2.070000
2002-09-16,2.070000
2002-09-17,2.060000
2002-09-18,2.040000
2002-09-19,1.930000
2002-09-20,1.940000
2002-09-23,1.930000
2002-09-24,1.930000
2002-09-25,2.000000
2002-09-26,1.970000
2002-09-27,1.820000
2002-09-30,1.720000
2002-10-01,1.800000
2002-10-02,1.750000
2002-10-03,1.750000
2002-10-04,1.780000
2002-10-07,1.770000
2002-10-08,1.800000
2002-10-09,1.720000
2002-10-10,1.750000
2002-10-11,1.850000
2002-10-15,2.080000
2002-10-16,2.020000
2002-10-17,2.100000
2002-10-18,2.090000
2002-10-21,2.230000
2002-10-22,2.210000
2002-10-23,2.200000
2002-10-24,2.090000
2002-10-25,1.980000
2002-10-28,1.880000
2002-10-29,1.790000
2002-10-30,1.740000
2002-10-31,1.680000
2002-11-01,1.760000
2002-11-04,1.790000
2002-11-05,1.820000
2002-11-06,1.870000
2002-11-07,1.860000
2002-11-08,1.870000
2002-11-12,1.790000
2002-11-13,1.760000
2002-11-14,1.890000
2002-11-15,1.910000
2002-11-18,1.910000
2002-11-19,1.910000
2002-11-20,1.980000
2002-11-21,2.050000
2002-11-22,2.100000
2002-11-25,2.090000
2002-11-26,1.970000
2002-11-27,2.130000
2002-11-29,2.080000
2002-12-02,2.070000
2002-12-03,2.080000
2002-12-04,2.020000
2002-12-05,1.970000
2002-12-06,1.890000
2002-12-09,1.880000
2002-12-10,1.900000
2002-12-11,1.850000
2002-12-12,1.850000
2002-12-13,1.870000
2002-12-16,1.940000
2002-12-17,1.890000
2002-12-18,1.810000
2002-12-19,1.740000
2002-12-20,1.760000
2002-12-23,1.790000
2002-12-24,1.730000
2002-12-26,1.700000
2002-12-27,1.600000
2002-12-30,1.610000
2002-12-31,1.610000
2003-01-02,1.800000
2003-01-03,1.790000
2003-01-06,1.840000
2003-01-07,1.770000
2003-01-08,1.710000
2003-01-09,1.870000
2003-01-10,1.790000
2003-01-13,1.810000
2003-01-14,1.760000
2003-01-15,1.750000
2003-01-16,1.750000
2003-01-17,1.700000
2003-01-21,1.670000
2003-01-22,1.660000
2003-01-23,1.690000
2003-01-24,1.660000
2003-01-27,1.700000
2003-01-28,1.700000
2003-01-29,1.770000
2003-01-30,1.700000
2003-01-31,1.720000
2003-02-03,1.720000
2003-02-04,1.680000
2003-02-05,1.730000
2003-02-06,1.680000
2003-02-07,1.630000
2003-02-10,1.680000
2003-02-11,1.650000
2003-02-12,1.620000
2003-02-13,1.570000
2003-02-14,1.620000
2003-02-18,1.660000
2003-02-19,1.610000
2003-02-20,1.590000
2003-02-21,1.630000
2003-02-24,1.600000
2003-02-25,1.580000
2003-02-26,1.570000
2003-02-27,1.580000
2003-02-28,1.530000
2003-03-03,1.520000
2003-03-04,1.490000
2003-03-05,1.460000
2003-03-06,1.470000
2003-03-07,1.390000
2003-03-10,1.350000
2003-03-11,1.380000
2003-03-12,1.450000
2003-03-13,1.590000
2003-03-14,1.560000
2003-03-17,1.630000
2003-03-18,1.720000
2003-03-19,1.720000
2003-03-20,1.750000
2003-03-21,1.800000
2003-03-24,1.710000
2003-03-25,1.690000
2003-03-26,1.680000
2003-03-27,1.620000
2003-03-28,1.560000
2003-03-31,1.510000
2003-04-01,1.500000
2003-04-02,1.600000
2003-04-03,1.550000
2003-04-04,1.550000
2003-04-07,1.650000
2003-04-08,1.590000
2003-04-09,1.550000
2003-04-10,1.600000
2003-04-11,1.650000
2003-04-14,1.740000
2003-04-15,1.690000
2003-04-16,1.670000
2003-04-17,1.710000
2003-04-21,1.710000
2003-04-22,1.700000
2003-04-23,1.700000
2003-04-24,1.620000
2003-04-25,1.570000
2003-04-28,1.590000
2003-04-29,1.620000
2003-04-30,1.510000
2003-05-01,1.500000
2003-05-02,1.560000
2003-05-05,1.550000
2003-05-06,1.450000
2003-05-07,1.450000
2003-05-08,1.490000
2003-05-09,1.450000
2003-05-12,1.460000
2003-05-13,1.470000
2003-05-14,1.410000
2003-05-15,1.460000
2003-05-16,1.380000
2003-05-19,1.350000
2003-05-20,1.310000
2003-05-21,1.380000
2003-05-22,1.360000
2003-05-23,1.380000
2003-05-27,1.330000
2003-05-28,1.350000
2003-05-29,1.300000
2003-05-30,1.330000
2003-06-02,1.330000
2003-06-03,1.200000
2003-06-04,1.200000
2003-06-05,1.250000
2003-06-06,1.270000
2003-06-09,1.190000
2003-06-10,1.130000
2003-06-11,1.160000
2003-06-12,1.130000
2003-06-13,1.100000
2003-06-16,1.180000
2003-06-17,1.250000
2003-06-18,1.270000
2003-06-19,1.170000
2003-06-20,1.220000
2003-06-23,1.170000
2003-06-24,1.140000
2003-06-25,1.300000
2003-06-26,1.410000
2003-06-27,1.380000
2003-06-30,1.320000
2003-07-01,1.300000
2003-07-02,1.300000
2003-07-03,1.320000
2003-07-07,1.360000
2003-07-08,1.390000
2003-07-09,1.370000
2003-07-10,1.330000
2003-07-11,1.290000
2003-07-14,1.350000
2003-07-15,1.450000
2003-07-16,1.490000
2003-07-17,1.470000
2003-07-18,1.510000
2003-07-21,1.610000
2003-07-22,1.570000
2003-07-23,1.540000
2003-07-24,1.540000
2003-07-25,1.520000
2003-07-28,1.610000
2003-07-29,1.670000
2003-07-30,1.640000
2003-07-31,1.800000
2003-08-01,1.850000
2003-08-04,1.710000
2003-08-05,1.880000
2003-08-06,1.780000
2003-08-07,1.740000
2003-08-08,1.720000
2003-08-11,1.810000
2003-08-12,1.710000
2003-08-13,1.860000
2003-08-14,1.860000
2003-08-15,1.850000
2003-08-18,1.870000
2003-08-19,1.810000
2003-08-20,1.840000
2003-08-21,1.980000
2003-08-22,1.970000
2003-08-25,2.020000
2003-08-26,1.960000
2003-08-27,2.050000
2003-08-28,1.930000
2003-08-29,1.950000
2003-09-02,2.040000
2003-09-03,2.020000
2003-09-04,1.910000
2003-09-05,1.720000
2003-09-08,1.750000
2003-09-09,1.710000
2003-09-10,1.640000
2003-09-11,1.710000
2003-09-12,1.660000
2003-09-15,1.630000
2003-09-16,1.630000
2003-09-17,1.630000
2003-09-18,1.680000
2003-09-19,1.700000
2003-09-22,1.700000
2003-09-23,1.680000
2003-09-24,1.660000
2003-09-25,1.650000
2003-09-26,1.600000
2003-09-29,1.610000
2003-09-30,1.500000
2003-10-01,1.470000
2003-10-02,1.480000
2003-10-03,1.650000
2003-10-06,1.600000
2003-10-07,1.670000
2003-10-08,1.650000
2003-10-09,1.690000
2003-10-10,1.650000
2003-10-14,1.730000
2003-10-15,1.790000
2003-10-16,1.960000
2003-10-17,1.900000
2003-10-20,1.880000
2003-10-21,1.890000
2003-10-22,1.800000
2003-10-23,1.840000
2003-10-24,1.760000
2003-10-27,1.830000
2003-10-28,1.710000
2003-10-29,1.790000
2003-10-30,1.860000
2003-10-31,1.850000
2003-11-03,1.900000
2003-11-04,1.860000
2003-11-05,1.940000
2003-11-06,2.010000
2003-11-07,2.040000
2003-11-10,2.060000
2003-11-12,2.050000
2003-11-13,1.920000
2003-11-14,1.840000
2003-11-17,1.800000
2003-11-18,1.830000
2003-11-19,1.900000
2003-11-20,1.830000
2003-11-21,1.840000
2003-11-24,1.940000
2003-11-25,1.890000
2003-11-26,1.970000
2003-11-28,2.060000
2003-12-01,2.120000
2003-12-02,2.070000
2003-12-03,2.090000
2003-12-04,2.060000
2003-12-05,1.880000
2003-12-08,1.940000
2003-12-09,1.970000
2003-12-10,1.940000
2003-12-11,1.830000
2003-12-12,1.840000
2003-12-15,1.880000
2003-12-16,1.830000
2003-12-17,1.830000
2003-12-18,1.850000
2003-12-19,1.820000
2003-12-22,1.840000
2003-12-23,1.960000
2003-12-24,1.830000
2003-12-26,1.820000
2003-12-29,1.860000
2003-12-30,1.860000
2003-12-31,1.840000
2004-01-02,1.940000
2004-01-05,1.950000
2004-01-06,1.840000
2004-01-07,1.840000
2004-01-08,1.850000
2004-01-09,1.680000
2004-01-12,1.680000
2004-01-13,1.630000
2004-01-14,1.650000
2004-01-15,1.670000
2004-01-16,1.700000
2004-01-20,1.690000
2004-01-21,1.690000
2004-01-22,1.660000
2004-01-23,1.710000
2004-01-26,1.750000
2004-01-27,1.700000
2004-01-28,1.870000
2004-01-29,1.880000
2004-01-30,1.840000
2004-02-02,1.830000
2004-02-03,1.780000
2004-02-04,1.800000
2004-02-05,1.850000
2004-02-06,1.770000
2004-02-09,1.760000
2004-02-10,1.820000
2004-02-11,1.730000
2004-02-12,1.750000
2004-02-13,1.700000
2004-02-17,1.700000
2004-02-18,1.720000
2004-02-19,1.700000
2004-02-20,1.750000
2004-02-23,1.690000
2004-02-24,1.690000
2004-02-25,1.670000
2004-02-26,1.690000
2004-02-27,1.660000
2004-03-01,1.670000
2004-03-02,1.740000
2004-03-03,1.740000
2004-03-04,1.730000
2004-03-05,1.570000
2004-03-08,1.520000
2004-03-09,1.510000
2004-03-10,1.540000
2004-03-11,1.520000
2004-03-12,1.540000
2004-03-15,1.560000
2004-03-16,1.510000
2004-03-17,1.530000
2004-03-18,1.550000
2004-03-19,1.560000
2004-03-22,1.520000
2004-03-23,1.520000
2004-03-24,1.500000
2004-03-25,1.510000
2004-03-26,1.590000
2004-03-29,1.630000
2004-03-30,1.630000
2004-03-31,1.600000
2004-04-01,1.650000
2004-04-02,1.860000
2004-04-05,1.910000
2004-04-06,1.860000
2004-04-07,1.870000
2004-04-08,1.880000
2004-04-12,1.910000
2004-04-13,2.010000
2004-04-14,2.130000
2004-04-15,2.100000
2004-04-16,2.030000
2004-04-19,2.070000
2004-04-20,2.110000
2004-04-21,2.220000
2004-04-22,2.150000
2004-04-23,2.290000
2004-04-26,2.280000
2004-04-27,2.210000
2004-04-28,2.300000
2004-04-29,2.340000
2004-04-30,2.310000
2004-05-03,2.340000
2004-05-04,2.320000
2004-05-05,2.340000
2004-05-06,2.390000
2004-05-07,2.640000
2004-05-10,2.610000
2004-05-11,2.610000
2004-05-12,2.620000
2004-05-13,2.670000
2004-05-14,2.590000
2004-05-17,2.510000
2004-05-18,2.580000
2004-05-19,2.610000
2004-05-20,2.550000
2004-05-21,2.600000
2004-05-24,2.590000
2004-05-25,2.580000
2004-05-26,2.520000
2004-05-27,2.460000
2004-05-28,2.540000
2004-06-01,2.600000
2004-06-02,2.650000
2004-06-03,2.630000
2004-06-04,2.700000
2004-06-07,2.670000
2004-06-08,2.730000
2004-06-09,2.790000
2004-06-10,2.810000
2004-06-14,2.970000
2004-06-15,2.770000
2004-06-16,2.840000
2004-06-17,2.810000
2004-06-18,2.810000
2004-06-21,2.800000
2004-06-22,2.800000
2004-06-23,2.780000
2004-06-24,2.740000
2004-06-25,2.740000
2004-06-28,2.860000
2004-06-29,2.830000
2004-06-30,2.700000
2004-07-01,2.640000
2004-07-02,2.540000
2004-07-06,2.560000
2004-07-07,2.560000
2004-07-08,2.550000
2004-07-09,2.550000
2004-07-12,2.530000
2004-07-13,2.580000
2004-07-14,2.620000
2004-07-15,2.640000
2004-07-16,2.540000
2004-07-19,2.560000
2004-07-20,2.670000
2004-07-21,2.710000
2004-07-22,2.690000
2004-07-23,2.690000
2004-07-26,2.750000
2004-07-27,2.820000
2004-07-28,2.780000
2004-07-29,2.750000
2004-07-30,2.680000
2004-08-02,2.660000
2004-08-03,2.660000
2004-08-04,2.660000
2004-08-05,2.640000
2004-08-06,2.400000
2004-08-09,2.450000
2004-08-10,2.550000
2004-08-11,2.540000
2004-08-12,2.520000
2004-08-13,2.470000
2004-08-16,2.510000
2004-08-17,2.440000
2004-08-18,2.440000
2004-08-19,2.430000
2004-08-20,2.460000
2004-08-23,2.500000
2004-08-24,2.500000
2004-08-25,2.510000
2004-08-26,2.480000
2004-08-27,2.480000
2004-08-30,2.470000
2004-08-31,2.410000
2004-09-01,2.410000
2004-09-02,2.460000
2004-09-03,2.610000
2004-09-07,2.580000
2004-09-08,2.500000
2004-09-09,2.500000
2004-09-10,2.500000
2004-09-13,2.500000
2004-09-14,2.470000
2004-09-15,2.510000
2004-09-16,2.440000
2004-09-17,2.530000
2004-09-20,2.460000
2004-09-21,2.490000
2004-09-22,2.500000
2004-09-23,2.570000
2004-09-24,2.620000
2004-09-27,2.590000
2004-09-28,2.550000
2004-09-29,2.610000
2004-09-30,2.630000
2004-10-01,2.630000
2004-10-04,2.650000
2004-10-05,2.650000
2004-10-06,2.700000
2004-10-07,2.720000
2004-10-08,2.610000
2004-10-12,2.560000
2004-10-13,2.530000
2004-10-14,2.480000
2004-10-15,2.530000
2004-10-18,2.550000
2004-10-19,2.570000
2004-10-20,2.530000
2004-10-21,2.570000
2004-10-22,2.550000
2004-10-25,2.540000
2004-10-26,2.540000
2004-10-27,2.630000
2004-10-28,2.590000
2004-10-29,2.560000
2004-11-01,2.610000
2004-11-02,2.600000
2004-11-03,2.600000
2004-11-04,2.630000
2004-11-05,2.800000
2004-11-08,2.800000
2004-11-09,2.800000
2004-11-10,2.820000
2004-11-12,2.860000
2004-11-15,2.890000
2004-11-16,2.910000
2004-11-17,2.850000
2004-11-18,2.860000
2004-11-19,2.950000
2004-11-22,2.950000
2004-11-23,2.980000
2004-11-24,3.010000
2004-11-26,3.030000
2004-11-29,3.070000
2004-11-30,3.020000
2004-12-01,3.010000
2004-12-02,3.040000
2004-12-03,2.940000
2004-12-06,2.930000
2004-12-07,2.950000
2004-12-08,2.910000
2004-12-09,2.930000
2004-12-10,2.950000
2004-12-13,2.980000
2004-12-14,2.990000
2004-12-15,2.970000
2004-12-16,3.010000
2004-12-17,3.030000
2004-12-20,3.060000
2004-12-21,3.050000
2004-12-22,3.040000
2004-12-23,3.020000
2004-12-27,3.070000
2004-12-28,3.080000
2004-12-29,3.120000
2004-12-30,3.100000
2004-12-31,3.080000
2005-01-03,3.100000
2005-01-04,3.200000
2005-01-05,3.220000
2005-01-06,3.180000
2005-01-07,3.200000
2005-01-10,3.230000
2005-01-11,3.240000
2005-01-12,3.220000
2005-01-13,3.210000
2005-01-14,3.240000
2005-01-18,3.260000
2005-01-19,3.260000
2005-01-20,3.210000
2005-01-21,3.160000
2005-01-24,3.200000
2005-01-25,3.230000
2005-01-26,3.270000
2005-01-27,3.280000
2005-01-28,3.250000
2005-01-31,3.290000
2005-02-01,3.290000
2005-02-02,3.320000
2005-02-03,3.340000
2005-02-04,3.290000
2005-02-07,3.310000
2005-02-08,3.330000
2005-02-09,3.240000
2005-02-10,3.290000
2005-02-11,3.340000
2005-02-14,3.380000
2005-02-15,3.370000
2005-02-16,3.410000
2005-02-17,3.380000
2005-02-18,3.450000
2005-02-22,3.460000
2005-02-23,3.460000
2005-02-24,3.520000
2005-02-25,3.540000
2005-02-28,3.590000
2005-03-01,3.590000
2005-03-02,3.570000
2005-03-03,3.590000
2005-03-04,3.570000
2005-03-07,3.610000
2005-03-08,3.620000
2005-03-09,3.660000
2005-03-10,3.680000
2005-03-11,3.730000
2005-03-14,3.750000
2005-03-15,3.750000
2005-03-16,3.720000
2005-03-17,3.700000
2005-03-18,3.720000
2005-03-21,3.720000
2005-03-22,3.860000
2005-03-23,3.840000
2005-03-24,3.880000
2005-03-28,3.900000
2005-03-29,3.870000
2005-03-30,3.860000
2005-03-31,3.800000
2005-04-01,3.750000
2005-04-04,3.740000
2005-04-05,3.750000
2005-04-06,3.700000
2005-04-07,3.720000
2005-04-08,3.770000
2005-04-11,3.750000
2005-04-12,3.710000
2005-04-13,3.660000
2005-04-14,3.600000
2005-04-15,3.540000
2005-04-18,3.550000
2005-04-19,3.500000
2005-04-20,3.520000
2005-04-21,3.650000
2005-04-22,3.620000
2005-04-25,3.640000
2005-04-26,3.670000
2005-04-27,3.640000
2005-04-28,3.590000
2005-04-29,3.660000
2005-05-02,3.640000
2005-05-03,3.680000
2005-05-04,3.630000
2005-05-05,3.580000
2005-05-06,3.730000
2005-05-09,3.760000
2005-05-10,3.690000
2005-05-11,3.680000
2005-05-12,3.660000
2005-05-13,3.610000
2005-05-16,3.610000
2005-05-17,3.610000
2005-05-18,3.560000
2005-05-19,3.640000
2005-05-20,3.690000
2005-05-23,3.650000
2005-05-24,3.610000
2005-05-25,3.610000
2005-05-26,3.640000
2005-05-27,3.640000
2005-05-31,3.600000
2005-06-01,3.500000
2005-06-02,3.520000
2005-06-03,3.570000
2005-06-06,3.590000
2005-06-07,3.570000
2005-06-08,3.600000
2005-06-09,3.640000
2005-06-10,3.710000
2005-06-13,3.710000
2005-06-14,3.710000
2005-06-15,3.720000
2005-06-16,3.700000
2005-06-17,3.720000
2005-06-20,3.720000
2005-06-21,3.710000
2005-06-22,3.620000
2005-06-23,3.630000
2005-06-24,3.590000
2005-06-27,3.600000
2005-06-28,3.650000
2005-06-29,3.650000
2005-06-30,3.660000
2005-07-01,3.760000
2005-07-05,3.790000
2005-07-06,3.770000
2005-07-07,3.710000
2005-07-08,3.780000
2005-07-11,3.810000
2005-07-12,3.820000
2005-07-13,3.840000
2005-07-14,3.860000
2005-07-15,3.860000
2005-07-18,3.890000
2005-07-19,3.880000
2005-07-20,3.900000
2005-07-21,3.960000
2005-07-22,3.920000
2005-07-25,3.950000
2005-07-26,3.950000
2005-07-27,3.990000
2005-07-28,3.960000
2005-07-29,4.020000
2005-08-01,4.040000
2005-08-02,4.060000
2005-08-03,4.020000
2005-08-04,4.040000
2005-08-05,4.110000
2005-08-08,4.160000
2005-08-09,4.130000
2005-08-10,4.130000
2005-08-11,4.100000
2005-08-12,4.050000
2005-08-15,4.080000
2005-08-16,4.030000
2005-08-17,4.070000
2005-08-18,4.010000
2005-08-19,4.030000
2005-08-22,4.030000
2005-08-23,4.010000
2005-08-24,3.990000
2005-08-25,4.000000
2005-08-26,4.060000
2005-08-29,4.060000
2005-08-30,3.970000
2005-08-31,3.840000
2005-09-01,3.720000
2005-09-02,3.750000
2005-09-06,3.800000
2005-09-07,3.870000
2005-09-08,3.870000
2005-09-09,3.880000
2005-09-12,3.920000
2005-09-13,3.880000
2005-09-14,3.900000
2005-09-15,3.900000
2005-09-16,3.970000
2005-09-19,3.930000
2005-09-20,4.000000
2005-09-21,3.960000
2005-09-22,3.950000
2005-09-23,4.020000
2005-09-26,4.070000
2005-09-27,4.080000
2005-09-28,4.090000
2005-09-29,4.130000
2005-09-30,4.180000
2005-10-03,4.210000
2005-10-04,4.220000
2005-10-05,4.210000
2005-10-06,4.200000
2005-10-07,4.180000
2005-10-11,4.220000
2005-10-12,4.240000
2005-10-13,4.240000
2005-10-14,4.270000
2005-10-17,4.290000
2005-10-18,4.270000
2005-10-19,4.250000
2005-10-20,4.270000
2005-10-21,4.220000
2005-10-24,4.250000
2005-10-25,4.340000
2005-10-26,4.380000
2005-10-27,4.360000
2005-10-28,4.400000
2005-10-31,4.400000
2005-11-01,4.420000
2005-11-02,4.430000
2005-11-03,4.470000
2005-11-04,4.470000
2005-11-07,4.470000
2005-11-08,4.430000
2005-11-09,4.490000
2005-11-10,4.440000
2005-11-14,4.500000
2005-11-15,4.470000
2005-11-16,4.420000
2005-11-17,4.370000
2005-11-18,4.400000
2005-11-21,4.390000
2005-11-22,4.320000
2005-11-23,4.360000
2005-11-25,4.330000
2005-11-28,4.330000
2005-11-29,4.400000
2005-11-30,4.420000
2005-12-01,4.450000
2005-12-02,4.430000
2005-12-05,4.470000
2005-12-06,4.420000
2005-12-07,4.420000
2005-12-08,4.370000
2005-12-09,4.430000
2005-12-12,4.450000
2005-12-13,4.430000
2005-12-14,4.370000
2005-12-15,4.370000
2005-12-16,4.370000
2005-12-19,4.380000
2005-12-20,4.420000
2005-12-21,4.430000
2005-12-22,4.400000
2005-12-23,4.370000
2005-12-27,4.350000
2005-12-28,4.370000
2005-12-29,4.380000
2005-12-30,4.410000
2006-01-03,4.340000
2006-01-04,4.310000
2006-01-05,4.320000
2006-01-06,4.360000
2006-01-09,4.360000
2006-01-10,4.410000
2006-01-11,4.440000
2006-01-12,4.390000
2006-01-13,4.340000
2006-01-17,4.330000
2006-01-18,4.330000
2006-01-19,4.370000
2006-01-20,4.370000
2006-01-23,4.350000
2006-01-24,4.370000
2006-01-25,4.460000
2006-01-26,4.490000
2006-01-27,4.510000
2006-01-30,4.520000
2006-01-31,4.540000
2006-02-01,4.590000
2006-02-02,4.590000
2006-02-03,4.590000
2006-02-06,4.620000
2006-02-07,4.610000
2006-02-08,4.640000
2006-02-09,4.660000
2006-02-10,4.690000
2006-02-13,4.680000
2006-02-14,4.690000
2006-02-15,4.710000
2006-02-16,4.690000
2006-02-17,4.660000
2006-02-21,4.710000
2006-02-22,4.680000
2006-02-23,4.720000
2006-02-24,4.740000
2006-02-27,4.740000
2006-02-28,4.690000
2006-03-01,4.710000
2006-03-02,4.720000
2006-03-03,4.760000
2006-03-06,4.770000
2006-03-07,4.770000
2006-03-08,4.720000
2006-03-09,4.720000
2006-03-10,4.740000
2006-03-13,4.740000
2006-03-14,4.660000
2006-03-15,4.690000
2006-03-16,4.620000
2006-03-17,4.650000
2006-03-20,4.650000
2006-03-21,4.720000
2006-03-22,4.740000
2006-03-23,4.770000
2006-03-24,4.720000
2006-03-27,4.720000
2006-03-28,4.810000
2006-03-29,4.820000
2006-03-30,4.840000
2006-03-31,4.820000
2006-04-03,4.860000
2006-04-04,4.840000
2006-04-05,4.810000
2006-04-06,4.840000
2006-04-07,4.890000
2006-04-10,4.890000
2006-04-11,4.880000
2006-04-12,4.910000
2006-04-13,4.960000
2006-04-17,4.910000
2006-04-18,4.840000
2006-04-19,4.860000
2006-04-20,4.890000
2006-04-21,4.900000
2006-04-24,4.890000
2006-04-25,4.950000
2006-04-26,4.990000
2006-04-27,4.910000
2006-04-28,4.870000
2006-05-01,4.940000
2006-05-02,4.920000
2006-05-03,4.940000
2006-05-04,4.970000
2006-05-05,4.940000
2006-05-08,4.970000
2006-05-09,4.970000
2006-05-10,5.010000
2006-05-11,4.990000
2006-05-12,5.010000
2006-05-15,4.990000
2006-05-16,4.960000
2006-05-17,4.970000
2006-05-18,4.940000
2006-05-19,4.960000
2006-05-22,4.940000
2006-05-23,4.970000
2006-05-24,4.940000
2006-05-25,4.980000
2006-05-26,4.960000
2006-05-30,4.990000
2006-05-31,5.040000
2006-06-01,5.040000
2006-06-02,4.920000
2006-06-05,4.990000
2006-06-06,4.990000
2006-06-07,5.020000
2006-06-08,5.010000
2006-06-09,5.010000
2006-06-12,5.020000
2006-06-13,5.020000
2006-06-14,5.110000
2006-06-15,5.140000
2006-06-16,5.160000
2006-06-19,5.190000
2006-06-20,5.190000
2006-06-21,5.200000
2006-06-22,5.230000
2006-06-23,5.270000
2006-06-26,5.270000
2006-06-27,5.240000
2006-06-28,5.290000
2006-06-29,5.210000
2006-06-30,5.160000
2006-07-03,5.170000
2006-07-05,5.240000
2006-07-06,5.220000
2006-07-07,5.170000
2006-07-10,5.170000
2006-07-11,5.170000
2006-07-12,5.170000
2006-07-13,5.120000
2006-07-14,5.080000
2006-07-17,5.120000
2006-07-18,5.190000
2006-07-19,5.120000
2006-07-20,5.060000
2006-07-21,5.080000
2006-07-24,5.100000
2006-07-25,5.110000
2006-07-26,5.060000
2006-07-27,5.070000
2006-07-28,4.980000
2006-07-31,4.970000
2006-08-01,4.970000
2006-08-02,4.970000
2006-08-03,4.980000
2006-08-04,4.910000
2006-08-07,4.960000
2006-08-08,4.910000
2006-08-09,4.910000
2006-08-10,4.930000
2006-08-11,4.960000
2006-08-14,5.010000
2006-08-15,4.940000
2006-08-16,4.870000
2006-08-17,4.890000
2006-08-18,4.870000
2006-08-21,4.850000
2006-08-22,4.870000
2006-08-23,4.870000
2006-08-24,4.880000
2006-08-25,4.860000
2006-08-28,4.880000
2006-08-29,4.870000
2006-08-30,4.830000
2006-08-31,4.790000
2006-09-01,4.770000
2006-09-05,4.800000
2006-09-06,4.820000
2006-09-07,4.820000
2006-09-08,4.800000
2006-09-11,4.830000
2006-09-12,4.820000
2006-09-13,4.800000
2006-09-14,4.830000
2006-09-15,4.870000
2006-09-18,4.880000
2006-09-19,4.790000
2006-09-20,4.810000
2006-09-21,4.710000
2006-09-22,4.670000
2006-09-25,4.630000
2006-09-26,4.680000
2006-09-27,4.660000
2006-09-28,4.680000
2006-09-29,4.710000
2006-10-02,4.660000
2006-10-03,4.670000
2006-10-04,4.600000
2006-10-05,4.650000
2006-10-06,4.740000
2006-10-10,4.820000
2006-10-11,4.850000
2006-10-12,4.850000
2006-10-13,4.870000
2006-10-16,4.850000
2006-10-17,4.830000
2006-10-18,4.850000
2006-10-19,4.850000
2006-10-20,4.870000
2006-10-23,4.900000
2006-10-24,4.910000
2006-10-25,4.880000
2006-10-26,4.810000
2006-10-27,4.760000
2006-10-30,4.780000
2006-10-31,4.710000
2006-11-01,4.660000
2006-11-02,4.670000
2006-11-03,4.820000
2006-11-06,4.820000
2006-11-07,4.770000
2006-11-08,4.750000
2006-11-09,4.750000
2006-11-10,4.730000
2006-11-13,4.760000
2006-11-14,4.740000
2006-11-15,4.800000
2006-11-16,4.850000
2006-11-17,4.760000
2006-11-20,4.760000
2006-11-21,4.750000
2006-11-22,4.740000
2006-11-24,4.730000
2006-11-27,4.710000
2006-11-28,4.670000
2006-11-29,4.690000
2006-11-30,4.620000
2006-12-01,4.520000
2006-12-04,4.520000
2006-12-05,4.520000
2006-12-06,4.590000
2006-12-07,4.580000
2006-12-08,4.680000
2006-12-11,4.670000
2006-12-12,4.610000
2006-12-13,4.700000
2006-12-14,4.730000
2006-12-15,4.730000
2006-12-18,4.710000
2006-12-19,4.710000
2006-12-20,4.710000
2006-12-21,4.660000
2006-12-22,4.710000
2006-12-26,4.710000
2006-12-27,4.770000
2006-12-28,4.820000
2006-12-29,4.820000
2007-01-02,4.800000
2007-01-03,4.760000
2007-01-04,4.710000
2007-01-05,4.760000
2007-01-08,4.780000
2007-01-09,4.790000
2007-01-10,4.810000
2007-01-11,4.860000
2007-01-12,4.880000
2007-01-16,4.860000
2007-01-17,4.910000
2007-01-18,4.890000
2007-01-19,4.930000
2007-01-22,4.910000
2007-01-23,4.940000
2007-01-24,4.930000
2007-01-25,4.980000
2007-01-26,4.990000
2007-01-29,4.990000
2007-01-30,4.980000
2007-01-31,4.940000
2007-02-01,4.960000
2007-02-02,4.940000
2007-02-05,4.920000
2007-02-06,4.900000
2007-02-07,4.870000
2007-02-08,4.870000
2007-02-09,4.920000
2007-02-12,4.940000
2007-02-13,4.950000
2007-02-14,4.870000
2007-02-15,4.830000
2007-02-16,4.830000
2007-02-20,4.810000
2007-02-21,4.820000
2007-02-22,4.870000
2007-02-23,4.820000
2007-02-26,4.770000
2007-02-27,4.590000
2007-02-28,4.650000
2007-03-01,4.630000
2007-03-02,4.560000
2007-03-05,4.530000
2007-03-06,4.580000
2007-03-07,4.540000
2007-03-08,4.560000
2007-03-09,4.660000
2007-03-12,4.620000
2007-03-13,4.520000
2007-03-14,4.540000
2007-03-15,4.570000
2007-03-16,4.580000
2007-03-19,4.610000
2007-03-20,4.600000
2007-03-21,4.510000
2007-03-22,4.580000
2007-03-23,4.600000
2007-03-26,4.560000
2007-03-27,4.580000
2007-03-28,4.530000
2007-03-29,4.580000
2007-03-30,4.580000
2007-04-02,4.600000
2007-04-03,4.630000
2007-04-04,4.610000
2007-04-05,4.630000
2007-04-06,4.750000
2007-04-09,4.730000
2007-04-10,4.710000
2007-04-11,4.730000
2007-04-12,4.730000
2007-04-13,4.760000
2007-04-16,4.740000
2007-04-17,4.680000
2007-04-18,4.640000
2007-04-19,4.640000
2007-04-20,4.640000
2007-04-23,4.620000
2007-04-24,4.580000
2007-04-25,4.630000
2007-04-26,4.670000
2007-04-27,4.670000
2007-04-30,4.600000
2007-05-01,4.630000
2007-05-02,4.650000
2007-05-03,4.710000
2007-05-04,4.680000
2007-05-07,4.680000
2007-05-08,4.680000
2007-05-09,4.730000
2007-05-10,4.700000
2007-05-11,4.710000
2007-05-14,4.730000
2007-05-15,4.750000
2007-05-16,4.730000
2007-05-17,4.780000
2007-05-18,4.820000
2007-05-21,4.810000
2007-05-22,4.830000
2007-05-23,4.850000
2007-05-24,4.850000
2007-05-25,4.850000
2007-05-29,4.880000
2007-05-30,4.890000
2007-05-31,4.920000
2007-06-01,4.970000
2007-06-04,4.970000
2007-06-05,4.990000
2007-06-06,4.970000
2007-06-07,5.030000
2007-06-08,5.010000
2007-06-11,5.010000
2007-06-12,5.080000
2007-06-13,5.080000
2007-06-14,5.100000
2007-06-15,5.050000
2007-06-18,5.010000
2007-06-19,4.940000
2007-06-20,4.970000
2007-06-21,4.980000
2007-06-22,4.920000
2007-06-25,4.870000
2007-06-26,4.900000
2007-06-27,4.910000
2007-06-28,4.960000
2007-06-29,4.870000
2007-07-02,4.860000
2007-07-03,4.890000
2007-07-05,4.990000
2007-07-06,4.990000
2007-07-09,4.970000
2007-07-10,4.850000
2007-07-11,4.890000
2007-07-12,4.940000
2007-07-13,4.940000
2007-07-16,4.890000
2007-07-17,4.910000
2007-07-18,4.840000
2007-07-19,4.870000
2007-07-20,4.790000
2007-07-23,4.800000
2007-07-24,4.770000
2007-07-25,4.740000
2007-07-26,4.560000
2007-07-27,4.560000
2007-07-30,4.590000
2007-07-31,4.560000
2007-08-01,4.560000
2007-08-02,4.590000
2007-08-03,4.460000
2007-08-06,4.460000
2007-08-07,4.560000
2007-08-08,4.640000
2007-08-09,4.490000
2007-08-10,4.470000
2007-08-13,4.460000
2007-08-14,4.390000
2007-08-15,4.270000
2007-08-16,4.080000
2007-08-17,4.180000
2007-08-20,4.110000
2007-08-21,4.050000
2007-08-22,4.150000
2007-08-23,4.200000
2007-08-24,4.300000
2007-08-27,4.280000
2007-08-28,4.130000
2007-08-29,4.140000
2007-08-30,4.080000
2007-08-31,4.150000
2007-09-04,4.130000
2007-09-05,4.030000
2007-09-06,4.080000
2007-09-07,3.900000
2007-09-10,3.870000
2007-09-11,3.950000
2007-09-12,3.950000
2007-09-13,4.080000
2007-09-14,4.050000
2007-09-17,4.080000
2007-09-18,4.000000
2007-09-19,4.000000
2007-09-20,4.100000
2007-09-21,4.060000
2007-09-24,4.050000
2007-09-25,4.000000
2007-09-26,3.970000
2007-09-27,3.950000
2007-09-28,3.970000
2007-10-01,4.020000
2007-10-02,3.980000
2007-10-03,4.020000
2007-10-04,4.000000
2007-10-05,4.080000
2007-10-09,4.150000
2007-10-10,4.150000
2007-10-11,4.130000
2007-10-12,4.230000
2007-10-15,4.220000
2007-10-16,4.120000
2007-10-17,4.000000
2007-10-18,3.930000
2007-10-19,3.800000
2007-10-22,3.850000
2007-10-23,3.810000
2007-10-24,3.740000
2007-10-25,3.740000
2007-10-26,3.770000
2007-10-29,3.790000
2007-10-30,3.820000
2007-10-31,3.940000
2007-11-01,3.770000
2007-11-02,3.660000
2007-11-05,3.690000
2007-11-06,3.700000
2007-11-07,3.610000
2007-11-08,3.470000
2007-11-09,3.420000
2007-11-13,3.540000
2007-11-14,3.570000
2007-11-15,3.350000
2007-11-16,3.330000
2007-11-19,3.180000
2007-11-20,3.140000
2007-11-21,2.990000
2007-11-23,3.070000
2007-11-26,2.920000
2007-11-27,3.050000
2007-11-28,3.170000
2007-11-29,3.060000
2007-11-30,3.040000
2007-12-03,2.900000
2007-12-04,2.900000
2007-12-05,2.900000
2007-12-06,3.030000
2007-12-07,3.120000
2007-12-10,3.170000
2007-12-11,2.940000
2007-12-12,3.070000
2007-12-13,3.210000
2007-12-14,3.310000
2007-12-17,3.240000
2007-12-18,3.190000
2007-12-19,3.120000
2007-12-20,3.090000
2007-12-21,3.190000
2007-12-24,3.240000
2007-12-26,3.310000
2007-12-27,3.240000
2007-12-28,3.120000
2007-12-31,3.050000
2008-01-02,2.880000
2008-01-03,2.830000
2008-01-04,2.740000
2008-01-07,2.760000
2008-01-08,2.760000
2008-01-09,2.690000
2008-01-10,2.710000
2008-01-11,2.590000
2008-01-14,2.580000
2008-01-15,2.530000
2008-01-16,2.510000
2008-01-17,2.440000
2008-01-18,2.360000
2008-01-22,2.080000
2008-01-23,2.090000
2008-01-24,2.250000
2008-01-25,2.230000
2008-01-28,2.200000
2008-01-29,2.290000
2008-01-30,2.300000
2008-01-31,2.170000
2008-02-01,2.090000
2008-02-04,2.080000
2008-02-05,1.930000
2008-02-06,1.960000
2008-02-07,1.990000
2008-02-08,1.930000
2008-02-11,1.930000
2008-02-12,1.940000
2008-02-13,1.910000
2008-02-14,1.930000
2008-02-15,1.910000
2008-02-19,2.060000
2008-02-20,2.140000
2008-02-21,1.980000
2008-02-22,1.980000
2008-02-25,2.130000
2008-02-26,2.040000
2008-02-27,2.010000
2008-02-28,1.870000
2008-02-29,1.650000
2008-03-03,1.610000
2008-03-04,1.650000
2008-03-05,1.660000
2008-03-06,1.530000
2008-03-07,1.530000
2008-03-10,1.470000
2008-03-11,1.740000
2008-03-12,1.630000
2008-03-13,1.630000
2008-03-14,1.470000
2008-03-17,1.350000
2008-03-18,1.580000
2008-03-19,1.540000
2008-03-20,1.590000
2008-03-24,1.840000
2008-03-25,1.790000
2008-03-26,1.710000
2008-03-27,1.730000
2008-03-28,1.670000
2008-03-31,1.620000
2008-04-01,1.800000
2008-04-02,1.880000
2008-04-03,1.910000
2008-04-04,1.830000
2008-04-07,1.950000
2008-04-08,1.870000
2008-04-09,1.770000
2008-04-10,1.840000
2008-04-11,1.760000
2008-04-14,1.780000
2008-04-15,1.840000
2008-04-16,1.980000
2008-04-17,2.130000
2008-04-18,2.190000
2008-04-21,2.200000
2008-04-22,2.240000
2008-04-23,2.220000
2008-04-24,2.410000
2008-04-25,2.440000
2008-04-28,2.360000
2008-04-29,2.350000
2008-04-30,2.290000
2008-05-01,2.370000
2008-05-02,2.470000
2008-05-05,2.420000
2008-05-06,2.380000
2008-05-07,2.310000
2008-05-08,2.250000
2008-05-09,2.250000
2008-05-12,2.300000
2008-05-13,2.470000
2008-05-14,2.530000
2008-05-15,2.450000
2008-05-16,2.470000
2008-05-19,2.420000
2008-05-20,2.340000
2008-05-21,2.410000
2008-05-22,2.560000
2008-05-23,2.460000
2008-05-27,2.550000
2008-05-28,2.620000
2008-05-29,2.670000
2008-05-30,2.660000
2008-06-02,2.510000
2008-06-03,2.450000
2008-06-04,2.470000
2008-06-05,2.520000
2008-06-06,2.400000
2008-06-09,2.730000
2008-06-10,2.910000
2008-06-11,2.830000
2008-06-12,3.030000
2008-06-13,3.050000
2008-06-16,3.020000
2008-06-17,2.940000
2008-06-18,2.890000
2008-06-19,2.990000
2008-06-20,2.880000
2008-06-23,2.980000
2008-06-24,2.870000
2008-06-25,2.820000
2008-06-26,2.680000
2008-06-27,2.650000
2008-06-30,2.630000
2008-07-01,2.630000
2008-07-02,2.600000
2008-07-03,2.540000
2008-07-07,2.470000
2008-07-08,2.470000
2008-07-09,2.410000
2008-07-10,2.440000
2008-07-11,2.590000
2008-07-14,2.470000
2008-07-15,2.390000
2008-07-16,2.440000
2008-07-17,2.580000
2008-07-18,2.660000
2008-07-21,2.660000
2008-07-22,2.740000
2008-07-23,2.810000
2008-07-24,2.610000
2008-07-25,2.700000
2008-07-28,2.590000
2008-07-29,2.650000
2008-07-30,2.640000
2008-07-31,2.520000
2008-08-01,2.510000
2008-08-04,2.530000
2008-08-05,2.540000
2008-08-06,2.560000
2008-08-07,2.430000
2008-08-08,2.510000
2008-08-11,2.560000
2008-08-12,2.450000
2008-08-13,2.500000
2008-08-14,2.450000
2008-08-15,2.400000
2008-08-18,2.350000
2008-08-19,2.320000
2008-08-20,2.250000
2008-08-21,2.330000
2008-08-22,2.420000
2008-08-25,2.330000
2008-08-26,2.350000
2008-08-27,2.310000
2008-08-28,2.370000
2008-08-29,2.360000
2008-09-02,2.260000
2008-09-03,2.260000
2008-09-04,2.200000
2008-09-05,2.230000
2008-09-08,2.300000
2008-09-09,2.230000
2008-09-10,2.220000
2008-09-11,2.180000
2008-09-12,2.230000
2008-09-15,1.780000
2008-09-16,1.890000
2008-09-17,1.640000
2008-09-18,1.780000
2008-09-19,2.160000
2008-09-22,2.130000
2008-09-23,2.110000
2008-09-24,2.030000
2008-09-25,2.160000
2008-09-26,2.110000
2008-09-29,1.700000
2008-09-30,2.000000
2008-10-01,1.820000
2008-10-02,1.620000
2008-10-03,1.600000
2008-10-06,1.430000
2008-10-07,1.470000
2008-10-08,1.650000
2008-10-09,1.650000
2008-10-10,1.620000
2008-10-14,1.820000
2008-10-15,1.640000
2008-10-16,1.610000
2008-10-17,1.640000
2008-10-20,1.710000
2008-10-21,1.580000
2008-10-22,1.530000
2008-10-23,1.540000
2008-10-24,1.570000
2008-10-27,1.590000
2008-10-28,1.650000
2008-10-29,1.580000
2008-10-30,1.590000
2008-10-31,1.560000
2008-11-03,1.450000
2008-11-04,1.390000
2008-11-05,1.360000
2008-11-06,1.280000
2008-11-07,1.330000
2008-11-10,1.270000
2008-11-12,1.190000
2008-11-13,1.240000
2008-11-14,1.220000
2008-11-17,1.220000
2008-11-18,1.150000
2008-11-19,1.090000
2008-11-20,1.000000
2008-11-21,1.090000
2008-11-24,1.310000
2008-11-25,1.150000
2008-11-26,1.090000
2008-11-28,1.000000
2008-12-01,0.900000
2008-12-02,0.900000
2008-12-03,0.870000
2008-12-04,0.820000
2008-12-05,0.930000
2008-12-08,0.970000
2008-12-09,0.840000
2008-12-10,0.860000
2008-12-11,0.790000
2008-12-12,0.780000
2008-12-15,0.750000
2008-12-16,0.650000
2008-12-17,0.730000
2008-12-18,0.680000
2008-12-19,0.740000
2008-12-22,0.870000
2008-12-23,0.900000
2008-12-24,0.900000
2008-12-26,0.890000
2008-12-29,0.780000
2008-12-30,0.750000
2008-12-31,0.760000
2009-01-02,0.880000
2009-01-05,0.780000
2009-01-06,0.800000
2009-01-07,0.820000
2009-01-08,0.830000
2009-01-09,0.750000
2009-01-12,0.740000
2009-01-13,0.760000
2009-01-14,0.730000
2009-01-15,0.730000
2009-01-16,0.730000
2009-01-20,0.730000
2009-01-21,0.780000
2009-01-22,0.750000
2009-01-23,0.830000
2009-01-26,0.850000
2009-01-27,0.870000
2009-01-28,0.890000
2009-01-29,0.950000
2009-01-30,0.940000
2009-02-02,0.890000
2009-02-03,0.960000
2009-02-04,0.980000
2009-02-05,0.980000
2009-02-06,0.990000
2009-02-09,1.050000
2009-02-10,0.920000
2009-02-11,0.930000
2009-02-12,0.890000
2009-02-13,0.970000
2009-02-17,0.870000
2009-02-18,0.970000
2009-02-19,1.010000
2009-02-20,0.960000
2009-02-23,0.960000
2009-02-24,1.030000
2009-02-25,1.090000
2009-02-26,1.080000
2009-02-27,1.000000
2009-03-02,0.890000
2009-03-03,0.910000
2009-03-04,0.970000
2009-03-05,0.900000
2009-03-06,0.910000
2009-03-09,0.960000
2009-03-10,1.010000
2009-03-11,1.030000
2009-03-12,1.030000
2009-03-13,0.980000
2009-03-16,1.000000
2009-03-17,1.050000
2009-03-18,0.820000
2009-03-19,0.870000
2009-03-20,0.890000
2009-03-23,0.930000
2009-03-24,0.930000
2009-03-25,0.960000
2009-03-26,0.900000
2009-03-27,0.900000
2009-03-30,0.840000
2009-03-31,0.810000
2009-04-01,0.830000
2009-04-02,0.880000
2009-04-03,0.960000
2009-04-06,0.940000
2009-04-07,0.910000
2009-04-08,0.930000
2009-04-09,0.960000
2009-04-13,0.890000
2009-04-14,0.860000
2009-04-15,0.860000
2009-04-16,0.910000
2009-04-17,0.990000
2009-04-20,0.930000
2009-04-21,0.960000
2009-04-22,1.000000
2009-04-23,0.970000
2009-04-24,0.990000
2009-04-27,0.900000
2009-04-28,0.950000
2009-04-29,0.940000
2009-04-30,0.910000
2009-05-01,0.920000
2009-05-04,0.940000
2009-05-05,0.980000
2009-05-06,0.960000
2009-05-07,1.000000
2009-05-08,1.000000
2009-05-11,0.920000
2009-05-12,0.900000
2009-05-13,0.890000
2009-05-14,0.870000
2009-05-15,0.880000
2009-05-18,0.930000
2009-05-19,0.910000
2009-05-20,0.870000
2009-05-21,0.890000
2009-05-22,0.920000
2009-05-26,0.960000
2009-05-27,0.960000
2009-05-28,0.970000
2009-05-29,0.920000
2009-06-01,0.970000
2009-06-02,0.960000
2009-06-03,0.910000
2009-06-04,0.960000
2009-06-05,1.320000
2009-06-08,1.420000
2009-06-09,1.330000
2009-06-10,1.380000
2009-06-11,1.350000
2009-06-12,1.300000
2009-06-15,1.260000
2009-06-16,1.230000
2009-06-17,1.190000
2009-06-18,1.280000
2009-06-19,1.250000
2009-06-22,1.170000
2009-06-23,1.140000
2009-06-24,1.190000
2009-06-25,1.120000
2009-06-26,1.100000
2009-06-29,1.110000
2009-06-30,1.110000
2009-07-01,1.050000
2009-07-02,0.980000
2009-07-06,0.960000
2009-07-07,0.980000
2009-07-08,0.910000
2009-07-09,0.940000
2009-07-10,0.910000
2009-07-13,0.920000
2009-07-14,0.970000
2009-07-15,1.030000
2009-07-16,1.000000
2009-07-17,1.020000
2009-07-20,0.990000
2009-07-21,0.960000
2009-07-22,0.980000
2009-07-23,1.080000
2009-07-24,1.050000
2009-07-27,1.080000
2009-07-28,1.120000
2009-07-29,1.170000
2009-07-30,1.190000
2009-07-31,1.130000
2009-08-03,1.180000
2009-08-04,1.200000
2009-08-05,1.230000
2009-08-06,1.220000
2009-08-07,1.320000
2009-08-10,1.240000
2009-08-11,1.210000
2009-08-12,1.180000
2009-08-13,1.120000
2009-08-14,1.070000
2009-08-17,1.040000
2009-08-18,1.060000
2009-08-19,1.010000
2009-08-20,1.030000
2009-08-21,1.130000
2009-08-24,1.050000
2009-08-25,1.050000
2009-08-26,1.060000
2009-08-27,1.040000
2009-08-28,1.010000
2009-08-31,0.970000
2009-09-01,0.920000
2009-09-02,0.890000
2009-09-03,0.910000
2009-09-04,0.940000
2009-09-08,0.930000
2009-09-09,0.930000
2009-09-10,0.900000
2009-09-11,0.900000
2009-09-14,0.940000
2009-09-15,0.960000
2009-09-16,1.010000
2009-09-17,0.980000
2009-09-18,1.030000
2009-09-21,1.020000
2009-09-22,1.020000
2009-09-23,0.960000
2009-09-24,0.930000
2009-09-25,0.980000
2009-09-28,0.980000
2009-09-29,1.000000
2009-09-30,0.950000
2009-10-01,0.870000
2009-10-02,0.880000
2009-10-05,0.880000
2009-10-06,0.910000
2009-10-07,0.870000
2009-10-08,0.900000
2009-10-09,0.980000
2009-10-13,0.910000
2009-10-14,0.960000
2009-10-15,0.970000
2009-10-16,0.970000
2009-10-19,0.990000
2009-10-20,0.950000
2009-10-21,1.000000
2009-10-22,0.970000
2009-10-23,1.040000
2009-10-26,1.060000
2009-10-27,0.990000
2009-10-28,0.950000
2009-10-29,0.980000
2009-10-30,0.900000
2009-11-02,0.920000
2009-11-03,0.920000
2009-11-04,0.910000
2009-11-05,0.900000
2009-11-06,0.860000
2009-11-09,0.870000
2009-11-10,0.850000
2009-11-12,0.820000
2009-11-13,0.820000
2009-11-16,0.780000
2009-11-17,0.780000
2009-11-18,0.770000
2009-11-19,0.730000
2009-11-20,0.750000
2009-11-23,0.770000
2009-11-24,0.730000
2009-11-25,0.730000
2009-11-27,0.680000
2009-11-30,0.670000
2009-12-01,0.670000
2009-12-02,0.720000
2009-12-03,0.740000
2009-12-04,0.840000
2009-12-07,0.780000
2009-12-08,0.730000
2009-12-09,0.760000
2009-12-10,0.780000
2009-12-11,0.830000
2009-12-14,0.870000
2009-12-15,0.880000
2009-12-16,0.850000
2009-12-17,0.770000
2009-12-18,0.820000
2009-12-21,0.890000
2009-12-22,0.950000
2009-12-23,0.960000
2009-12-24,1.000000
2009-12-28,1.090000
2009-12-29,1.090000
2009-12-30,1.080000
2009-12-31,1.140000
2010-01-04,1.090000
2010-01-05,1.010000
2010-01-06,1.010000
2010-01-07,1.030000
2010-01-08,0.960000
2010-01-11,0.950000
2010-01-12,0.920000
2010-01-13,0.970000
2010-01-14,0.940000
2010-01-15,0.890000
2010-01-19,0.930000
2010-01-20,0.920000
2010-01-21,0.870000
2010-01-22,0.840000
2010-01-25,0.860000
2010-01-26,0.870000
2010-01-27,0.900000
2010-01-28,0.870000
2010-01-29,0.820000
2010-02-01,0.860000
2010-02-02,0.860000
2010-02-03,0.880000
2010-02-04,0.800000
2010-02-05,0.770000
2010-02-08,0.790000
2010-02-09,0.840000
2010-02-10,0.910000
2010-02-11,0.910000
2010-02-12,0.840000
2010-02-16,0.820000
2010-02-17,0.870000
2010-02-18,0.900000
2010-02-19,0.950000
2010-02-22,0.910000
2010-02-23,0.870000
2010-02-24,0.870000
2010-02-25,0.820000
2010-02-26,0.810000
2010-03-01,0.800000
2010-03-02,0.800000
2010-03-03,0.820000
2010-03-04,0.860000
2010-03-05,0.910000
2010-03-08,0.900000
2010-03-09,0.890000
2010-03-10,0.920000
2010-03-11,0.970000
2010-03-12,0.970000
2010-03-15,0.960000
2010-03-16,0.930000
2010-03-17,0.950000
2010-03-18,0.980000
2010-03-19,1.020000
2010-03-22,1.010000
2010-03-23,1.020000
2010-03-24,1.080000
2010-03-25,1.100000
2010-03-26,1.040000
2010-03-29,1.040000
2010-03-30,1.060000
2010-03-31,1.020000
2010-04-01,1.050000
2010-04-02,1.110000
2010-04-05,1.180000
2010-04-06,1.140000
2010-04-07,1.060000
2010-04-08,1.090000
2010-04-09,1.080000
2010-04-12,1.070000
2010-04-13,1.070000
2010-04-14,1.070000
2010-04-15,1.040000
2010-04-16,0.980000
2010-04-19,1.010000
2010-04-20,1.050000
2010-04-21,1.030000
2010-04-22,1.070000
2010-04-23,1.100000
2010-04-26,1.090000
2010-04-27,1.030000
2010-04-28,1.030000
2010-04-29,1.010000
2010-04-30,0.970000
2010-05-03,1.000000
2010-05-04,0.960000
2010-05-05,0.880000
2010-05-06,0.750000
2010-05-07,0.830000
2010-05-10,0.870000
2010-05-11,0.850000
2010-05-12,0.890000
2010-05-13,0.870000
2010-05-14,0.790000
2010-05-17,0.810000
2010-05-18,0.760000
2010-05-19,0.800000
2010-05-20,0.760000
2010-05-21,0.760000
2010-05-24,0.770000
2010-05-25,0.810000
2010-05-26,0.820000
2010-05-27,0.870000
2010-05-28,0.760000
2010-06-01,0.780000
2010-06-02,0.820000
2010-06-03,0.820000
2010-06-04,0.720000
2010-06-07,0.740000
2010-06-08,0.740000
2010-06-09,0.740000
2010-06-10,0.790000
2010-06-11,0.750000
2010-06-14,0.770000
2010-06-15,0.790000
2010-06-16,0.750000
2010-06-17,0.720000
2010-06-18,0.740000
2010-06-21,0.740000
2010-06-22,0.710000
2010-06-23,0.660000
2010-06-24,0.670000
2010-06-25,0.650000
2010-06-28,0.620000
2010-06-29,0.610000
2010-06-30,0.610000
2010-07-01,0.630000
2010-07-02,0.630000
2010-07-06,0.620000
2010-07-07,0.630000
2010-07-08,0.630000
2010-07-09,0.630000
2010-07-12,0.650000
2010-07-13,0.670000
2010-07-14,0.620000
2010-07-15,0.610000
2010-07-16,0.610000
2010-07-19,0.610000
2010-07-20,0.610000
2010-07-21,0.580000
2010-07-22,0.600000
2010-07-23,0.600000
2010-07-26,0.620000
2010-07-27,0.650000
2010-07-28,0.610000
2010-07-29,0.590000
2010-07-30,0.550000
2010-08-02,0.560000
2010-08-03,0.530000
2010-08-04,0.560000
2010-08-05,0.530000
2010-08-06,0.500000
2010-08-09,0.540000
2010-08-10,0.520000
2010-08-11,0.540000
2010-08-12,0.550000
2010-08-13,0.540000
2010-08-16,0.510000
2010-08-17,0.520000
2010-08-18,0.510000
2010-08-19,0.490000
2010-08-20,0.490000
2010-08-23,0.490000
2010-08-24,0.500000
2010-08-25,0.530000
2010-08-26,0.510000
2010-08-27,0.560000
2010-08-30,0.500000
2010-08-31,0.470000
2010-09-01,0.500000
2010-09-02,0.500000
2010-09-03,0.520000
2010-09-07,0.490000
2010-09-08,0.520000
2010-09-09,0.570000
2010-09-10,0.580000
2010-09-13,0.530000
2010-09-14,0.500000
2010-09-15,0.500000
2010-09-16,0.480000
2010-09-17,0.480000
2010-09-20,0.470000
2010-09-21,0.430000
2010-09-22,0.440000
2010-09-23,0.450000
2010-09-24,0.450000
2010-09-27,0.440000
2010-09-28,0.370000
2010-09-29,0.440000
2010-09-30,0.420000
2010-10-01,0.420000
2010-10-04,0.410000
2010-10-05,0.410000
2010-10-06,0.380000
2010-10-07,0.360000
2010-10-08,0.350000
2010-10-12,0.370000
2010-10-13,0.370000
2010-10-14,0.380000
2010-10-15,0.370000
2010-10-18,0.380000
2010-10-19,0.370000
2010-10-20,0.350000
2010-10-21,0.370000
2010-10-22,0.350000
2010-10-25,0.370000
2010-10-26,0.400000
2010-10-27,0.400000
2010-10-28,0.370000
2010-10-29,0.340000
2010-11-01,0.340000
2010-11-02,0.340000
2010-11-03,0.340000
2010-11-04,0.330000
2010-11-05,0.380000
2010-11-08,0.410000
2010-11-09,0.460000
2010-11-10,0.440000
2010-11-12,0.510000
2010-11-15,0.530000
2010-11-16,0.510000
2010-11-17,0.500000
2010-11-18,0.520000
2010-11-19,0.520000
2010-11-22,0.490000
2010-11-23,0.450000
2010-11-24,0.530000
2010-11-26,0.510000
2010-11-29,0.520000
2010-11-30,0.450000
2010-12-01,0.530000
2010-12-02,0.550000
2010-12-03,0.490000
2010-12-06,0.420000
2010-12-07,0.540000
2010-12-08,0.630000
2010-12-09,0.640000
2010-12-10,0.640000
2010-12-13,0.610000
2010-12-14,0.660000
2010-12-15,0.680000
2010-12-16,0.660000
2010-12-17,0.610000
2010-12-20,0.620000
2010-12-21,0.630000
2010-12-22,0.650000
2010-12-23,0.670000
2010-12-27,0.710000
2010-12-28,0.750000
2010-12-29,0.640000
2010-12-30,0.660000
2010-12-31,0.610000
2011-01-03,0.610000
2011-01-04,0.630000
2011-01-05,0.710000
2011-01-06,0.680000
2011-01-07,0.600000
2011-01-10,0.590000
2011-01-11,0.600000
2011-01-12,0.610000
2011-01-13,0.590000
2011-01-14,0.590000
2011-01-18,0.600000
2011-01-19,0.600000
2011-01-20,0.650000
2011-01-21,0.630000
2011-01-24,0.650000
2011-01-25,0.620000
2011-01-26,0.620000
2011-01-27,0.590000
2011-01-28,0.540000
2011-01-31,0.580000
2011-02-01,0.610000
2011-02-02,0.670000
2011-02-03,0.710000
2011-02-04,0.770000
2011-02-07,0.780000
2011-02-08,0.860000
2011-02-09,0.810000
2011-02-10,0.850000
2011-02-11,0.850000
2011-02-14,0.870000
2011-02-15,0.840000
2011-02-16,0.860000
2011-02-17,0.800000
2011-02-18,0.780000
2011-02-22,0.740000
2011-02-23,0.740000
2011-02-24,0.730000
2011-02-25,0.720000
2011-02-28,0.690000
2011-03-01,0.660000
2011-03-02,0.690000
2011-03-03,0.790000
2011-03-04,0.680000
2011-03-07,0.700000
2011-03-08,0.730000
2011-03-09,0.700000
2011-03-10,0.650000
2011-03-11,0.640000
2011-03-14,0.610000
2011-03-15,0.630000
2011-03-16,0.580000
2011-03-17,0.600000
2011-03-18,0.610000
2011-03-21,0.670000
2011-03-22,0.680000
2011-03-23,0.690000
2011-03-24,0.720000
2011-03-25,0.790000
2011-03-28,0.810000
2011-03-29,0.810000
2011-03-30,0.800000
2011-03-31,0.800000
2011-04-01,0.800000
2011-04-04,0.770000
2011-04-05,0.840000
2011-04-06,0.850000
2011-04-07,0.810000
2011-04-08,0.830000
2011-04-11,0.850000
2011-04-12,0.770000
2011-04-13,0.750000
2011-04-14,0.770000
2011-04-15,0.710000
2011-04-18,0.690000
2011-04-19,0.680000
2011-04-20,0.690000
2011-04-21,0.680000
2011-04-25,0.670000
2011-04-26,0.650000
2011-04-27,0.650000
2011-04-28,0.620000
2011-04-29,0.610000
2011-05-02,0.610000
2011-05-03,0.610000
2011-05-04,0.600000
2011-05-05,0.580000
2011-05-06,0.570000
2011-05-09,0.570000
2011-05-10,0.590000
2011-05-11,0.560000
2011-05-12,0.570000
2011-05-13,0.570000
2011-05-16,0.540000
2011-05-17,0.550000
2011-05-18,0.580000
2011-05-19,0.550000
2011-05-20,0.550000
2011-05-23,0.550000
2011-05-24,0.560000
2011-05-25,0.540000
2011-05-26,0.480000
2011-05-27,0.480000
2011-05-31,0.450000
2011-06-01,0.440000
2011-06-02,0.450000
2011-06-03,0.420000
2011-06-06,0.430000
2011-06-07,0.390000
2011-06-08,0.390000
2011-06-09,0.430000
2011-06-10,0.410000
2011-06-13,0.400000
2011-06-14,0.450000
2011-06-15,0.380000
2011-06-16,0.380000
2011-06-17,0.380000
2011-06-20,0.380000
2011-06-21,0.400000
2011-06-22,0.390000
2011-06-23,0.350000
2011-06-24,0.350000
2011-06-27,0.410000
2011-06-28,0.480000
2011-06-29,0.470000
2011-06-30,0.450000
2011-07-01,0.500000
2011-07-05,0.440000
2011-07-06,0.430000
2011-07-07,0.490000
2011-07-08,0.400000
2011-07-11,0.370000
2011-07-12,0.370000
2011-07-13,0.370000
2011-07-14,0.380000
2011-07-15,0.370000
2011-07-18,0.370000
2011-07-19,0.390000
2011-07-20,0.400000
2011-07-21,0.400000
2011-07-22,0.400000
2011-07-25,0.420000
2011-07-26,0.410000
2011-07-27,0.440000
2011-07-28,0.420000
2011-07-29,0.360000
2011-08-01,0.380000
2011-08-02,0.330000
2011-08-03,0.330000
2011-08-04,0.270000
2011-08-05,0.280000
2011-08-08,0.270000
2011-08-09,0.190000
2011-08-10,0.190000
2011-08-11,0.190000
2011-08-12,0.200000
2011-08-15,0.190000
2011-08-16,0.200000
2011-08-17,0.190000
2011-08-18,0.200000
2011-08-19,0.200000
2011-08-22,0.220000
2011-08-23,0.220000
2011-08-24,0.230000
2011-08-25,0.220000
2011-08-26,0.200000
2011-08-29,0.200000
2011-08-30,0.200000
2011-08-31,0.200000
2011-09-01,0.190000
2011-09-02,0.200000
2011-09-06,0.210000
2011-09-07,0.210000
2011-09-08,0.190000
2011-09-09,0.170000
2011-09-12,0.210000
2011-09-13,0.210000
2011-09-14,0.190000
2011-09-15,0.210000
2011-09-16,0.180000
2011-09-19,0.160000
2011-09-20,0.180000
2011-09-21,0.210000
2011-09-22,0.200000
2011-09-23,0.230000
2011-09-26,0.250000
2011-09-27,0.250000
2011-09-28,0.270000
2011-09-29,0.270000
2011-09-30,0.250000
2011-10-03,0.240000
2011-10-04,0.250000
2011-10-05,0.250000
2011-10-06,0.290000
2011-10-07,0.300000
2011-10-11,0.320000
2011-10-12,0.290000
2011-10-13,0.290000
2011-10-14,0.280000
2011-10-17,0.280000
2011-10-18,0.280000
2011-10-19,0.280000
2011-10-20,0.280000
2011-10-21,0.300000
2011-10-24,0.300000
2011-10-25,0.260000
2011-10-26,0.280000
2011-10-27,0.310000
2011-10-28,0.280000
2011-10-31,0.250000
2011-11-01,0.230000
2011-11-02,0.230000
2011-11-03,0.240000
2011-11-04,0.220000
2011-11-07,0.250000
2011-11-08,0.250000
2011-11-09,0.240000
2011-11-10,0.240000
2011-11-14,0.240000
2011-11-15,0.260000
2011-11-16,0.260000
2011-11-17,0.270000
2011-11-18,0.290000
2011-11-21,0.270000
2011-11-22,0.260000
2011-11-23,0.260000
2011-11-25,0.280000
2011-11-28,0.260000
2011-11-29,0.270000
2011-11-30,0.250000
2011-12-01,0.270000
2011-12-02,0.250000
2011-12-05,0.270000
2011-12-06,0.250000
2011-12-07,0.240000
2011-12-08,0.220000
2011-12-09,0.220000
2011-12-12,0.240000
2011-12-13,0.240000
2011-12-14,0.250000
2011-12-15,0.260000
2011-12-16,0.240000
2011-12-19,0.240000
2011-12-20,0.260000
2011-12-21,0.280000
2011-12-22,0.280000
2011-12-23,0.280000
2011-12-27,0.300000
2011-12-28,0.280000
2011-12-29,0.280000
2011-12-30,0.250000
2012-01-03,0.270000
2012-01-04,0.250000
2012-01-05,0.270000
2012-01-06,0.250000
2012-01-09,0.260000
2012-01-10,0.240000
2012-01-11,0.240000
2012-01-12,0.220000
2012-01-13,0.240000
2012-01-17,0.210000
2012-01-18,0.240000
2012-01-19,0.260000
2012-01-20,0.260000
2012-01-23,0.260000
2012-01-24,0.240000
2012-01-25,0.220000
2012-01-26,0.220000
2012-01-27,0.220000
2012-01-30,0.220000
2012-01-31,0.220000
2012-02-01,0.230000
2012-02-02,0.230000
2012-02-03,0.230000
2012-02-06,0.240000
2012-02-07,0.250000
2012-02-08,0.270000
2012-02-09,0.270000
2012-02-10,0.270000
2012-02-13,0.290000
2012-02-14,0.290000
2012-02-15,0.290000
2012-02-16,0.290000
2012-02-17,0.290000
2012-02-21,0.310000
2012-02-22,0.290000
2012-02-23,0.310000
2012-02-24,0.310000
2012-02-27,0.300000
2012-02-28,0.300000
2012-02-29,0.300000
2012-03-01,0.300000
2012-03-02,0.280000
2012-03-05,0.310000
2012-03-06,0.300000
2012-03-07,0.300000
2012-03-08,0.320000
2012-03-09,0.330000
2012-03-12,0.330000
2012-03-13,0.350000
2012-03-14,0.400000
2012-03-15,0.370000
2012-03-16,0.370000
2012-03-19,0.390000
2012-03-20,0.410000
2012-03-21,0.390000
2012-03-22,0.370000
2012-03-23,0.370000
2012-03-26,0.360000
2012-03-27,0.330000
2012-03-28,0.340000
2012-03-29,0.330000
2012-03-30,0.330000
2012-04-02,0.330000
2012-04-03,0.360000
2012-04-04,0.350000
2012-04-05,0.350000
2012-04-06,0.320000
2012-04-09,0.320000
2012-04-10,0.280000
2012-04-11,0.300000
2012-04-12,0.290000
2012-04-13,0.270000
2012-04-16,0.270000
2012-04-17,0.270000
2012-04-18,0.270000
2012-04-19,0.270000
2012-04-20,0.290000
2012-04-23,0.270000
2012-04-24,0.270000
2012-04-25,0.260000
2012-04-26,0.260000
2012-04-27,0.260000
2012-04-30,0.270000
2012-05-01,0.270000
2012-05-02,0.270000
2012-05-03,0.280000
2012-05-04,0.270000
2012-05-07,0.270000
2012-05-08,0.270000
2012-05-09,0.270000
2012-05-10,0.270000
2012-05-11,0.270000
2012-05-14,0.290000
2012-05-15,0.290000
2012-05-16,0.300000
2012-05-17,0.320000
2012-05-18,0.320000
2012-05-21,0.300000
2012-05-22,0.300000
2012-05-23,0.280000
2012-05-24,0.290000
2012-05-25,0.300000
2012-05-29,0.300000
2012-05-30,0.270000
2012-05-31,0.270000
2012-06-01,0.250000
2012-06-04,0.250000
2012-06-05,0.250000
2012-06-06,0.260000
2012-06-07,0.270000
2012-06-08,0.280000
2012-06-11,0.270000
2012-06-12,0.300000
2012-06-13,0.300000
2012-06-14,0.300000
2012-06-15,0.290000
2012-06-18,0.290000
2012-06-19,0.300000
2012-06-20,0.320000
2012-06-21,0.320000
2012-06-22,0.310000
2012-06-25,0.310000
2012-06-26,0.310000
2012-06-27,0.310000
2012-06-28,0.310000
2012-06-29,0.330000
2012-07-02,0.300000
2012-07-03,0.300000
2012-07-05,0.280000
2012-07-06,0.270000
2012-07-09,0.270000
2012-07-10,0.270000
2012-07-11,0.270000
2012-07-12,0.250000
2012-07-13,0.250000
2012-07-16,0.240000
2012-07-17,0.250000
2012-07-18,0.220000
2012-07-19,0.220000
2012-07-20,0.220000
2012-07-23,0.220000
2012-07-24,0.220000
2012-07-25,0.220000
2012-07-26,0.230000
2012-07-27,0.250000
2012-07-30,0.230000
2012-07-31,0.230000
2012-08-01,0.240000
2012-08-02,0.240000
2012-08-03,0.240000
2012-08-06,0.240000
2012-08-07,0.270000
2012-08-08,0.290000
2012-08-09,0.290000
2012-08-10,0.270000
2012-08-13,0.270000
2012-08-14,0.270000
2012-08-15,0.270000
2012-08-16,0.290000
2012-08-17,0.290000
2012-08-20,0.290000
2012-08-21,0.310000
2012-08-22,0.260000
2012-08-23,0.260000
2012-08-24,0.280000
2012-08-27,0.280000
2012-08-28,0.270000
2012-08-29,0.270000
2012-08-30,0.270000
2012-08-31,0.220000
2012-09-04,0.230000
2012-09-05,0.250000
2012-09-06,0.270000
2012-09-07,0.250000
2012-09-10,0.250000
2012-09-11,0.250000
2012-09-12,0.250000
2012-09-13,0.240000
2012-09-14,0.270000
2012-09-17,0.250000
2012-09-18,0.250000
2012-09-19,0.270000
2012-09-20,0.270000
2012-09-21,0.270000
2012-09-24,0.270000
2012-09-25,0.270000
2012-09-26,0.260000
2012-09-27,0.250000
2012-09-28,0.230000
2012-10-01,0.250000
2012-10-02,0.230000
2012-10-03,0.230000
2012-10-04,0.230000
2012-10-05,0.270000
2012-10-09,0.250000
2012-10-10,0.270000
2012-10-11,0.280000
2012-10-12,0.270000
2012-10-15,0.270000
2012-10-16,0.270000
2012-10-17,0.300000
2012-10-18,0.290000
2012-10-19,0.300000
2012-10-22,0.320000
2012-10-23,0.290000
2012-10-24,0.290000
2012-10-25,0.310000
2012-10-26,0.300000
2012-10-29,0.300000
2012-10-31,0.300000
2012-11-01,0.300000
2012-11-02,0.280000
2012-11-05,0.280000
2012-11-06,0.300000
2012-11-07,0.270000
2012-11-08,0.270000
2012-11-09,0.270000
2012-11-13,0.270000
2012-11-14,0.250000
2012-11-15,0.240000
2012-11-16,0.240000
2012-11-19,0.250000
2012-11-20,0.270000
2012-11-21,0.270000
2012-11-23,0.290000
2012-11-26,0.270000
2012-11-27,0.270000
2012-11-28,0.270000
2012-11-29,0.250000
2012-11-30,0.250000
2012-12-03,0.250000
2012-12-04,0.250000
2012-12-05,0.250000
2012-12-06,0.250000
2012-12-07,0.250000
2012-12-10,0.240000
2012-12-11,0.240000
2012-12-12,0.250000
2012-12-13,0.270000
2012-12-14,0.240000
2012-12-17,0.250000
2012-12-18,0.280000
2012-12-19,0.280000
2012-12-20,0.280000
2012-12-21,0.260000
2012-12-24,0.260000
2012-12-26,0.260000
2012-12-27,0.260000
2012-12-28,0.270000
2012-12-31,0.250000
2013-01-02,0.270000
2013-01-03,0.270000
2013-01-04,0.270000
2013-01-07,0.270000
2013-01-08,0.250000
2013-01-09,0.240000
2013-01-10,0.260000
2013-01-11,0.260000
2013-01-14,0.260000
2013-01-15,0.260000
2013-01-16,0.260000
2013-01-17,0.280000
2013-01-18,0.260000
2013-01-22,0.260000
2013-01-23,0.260000
2013-01-24,0.230000
2013-01-25,0.280000
2013-01-28,0.290000
2013-01-29,0.300000
2013-01-30,0.270000
2013-01-31,0.270000
2013-02-01,0.270000
2013-02-04,0.250000
2013-02-05,0.270000
2013-02-06,0.270000
2013-02-07,0.250000
2013-02-08,0.250000
2013-02-11,0.270000
2013-02-12,0.290000
2013-02-13,0.290000
2013-02-14,0.270000
2013-02-15,0.290000
2013-02-19,0.290000
2013-02-20,0.270000
2013-02-21,0.260000
2013-02-22,0.270000
2013-02-25,0.250000
2013-02-26,0.250000
2013-02-27,0.270000
2013-02-28,0.250000
2013-03-01,0.250000
2013-03-04,0.240000
2013-03-05,0.250000
2013-03-06,0.250000
2013-03-07,0.250000
2013-03-08,0.270000
2013-03-11,0.270000
2013-03-12,0.270000
2013-03-13,0.270000
2013-03-14,0.270000
2013-03-15,0.250000
2013-03-18,0.260000
2013-03-19,0.240000
2013-03-20,0.260000
2013-03-21,0.270000
2013-03-22,0.260000
2013-03-25,0.240000
2013-03-26,0.250000
2013-03-27,0.250000
2013-03-28,0.250000
2013-04-01,0.230000
2013-04-02,0.250000
2013-04-03,0.240000
2013-04-04,0.220000
2013-04-05,0.240000
2013-04-08,0.240000
2013-04-09,0.240000
2013-04-10,0.240000
2013-04-11,0.240000
2013-04-12,0.220000
2013-04-15,0.220000
2013-04-16,0.240000
2013-04-17,0.240000
2013-04-18,0.240000
2013-04-19,0.240000
2013-04-22,0.240000
2013-04-23,0.230000
2013-04-24,0.230000
2013-04-25,0.230000
2013-04-26,0.220000
2013-04-29,0.200000
2013-04-30,0.220000
2013-05-01,0.200000
2013-05-02,0.200000
2013-05-03,0.220000
2013-05-06,0.220000
2013-05-07,0.220000
2013-05-08,0.220000
2013-05-09,0.220000
2013-05-10,0.260000
2013-05-13,0.240000
2013-05-14,0.260000
2013-05-15,0.260000
2013-05-16,0.230000
2013-05-17,0.260000
2013-05-20,0.260000
2013-05-21,0.260000
2013-05-22,0.260000
2013-05-23,0.260000
2013-05-24,0.260000
2013-05-28,0.290000
2013-05-29,0.300000
2013-05-30,0.310000
2013-05-31,0.300000
2013-06-03,0.300000
2013-06-04,0.320000
2013-06-05,0.300000
2013-06-06,0.300000
2013-06-07,0.320000
2013-06-10,0.320000
2013-06-11,0.340000
2013-06-12,0.340000
2013-06-13,0.320000
2013-06-14,0.290000
2013-06-17,0.270000
2013-06-18,0.270000
2013-06-19,0.310000
2013-06-20,0.330000
2013-06-21,0.380000
2013-06-24,0.420000
2013-06-25,0.430000
2013-06-26,0.390000
2013-06-27,0.360000
2013-06-28,0.360000
2013-07-01,0.340000
2013-07-02,0.340000
2013-07-03,0.360000
2013-07-05,0.400000
2013-07-08,0.370000
2013-07-09,0.370000
2013-07-10,0.380000
2013-07-11,0.340000
2013-07-12,0.370000
2013-07-15,0.340000
2013-07-16,0.340000
2013-07-17,0.320000
2013-07-18,0.320000
2013-07-19,0.320000
2013-07-22,0.320000
2013-07-23,0.330000
2013-07-24,0.340000
2013-07-25,0.320000
2013-07-26,0.310000
2013-07-29,0.330000
2013-07-30,0.330000
2013-07-31,0.310000
2013-08-01,0.350000
2013-08-02,0.300000
2013-08-05,0.320000
2013-08-06,0.320000
2013-08-07,0.320000
2013-08-08,0.300000
2013-08-09,0.320000
2013-08-12,0.320000
2013-08-13,0.340000
2013-08-14,0.340000
2013-08-15,0.360000
2013-08-16,0.360000
2013-08-19,0.360000
2013-08-20,0.360000
2013-08-21,0.380000
2013-08-22,0.420000
2013-08-23,0.400000
2013-08-26,0.410000
2013-08-27,0.380000
2013-08-28,0.400000
2013-08-29,0.390000
2013-08-30,0.390000
2013-09-03,0.430000
2013-09-04,0.460000
2013-09-05,0.520000
2013-09-06,0.460000
2013-09-09,0.450000
2013-09-10,0.500000
2013-09-11,0.470000
2013-09-12,0.450000
2013-09-13,0.450000
2013-09-16,0.410000
2013-09-17,0.390000
2013-09-18,0.340000
2013-09-19,0.340000
2013-09-20,0.340000
2013-09-23,0.350000
2013-09-24,0.350000
2013-09-25,0.360000
2013-09-26,0.340000
2013-09-27,0.340000
2013-09-30,0.330000
2013-10-01,0.330000
2013-10-02,0.310000
2013-10-03,0.330000
2013-10-04,0.330000
2013-10-07,0.370000
2013-10-08,0.400000
2013-10-09,0.370000
2013-10-10,0.350000
2013-10-11,0.350000
2013-10-15,0.370000
2013-10-16,0.340000
2013-10-17,0.330000
2013-10-18,0.330000
2013-10-21,0.330000
2013-10-22,0.310000
2013-10-23,0.310000
2013-10-24,0.330000
2013-10-25,0.320000
2013-10-28,0.320000
2013-10-29,0.310000
2013-10-30,0.330000
2013-10-31,0.310000
2013-11-01,0.330000
2013-11-04,0.320000
2013-11-05,0.320000
2013-11-06,0.300000
2013-11-07,0.290000
2013-11-08,0.320000
2013-11-12,0.340000
2013-11-13,0.320000
2013-11-14,0.290000
2013-11-15,0.310000
2013-11-18,0.310000
2013-11-19,0.290000
2013-11-20,0.280000
2013-11-21,0.290000
2013-11-22,0.310000
2013-11-25,0.300000
2013-11-26,0.290000
2013-11-27,0.280000
2013-11-29,0.280000
2013-12-02,0.300000
2013-12-03,0.280000
2013-12-04,0.300000
2013-12-05,0.300000
2013-12-06,0.300000
2013-12-09,0.300000
2013-12-10,0.300000
2013-12-11,0.310000
2013-12-12,0.340000
2013-12-13,0.340000
2013-12-16,0.340000
2013-12-17,0.340000
2013-12-18,0.320000
2013-12-19,0.350000
2013-12-20,0.370000
2013-12-23,0.380000
2013-12-24,0.380000
2013-12-26,0.420000
2013-12-27,0.400000
2013-12-30,0.390000
2013-12-31,0.380000
2014-01-02,0.390000
2014-01-03,0.410000
2014-01-06,0.400000
2014-01-07,0.400000
2014-01-08,0.430000
2014-01-09,0.440000
2014-01-10,0.390000
2014-01-13,0.390000
2014-01-14,0.390000
2014-01-15,0.410000
2014-01-16,0.410000
2014-01-17,0.400000
2014-01-21,0.400000
2014-01-22,0.440000
2014-01-23,0.390000
2014-01-24,0.370000
2014-01-27,0.370000
2014-01-28,0.380000
2014-01-29,0.360000
2014-01-30,0.360000
2014-01-31,0.340000
2014-02-03,0.300000
2014-02-04,0.310000
2014-02-05,0.320000
2014-02-06,0.330000
2014-02-07,0.300000
2014-02-10,0.320000
2014-02-11,0.350000
2014-02-12,0.350000
2014-02-13,0.320000
2014-02-14,0.320000
2014-02-18,0.310000
2014-02-19,0.330000
2014-02-20,0.340000
2014-02-21,0.330000
2014-02-24,0.350000
2014-02-25,0.340000
2014-02-26,0.330000
2014-02-27,0.330000
2014-02-28,0.330000
2014-03-03,0.320000
2014-03-04,0.330000
2014-03-05,0.330000
2014-03-06,0.370000
2014-03-07,0.380000
2014-03-10,0.370000
2014-03-11,0.370000
2014-03-12,0.370000
2014-03-13,0.340000
2014-03-14,0.360000
2014-03-17,0.380000
2014-03-18,0.360000
2014-03-19,0.470000
2014-03-20,0.450000
2014-03-21,0.450000
2014-03-24,0.470000
2014-03-25,0.470000
2014-03-26,0.450000
2014-03-27,0.450000
2014-03-28,0.450000
2014-03-31,0.440000
2014-04-01,0.440000
2014-04-02,0.470000
2014-04-03,0.460000
2014-04-04,0.430000
2014-04-07,0.410000
2014-04-08,0.400000
2014-04-09,0.370000
2014-04-10,0.370000
2014-04-11,0.370000
2014-04-14,0.370000
2014-04-15,0.390000
2014-04-16,0.390000
2014-04-17,0.430000
2014-04-21,0.420000
2014-04-22,0.450000
2014-04-23,0.430000
2014-04-24,0.430000
2014-04-25,0.430000
2014-04-28,0.440000
2014-04-29,0.440000
2014-04-30,0.420000
2014-05-01,0.410000
2014-05-02,0.420000
2014-05-05,0.430000
2014-05-06,0.430000
2014-05-07,0.410000
2014-05-08,0.400000
2014-05-09,0.400000
2014-05-12,0.410000
2014-05-13,0.390000
2014-05-14,0.390000
2014-05-15,0.380000
2014-05-16,0.380000
2014-05-19,0.360000
2014-05-20,0.350000
2014-05-21,0.370000
2014-05-22,0.370000
2014-05-23,0.370000
2014-05-27,0.390000
2014-05-28,0.370000
2014-05-29,0.370000
2014-05-30,0.370000
2014-06-02,0.390000
2014-06-03,0.410000
2014-06-04,0.410000
2014-06-05,0.400000
2014-06-06,0.410000
2014-06-09,0.430000
2014-06-10,0.450000
2014-06-11,0.440000
2014-06-12,0.420000
2014-06-13,0.450000
2014-06-16,0.490000
2014-06-17,0.510000
2014-06-18,0.480000
2014-06-19,0.480000
2014-06-20,0.500000
2014-06-23,0.480000
2014-06-24,0.490000
2014-06-25,0.480000
2014-06-26,0.460000
2014-06-27,0.450000
2014-06-30,0.470000
2014-07-01,0.470000
2014-07-02,0.490000
2014-07-03,0.520000
2014-07-07,0.520000
2014-07-08,0.510000
2014-07-09,0.510000
2014-07-10,0.460000
2014-07-11,0.480000
2014-07-14,0.480000
2014-07-15,0.490000
2014-07-16,0.500000
2014-07-17,0.470000
2014-07-18,0.510000
2014-07-21,0.510000
2014-07-22,0.490000
2014-07-23,0.500000
2014-07-24,0.530000
2014-07-25,0.530000
2014-07-28,0.540000
2014-07-29,0.540000
2014-07-30,0.560000
2014-07-31,0.530000
2014-08-01,0.470000
2014-08-04,0.470000
2014-08-05,0.470000
2014-08-06,0.480000
2014-08-07,0.440000
2014-08-08,0.450000
2014-08-11,0.470000
2014-08-12,0.450000
2014-08-13,0.430000
2014-08-14,0.420000
2014-08-15,0.420000
2014-08-18,0.440000
2014-08-19,0.460000
2014-08-20,0.490000
2014-08-21,0.490000
2014-08-22,0.530000
2014-08-25,0.530000
2014-08-26,0.520000
2014-08-27,0.510000
2014-08-28,0.500000
2014-08-29,0.480000
2014-09-02,0.530000
2014-09-03,0.520000
2014-09-04,0.540000
2014-09-05,0.520000
2014-09-08,0.540000
2014-09-09,0.560000
2014-09-10,0.580000
2014-09-11,0.580000
2014-09-12,0.580000
2014-09-15,0.580000
2014-09-16,0.550000
2014-09-17,0.590000
2014-09-18,0.590000
2014-09-19,0.590000
2014-09-22,0.580000
2014-09-23,0.570000
2014-09-24,0.590000
2014-09-25,0.560000
2014-09-26,0.590000
2014-09-29,0.580000
2014-09-30,0.580000
2014-10-01,0.530000
2014-10-02,0.530000
2014-10-03,0.570000
2014-10-06,0.540000
2014-10-07,0.520000
2014-10-08,0.460000
2014-10-09,0.460000
2014-10-10,0.450000
2014-10-14,0.390000
2014-10-15,0.340000
2014-10-16,0.350000
2014-10-17,0.390000
2014-10-20,0.370000
2014-10-21,0.380000
2014-10-22,0.410000
2014-10-23,0.410000
2014-10-24,0.410000
2014-10-27,0.410000
2014-10-28,0.420000
2014-10-29,0.480000
2014-10-30,0.480000
2014-10-31,0.500000
2014-11-03,0.520000
2014-11-04,0.520000
2014-11-05,0.520000
2014-11-06,0.540000
2014-11-07,0.510000
2014-11-10,0.550000
2014-11-12,0.550000
2014-11-13,0.530000
2014-11-14,0.540000
2014-11-17,0.540000
2014-11-18,0.530000
2014-11-19,0.540000
2014-11-20,0.530000
2014-11-21,0.530000
2014-11-24,0.530000
2014-11-25,0.510000
2014-11-26,0.530000
2014-11-28,0.470000
2014-12-01,0.490000
2014-12-02,0.550000
2014-12-03,0.570000
2014-12-04,0.550000
2014-12-05,0.650000
2014-12-08,0.640000
2014-12-09,0.640000
2014-12-10,0.590000
2014-12-11,0.620000
2014-12-12,0.560000
2014-12-15,0.600000
2014-12-16,0.580000
2014-12-17,0.620000
2014-12-18,0.670000
2014-12-19,0.670000
2014-12-22,0.710000
2014-12-23,0.730000
2014-12-24,0.730000
2014-12-26,0.730000
2014-12-29,0.720000
2014-12-30,0.690000
2014-12-31,0.670000
2015-01-02,0.660000
2015-01-05,0.680000
2015-01-06,0.650000
2015-01-07,0.620000
2015-01-08,0.620000
2015-01-09,0.590000
2015-01-12,0.560000
2015-01-13,0.540000
2015-01-14,0.510000
2015-01-15,0.440000
2015-01-16,0.490000
2015-01-20,0.530000
2015-01-21,0.530000
2015-01-22,0.530000
2015-01-23,0.520000
2015-01-26,0.540000
2015-01-27,0.540000
2015-01-28,0.500000
2015-01-29,0.510000
2015-01-30,0.470000
2015-02-02,0.490000
2015-02-03,0.520000
2015-02-04,0.520000
2015-02-05,0.520000
2015-02-06,0.650000
2015-02-09,0.650000
2015-02-10,0.670000
2015-02-11,0.670000
2015-02-12,0.610000
2015-02-13,0.660000
2015-02-17,0.700000
2015-02-18,0.620000
2015-02-19,0.670000
2015-02-20,0.670000
2015-02-23,0.640000
2015-02-24,0.600000
2015-02-25,0.610000
2015-02-26,0.660000
2015-02-27,0.630000
2015-03-02,0.660000
2015-03-03,0.680000
2015-03-04,0.660000
2015-03-05,0.650000
2015-03-06,0.730000
2015-03-09,0.700000
2015-03-10,0.700000
2015-03-11,0.700000
2015-03-12,0.670000
2015-03-13,0.680000
2015-03-16,0.660000
2015-03-17,0.700000
2015-03-18,0.570000
2015-03-19,0.630000
2015-03-20,0.600000
2015-03-23,0.600000
2015-03-24,0.580000
2015-03-25,0.590000
2015-03-26,0.610000
2015-03-27,0.580000
2015-03-30,0.580000
2015-03-31,0.560000
2015-04-01,0.550000
2015-04-02,0.550000
2015-04-03,0.490000
2015-04-06,0.510000
2015-04-07,0.520000
2015-04-08,0.540000
2015-04-09,0.560000
2015-04-10,0.570000
2015-04-13,0.540000
2015-04-14,0.530000
2015-04-15,0.510000
2015-04-16,0.500000
2015-04-17,0.510000
2015-04-20,0.550000
2015-04-21,0.550000
2015-04-22,0.570000
2015-04-23,0.550000
2015-04-24,0.540000
2015-04-27,0.540000
2015-04-28,0.560000
2015-04-29,0.560000
2015-04-30,0.580000
2015-05-01,0.600000
2015-05-04,0.600000
2015-05-05,0.620000
2015-05-06,0.650000
2015-05-07,0.630000
2015-05-08,0.590000
2015-05-11,0.620000
2015-05-12,0.610000
2015-05-13,0.590000
2015-05-14,0.560000
2015-05-15,0.550000
2015-05-18,0.580000
2015-05-19,0.630000
2015-05-20,0.600000
2015-05-21,0.600000
2015-05-22,0.640000
2015-05-26,0.640000
2015-05-27,0.640000
2015-05-28,0.620000
2015-05-29,0.610000
2015-06-01,0.640000
2015-06-02,0.640000
2015-06-03,0.690000
2015-06-04,0.660000
2015-06-05,0.730000
2015-06-08,0.700000
2015-06-09,0.720000
2015-06-10,0.750000
2015-06-11,0.730000
2015-06-12,0.740000
2015-06-15,0.720000
2015-06-16,0.710000
2015-06-17,0.670000
2015-06-18,0.660000
2015-06-19,0.650000
2015-06-22,0.680000
2015-06-23,0.700000
2015-06-24,0.680000
2015-06-25,0.680000
2015-06-26,0.720000
2015-06-29,0.640000
2015-06-30,0.640000
2015-07-01,0.690000
2015-07-02,0.640000
2015-07-06,0.600000
2015-07-07,0.580000
2015-07-08,0.550000
2015-07-09,0.600000
2015-07-10,0.650000
2015-07-13,0.690000
2015-07-14,0.660000
2015-07-15,0.640000
2015-07-16,0.670000
2015-07-17,0.680000
2015-07-20,0.710000
2015-07-21,0.710000
2015-07-22,0.750000
2015-07-23,0.710000
2015-07-24,0.700000
2015-07-27,0.680000
2015-07-28,0.690000
2015-07-29,0.700000
2015-07-30,0.720000
2015-07-31,0.670000
2015-08-03,0.680000
2015-08-04,0.740000
2015-08-05,0.730000
2015-08-06,0.710000
2015-08-07,0.730000
2015-08-10,0.730000
2015-08-11,0.680000
2015-08-12,0.670000
2015-08-13,0.720000
2015-08-14,0.730000
2015-08-17,0.720000
2015-08-18,0.740000
2015-08-19,0.670000
2015-08-20,0.690000
2015-08-21,0.640000
2015-08-24,0.590000
2015-08-25,0.670000
2015-08-26,0.670000
2015-08-27,0.680000
2015-08-28,0.720000
2015-08-31,0.740000
2015-09-01,0.700000
2015-09-02,0.720000
2015-09-03,0.710000
2015-09-04,0.710000
2015-09-08,0.740000
2015-09-09,0.750000
2015-09-10,0.750000
2015-09-11,0.710000
2015-09-14,0.730000
2015-09-15,0.820000
2015-09-16,0.820000
2015-09-17,0.700000
2015-09-18,0.690000
2015-09-21,0.720000
2015-09-22,0.690000
2015-09-23,0.700000
2015-09-24,0.670000
2015-09-25,0.700000
2015-09-28,0.670000
2015-09-29,0.640000
2015-09-30,0.640000
2015-10-01,0.640000
2015-10-02,0.580000
2015-10-05,0.610000
2015-10-06,0.610000
2015-10-07,0.650000
2015-10-08,0.650000
2015-10-09,0.650000
2015-10-13,0.640000
2015-10-14,0.570000
2015-10-15,0.610000
2015-10-16,0.610000
2015-10-19,0.610000
2015-10-20,0.660000
2015-10-21,0.640000
2015-10-22,0.610000
2015-10-23,0.660000
2015-10-26,0.660000
2015-10-27,0.650000
2015-10-28,0.730000
2015-10-29,0.750000
2015-10-30,0.750000
2015-11-02,0.770000
2015-11-03,0.800000
2015-11-04,0.840000
2015-11-05,0.850000
2015-11-06,0.900000
2015-11-09,0.890000
2015-11-10,0.870000
2015-11-12,0.890000
2015-11-13,0.860000
2015-11-16,0.880000
2015-11-17,0.860000
2015-11-18,0.900000
2015-11-19,0.910000
2015-11-20,0.930000
2015-11-23,0.940000
2015-11-24,0.930000
2015-11-25,0.930000
2015-11-27,0.920000
2015-11-30,0.940000
2015-12-01,0.910000
2015-12-02,0.940000
2015-12-03,0.960000
2015-12-04,0.960000
2015-12-07,0.940000
2015-12-08,0.940000
2015-12-09,0.930000
2015-12-10,0.950000
2015-12-11,0.880000
2015-12-14,0.970000
2015-12-15,0.980000
2015-12-16,1.020000
2015-12-17,1.000000
2015-12-18,0.970000
2015-12-21,0.960000
2015-12-22,0.990000
2015-12-23,1.010000
2015-12-24,1.030000
2015-12-28,1.050000
2015-12-29,1.090000
2015-12-30,1.080000
2015-12-31,1.060000
2016-01-04,1.020000
2016-01-05,1.040000
2016-01-06,0.990000
2016-01-07,0.960000
2016-01-08,0.940000
2016-01-11,0.940000
2016-01-12,0.930000
2016-01-13,0.910000
2016-01-14,0.900000
2016-01-15,0.850000
2016-01-19,0.880000
2016-01-20,0.850000
2016-01-21,0.840000
2016-01-22,0.880000
2016-01-25,0.880000
2016-01-26,0.850000
2016-01-27,0.840000
2016-01-28,0.830000
2016-01-29,0.760000
2016-02-01,0.810000
2016-02-02,0.750000
2016-02-03,0.720000
2016-02-04,0.700000
2016-02-05,0.740000
2016-02-08,0.660000
2016-02-09,0.690000
2016-02-10,0.710000
2016-02-11,0.640000
2016-02-12,0.710000
2016-02-16,0.740000
2016-02-17,0.740000
2016-02-18,0.710000
2016-02-19,0.760000
2016-02-22,0.780000
2016-02-23,0.760000
2016-02-24,0.750000
2016-02-25,0.720000
2016-02-26,0.800000
2016-02-29,0.780000
2016-03-01,0.850000
2016-03-02,0.850000
2016-03-03,0.850000
2016-03-04,0.880000
2016-03-07,0.910000
2016-03-08,0.880000
2016-03-09,0.900000
2016-03-10,0.930000
2016-03-11,0.970000
2016-03-14,0.970000
2016-03-15,0.980000
2016-03-16,0.870000
2016-03-17,0.870000
2016-03-18,0.840000
2016-03-21,0.870000
2016-03-22,0.910000
2016-03-23,0.870000
2016-03-24,0.890000
2016-03-28,0.890000
2016-03-29,0.780000
2016-03-30,0.760000
2016-03-31,0.730000
2016-04-01,0.760000
2016-04-04,0.750000
2016-04-05,0.720000
2016-04-06,0.730000
2016-04-07,0.700000
2016-04-08,0.700000
2016-04-11,0.700000
2016-04-12,0.740000
2016-04-13,0.750000
2016-04-14,0.770000
2016-04-15,0.740000
2016-04-18,0.750000
2016-04-19,0.770000
2016-04-20,0.800000
2016-04-21,0.820000
2016-04-22,0.840000
2016-04-25,0.850000
2016-04-26,0.860000
2016-04-27,0.830000
2016-04-28,0.780000
2016-04-29,0.770000
2016-05-02,0.800000
2016-05-03,0.750000
2016-05-04,0.750000
2016-05-05,0.720000
2016-05-06,0.740000
2016-05-09,0.720000
2016-05-10,0.720000
2016-05-11,0.740000
2016-05-12,0.760000
2016-05-13,0.760000
2016-05-16,0.790000
2016-05-17,0.820000
2016-05-18,0.900000
2016-05-19,0.890000
2016-05-20,0.890000
2016-05-23,0.910000
2016-05-24,0.920000
2016-05-25,0.920000
2016-05-26,0.870000
2016-05-27,0.900000
2016-05-31,0.870000
2016-06-01,0.910000
2016-06-02,0.890000
2016-06-03,0.780000
2016-06-06,0.800000
2016-06-07,0.780000
2016-06-08,0.780000
2016-06-09,0.770000
2016-06-10,0.730000
2016-06-13,0.730000
2016-06-14,0.740000
2016-06-15,0.690000
2016-06-16,0.700000
2016-06-17,0.700000
2016-06-20,0.740000
2016-06-21,0.760000
2016-06-22,0.750000
2016-06-23,0.780000
2016-06-24,0.640000
2016-06-27,0.610000
2016-06-28,0.610000
2016-06-29,0.620000
2016-06-30,0.580000
2016-07-01,0.590000
2016-07-05,0.560000
2016-07-06,0.580000
2016-07-07,0.580000
2016-07-08,0.610000
2016-07-11,0.660000
2016-07-12,0.690000
2016-07-13,0.680000
2016-07-14,0.680000
2016-07-15,0.710000
2016-07-18,0.680000
2016-07-19,0.700000
2016-07-20,0.730000
2016-07-21,0.700000
2016-07-22,0.710000
2016-07-25,0.720000
2016-07-26,0.750000
2016-07-27,0.730000
2016-07-28,0.720000
2016-07-29,0.670000
2016-08-01,0.670000
2016-08-02,0.670000
2016-08-03,0.670000
2016-08-04,0.640000
2016-08-05,0.720000
2016-08-08,0.740000
2016-08-09,0.710000
2016-08-10,0.690000
2016-08-11,0.760000
2016-08-12,0.710000
2016-08-15,0.720000
2016-08-16,0.760000
2016-08-17,0.740000
2016-08-18,0.710000
2016-08-19,0.760000
2016-08-22,0.760000
2016-08-23,0.740000
2016-08-24,0.760000
2016-08-25,0.780000
2016-08-26,0.840000
2016-08-29,0.810000
2016-08-30,0.800000
2016-08-31,0.800000
2016-09-01,0.780000
2016-09-02,0.800000
2016-09-06,0.740000
2016-09-07,0.740000
2016-09-08,0.780000
2016-09-09,0.790000
2016-09-12,0.790000
2016-09-13,0.800000
2016-09-14,0.770000
2016-09-15,0.740000
2016-09-16,0.770000
2016-09-19,0.790000
2016-09-20,0.790000
2016-09-21,0.790000
2016-09-22,0.790000
2016-09-23,0.770000
2016-09-26,0.760000
2016-09-27,0.750000
2016-09-28,0.750000
2016-09-29,0.730000
2016-09-30,0.770000
2016-10-03,0.800000
2016-10-04,0.820000
2016-10-05,0.850000
2016-10-06,0.860000
2016-10-07,0.830000
2016-10-11,0.870000
2016-10-12,0.870000
2016-10-13,0.850000
2016-10-14,0.840000
2016-10-17,0.810000
2016-10-18,0.820000
2016-10-19,0.810000
2016-10-20,0.840000
2016-10-21,0.840000
2016-10-24,0.840000
2016-10-25,0.860000
2016-10-26,0.860000
2016-10-27,0.870000
2016-10-28,0.860000
2016-10-31,0.860000
2016-11-01,0.830000
2016-11-02,0.810000
2016-11-03,0.810000
2016-11-04,0.800000
2016-11-07,0.820000
2016-11-08,0.870000
2016-11-09,0.900000
2016-11-10,0.920000
2016-11-14,1.000000
2016-11-15,1.020000
2016-11-16,1.000000
2016-11-17,1.040000
2016-11-18,1.070000
2016-11-21,1.080000
2016-11-22,1.070000
2016-11-23,1.120000
2016-11-25,1.120000
2016-11-28,1.110000
2016-11-29,1.090000
2016-11-30,1.110000
2016-12-01,1.140000
2016-12-02,1.110000
2016-12-05,1.130000
2016-12-06,1.120000
2016-12-07,1.100000
2016-12-08,1.120000
2016-12-09,1.150000
2016-12-12,1.150000
2016-12-13,1.170000
2016-12-14,1.270000
2016-12-15,1.290000
2016-12-16,1.280000
2016-12-19,1.240000
2016-12-20,1.250000
2016-12-21,1.210000
2016-12-22,1.220000
2016-12-23,1.220000
2016-12-27,1.280000
2016-12-28,1.260000
2016-12-29,1.220000
2016-12-30,1.200000
2017-01-03,1.220000
2017-01-04,1.240000
2017-01-05,1.170000
2017-01-06,1.220000
2017-01-09,1.210000
2017-01-10,1.190000
2017-01-11,1.200000
2017-01-12,1.180000
2017-01-13,1.210000
2017-01-17,1.170000
2017-01-18,1.230000
2017-01-19,1.250000
2017-01-20,1.200000
2017-01-23,1.160000
2017-01-24,1.210000
2017-01-25,1.230000
2017-01-26,1.210000
2017-01-27,1.220000
2017-01-30,1.220000
2017-01-31,1.190000
2017-02-01,1.220000
2017-02-02,1.210000
2017-02-03,1.210000
2017-02-06,1.160000
2017-02-07,1.160000
2017-02-08,1.150000
2017-02-09,1.200000
2017-02-10,1.200000
2017-02-13,1.200000
2017-02-14,1.250000
2017-02-15,1.270000
2017-02-16,1.220000
2017-02-17,1.210000
2017-02-21,1.220000
2017-02-22,1.220000
2017-02-23,1.180000
2017-02-24,1.120000
2017-02-27,1.200000
2017-02-28,1.220000
2017-03-01,1.290000
2017-03-02,1.320000
2017-03-03,1.320000
2017-03-06,1.310000
2017-03-07,1.320000
2017-03-08,1.360000
2017-03-09,1.370000
2017-03-10,1.360000
2017-03-13,1.400000
2017-03-14,1.400000
2017-03-15,1.330000
2017-03-16,1.350000
2017-03-17,1.330000
2017-03-20,1.300000
2017-03-21,1.270000
2017-03-22,1.270000
2017-03-23,1.260000
2017-03-24,1.260000
2017-03-27,1.270000
2017-03-28,1.300000
2017-03-29,1.260000
2017-03-30,1.280000
2017-03-31,1.270000
2017-04-03,1.240000
2017-04-04,1.250000
2017-04-05,1.240000
2017-04-06,1.240000
2017-04-07,1.290000
2017-04-10,1.290000
2017-04-11,1.240000
2017-04-12,1.240000
2017-04-13,1.210000
2017-04-17,1.210000
2017-04-18,1.180000
2017-04-19,1.190000
2017-04-20,1.210000
2017-04-21,1.200000
2017-04-24,1.250000
2017-04-25,1.290000
2017-04-26,1.280000
2017-04-27,1.250000
2017-04-28,1.280000
2017-05-01,1.280000
2017-05-02,1.270000
2017-05-03,1.300000
2017-05-04,1.320000
2017-05-05,1.320000
2017-05-08,1.330000
2017-05-09,1.370000
2017-05-10,1.350000
2017-05-11,1.350000
2017-05-12,1.290000
2017-05-15,1.310000
2017-05-16,1.290000
2017-05-17,1.260000
2017-05-18,1.270000
2017-05-19,1.280000
2017-05-22,1.290000
2017-05-23,1.310000
2017-05-24,1.290000
2017-05-25,1.300000
2017-05-26,1.300000
2017-05-30,1.280000
2017-05-31,1.280000
2017-06-01,1.280000
2017-06-02,1.280000
2017-06-05,1.320000
2017-06-06,1.300000
2017-06-07,1.320000
2017-06-08,1.330000
2017-06-09,1.350000
2017-06-12,1.350000
2017-06-13,1.380000
2017-06-14,1.350000
2017-06-15,1.350000
2017-06-16,1.320000
2017-06-19,1.360000
2017-06-20,1.360000
2017-06-21,1.360000
2017-06-22,1.340000
2017-06-23,1.340000
2017-06-26,1.360000
2017-06-27,1.380000
2017-06-28,1.340000
2017-06-29,1.380000
2017-06-30,1.380000
2017-07-03,1.410000
2017-07-05,1.410000
2017-07-06,1.400000
2017-07-07,1.400000
2017-07-10,1.400000
2017-07-11,1.370000
2017-07-12,1.350000
2017-07-13,1.370000
2017-07-14,1.350000
2017-07-17,1.360000
2017-07-18,1.360000
2017-07-19,1.370000
2017-07-20,1.370000
2017-07-21,1.360000
2017-07-24,1.370000
2017-07-25,1.400000
2017-07-26,1.360000
2017-07-27,1.360000
2017-07-28,1.340000
2017-07-31,1.340000
2017-08-01,1.340000
2017-08-02,1.360000
2017-08-03,1.340000
2017-08-04,1.360000
2017-08-07,1.360000
2017-08-08,1.360000
2017-08-09,1.330000
2017-08-10,1.330000
2017-08-11,1.300000
2017-08-14,1.330000
2017-08-15,1.350000
2017-08-16,1.330000
2017-08-17,1.320000
2017-08-18,1.330000
2017-08-21,1.320000
2017-08-22,1.330000
2017-08-23,1.320000
2017-08-24,1.330000
2017-08-25,1.350000
2017-08-28,1.330000
2017-08-29,1.330000
2017-08-30,1.330000
2017-08-31,1.330000
2017-09-01,1.350000
2017-09-05,1.300000
2017-09-06,1.300000
2017-09-07,1.270000
2017-09-08,1.270000
2017-09-11,1.320000
2017-09-12,1.330000
2017-09-13,1.350000
2017-09-14,1.370000
2017-09-15,1.390000
2017-09-18,1.400000
2017-09-19,1.400000
2017-09-20,1.450000
2017-09-21,1.450000
2017-09-22,1.460000
2017-09-25,1.440000
2017-09-26,1.450000
2017-09-27,1.470000
2017-09-28,1.450000
2017-09-29,1.470000
2017-10-02,1.490000
2017-10-03,1.470000
2017-10-04,1.470000
2017-10-05,1.490000
2017-10-06,1.540000
2017-10-10,1.510000
2017-10-11,1.510000
2017-10-12,1.510000
2017-10-13,1.510000
2017-10-16,1.540000
2017-10-17,1.540000
2017-10-18,1.590000
2017-10-19,1.580000
2017-10-20,1.600000
2017-10-23,1.580000
2017-10-24,1.600000
2017-10-25,1.610000
2017-10-26,1.630000
2017-10-27,1.590000
2017-10-30,1.580000
2017-10-31,1.600000
2017-11-01,1.610000
2017-11-02,1.610000
2017-11-03,1.630000
2017-11-06,1.610000
2017-11-07,1.630000
2017-11-08,1.650000
2017-11-09,1.630000
2017-11-10,1.670000
2017-11-13,1.700000
2017-11-14,1.680000
2017-11-15,1.680000
2017-11-16,1.720000
2017-11-17,1.730000
2017-11-20,1.770000
2017-11-21,1.770000
2017-11-22,1.740000
2017-11-24,1.750000
2017-11-27,1.740000
2017-11-28,1.750000
2017-11-29,1.780000
2017-11-30,1.780000
2017-12-01,1.780000
2017-12-04,1.800000
2017-12-05,1.830000
2017-12-06,1.780000
2017-12-07,1.800000
2017-12-08,1.800000
2017-12-11,1.820000
2017-12-12,1.830000
2017-12-13,1.790000
2017-12-14,1.820000
2017-12-15,1.840000
2017-12-18,1.840000
2017-12-19,1.870000
2017-12-20,1.870000
2017-12-21,1.890000
2017-12-22,1.910000
2017-12-26,1.920000
2017-12-27,1.890000
2017-12-28,1.910000
2017-12-29,1.890000
2018-01-02,1.920000
2018-01-03,1.940000
2018-01-04,1.960000
2018-01-05,1.960000
2018-01-08,1.960000
2018-01-09,1.980000
2018-01-10,1.980000
2018-01-11,1.980000
2018-01-12,1.990000
2018-01-16,2.030000
2018-01-17,2.050000
2018-01-18,2.050000
2018-01-19,2.060000
2018-01-22,2.080000
2018-01-23,2.060000
2018-01-24,2.080000
2018-01-25,2.080000
2018-01-26,2.130000
2018-01-29,2.110000
2018-01-30,2.130000
2018-01-31,2.140000
2018-02-01,2.160000
2018-02-02,2.150000
2018-02-05,2.080000
2018-02-06,2.100000
2018-02-07,2.150000
2018-02-08,2.130000
2018-02-09,2.050000
2018-02-12,2.090000
2018-02-13,2.100000
2018-02-14,2.170000
2018-02-15,2.190000
2018-02-16,2.210000
2018-02-20,2.250000
2018-02-21,2.260000
2018-02-22,2.250000
2018-02-23,2.250000
2018-02-26,2.220000
2018-02-27,2.270000
2018-02-28,2.250000
2018-03-01,2.220000
2018-03-02,2.250000
2018-03-05,2.240000
2018-03-06,2.250000
2018-03-07,2.250000
2018-03-08,2.250000
2018-03-09,2.270000
2018-03-12,2.270000
2018-03-13,2.260000
2018-03-14,2.260000
2018-03-15,2.290000
2018-03-16,2.310000
2018-03-19,2.310000
2018-03-20,2.340000
2018-03-21,2.310000
2018-03-22,2.290000
2018-03-23,2.280000
2018-03-26,2.330000
2018-03-27,2.260000
2018-03-28,2.280000
2018-03-29,2.270000
2018-04-02,2.250000
2018-04-03,2.280000
2018-04-04,2.280000
2018-04-05,2.300000
2018-04-06,2.270000
2018-04-09,2.290000
2018-04-10,2.320000
2018-04-11,2.320000
2018-04-12,2.340000
2018-04-13,2.370000
2018-04-16,2.390000
2018-04-17,2.410000
2018-04-18,2.420000
2018-04-19,2.440000
2018-04-20,2.460000
2018-04-23,2.490000
2018-04-24,2.480000
2018-04-25,2.490000
2018-04-26,2.490000
2018-04-27,2.490000
2018-04-30,2.490000
2018-05-01,2.500000
2018-05-02,2.490000
2018-05-03,2.490000
2018-05-04,2.510000
2018-05-07,2.490000
2018-05-08,2.510000
2018-05-09,2.540000
2018-05-10,2.540000
2018-05-11,2.540000
2018-05-14,2.550000
2018-05-15,2.580000
2018-05-16,2.580000
2018-05-17,2.570000
2018-05-18,2.550000
2018-05-21,2.580000
2018-05-22,2.590000
2018-05-23,2.530000
2018-05-24,2.500000
2018-05-25,2.480000
2018-05-29,2.320000
2018-05-30,2.420000
2018-05-31,2.400000
2018-06-01,2.470000
2018-06-04,2.520000
2018-06-05,2.490000
2018-06-06,2.520000
2018-06-07,2.500000
2018-06-08,2.500000
2018-06-11,2.520000
2018-06-12,2.540000
2018-06-13,2.590000
2018-06-14,2.590000
2018-06-15,2.550000
2018-06-18,2.560000
2018-06-19,2.540000
2018-06-20,2.560000
2018-06-21,2.560000
2018-06-22,2.560000
2018-06-25,2.540000
2018-06-26,2.530000
2018-06-27,2.520000
2018-06-28,2.520000
2018-06-29,2.520000
2018-07-02,2.570000
2018-07-03,2.530000
2018-07-05,2.550000
2018-07-06,2.530000
2018-07-09,2.570000
2018-07-10,2.590000
2018-07-11,2.580000
2018-07-12,2.600000
2018-07-13,2.590000
2018-07-16,2.590000
2018-07-17,2.620000
2018-07-18,2.600000
2018-07-19,2.600000
2018-07-20,2.600000
2018-07-23,2.640000
2018-07-24,2.630000
2018-07-25,2.660000
2018-07-26,2.690000
2018-07-27,2.670000
2018-07-30,2.660000
2018-07-31,2.670000
2018-08-01,2.670000
2018-08-02,2.660000
2018-08-03,2.630000
2018-08-06,2.640000
2018-08-07,2.680000
2018-08-08,2.680000
2018-08-09,2.640000
2018-08-10,2.610000
2018-08-13,2.610000
2018-08-14,2.630000
2018-08-15,2.610000
2018-08-16,2.630000
2018-08-17,2.610000
2018-08-20,2.600000
2018-08-21,2.610000
2018-08-22,2.600000
2018-08-23,2.610000
2018-08-24,2.630000
2018-08-27,2.670000
2018-08-28,2.670000
2018-08-29,2.670000
2018-08-30,2.640000
2018-08-31,2.620000
2018-09-04,2.660000
2018-09-05,2.660000
2018-09-06,2.640000
2018-09-07,2.710000
2018-09-10,2.730000
2018-09-11,2.760000
2018-09-12,2.740000
2018-09-13,2.760000
2018-09-14,2.780000
2018-09-17,2.780000
2018-09-18,2.810000
2018-09-19,2.810000
2018-09-20,2.810000
2018-09-21,2.810000
2018-09-24,2.830000
2018-09-25,2.830000
2018-09-26,2.830000
2018-09-27,2.830000
2018-09-28,2.810000
2018-10-01,2.820000
2018-10-02,2.820000
2018-10-03,2.850000
2018-10-04,2.870000
2018-10-05,2.880000
2018-10-09,2.880000
2018-10-10,2.880000
2018-10-11,2.850000
2018-10-12,2.850000
2018-10-15,2.850000
2018-10-16,2.870000
2018-10-17,2.890000
2018-10-18,2.870000
2018-10-19,2.920000
2018-10-22,2.920000
2018-10-23,2.890000
2018-10-24,2.840000
2018-10-25,2.860000
2018-10-26,2.810000
2018-10-29,2.810000
2018-10-30,2.840000
2018-10-31,2.870000
2018-11-01,2.840000
2018-11-02,2.910000
2018-11-05,2.910000
2018-11-06,2.930000
2018-11-07,2.960000
2018-11-08,2.980000
2018-11-09,2.940000
2018-11-13,2.890000
2018-11-14,2.860000
2018-11-15,2.860000
2018-11-16,2.810000
2018-11-19,2.790000
2018-11-20,2.790000
2018-11-21,2.810000
2018-11-23,2.810000
2018-11-26,2.840000
2018-11-27,2.830000
2018-11-28,2.810000
2018-11-29,2.810000
2018-11-30,2.800000
2018-12-03,2.830000
2018-12-04,2.800000
2018-12-06,2.750000
2018-12-07,2.720000
2018-12-10,2.720000
2018-12-11,2.780000
2018-12-12,2.770000
2018-12-13,2.750000
2018-12-14,2.730000
2018-12-17,2.700000
2018-12-18,2.650000
2018-12-19,2.630000
2018-12-20,2.670000
2018-12-21,2.630000
2018-12-24,2.550000
2018-12-26,2.610000
2018-12-27,2.560000
2018-12-28,2.520000
2018-12-31,2.480000
2019-01-02,2.500000
2019-01-03,2.390000
2019-01-04,2.500000
2019-01-07,2.530000
2019-01-08,2.580000
2019-01-09,2.560000
2019-01-10,2.560000
2019-01-11,2.550000
2019-01-14,2.530000
2019-01-15,2.530000
2019-01-16,2.550000
2019-01-17,2.560000
2019-01-18,2.620000
2019-01-22,2.580000
2019-01-23,2.580000
2019-01-24,2.560000
2019-01-25,2.600000
2019-01-28,2.600000
2019-01-29,2.560000
2019-01-30,2.520000
2019-01-31,2.450000
2019-02-01,2.520000
2019-02-04,2.530000
2019-02-05,2.530000
2019-02-06,2.520000
2019-02-07,2.480000
2019-02-08,2.450000
2019-02-11,2.480000
2019-02-12,2.500000
2019-02-13,2.530000
2019-02-14,2.500000
2019-02-15,2.520000
2019-02-19,2.500000
2019-02-20,2.500000
2019-02-21,2.530000
2019-02-22,2.480000
2019-02-25,2.510000
2019-02-26,2.480000
2019-02-27,2.500000
2019-02-28,2.520000
2019-03-01,2.550000
2019-03-04,2.550000
2019-03-05,2.550000
2019-03-06,2.520000
2019-03-07,2.470000
2019-03-08,2.450000
2019-03-11,2.470000
2019-03-12,2.450000
2019-03-13,2.450000
2019-03-14,2.460000
2019-03-15,2.430000
2019-03-18,2.450000
2019-03-19,2.460000
2019-03-20,2.400000
2019-03-21,2.410000
2019-03-22,2.310000
2019-03-25,2.260000
2019-03-26,2.240000
2019-03-27,2.220000
2019-03-28,2.230000
2019-03-29,2.270000
2019-04-01,2.330000
2019-04-02,2.300000
2019-04-03,2.330000
2019-04-04,2.330000
2019-04-05,2.350000
2019-04-08,2.360000
2019-04-09,2.350000
2019-04-10,2.310000
2019-04-11,2.350000
2019-04-12,2.400000
2019-04-15,2.400000
2019-04-16,2.410000
2019-04-17,2.400000
2019-04-18,2.380000
2019-04-22,2.380000
2019-04-23,2.360000
2019-04-24,2.320000
2019-04-25,2.330000
2019-04-26,2.280000
2019-04-29,2.300000
2019-04-30,2.270000
2019-05-01,2.310000
2019-05-02,2.350000
2019-05-03,2.330000
2019-05-06,2.310000
2019-05-07,2.280000
2019-05-08,2.300000
2019-05-09,2.260000
2019-05-10,2.260000
2019-05-13,2.180000
2019-05-14,2.200000
2019-05-15,2.160000
2019-05-16,2.200000
2019-05-17,2.200000
2019-05-20,2.210000
2019-05-21,2.260000
2019-05-22,2.230000
2019-05-23,2.120000
2019-05-24,2.160000
2019-05-28,2.120000
2019-05-29,2.090000
2019-05-30,2.060000
2019-05-31,1.950000
2019-06-03,1.820000
2019-06-04,1.880000
2019-06-05,1.830000
2019-06-06,1.880000
2019-06-07,1.850000
2019-06-10,1.900000
2019-06-11,1.930000
2019-06-12,1.880000
2019-06-13,1.830000
2019-06-14,1.840000
2019-06-17,1.860000
2019-06-18,1.860000
2019-06-19,1.740000
2019-06-20,1.720000
2019-06-21,1.770000
2019-06-24,1.720000
2019-06-25,1.710000
2019-06-26,1.770000
2019-06-27,1.740000
2019-06-28,1.750000
2019-07-01,1.780000
2019-07-02,1.770000
2019-07-03,1.770000
2019-07-05,1.870000
2019-07-08,1.880000
2019-07-09,1.920000
2019-07-10,1.820000
2019-07-11,1.850000
2019-07-12,1.840000
2019-07-15,1.830000
2019-07-16,1.870000
2019-07-17,1.830000
2019-07-18,1.770000
2019-07-19,1.800000
2019-07-22,1.800000
2019-07-23,1.830000
2019-07-24,1.830000
2019-07-25,1.860000
2019-07-26,1.860000
2019-07-29,1.850000
2019-07-30,1.850000
2019-07-31,1.890000
2019-08-01,1.730000
2019-08-02,1.720000
2019-08-05,1.590000
2019-08-06,1.600000
2019-08-07,1.590000
2019-08-08,1.620000
2019-08-09,1.630000
2019-08-12,1.580000
2019-08-13,1.660000
2019-08-14,1.580000
2019-08-15,1.480000
2019-08-16,1.480000
2019-08-19,1.530000
2019-08-20,1.500000
2019-08-21,1.560000
2019-08-22,1.610000
2019-08-23,1.510000
2019-08-26,1.540000
2019-08-27,1.530000
2019-08-28,1.500000
2019-08-29,1.530000
2019-08-30,1.500000
2019-09-03,1.470000
2019-09-04,1.430000
2019-09-05,1.550000
2019-09-06,1.530000
2019-09-09,1.580000
2019-09-10,1.670000
2019-09-11,1.680000
2019-09-12,1.720000
2019-09-13,1.790000
2019-09-16,1.740000
2019-09-17,1.720000
2019-09-18,1.770000
2019-09-19,1.740000
2019-09-20,1.690000
2019-09-23,1.680000
2019-09-24,1.600000
2019-09-25,1.680000
2019-09-26,1.660000
2019-09-27,1.630000
2019-09-30,1.630000
2019-10-01,1.560000
2019-10-02,1.480000
2019-10-03,1.390000
2019-10-04,1.400000
2019-10-07,1.460000
2019-10-08,1.420000
2019-10-09,1.470000
2019-10-10,1.530000
2019-10-11,1.630000
2019-10-15,1.610000
2019-10-16,1.580000
2019-10-17,1.600000
2019-10-18,1.580000
2019-10-21,1.620000
2019-10-22,1.600000
2019-10-23,1.580000
2019-10-24,1.580000
2019-10-25,1.630000
2019-10-28,1.640000
2019-10-29,1.640000
2019-10-30,1.610000
2019-10-31,1.520000
2019-11-01,1.560000
2019-11-04,1.600000
2019-11-05,1.630000
2019-11-06,1.610000
2019-11-07,1.680000
2019-11-08,1.680000
2019-11-12,1.660000
2019-11-13,1.630000
2019-11-14,1.580000
2019-11-15,1.610000
2019-11-18,1.600000
2019-11-19,1.600000
2019-11-20,1.560000
2019-11-21,1.600000
2019-11-22,1.610000
2019-11-25,1.610000
2019-11-26,1.580000
2019-11-27,1.630000
2019-11-29,1.610000
2019-12-02,1.610000
2019-12-03,1.530000
2019-12-04,1.580000
2019-12-05,1.580000
2019-12-06,1.610000
2019-12-09,1.630000
2019-12-10,1.650000
2019-12-11,1.610000
2019-12-12,1.660000
2019-12-13,1.610000
2019-12-16,1.650000
2019-12-17,1.630000
2019-12-18,1.630000
2019-12-19,1.620000
2019-12-20,1.630000
2019-12-23,1.640000
2019-12-24,1.620000
2019-12-26,1.640000
2019-12-27,1.590000
2019-12-30,1.580000
2019-12-31,1.580000
2020-01-02,1.580000
2020-01-03,1.530000
2020-01-06,1.540000
2020-01-07,1.540000
2020-01-08,1.580000
2020-01-09,1.580000
2020-01-10,1.560000
2020-01-13,1.580000
2020-01-14,1.580000
2020-01-15,1.560000
2020-01-16,1.580000
2020-01-17,1.580000
2020-01-21,1.530000
2020-01-22,1.530000
2020-01-23,1.510000
2020-01-24,1.490000
2020-01-27,1.440000
2020-01-28,1.450000
2020-01-29,1.420000
2020-01-30,1.410000
2020-01-31,1.330000
2020-02-03,1.360000
2020-02-04,1.410000
2020-02-05,1.440000
2020-02-06,1.440000
2020-02-07,1.410000
2020-02-10,1.370000
2020-02-11,1.410000
2020-02-12,1.440000
2020-02-13,1.440000
2020-02-14,1.420000
2020-02-18,1.410000
2020-02-19,1.420000
2020-02-20,1.390000
2020-02-21,1.340000
2020-02-24,1.260000
2020-02-25,1.200000
2020-02-26,1.160000
2020-02-27,1.110000
2020-02-28,0.860000
2020-03-02,0.840000
2020-03-03,0.710000
2020-03-04,0.670000
2020-03-05,0.590000
2020-03-06,0.490000
2020-03-09,0.380000
2020-03-10,0.500000
2020-03-11,0.500000
2020-03-12,0.500000
2020-03-13,0.490000
2020-03-16,0.360000
2020-03-17,0.470000
2020-03-18,0.540000
2020-03-19,0.440000
2020-03-20,0.370000
2020-03-23,0.280000
2020-03-24,0.380000
2020-03-25,0.340000
2020-03-26,0.300000
2020-03-27,0.250000
2020-03-30,0.230000
2020-03-31,0.230000
2020-04-01,0.230000
2020-04-02,0.230000
2020-04-03,0.230000
2020-04-06,0.270000
2020-04-07,0.280000
2020-04-08,0.270000
2020-04-09,0.230000
2020-04-13,0.250000
2020-04-14,0.230000
2020-04-15,0.200000
2020-04-16,0.200000
2020-04-17,0.200000
2020-04-20,0.200000
2020-04-21,0.200000
2020-04-22,0.220000
2020-04-23,0.220000
2020-04-24,0.220000
2020-04-27,0.240000
2020-04-28,0.200000
2020-04-29,0.200000
2020-04-30,0.200000
2020-05-01,0.200000
2020-05-04,0.190000
2020-05-05,0.190000
2020-05-06,0.170000
2020-05-07,0.130000
2020-05-08,0.160000
2020-05-11,0.170000
2020-05-12,0.170000
2020-05-13,0.160000
2020-05-14,0.160000
2020-05-15,0.160000
2020-05-18,0.180000
2020-05-19,0.170000
2020-05-20,0.160000
2020-05-21,0.170000
2020-05-22,0.170000
2020-05-26,0.180000
2020-05-27,0.190000
2020-05-28,0.170000
2020-05-29,0.160000
2020-06-01,0.140000
2020-06-02,0.170000
2020-06-03,0.190000
2020-06-04,0.190000
2020-06-05,0.220000
2020-06-08,0.220000
2020-06-09,0.200000
2020-06-10,0.170000
2020-06-11,0.190000
2020-06-12,0.190000
2020-06-15,0.190000
2020-06-16,0.210000
2020-06-17,0.190000
2020-06-18,0.190000
2020-06-19,0.190000
2020-06-22,0.190000
2020-06-23,0.180000
2020-06-24,0.190000
2020-06-25,0.170000
2020-06-26,0.170000
2020-06-29,0.160000
2020-06-30,0.160000
2020-07-01,0.170000
2020-07-02,0.160000
2020-07-06,0.160000
2020-07-07,0.160000
2020-07-08,0.160000
2020-07-09,0.160000
2020-07-10,0.160000
2020-07-13,0.160000
2020-07-14,0.140000
2020-07-15,0.160000
2020-07-16,0.160000
2020-07-17,0.140000
2020-07-20,0.160000
2020-07-21,0.140000
2020-07-22,0.140000
2020-07-23,0.160000
2020-07-24,0.140000
2020-07-27,0.150000
2020-07-28,0.140000
2020-07-29,0.120000
2020-07-30,0.110000
2020-07-31,0.110000
2020-08-03,0.110000
2020-08-04,0.110000
2020-08-05,0.110000
2020-08-06,0.110000
2020-08-07,0.130000
2020-08-10,0.140000
2020-08-11,0.160000
2020-08-12,0.160000
2020-08-13,0.160000
2020-08-14,0.140000
2020-08-17,0.140000
2020-08-18,0.140000
2020-08-19,0.140000
2020-08-20,0.130000
2020-08-21,0.160000
2020-08-24,0.140000
2020-08-25,0.150000
2020-08-26,0.160000
2020-08-27,0.160000
2020-08-28,0.140000
2020-08-31,0.140000
2020-09-01,0.130000
2020-09-02,0.140000
2020-09-03,0.130000
2020-09-04,0.140000
2020-09-08,0.140000
2020-09-09,0.140000
2020-09-10,0.140000
2020-09-11,0.130000
2020-09-14,0.140000
2020-09-15,0.140000
2020-09-16,0.140000
2020-09-17,0.130000
2020-09-18,0.140000
2020-09-21,0.140000
2020-09-22,0.130000
2020-09-23,0.140000
2020-09-24,0.140000
2020-09-25,0.120000
2020-09-28,0.140000
2020-09-29,0.110000
2020-09-30,0.130000
2020-10-01,0.140000
2020-10-02,0.130000
2020-10-05,0.140000
2020-10-06,0.140000
2020-10-07,0.160000
2020-10-08,0.130000
2020-10-09,0.160000
2020-10-13,0.160000
2020-10-14,0.140000
2020-10-15,0.140000
2020-10-16,0.140000
2020-10-19,0.160000
2020-10-20,0.140000
2020-10-21,0.140000
2020-10-22,0.160000
2020-10-23,0.180000
2020-10-26,0.160000
2020-10-27,0.160000
2020-10-28,0.160000
2020-10-29,0.160000
2020-10-30,0.140000
2020-11-02,0.160000
2020-11-03,0.170000
2020-11-04,0.140000
2020-11-05,0.140000
2020-11-06,0.160000
2020-11-09,0.170000
2020-11-10,0.190000
2020-11-12,0.170000
2020-11-13,0.170000
2020-11-16,0.190000
2020-11-17,0.180000
2020-11-18,0.160000
2020-11-19,0.180000
2020-11-20,0.160000
2020-11-23,0.160000
2020-11-24,0.160000
2020-11-25,0.170000
2020-11-27,0.160000
2020-11-30,0.160000
2020-12-01,0.170000
2020-12-02,0.160000
2020-12-03,0.160000
2020-12-04,0.160000
2020-12-07,0.140000
2020-12-08,0.140000
2020-12-09,0.160000
2020-12-10,0.140000
2020-12-11,0.110000
2020-12-14,0.130000
2020-12-15,0.110000
2020-12-16,0.130000
2020-12-17,0.130000
2020-12-18,0.130000
2020-12-21,0.130000
2020-12-22,0.130000
2020-12-23,0.130000
2020-12-24,0.130000
2020-12-28,0.130000
2020-12-29,0.120000
2020-12-30,0.120000
2020-12-31,0.130000
2021-01-04,0.110000
2021-01-05,0.130000
2021-01-06,0.140000
2021-01-07,0.140000
2021-01-08,0.140000
2021-01-11,0.140000
2021-01-12,0.140000
2021-01-13,0.140000
2021-01-14,0.160000
2021-01-15,0.130000
2021-01-19,0.140000
2021-01-20,0.130000
2021-01-21,0.130000
2021-01-22,0.130000
2021-01-25,0.130000
2021-01-26,0.110000
2021-01-27,0.120000
2021-01-28,0.120000
2021-01-29,0.110000
2021-02-01,0.110000
2021-02-02,0.110000
2021-02-03,0.110000
2021-02-04,0.110000
2021-02-05,0.090000
2021-02-08,0.110000
2021-02-09,0.110000
2021-02-10,0.110000
2021-02-11,0.110000
2021-02-12,0.110000
2021-02-16,0.130000
2021-02-17,0.110000
2021-02-18,0.110000
2021-02-19,0.110000
2021-02-22,0.110000
2021-02-23,0.110000
2021-02-24,0.120000
2021-02-25,0.170000
2021-02-26,0.140000
2021-03-01,0.130000
2021-03-02,0.130000
2021-03-03,0.140000
2021-03-04,0.140000
2021-03-05,0.140000
2021-03-08,0.170000
2021-03-09,0.170000
2021-03-10,0.160000
2021-03-11,0.140000
2021-03-12,0.140000
2021-03-15,0.140000
2021-03-16,0.150000
2021-03-17,0.130000
2021-03-18,0.160000
2021-03-19,0.160000
2021-03-22,0.150000
2021-03-23,0.150000
2021-03-24,0.140000
2021-03-25,0.140000
2021-03-26,0.140000
2021-03-29,0.140000
2021-03-30,0.160000
2021-03-31,0.160000
2021-04-01,0.170000
2021-04-02,0.190000
2021-04-05,0.170000
2021-04-06,0.160000
2021-04-07,0.160000
2021-04-08,0.140000
2021-04-09,0.160000
2021-04-12,0.180000
2021-04-13,0.160000
2021-04-14,0.160000
2021-04-15,0.160000
2021-04-16,0.160000
2021-04-19,0.160000
2021-04-20,0.150000
2021-04-21,0.150000
2021-04-22,0.160000
2021-04-23,0.160000
2021-04-26,0.180000
2021-04-27,0.170000
2021-04-28,0.170000
2021-04-29,0.160000
2021-04-30,0.160000
2021-05-03,0.160000
2021-05-04,0.160000
2021-05-05,0.160000
2021-05-06,0.160000
2021-05-07,0.140000
2021-05-10,0.160000
2021-05-11,0.160000
2021-05-12,0.160000
2021-05-13,0.160000
2021-05-14,0.160000
2021-05-17,0.160000
2021-05-18,0.160000
2021-05-19,0.160000
2021-05-20,0.150000
2021-05-21,0.170000
2021-05-24,0.150000
2021-05-25,0.150000
2021-05-26,0.140000
2021-05-27,0.140000
2021-05-28,0.140000
2021-06-01,0.160000
2021-06-02,0.130000
2021-06-03,0.160000
2021-06-04,0.140000
2021-06-07,0.160000
2021-06-08,0.140000
2021-06-09,0.160000
2021-06-10,0.140000
2021-06-11,0.160000
2021-06-14,0.160000
2021-06-15,0.160000
2021-06-16,0.210000
2021-06-17,0.230000
2021-06-18,0.260000
2021-06-21,0.270000
2021-06-22,0.250000
2021-06-23,0.260000
2021-06-24,0.260000
2021-06-25,0.280000
2021-06-28,0.250000
2021-06-29,0.270000
2021-06-30,0.250000
2021-07-01,0.250000
2021-07-02,0.240000
2021-07-06,0.220000
2021-07-07,0.220000
2021-07-08,0.190000
2021-07-09,0.230000
2021-07-12,0.230000
2021-07-13,0.260000
2021-07-14,0.230000
2021-07-15,0.230000
2021-07-16,0.250000
2021-07-19,0.210000
2021-07-20,0.200000
2021-07-21,0.220000
2021-07-22,0.200000
2021-07-23,0.220000
2021-07-26,0.220000
2021-07-27,0.200000
2021-07-28,0.200000
2021-07-29,0.200000
2021-07-30,0.190000
2021-08-02,0.170000
2021-08-03,0.170000
2021-08-04,0.170000
2021-08-05,0.210000
2021-08-06,0.210000
2021-08-09,0.230000
2021-08-10,0.240000
2021-08-11,0.230000
2021-08-12,0.230000
2021-08-13,0.230000
2021-08-16,0.210000
2021-08-17,0.230000
2021-08-18,0.230000
2021-08-19,0.220000
2021-08-20,0.230000
2021-08-23,0.230000
2021-08-24,0.240000
2021-08-25,0.230000
2021-08-26,0.250000
2021-08-27,0.220000
2021-08-30,0.200000
2021-08-31,0.200000
2021-09-01,0.200000
2021-09-02,0.200000
2021-09-03,0.210000
2021-09-07,0.220000
2021-09-08,0.220000
2021-09-09,0.230000
2021-09-10,0.230000
2021-09-13,0.210000
2021-09-14,0.210000
2021-09-15,0.210000
2021-09-16,0.230000
2021-09-17,0.230000
2021-09-20,0.230000
2021-09-21,0.220000
2021-09-22,0.250000
2021-09-23,0.270000
2021-09-24,0.290000
2021-09-27,0.310000
2021-09-28,0.310000
2021-09-29,0.300000
2021-09-30,0.280000
2021-10-01,0.270000
2021-10-04,0.270000
2021-10-05,0.280000
2021-10-06,0.300000
2021-10-07,0.320000
2021-10-08,0.320000
2021-10-12,0.350000
2021-10-13,0.370000
2021-10-14,0.360000
2021-10-15,0.410000
2021-10-18,0.440000
2021-10-19,0.410000
2021-10-20,0.400000
2021-10-21,0.450000
2021-10-22,0.480000
2021-10-25,0.470000
2021-10-26,0.470000
2021-10-27,0.500000
2021-10-28,0.500000
2021-10-29,0.480000
2021-11-01,0.500000
2021-11-02,0.460000
2021-11-03,0.470000
2021-11-04,0.410000
2021-11-05,0.390000
2021-11-08,0.450000
2021-11-09,0.410000
2021-11-10,0.510000
2021-11-12,0.530000
2021-11-15,0.530000
2021-11-16,0.540000
2021-11-17,0.520000
2021-11-18,0.520000
2021-11-19,0.520000
2021-11-22,0.630000
2021-11-23,0.600000
2021-11-24,0.640000
2021-11-26,0.500000
2021-11-29,0.510000
2021-11-30,0.520000
2021-12-01,0.560000
2021-12-02,0.630000
2021-12-03,0.600000
2021-12-06,0.650000
2021-12-07,0.700000
2021-12-08,0.680000
2021-12-09,0.700000
2021-12-10,0.670000
2021-12-13,0.660000
2021-12-14,0.670000
2021-12-15,0.690000
2021-12-16,0.640000
2021-12-17,0.660000
2021-12-20,0.650000
2021-12-21,0.700000
2021-12-22,0.680000
2021-12-23,0.710000
2021-12-27,0.760000
2021-12-28,0.740000
2021-12-29,0.750000
2021-12-30,0.730000
2021-12-31,0.730000
2022-01-03,0.780000
2022-01-04,0.770000
2022-01-05,0.830000
2022-01-06,0.880000
2022-01-07,0.870000
2022-01-10,0.920000
2022-01-11,0.900000
2022-01-12,0.920000
2022-01-13,0.910000
2022-01-14,0.990000
2022-01-18,1.060000
2022-01-19,1.040000
2022-01-20,1.080000
2022-01-21,1.010000
2022-01-24,0.990000
2022-01-25,1.020000
2022-01-26,1.130000
2022-01-27,1.180000
2022-01-28,1.150000
2022-01-31,1.180000
2022-02-01,1.180000
2022-02-02,1.160000
2022-02-03,1.190000
2022-02-04,1.310000
2022-02-07,1.300000
2022-02-08,1.350000
2022-02-09,1.360000
2022-02-10,1.610000
2022-02-11,1.500000
2022-02-14,1.580000
2022-02-15,1.580000
2022-02-16,1.520000
2022-02-17,1.490000
2022-02-18,1.470000
2022-02-22,1.560000
2022-02-23,1.580000
2022-02-24,1.540000
2022-02-25,1.550000
2022-02-28,1.440000
2022-03-01,1.310000
2022-03-02,1.500000
2022-03-03,1.530000
2022-03-04,1.500000
2022-03-07,1.550000
2022-03-08,1.630000
2022-03-09,1.680000
2022-03-10,1.720000
2022-03-11,1.750000
2022-03-14,1.870000
2022-03-15,1.850000
2022-03-16,1.950000
2022-03-17,1.940000
2022-03-18,1.970000
2022-03-21,2.140000
2022-03-22,2.180000
2022-03-23,2.130000
2022-03-24,2.130000
2022-03-25,2.300000
2022-03-28,2.350000
2022-03-29,2.350000
2022-03-30,2.310000
2022-03-31,2.280000
2022-04-01,2.440000
2022-04-04,2.430000
2022-04-05,2.510000
2022-04-06,2.500000
2022-04-07,2.470000
2022-04-08,2.530000
2022-04-11,2.500000
2022-04-12,2.390000
2022-04-13,2.370000
2022-04-14,2.470000
2022-04-18,2.460000
2022-04-19,2.610000
2022-04-20,2.600000
2022-04-21,2.680000
2022-04-22,2.720000
2022-04-25,2.630000
2022-04-26,2.540000
2022-04-27,2.580000
2022-04-28,2.630000
2022-04-29,2.700000
2022-05-02,2.730000
2022-05-03,2.780000
2022-05-04,2.660000
2022-05-05,2.710000
2022-05-06,2.720000
2022-05-09,2.610000
2022-05-10,2.620000
2022-05-11,2.660000
2022-05-12,2.560000
2022-05-13,2.610000
2022-05-16,2.580000
2022-05-17,2.710000
2022-05-18,2.680000
2022-05-19,2.630000
2022-05-20,2.600000
2022-05-23,2.650000
2022-05-24,2.500000
2022-05-25,2.480000
2022-05-26,2.460000
2022-05-27,2.470000
2022-05-31,2.530000
2022-06-01,2.660000
2022-06-02,2.650000
2022-06-03,2.660000
2022-06-06,2.730000
2022-06-07,2.750000
2022-06-08,2.780000
2022-06-09,2.830000
2022-06-10,3.060000
2022-06-13,3.400000
2022-06-14,3.450000
2022-06-15,3.200000
2022-06-16,3.140000
2022-06-17,3.170000
2022-06-21,3.210000
2022-06-22,3.060000
2022-06-23,3.010000
2022-06-24,3.040000
2022-06-27,3.080000
2022-06-28,3.100000
2022-06-29,3.060000
2022-06-30,2.920000
2022-07-01,2.840000
2022-07-05,2.820000
2022-07-06,2.970000
2022-07-07,3.030000
2022-07-08,3.120000
2022-07-11,3.070000
2022-07-12,3.030000
2022-07-13,3.130000
2022-07-14,3.150000
2022-07-15,3.130000
2022-07-18,3.150000
2022-07-19,3.230000
2022-07-20,3.250000
2022-07-21,3.100000
2022-07-22,2.980000
2022-07-25,3.000000
2022-07-26,3.020000
2022-07-27,2.960000
2022-07-28,2.850000
2022-07-29,2.890000
2022-08-01,2.900000
2022-08-02,3.060000
2022-08-03,3.100000
2022-08-04,3.030000
2022-08-05,3.240000
2022-08-08,3.210000
2022-08-09,3.280000
2022-08-10,3.230000
2022-08-11,3.230000
2022-08-12,3.250000
2022-08-15,3.200000
2022-08-16,3.250000
2022-08-17,3.280000
2022-08-18,3.220000
2022-08-19,3.250000
2022-08-22,3.320000
2022-08-23,3.290000
2022-08-24,3.360000
2022-08-25,3.350000
2022-08-26,3.370000
2022-08-29,3.420000
2022-08-30,3.460000
2022-08-31,3.450000
2022-09-01,3.510000
2022-09-02,3.400000
2022-09-06,3.500000
2022-09-07,3.450000
2022-09-08,3.480000
2022-09-09,3.560000
2022-09-12,3.580000
2022-09-13,3.750000
2022-09-14,3.780000
2022-09-15,3.870000
2022-09-16,3.850000
2022-09-19,3.950000
2022-09-20,3.960000
2022-09-21,4.020000
2022-09-22,4.110000
2022-09-23,4.200000
2022-09-26,4.270000
2022-09-27,4.300000
2022-09-28,4.070000
2022-09-29,4.160000
2022-09-30,4.220000
2022-10-03,4.120000
2022-10-04,4.100000
2022-10-05,4.150000
2022-10-06,4.230000
2022-10-07,4.300000
2022-10-11,4.300000
2022-10-12,4.280000
2022-10-13,4.470000
2022-10-14,4.480000
2022-10-17,4.450000
2022-10-18,4.430000
2022-10-19,4.550000
2022-10-20,4.620000
2022-10-21,4.490000
2022-10-24,4.500000
2022-10-25,4.420000
2022-10-26,4.390000
2022-10-27,4.300000
2022-10-28,4.410000
2022-10-31,4.510000
2022-11-01,4.540000
2022-11-02,4.610000
2022-11-03,4.710000
2022-11-04,4.660000
2022-11-07,4.720000
2022-11-08,4.670000
2022-11-09,4.610000
2022-11-10,4.340000
2022-11-14,4.400000
2022-11-15,4.370000
2022-11-16,4.350000
2022-11-17,4.430000
2022-11-18,4.510000
2022-11-21,4.480000
2022-11-22,4.470000
2022-11-23,4.460000
2022-11-25,4.420000
2022-11-28,4.460000
2022-11-29,4.480000
2022-11-30,4.380000
2022-12-01,4.250000
2022-12-02,4.280000
2022-12-05,4.410000
2022-12-06,4.340000
2022-12-07,4.260000
2022-12-08,4.310000
2022-12-09,4.330000
2022-12-12,4.390000
2022-12-13,4.220000
2022-12-14,4.230000
2022-12-15,4.230000
2022-12-16,4.170000
2022-12-19,4.250000
2022-12-20,4.250000
2022-12-21,4.210000
2022-12-22,4.240000
2022-12-23,4.310000
2022-12-27,4.320000
2022-12-28,4.310000
2022-12-29,4.340000
2022-12-30,4.410000
2023-01-03,4.400000
2023-01-04,4.360000
2023-01-05,4.450000
2023-01-06,4.240000
2023-01-09,4.190000
2023-01-10,4.240000
2023-01-11,4.200000
2023-01-12,4.120000
2023-01-13,4.220000
2023-01-17,4.180000
2023-01-18,4.060000
2023-01-19,4.090000
2023-01-20,4.140000
2023-01-23,4.210000
2023-01-24,4.120000
2023-01-25,4.110000
2023-01-26,4.170000
2023-01-27,4.190000
2023-01-30,4.250000
2023-01-31,4.210000
2023-02-01,4.090000
2023-02-02,4.090000
2023-02-03,4.300000
2023-02-06,4.440000
2023-02-07,4.470000
2023-02-08,4.450000
2023-02-09,4.480000
2023-02-10,4.500000
2023-02-13,4.520000
2023-02-14,4.600000
2023-02-15,4.620000
2023-02-16,4.620000
2023-02-17,4.600000
2023-02-21,4.670000
2023-02-22,4.660000
2023-02-23,4.660000
2023-02-24,4.780000
2023-02-27,4.780000
2023-02-28,4.810000
2023-03-01,4.890000
2023-03-02,4.890000
2023-03-03,4.860000
2023-03-06,4.890000
2023-03-07,5.000000
2023-03-08,5.050000
2023-03-09,4.900000
2023-03-10,4.600000
2023-03-13,4.030000
2023-03-14,4.200000
2023-03-15,3.930000
2023-03-16,4.140000
2023-03-17,3.810000
2023-03-20,3.920000
2023-03-21,4.170000
2023-03-22,3.960000
2023-03-23,3.760000
2023-03-24,3.760000
2023-03-27,3.940000
2023-03-28,4.020000
2023-03-29,4.080000
2023-03-30,4.100000
2023-03-31,4.060000
2023-04-03,3.970000
2023-04-04,3.840000
2023-04-05,3.790000
2023-04-06,3.820000
2023-04-07,3.970000
2023-04-10,4.000000
2023-04-11,4.030000
2023-04-12,3.950000
2023-04-13,3.960000
2023-04-14,4.080000
2023-04-17,4.180000
2023-04-18,4.190000
2023-04-19,4.240000
2023-04-20,4.140000
2023-04-21,4.170000
2023-04-24,4.120000
2023-04-25,3.860000
2023-04-26,3.900000
2023-04-27,4.070000
2023-04-28,4.040000
2023-05-01,4.140000
2023-05-02,3.970000
2023-05-03,3.890000
2023-05-04,3.750000
2023-05-05,3.920000
2023-05-08,4.000000
2023-05-09,4.010000
2023-05-10,3.900000
2023-05-11,3.890000
2023-05-12,3.980000
2023-05-15,3.990000
2023-05-16,4.060000
2023-05-17,4.120000
2023-05-18,4.240000
2023-05-19,4.280000
2023-05-22,4.290000
2023-05-23,4.260000
2023-05-24,4.310000
2023-05-25,4.500000
2023-05-26,4.540000
2023-05-30,4.460000
2023-05-31,4.400000
2023-06-01,4.330000
2023-06-02,4.500000
2023-06-05,4.460000
2023-06-06,4.510000
2023-06-07,4.560000
2023-06-08,4.520000
2023-06-09,4.590000
2023-06-12,4.550000
2023-06-13,4.670000
2023-06-14,4.740000
2023-06-15,4.620000
2023-06-16,4.700000
2023-06-20,4.680000
2023-06-21,4.680000
2023-06-22,4.770000
2023-06-23,4.710000
2023-06-26,4.650000
2023-06-27,4.740000
2023-06-28,4.710000
2023-06-29,4.870000
2023-06-30,4.870000
2023-07-03,4.940000
2023-07-05,4.940000
2023-07-06,4.990000
2023-07-07,4.940000
2023-07-10,4.850000
2023-07-11,4.880000
2023-07-12,4.720000
2023-07-13,4.590000
2023-07-14,4.740000
2023-07-17,4.740000
2023-07-18,4.740000
2023-07-19,4.740000
2023-07-20,4.800000
2023-07-21,4.820000
2023-07-24,4.810000
2023-07-25,4.850000
2023-07-26,4.820000
2023-07-27,4.910000
2023-07-28,4.870000
2023-07-31,4.880000
2023-08-01,4.920000
2023-08-02,4.880000
2023-08-03,4.900000
2023-08-04,4.780000
2023-08-07,4.760000
2023-08-08,4.740000
2023-08-09,4.790000
2023-08-10,4.820000
2023-08-11,4.890000
2023-08-14,4.960000
2023-08-15,4.920000
2023-08-16,4.970000
2023-08-17,4.940000
2023-08-18,4.920000
2023-08-21,4.970000
2023-08-22,5.020000
2023-08-23,4.950000
2023-08-24,4.980000
2023-08-25,5.030000
2023-08-28,4.980000
2023-08-29,4.870000
2023-08-30,4.900000
2023-08-31,4.850000
2023-09-01,4.870000
2023-09-05,4.940000
2023-09-06,5.010000
2023-09-07,4.940000
2023-09-08,4.980000
2023-09-11,4.970000
2023-09-12,4.980000
2023-09-13,4.960000
2023-09-14,5.000000
2023-09-15,5.020000
2023-09-18,5.050000
2023-09-19,5.080000
2023-09-20,5.120000
2023-09-21,5.120000
2023-09-22,5.100000
2023-09-25,5.090000
2023-09-26,5.040000
2023-09-27,5.100000
2023-09-28,5.040000
2023-09-29,5.030000
2023-10-02,5.120000
2023-10-03,5.150000
2023-10-04,5.050000
2023-10-05,5.030000
2023-10-06,5.080000
2023-10-10,4.960000
2023-10-11,4.990000
2023-10-12,5.060000
2023-10-13,5.040000
2023-10-16,5.090000
2023-10-17,5.190000
2023-10-18,5.190000
2023-10-19,5.140000
2023-10-20,5.070000
2023-10-23,5.050000
2023-10-24,5.020000
2023-10-25,5.080000
2023-10-26,5.020000
2023-10-27,4.990000
2023-10-30,5.030000
2023-10-31,5.070000
2023-11-01,4.950000
2023-11-02,4.980000
2023-11-03,4.830000
2023-11-06,4.930000
2023-11-07,4.910000
2023-11-08,4.930000
2023-11-09,5.030000
2023-11-10,5.040000
2023-11-13,5.020000
2023-11-14,4.800000
2023-11-15,4.900000
2023-11-16,4.830000
2023-11-17,4.880000
2023-11-20,4.890000
2023-11-21,4.860000
2023-11-22,4.890000
2023-11-24,4.920000
2023-11-27,4.840000
2023-11-28,4.730000
2023-11-29,4.640000
2023-11-30,4.730000
2023-12-01,4.560000
2023-12-04,4.640000
2023-12-05,4.570000
2023-12-06,4.600000
2023-12-07,4.580000
2023-12-08,4.710000
2023-12-11,4.710000
2023-12-12,4.730000
2023-12-13,4.460000
2023-12-14,4.370000
2023-12-15,4.440000
2023-12-18,4.430000
2023-12-19,4.410000
2023-12-20,4.340000
2023-12-21,4.330000
2023-12-22,4.310000
2023-12-26,4.260000
2023-12-27,4.200000
2023-12-28,4.260000
2023-12-29,4.230000
2024-01-02,4.330000
2024-01-03,4.330000
2024-01-04,4.380000
2024-01-05,4.400000
2024-01-08,4.360000
2024-01-09,4.360000
2024-01-10,4.370000
2024-01-11,4.260000
2024-01-12,4.140000
2024-01-16,4.220000
2024-01-17,4.340000
2024-01-18,4.340000
2024-01-19,4.390000
2024-01-22,4.370000
2024-01-23,4.310000
2024-01-24,4.340000
2024-01-25,4.280000
2024-01-26,4.340000
2024-01-29,4.290000
2024-01-30,4.360000
2024-01-31,4.270000
2024-02-01,4.200000
2024-02-02,4.360000
2024-02-05,4.460000
2024-02-06,4.390000
2024-02-07,4.410000
2024-02-08,4.460000
2024-02-09,4.480000
2024-02-12,4.460000
2024-02-13,4.640000
2024-02-14,4.560000
2024-02-15,4.560000
2024-02-16,4.640000
2024-02-20,4.590000
2024-02-21,4.640000
2024-02-22,4.690000
2024-02-23,4.670000
2024-02-26,4.690000
2024-02-27,4.700000
2024-02-28,4.640000
2024-02-29,4.640000
2024-03-01,4.540000
2024-03-04,4.610000
2024-03-05,4.540000
2024-03-06,4.550000
2024-03-07,4.500000
2024-03-08,4.480000
2024-03-11,4.510000
2024-03-12,4.580000
2024-03-13,4.610000
2024-03-14,4.680000
2024-03-15,4.720000
2024-03-18,4.730000
2024-03-19,4.680000
2024-03-20,4.590000
2024-03-21,4.620000
2024-03-22,4.590000
2024-03-25,4.540000
2024-03-26,4.560000
2024-03-27,4.540000
2024-03-28,4.590000
2024-04-01,4.720000
2024-04-02,4.700000
2024-04-03,4.680000
2024-04-04,4.650000
2024-04-05,4.730000
2024-04-08,4.780000
2024-04-09,4.740000
2024-04-10,4.970000
2024-04-11,4.930000
2024-04-12,4.880000
2024-04-15,4.930000
2024-04-16,4.970000
2024-04-17,4.930000
2024-04-18,4.980000
2024-04-19,4.970000
2024-04-22,4.970000
2024-04-23,4.860000
2024-04-24,4.890000
2024-04-25,4.960000
2024-04-26,4.960000
2024-04-29,4.970000
2024-04-30,5.040000
2024-05-01,4.960000
2024-05-02,4.870000
2024-05-03,4.810000
2024-05-06,4.820000
2024-05-07,4.820000
2024-05-08,4.840000
2024-05-09,4.800000
2024-05-10,4.870000
2024-05-13,4.850000
2024-05-14,4.810000
2024-05-15,4.730000
2024-05-16,4.780000
2024-05-17,4.830000
2024-05-20,4.820000
2024-05-21,4.820000
2024-05-22,4.860000
2024-05-23,4.910000
2024-05-24,4.930000
2024-05-28,4.940000
2024-05-29,4.960000
2024-05-30,4.920000
2024-05-31,4.890000
2024-06-03,4.820000
2024-06-04,4.770000
2024-06-05,4.720000
2024-06-06,4.720000
2024-06-07,4.870000
2024-06-10,4.870000
2024-06-11,4.810000
2024-06-12,4.750000
2024-06-13,4.680000
2024-06-14,4.670000
2024-06-17,4.750000
2024-06-18,4.690000
2024-06-20,4.700000
2024-06-21,4.700000
2024-06-24,4.710000
2024-06-25,4.650000
2024-06-26,4.710000
2024-06-27,4.700000
2024-06-28,4.710000
2024-07-01,4.770000
2024-07-02,4.740000
2024-07-03,4.710000
2024-07-05,4.600000
2024-07-08,4.620000
2024-07-09,4.620000
2024-07-10,4.620000
2024-07-11,4.500000
2024-07-12,4.450000
2024-07-15,4.440000
2024-07-16,4.430000
2024-07-17,4.420000
2024-07-18,4.460000
2024-07-19,4.490000
2024-07-22,4.500000
2024-07-23,4.400000
2024-07-24,4.370000
2024-07-25,4.410000
2024-07-26,4.360000
2024-07-29,4.360000
2024-07-30,4.350000
2024-07-31,4.290000
2024-08-01,4.160000
2024-08-02,3.880000
2024-08-05,3.890000
2024-08-06,3.990000
2024-08-07,4.000000
2024-08-08,4.040000
2024-08-09,4.050000
2024-08-12,4.010000
2024-08-13,3.930000
2024-08-14,3.940000
2024-08-15,4.080000
2024-08-16,4.060000
2024-08-19,4.060000
2024-08-20,3.990000
2024-08-21,3.920000
2024-08-22,3.990000
2024-08-23,3.900000
2024-08-26,3.910000
2024-08-27,3.830000
2024-08-28,3.830000
2024-08-29,3.870000
2024-08-30,3.910000
2024-09-03,3.880000
2024-09-04,3.760000
2024-09-05,3.750000
2024-09-06,3.660000
2024-09-09,3.680000
2024-09-10,3.590000
2024-09-11,3.620000
2024-09-12,3.640000
2024-09-13,3.570000
2024-09-16,3.560000
2024-09-17,3.590000
2024-09-18,3.610000
2024-09-19,3.590000
2024-09-20,3.550000
2024-09-23,3.570000
2024-09-24,3.490000
2024-09-25,3.530000
2024-09-26,3.600000
2024-09-27,3.550000
2024-09-30,3.660000
2024-10-01,3.610000
2024-10-02,3.630000
2024-10-03,3.700000
2024-10-04,3.930000
2024-10-07,3.990000
2024-10-08,3.980000
2024-10-09,3.990000
2024-10-10,3.980000
2024-10-11,3.950000
2024-10-15,3.950000
2024-10-16,3.930000
2024-10-17,3.960000
2024-10-18,3.950000
2024-10-21,4.020000
2024-10-22,4.030000
2024-10-23,4.070000
2024-10-24,4.070000
2024-10-25,4.110000
2024-10-28,4.120000
2024-10-29,4.110000
2024-10-30,4.150000
2024-10-31,4.160000
2024-11-01,4.210000
2024-11-04,4.170000
2024-11-05,4.190000
2024-11-06,4.270000
2024-11-07,4.210000
2024-11-08,4.260000
2024-11-12,4.340000
2024-11-13,4.270000
2024-11-14,4.340000
2024-11-15,4.310000
2024-11-18,4.290000
2024-11-19,4.270000
2024-11-20,4.310000
2024-11-21,4.340000
2024-11-22,4.370000
2024-11-25,4.210000
2024-11-26,4.210000
2024-11-27,4.190000
2024-11-29,4.130000
2024-12-02,4.170000
2024-12-03,4.170000
2024-12-04,4.130000
2024-12-05,4.150000
2024-12-06,4.100000
2024-12-09,4.130000
2024-12-10,4.150000
2024-12-11,4.150000
2024-12-12,4.180000
2024-12-13,4.250000
2024-12-16,4.250000
2024-12-17,4.250000
2024-12-18,4.350000
2024-12-19,4.320000
2024-12-20,4.300000
2024-12-23,4.300000
2024-12-24,4.290000
2024-12-26,4.300000
2024-12-27,4.310000
2024-12-30,4.240000
2024-12-31,4.250000
2025-01-02,4.250000
2025-01-03,4.280000
2025-01-06,4.280000
2025-01-07,4.300000
2025-01-08,4.280000
2025-01-09,4.270000
2025-01-10,4.400000
2025-01-13,4.400000
2025-01-14,4.370000
2025-01-15,4.270000
2025-01-16,4.230000
2025-01-17,4.270000
2025-01-21,4.290000
2025-01-22,4.290000
2025-01-23,4.290000
2025-01-24,4.270000
2025-01-27,4.170000
2025-01-28,4.190000
2025-01-29,4.210000
2025-01-30,4.180000
2025-01-31,4.220000
2025-02-03,4.260000
2025-02-04,4.210000
2025-02-05,4.170000
2025-02-06,4.210000
2025-02-07,4.290000
2025-02-10,4.280000
2025-02-11,4.290000
2025-02-12,4.360000
2025-02-13,4.310000
2025-02-14,4.260000
2025-02-18,4.290000
2025-02-19,4.280000
2025-02-20,4.280000
2025-02-21,4.190000
2025-02-24,4.130000
2025-02-25,4.070000
2025-02-26,4.050000
2025-02-27,4.070000
2025-02-28,3.990000
2025-03-03,3.960000
2025-03-04,3.960000
2025-03-05,3.990000
2025-03-06,3.960000
2025-03-07,3.990000
2025-03-10,3.890000
2025-03-11,3.940000
2025-03-12,4.010000
2025-03-13,3.940000
2025-03-14,4.020000
2025-03-17,4.060000
2025-03-18,4.040000
2025-03-19,3.990000
2025-03-20,3.950000
2025-03-21,3.940000
2025-03-24,4.040000
2025-03-25,3.960000
2025-03-26,3.980000
2025-03-27,3.970000
2025-03-28,3.890000
2025-03-31,3.890000
2025-04-01,3.870000
2025-04-02,3.910000
2025-04-03,3.710000
2025-04-04,3.680000
2025-04-07,3.730000
2025-04-08,3.710000
2025-04-09,3.910000
2025-04-10,3.840000
2025-04-11,3.960000
2025-04-14,3.840000
2025-04-15,3.840000
2025-04-16,3.770000
2025-04-17,3.810000
2025-04-21,3.750000
2025-04-22,3.760000
2025-04-23,3.810000
2025-04-24,3.770000
2025-04-25,3.740000
2025-04-28,3.670000
2025-04-29,3.650000
2025-04-30,3.600000
2025-05-01,3.700000
2025-05-02,3.830000
2025-05-05,3.830000
2025-05-06,3.780000
2025-05-07,3.780000
2025-05-08,3.900000
2025-05-09,3.880000
2025-05-12,3.980000
2025-05-13,4.020000
2025-05-14,4.050000
2025-05-15,3.960000
2025-05-16,3.980000
2025-05-19,3.970000
2025-05-20,3.970000
2025-05-21,4.000000
2025-05-22,4.000000
2025-05-23,4.000000
2025-05-27,3.920000
2025-05-28,3.960000
2025-05-29,3.920000
2025-05-30,3.890000
2025-06-02,3.940000
2025-06-03,3.960000
2025-06-04,3.870000
2025-06-05,3.920000
2025-06-06,4.040000
2025-06-09,4.010000
2025-06-10,4.010000
2025-06-11,3.940000
2025-06-12,3.900000
2025-06-13,3.960000
2025-06-16,3.970000
2025-06-17,3.940000
2025-06-18,3.940000
2025-06-20,3.900000
2025-06-23,3.840000
2025-06-24,3.750000
2025-06-25,3.740000
2025-06-26,3.700000
2025-06-27,3.730000
2025-06-30,3.720000
2025-07-01,3.780000
2025-07-02,3.780000
2025-07-03,3.880000
2025-07-07,3.900000
2025-07-08,3.900000
2025-07-09,3.860000
2025-07-10,3.860000
2025-07-11,3.900000
2025-07-14,3.900000
2025-07-15,3.950000
2025-07-16,3.880000
2025-07-17,3.910000
2025-07-18,3.880000
2025-07-21,3.850000
2025-07-22,3.830000
2025-07-23,3.880000
2025-07-24,3.910000
2025-07-25,3.910000
2025-07-28,3.910000
2025-07-29,3.860000
2025-07-30,3.940000
2025-07-31,3.940000
2025-08-01,3.690000
2025-08-04,3.690000
2025-08-05,3.720000
2025-08-06,3.690000
2025-08-07,3.720000
2025-08-08,3.760000
2025-08-11,3.760000
2025-08-12,3.720000
2025-08-13,3.670000
2025-08-14,3.740000
2025-08-15,3.750000
2025-08-18,3.770000
2025-08-19,3.750000
2025-08-20,3.740000
2025-08-21,3.790000
2025-08-22,3.680000
2025-08-25,3.730000
2025-08-26,3.610000
2025-08-27,3.590000
2025-08-28,3.620000
2025-08-29,3.590000
2025-09-02,3.660000
2025-09-03,3.610000
2025-09-04,3.590000
2025-09-05,3.510000
2025-09-08,3.490000
2025-09-09,3.540000
2025-09-10,3.540000
2025-09-11,3.520000
2025-09-12,3.560000
2025-09-15,3.540000
2025-09-16,3.510000
2025-09-17,3.520000
2025-09-18,3.570000
2025-09-19,3.570000
2025-09-22,3.610000
2025-09-23,3.530000
2025-09-24,3.570000
2025-09-25,3.640000
2025-09-26,3.630000
2025-09-29,3.630000
2025-09-30,3.600000
2025-10-01,3.550000
2025-10-02,3.550000
2025-10-03,3.580000
2025-10-06,3.600000
2025-10-07,3.570000
2025-10-08,3.580000
2025-10-09,3.600000
2025-10-10,3.520000
2025-10-14,3.480000
2025-10-15,3.500000
2025-10-16,3.410000
2025-10-17,3.460000
2025-10-20,3.460000
2025-10-21,3.450000
2025-10-22,3.450000
2025-10-23,3.480000
2025-10-24,3.480000
2025-10-27,3.480000
2025-10-28,3.470000
2025-10-29,3.590000
2025-10-30,3.610000
2025-10-31,3.600000
2025-11-03,3.600000
2025-11-04,3.580000
2025-11-05,3.630000
2025-11-06,3.570000
2025-11-07,3.550000
2025-11-10,3.580000
2025-11-12,3.560000
2025-11-13,3.580000
2025-11-14,3.620000
2025-11-17,3.600000
2025-11-18,3.580000
2025-11-19,3.580000
2025-11-20,3.550000
2025-11-21,3.510000
2025-11-24,3.460000
2025-11-25,3.430000
2025-11-26,3.450000
2025-11-28,3.470000
2025-12-01,3.540000
2025-12-02,3.510000
2025-12-03,3.490000
2025-12-04,3.520000
2025-12-05,3.560000
2025-12-08,3.570000
2025-12-09,3.610000
2025-12-10,3.540000
2025-12-11,3.520000
2025-12-12,3.520000
2025-12-15,3.510000
2025-12-16,3.480000
2025-12-17,3.490000
2025-12-18,3.460000
2025-12-19,3.480000
2025-12-22,3.440000
2025-12-23,3.480000
2025-12-24,3.470000
2025-12-26,3.460000
2025-12-29,3.450000
2025-12-30,3.450000
2025-12-31,3.470000
2026-01-02,3.470000
2026-01-05,3.460000
2026-01-06,3.470000
2026-01-07,3.470000
2026-01-08,3.490000
2026-01-09,3.540000
2026-01-12,3.540000
2026-01-13,3.530000
2026-01-14,3.510000
2026-01-15,3.560000
2026-01-16,3.590000
2026-01-20,3.600000
2026-01-21,3.600000
2026-01-22,3.610000
2026-01-23,3.600000
2026-01-26,3.560000
2026-01-27,3.530000
2026-01-28,3.560000
2026-01-29,3.530000
2026-01-30,3.520000
2026-02-02,3.570000
2026-02-03,3.570000
2026-02-04,3.570000
2026-02-05,3.470000
2026-02-06,3.500000
2026-02-09,3.480000
2026-02-10,3.450000
2026-02-11,3.520000
2026-02-12,3.470000
2026-02-13,3.400000
2026-02-17,3.430000
2026-02-18,3.470000
2026-02-19,3.470000
2026-02-20,3.480000
2026-02-23,3.430000
2026-02-24,3.430000
2026-02-25,3.450000
2026-02-26,3.420000
2026-02-27,3.380000
2026-03-02,3.470000
2026-03-03,3.510000
2026-03-04,3.540000
2026-03-05,3.570000
2026-03-06,3.560000
2026-03-09,3.560000
2026-03-10,3.570000
2026-03-11,3.640000
2026-03-12,3.760000
2026-03-13,3.730000
2026-03-16,3.680000
2026-03-17,3.680000
2026-03-18,3.760000
2026-03-19,3.790000
2026-03-20,3.880000
2026-03-23,3.830000
2026-03-24,3.900000
2026-03-25,3.840000
2026-03-26,3.960000
2026-03-27,3.880000
2026-03-30,3.820000
2026-03-31,3.790000
2026-04-01,3.810000
2026-04-02,3.790000
2026-04-03,3.840000
2026-04-06,3.840000
2026-04-07,3.810000
2026-04-08,3.790000
2026-04-09,3.780000
2026-04-10,3.810000
2026-04-13,3.780000
2026-04-14,3.760000
2026-04-15,3.760000
2026-04-16,3.780000
2026-04-17,3.710000
2026-04-20,3.720000
2026-04-21,3.780000
2026-04-22,3.790000
2026-04-23,3.830000
2026-04-24,3.780000
2026-04-27,3.780000
2026-04-28,3.840000
2026-04-29,3.920000
2026-04-30,3.880000
2026-05-01,3.880000
2026-05-04,3.950000
2026-05-05,3.930000
2026-05-06,3.870000
2026-05-07,3.920000
2026-05-08,3.900000
2026-05-11,3.950000
2026-05-12,4.000000
2026-05-13,3.980000
2026-05-14,4.000000
2026-05-15,4.090000
2026-05-18,4.070000
2026-05-19,4.130000
2026-05-20,4.040000
2026-05-21,4.080000
2026-05-22,4.130000
2026-05-26,4.010000
2026-05-27,4.000000
2026-05-28,3.990000
2026-05-29,3.980000
2026-06-01,4.050000
2026-06-02,4.050000
2026-06-03,4.080000
2026-06-04,4.050000
2026-06-05,4.170000
2026-06-08,4.150000
2026-06-09,4.130000
2026-06-10,4.130000
2026-06-11,4.050000
2026-06-12,4.090000
2026-06-15,4.070000
2026-06-16,4.050000
2026-06-17,4.200000
2026-06-18,4.190000
2026-06-22,4.240000
2026-06-23,4.160000
2026-06-24,4.110000
2026-06-25,4.090000
2026-06-26,4.070000
2026-06-29,4.100000
2026-06-30,4.140000
2026-07-01,4.170000
2026-07-02,4.140000
2026-07-06,4.130000
2026-07-07,4.190000
2026-07-08,4.210000
2026-07-09,4.160000
2026-07-10,4.210000
2026-07-13,4.260000
2026-07-14,4.180000
2026-07-15,4.130000
2026-07-16,4.160000
2026-07-17,4.180000
2026-07-20,4.210000
2026-07-21,4.260000
2026-07-22,4.310000
2026-07-23,4.370000
2026-07-24,4.330000
2026-07-27,4.310000
2026-07-28,4.260000
2026-07-29,4.220000
2026-07-30,4.230000
2026-07-31,4.280000
2026-08-03,4.250000
2026-08-04,4.200000
2026-08-05,4.180000
2026-08-06,4.250000
2026-08-07,4.190000
2026-08-10,4.250000
2026-08-11,4.220000
2026-08-12,4.200000
2026-08-13,4.150000
2026-08-14,4.170000
2026-08-17,4.190000
2026-08-18,4.190000
2026-08-19,4.190000
2026-08-20,4.190000
2026-08-21,4.240000
2026-08-24,4.240000
2026-08-25,4.170000
2026-08-26,4.190000
2026-08-27,4.200000
