date,value
2006-01-02,101.415500
2006-01-03,100.755800
2006-01-04,100.228800
2006-01-05,100.299200
2006-01-06,100.024100
2006-01-09,100.179400
2006-01-10,100.143600
2006-01-11,99.871000
2006-01-12,100.064300
2006-01-13,99.967500
2006-01-16,99.971500
2006-01-17,100.244700
2006-01-18,100.408500
2006-01-19,100.186200
2006-01-20,99.901700
2006-01-23,99.378300
2006-01-24,99.343400
2006-01-25,99.348000
2006-01-26,99.479800
2006-01-27,99.643300
2006-01-30,99.714400
2006-01-31,99.431100
2006-02-01,99.613200
2006-02-02,99.791600
2006-02-03,100.118000
2006-02-06,100.137200
2006-02-07,100.175900
2006-02-08,100.487900
2006-02-09,100.211700
2006-02-10,100.322000
2006-02-13,100.395500
2006-02-14,100.398700
2006-02-15,100.448900
2006-02-16,100.518300
2006-02-17,100.340400
2006-02-20,100.344700
2006-02-21,100.234600
2006-02-22,100.387900
2006-02-23,100.195600
2006-02-24,100.259400
2006-02-27,100.072400
2006-02-28,99.769500
2006-03-01,99.835500
2006-03-02,99.596900
2006-03-03,99.702400
2006-03-06,99.983400
2006-03-07,100.564000
2006-03-08,100.856500
2006-03-09,100.771800
2006-03-10,100.956600
2006-03-13,100.856300
2006-03-14,100.312000
2006-03-15,100.212100
2006-03-16,99.904900
2006-03-17,99.861400
2006-03-20,100.049100
2006-03-21,100.471600
2006-03-22,100.496000
2006-03-23,100.825600
2006-03-24,100.777300
2006-03-27,100.835900
2006-03-28,100.799500
2006-03-29,101.047400
2006-03-30,100.569800
2006-03-31,100.560000
2006-04-03,100.620400
2006-04-04,100.131900
2006-04-05,100.079200
2006-04-06,100.157800
2006-04-07,100.418700
2006-04-10,100.409100
2006-04-11,100.290300
2006-04-12,100.358900
2006-04-13,100.475900
2006-04-14,100.469700
2006-04-17,99.871900
2006-04-18,99.674700
2006-04-19,99.346700
2006-04-20,99.497400
2006-04-21,99.434500
2006-04-24,99.117000
2006-04-25,98.968700
2006-04-26,98.890700
2006-04-27,98.514900
2006-04-28,98.141200
2006-05-01,97.908500
2006-05-02,97.657100
2006-05-03,97.557200
2006-05-04,97.487800
2006-05-05,97.258500
2006-05-08,97.194500
2006-05-09,96.957800
2006-05-10,96.639100
2006-05-11,96.538300
2006-05-12,96.878800
2006-05-15,97.358800
2006-05-16,97.195900
2006-05-17,97.472500
2006-05-18,97.703300
2006-05-19,97.933000
2006-05-22,97.937700
2006-05-23,97.704500
2006-05-24,98.393600
2006-05-25,97.842300
2006-05-26,97.899500
2006-05-29,97.893600
2006-05-30,97.588000
2006-05-31,97.770500
2006-06-01,97.772600
2006-06-02,97.554400
2006-06-05,97.368100
2006-06-06,98.144900
2006-06-07,98.164100
2006-06-08,98.931300
2006-06-09,98.547100
2006-06-12,98.549400
2006-06-13,98.920100
2006-06-14,98.833800
2006-06-15,98.884600
2006-06-16,98.912700
2006-06-19,99.145000
2006-06-20,99.011700
2006-06-21,98.554400
2006-06-22,99.085600
2006-06-23,99.421600
2006-06-26,99.363400
2006-06-27,99.219000
2006-06-28,99.392000
2006-06-29,99.215800
2006-06-30,98.248300
2006-07-03,98.037100
2006-07-04,98.022100
2006-07-05,98.308000
2006-07-06,98.138000
2006-07-07,97.750800
2006-07-10,97.981300
2006-07-11,98.213200
2006-07-12,98.520200
2006-07-13,98.558300
2006-07-14,98.681400
2006-07-17,99.076700
2006-07-18,99.134100
2006-07-19,98.926200
2006-07-20,98.601400
2006-07-21,98.522100
2006-07-24,98.779500
2006-07-25,98.938800
2006-07-26,98.742000
2006-07-27,98.228300
2006-07-28,98.053900
2006-07-31,97.999600
2006-08-01,98.171500
2006-08-02,97.943200
2006-08-03,98.069400
2006-08-04,97.600500
2006-08-07,97.508800
2006-08-08,97.652400
2006-08-09,97.440200
2006-08-10,97.888700
2006-08-11,97.786300
2006-08-14,97.967700
2006-08-15,97.804300
2006-08-16,97.389400
2006-08-17,97.348600
2006-08-18,97.757700
2006-08-21,97.385600
2006-08-22,97.607900
2006-08-23,97.573100
2006-08-24,97.793900
2006-08-25,97.882700
2006-08-28,97.846700
2006-08-29,97.774800
2006-08-30,97.579200
2006-08-31,97.644000
2006-09-01,97.508400
2006-09-04,97.498100
2006-09-05,97.439200
2006-09-06,97.608700
2006-09-07,97.810800
2006-09-08,98.211900
2006-09-11,98.384500
2006-09-12,98.278100
2006-09-13,98.177500
2006-09-14,98.008800
2006-09-15,98.210400
2006-09-18,98.133200
2006-09-19,98.170300
2006-09-20,98.155600
2006-09-21,97.945800
2006-09-22,97.866700
2006-09-25,97.990900
2006-09-26,98.055500
2006-09-27,98.010700
2006-09-28,98.038100
2006-09-29,98.105400
2006-10-02,97.924700
2006-10-03,98.126700
2006-10-04,98.368200
2006-10-05,98.277600
2006-10-06,98.561900
2006-10-09,98.570200
2006-10-10,98.912500
2006-10-11,98.914600
2006-10-12,98.831000
2006-10-13,98.800200
2006-10-16,98.710000
2006-10-17,98.535400
2006-10-18,98.616400
2006-10-19,98.289700
2006-10-20,98.162900
2006-10-23,98.448300
2006-10-24,98.349000
2006-10-25,98.205700
2006-10-26,97.890700
2006-10-27,97.491400
2006-10-30,97.567200
2006-10-31,97.390100
2006-11-01,97.494900
2006-11-02,97.655600
2006-11-03,97.720900
2006-11-06,97.806000
2006-11-07,97.445300
2006-11-08,97.580000
2006-11-09,97.504100
2006-11-10,97.463800
2006-11-13,97.790400
2006-11-14,97.747500
2006-11-15,97.835900
2006-11-16,97.809800
2006-11-17,97.985500
2006-11-20,98.025400
2006-11-21,98.021500
2006-11-22,97.531500
2006-11-23,97.531400
2006-11-24,97.065700
2006-11-27,96.998600
2006-11-28,96.842800
2006-11-29,96.857700
2006-11-30,96.577900
2006-12-01,96.458500
2006-12-04,96.431900
2006-12-05,96.208200
2006-12-06,96.283900
2006-12-07,96.320700
2006-12-08,96.612300
2006-12-11,96.664600
2006-12-12,96.711900
2006-12-13,96.729600
2006-12-14,96.794600
2006-12-15,96.985700
2006-12-18,97.155900
2006-12-19,96.931300
2006-12-20,96.776200
2006-12-21,96.914800
2006-12-22,97.111300
2006-12-25,97.122100
2006-12-26,97.178600
2006-12-27,97.207600
2006-12-28,97.065600
2006-12-29,97.031200
2007-01-01,97.032300
2007-01-03,97.128100
2007-01-04,97.525100
2007-01-05,97.780100
2007-01-08,97.788000
2007-01-09,97.964200
2007-01-10,98.094300
2007-01-11,98.084500
2007-01-12,97.921000
2007-01-15,97.920100
2007-01-16,97.981600
2007-01-17,97.750900
2007-01-18,97.828600
2007-01-19,97.686800
2007-01-22,97.827000
2007-01-23,97.811700
2007-01-24,97.908000
2007-01-25,97.839600
2007-01-26,98.149100
2007-01-29,98.206600
2007-01-30,98.151500
2007-01-31,97.964000
2007-02-01,97.710100
2007-02-02,97.974300
2007-02-05,97.870000
2007-02-06,97.735700
2007-02-07,97.723900
2007-02-08,97.816900
2007-02-09,97.707600
2007-02-12,97.940900
2007-02-13,97.706300
2007-02-14,97.277900
2007-02-15,97.158800
2007-02-16,97.164000
2007-02-19,97.154500
2007-02-20,97.321000
2007-02-21,97.270000
2007-02-22,97.266000
2007-02-23,97.175600
2007-02-26,97.228100
2007-02-27,97.088300
2007-02-28,97.238600
2007-03-01,97.335800
2007-03-02,97.369100
2007-03-05,97.671600
2007-03-06,97.512300
2007-03-07,97.455800
2007-03-08,97.573100
2007-03-09,97.455900
2007-03-12,97.301300
2007-03-13,97.220300
2007-03-14,97.275900
2007-03-15,97.247600
2007-03-16,97.040700
2007-03-19,97.106200
2007-03-20,96.798500
2007-03-21,96.619500
2007-03-22,96.389300
2007-03-23,96.566200
2007-03-26,96.549300
2007-03-27,96.455800
2007-03-28,96.489400
2007-03-29,96.506700
2007-03-30,96.318300
2007-04-02,96.317500
2007-04-03,96.377400
2007-04-04,96.364600
2007-04-05,96.118800
2007-04-06,96.252600
2007-04-09,96.293000
2007-04-10,96.117900
2007-04-11,96.029300
2007-04-12,95.799900
2007-04-13,95.711000
2007-04-16,95.553800
2007-04-17,95.383200
2007-04-18,95.310900
2007-04-19,95.271200
2007-04-20,95.169200
2007-04-23,95.183300
2007-04-24,95.160800
2007-04-25,94.849700
2007-04-26,95.165300
2007-04-27,95.010300
2007-04-30,94.836500
2007-05-01,95.003700
2007-05-02,95.035200
2007-05-03,95.016700
2007-05-04,94.911800
2007-05-07,94.691400
2007-05-08,94.864800
2007-05-09,94.793300
2007-05-10,94.950600
2007-05-11,95.003500
2007-05-14,94.826700
2007-05-15,94.557400
2007-05-16,94.814300
2007-05-17,94.833900
2007-05-18,94.657300
2007-05-21,94.702600
2007-05-22,94.575300
2007-05-23,94.455700
2007-05-24,94.702500
2007-05-25,94.502200
2007-05-28,94.495900
2007-05-29,94.353300
2007-05-30,94.549000
2007-05-31,94.321500
2007-06-01,94.132000
2007-06-04,93.996900
2007-06-05,93.998600
2007-06-06,94.121700
2007-06-07,94.353700
2007-06-08,94.759900
2007-06-11,94.657600
2007-06-12,94.699100
2007-06-13,94.901100
2007-06-14,94.902900
2007-06-15,94.622800
2007-06-18,94.547500
2007-06-19,94.322700
2007-06-20,94.361800
2007-06-21,94.607300
2007-06-22,94.437100
2007-06-25,94.510500
2007-06-26,94.467800
2007-06-27,94.563300
2007-06-28,94.239500
2007-06-29,94.139300
2007-07-02,93.634000
2007-07-03,93.697000
2007-07-04,93.696500
2007-07-05,93.765300
2007-07-06,93.575900
2007-07-09,93.551900
2007-07-10,93.333900
2007-07-11,93.308900
2007-07-12,93.119800
2007-07-13,93.013300
2007-07-16,92.909400
2007-07-17,92.909500
2007-07-18,92.795900
2007-07-19,92.733200
2007-07-20,92.717900
2007-07-23,92.658500
2007-07-24,92.505000
2007-07-25,92.918900
2007-07-26,93.118600
2007-07-27,93.548500
2007-07-30,93.591800
2007-07-31,93.426400
2007-08-01,93.401100
2007-08-02,93.303800
2007-08-03,93.103900
2007-08-06,93.111200
2007-08-07,93.317100
2007-08-08,93.098900
2007-08-09,93.441000
2007-08-10,93.521400
2007-08-13,93.603200
2007-08-14,94.041600
2007-08-15,94.501400
2007-08-16,94.905500
2007-08-17,94.319000
2007-08-20,94.213800
2007-08-21,94.267600
2007-08-22,94.099800
2007-08-23,93.982700
2007-08-24,93.686300
2007-08-27,93.610900
2007-08-28,93.839400
2007-08-29,93.717400
2007-08-30,93.732400
2007-08-31,93.667400
2007-09-03,93.669100
2007-09-04,93.643300
2007-09-05,93.545300
2007-09-06,93.446800
2007-09-07,93.293900
2007-09-10,93.234900
2007-09-11,92.924400
2007-09-12,92.638600
2007-09-13,92.617200
2007-09-14,92.708300
2007-09-17,92.823000
2007-09-18,92.658400
2007-09-19,92.153400
2007-09-20,91.421200
2007-09-21,91.485400
2007-09-24,91.401700
2007-09-25,91.339200
2007-09-26,91.433500
2007-09-27,91.349700
2007-09-28,90.944600
2007-10-01,90.880100
2007-10-02,91.120000
2007-10-03,91.103800
2007-10-04,91.163200
2007-10-05,90.739300
2007-10-08,90.748000
2007-10-09,90.860900
2007-10-10,90.715400
2007-10-11,90.490100
2007-10-12,90.594500
2007-10-15,90.538700
2007-10-16,90.712300
2007-10-17,90.515000
2007-10-18,90.308400
2007-10-19,90.101400
2007-10-22,90.677700
2007-10-23,90.189900
2007-10-24,90.226200
2007-10-25,89.992500
2007-10-26,89.650800
2007-10-29,89.411800
2007-10-30,89.325200
2007-10-31,89.138900
2007-11-01,89.162800
2007-11-02,88.892400
2007-11-05,88.885100
2007-11-06,88.493800
2007-11-07,88.063100
2007-11-08,88.263100
2007-11-09,88.461500
2007-11-12,88.465000
2007-11-13,89.101600
2007-11-14,88.967100
2007-11-15,89.441300
2007-11-16,89.318200
2007-11-19,89.526200
2007-11-20,89.262200
2007-11-21,89.335200
2007-11-22,89.326900
2007-11-23,89.238400
2007-11-26,89.145000
2007-11-27,89.408200
2007-11-28,89.419500
2007-11-29,89.368100
2007-11-30,89.621200
2007-12-03,89.640300
2007-12-04,89.667200
2007-12-05,89.875100
2007-12-06,89.926800
2007-12-07,89.740000
2007-12-10,89.681100
2007-12-11,89.717600
2007-12-12,89.734900
2007-12-13,90.137400
2007-12-14,90.434500
2007-12-17,90.536300
2007-12-18,90.560200
2007-12-19,90.614700
2007-12-20,90.469500
2007-12-21,90.367200
2007-12-24,90.178800
2007-12-25,90.178600
2007-12-26,89.922600
2007-12-27,89.684000
2007-12-28,89.406900
2007-12-31,89.630400
2008-01-01,89.629700
2008-01-02,89.351400
2008-01-03,89.231000
2008-01-04,89.246700
2008-01-07,89.571800
2008-01-08,89.339800
2008-01-09,89.680700
2008-01-10,89.622600
2008-01-11,89.521500
2008-01-14,89.274900
2008-01-15,89.155500
2008-01-16,89.670100
2008-01-17,89.648400
2008-01-18,89.899300
2008-01-21,89.926500
2008-01-22,89.840000
2008-01-23,89.913800
2008-01-24,89.203000
2008-01-25,89.218400
2008-01-28,88.955500
2008-01-29,88.834200
2008-01-30,88.744200
2008-01-31,88.654700
2008-02-01,88.482400
2008-02-04,88.478800
2008-02-05,89.076000
2008-02-06,88.998700
2008-02-07,89.422100
2008-02-08,89.222600
2008-02-11,89.214900
2008-02-12,88.953900
2008-02-13,89.138200
2008-02-14,88.905500
2008-02-15,88.900600
2008-02-18,88.900400
2008-02-19,88.962600
2008-02-20,89.257200
2008-02-21,88.716000
2008-02-22,88.708200
2008-02-25,88.537300
2008-02-26,88.099800
2008-02-27,87.335300
2008-02-28,87.036300
2008-02-29,87.165400
2008-03-03,87.238100
2008-03-04,87.303900
2008-03-05,87.134700
2008-03-06,86.910500
2008-03-07,87.125800
2008-03-10,87.145200
2008-03-11,87.176300
2008-03-12,86.728000
2008-03-13,86.389100
2008-03-14,86.430100
2008-03-17,86.341700
2008-03-18,86.119100
2008-03-19,86.575500
2008-03-20,87.329300
2008-03-21,87.211100
2008-03-24,87.310300
2008-03-25,86.833900
2008-03-26,86.551300
2008-03-27,86.458300
2008-03-28,86.636900
2008-03-31,86.688100
2008-04-01,87.027600
2008-04-02,86.888600
2008-04-03,86.642400
2008-04-04,86.510800
2008-04-07,86.603000
2008-04-08,86.736900
2008-04-09,86.576400
2008-04-10,86.513100
2008-04-11,86.502900
2008-04-14,86.349200
2008-04-15,86.470500
2008-04-16,85.903700
2008-04-17,86.107700
2008-04-18,86.527700
2008-04-21,86.297900
2008-04-22,85.927000
2008-04-23,86.384100
2008-04-24,86.715400
2008-04-25,86.833700
2008-04-28,86.763500
2008-04-29,86.873000
2008-04-30,86.890700
2008-05-01,87.134700
2008-05-02,87.231100
2008-05-05,87.063600
2008-05-06,86.847000
2008-05-07,87.342100
2008-05-08,87.457500
2008-05-09,87.252800
2008-05-12,87.040300
2008-05-13,87.133200
2008-05-14,87.365900
2008-05-15,87.182300
2008-05-16,86.785500
2008-05-19,86.822500
2008-05-20,86.562700
2008-05-21,86.159500
2008-05-22,86.322300
2008-05-23,86.192200
2008-05-26,86.190000
2008-05-27,86.445900
2008-05-28,86.495100
2008-05-29,86.561600
2008-05-30,86.550400
2008-06-02,86.632100
2008-06-03,86.835900
2008-06-04,87.099900
2008-06-05,87.096800
2008-06-06,86.802800
2008-06-09,86.909600
2008-06-10,87.470500
2008-06-11,87.205900
2008-06-12,87.618700
2008-06-13,87.762200
2008-06-16,87.391100
2008-06-17,87.210300
2008-06-18,87.187200
2008-06-19,87.081500
2008-06-20,86.903600
2008-06-23,87.216300
2008-06-24,86.966600
2008-06-25,87.053500
2008-06-26,86.679300
2008-06-27,86.643000
2008-06-30,86.762100
2008-07-01,86.844700
2008-07-02,86.478200
2008-07-03,86.884300
2008-07-04,86.878100
2008-07-07,86.961700
2008-07-08,86.977800
2008-07-09,86.533500
2008-07-10,86.512200
2008-07-11,86.221000
2008-07-14,86.107900
2008-07-15,85.873100
2008-07-16,85.928500
2008-07-17,85.938700
2008-07-18,86.073500
2008-07-21,86.015100
2008-07-22,86.190900
2008-07-23,86.266400
2008-07-24,86.401700
2008-07-25,86.391600
2008-07-28,86.466600
2008-07-29,86.817500
2008-07-30,86.816700
2008-07-31,86.856700
2008-08-01,86.825700
2008-08-04,87.061100
2008-08-05,87.328100
2008-08-06,87.600400
2008-08-07,87.873200
2008-08-08,88.893900
2008-08-11,89.035000
2008-08-12,89.191600
2008-08-13,89.321100
2008-08-14,89.367500
2008-08-15,89.724400
2008-08-18,89.596600
2008-08-19,89.646500
2008-08-20,89.697700
2008-08-21,88.912800
2008-08-22,89.238100
2008-08-25,89.309400
2008-08-26,89.700700
2008-08-27,89.641900
2008-08-28,89.822500
2008-08-29,90.056700
2008-09-01,90.080000
2008-09-02,90.843800
2008-09-03,90.828600
2008-09-04,91.162100
2008-09-05,91.341000
2008-09-08,91.663000
2008-09-09,91.577900
2008-09-10,92.128300
2008-09-11,92.490100
2008-09-12,91.470600
2008-09-15,91.757000
2008-09-16,92.059400
2008-09-17,92.098200
2008-09-18,91.711100
2008-09-19,91.001400
2008-09-22,90.111900
2008-09-23,90.122100
2008-09-24,90.460200
2008-09-25,90.465100
2008-09-26,90.687200
2008-09-29,91.396100
2008-09-30,92.377300
2008-10-01,92.511000
2008-10-02,93.379200
2008-10-03,93.541400
2008-10-06,95.162900
2008-10-07,95.488900
2008-10-08,96.968400
2008-10-09,96.514300
2008-10-10,97.999000
2008-10-13,97.968600
2008-10-14,96.254400
2008-10-15,97.204500
2008-10-16,98.368000
2008-10-17,97.725500
2008-10-20,98.160500
2008-10-21,99.424200
2008-10-22,101.213100
2008-10-23,101.107100
2008-10-24,101.844200
2008-10-27,102.341500
2008-10-28,102.423600
2008-10-29,100.096700
2008-10-30,99.456800
2008-10-31,99.766200
2008-11-03,99.434500
2008-11-04,97.995700
2008-11-05,98.095300
2008-11-06,99.536400
2008-11-07,99.394400
2008-11-10,99.589700
2008-11-11,99.604100
2008-11-12,101.194700
2008-11-13,101.774000
2008-11-14,100.970500
2008-11-17,101.102900
2008-11-18,101.396500
2008-11-19,101.880400
2008-11-20,103.273700
2008-11-21,103.628900
2008-11-24,101.502000
2008-11-25,100.799700
2008-11-26,101.256600
2008-11-27,101.256400
2008-11-28,101.646800
2008-12-01,102.174400
2008-12-02,101.989100
2008-12-03,102.425100
2008-12-04,102.071500
2008-12-05,103.490200
2008-12-08,101.722700
2008-12-09,101.734600
2008-12-10,101.291300
2008-12-11,99.510100
2008-12-12,100.319000
2008-12-15,99.100100
2008-12-16,98.477100
2008-12-17,96.822700
2008-12-18,96.844700
2008-12-19,98.127800
2008-12-22,98.164300
2008-12-23,98.269800
2008-12-24,98.224900
2008-12-25,98.241900
2008-12-26,98.259400
2008-12-29,97.935900
2008-12-30,98.383300
2008-12-31,98.651800
2009-01-02,98.600800
2009-01-05,98.919500
2009-01-06,98.787100
2009-01-07,98.089000
2009-01-08,98.322300
2009-01-09,98.875200
2009-01-12,99.602200
2009-01-13,100.359700
2009-01-14,100.754600
2009-01-15,101.465300
2009-01-16,100.711000
2009-01-21,102.100700
2009-01-22,101.843200
2009-01-23,102.109600
2009-01-26,100.976400
2009-01-27,101.170200
2009-01-28,100.546100
2009-01-29,101.339800
2009-01-30,102.116900
2009-02-02,102.506700
2009-02-03,101.850600
2009-02-04,101.905600
2009-02-05,101.951700
2009-02-06,101.745500
2009-02-09,100.963700
2009-02-10,101.709400
2009-02-11,102.240000
2009-02-12,102.598000
2009-02-13,102.295800
2009-02-17,103.762500
2009-02-18,104.038500
2009-02-19,103.765600
2009-02-20,104.024400
2009-02-23,103.741600
2009-02-24,103.982900
2009-02-25,104.308600
2009-02-26,104.181300
2009-02-27,104.928400
2009-03-02,105.961700
2009-03-03,106.024900
2009-03-04,105.455800
2009-03-05,105.806400
2009-03-06,105.393700
2009-03-09,106.018200
2009-03-10,105.115300
2009-03-11,104.849900
2009-03-12,104.890000
2009-03-13,104.110600
2009-03-16,103.200500
2009-03-17,103.230500
2009-03-18,103.000500
2009-03-19,100.395100
2009-03-20,101.058100
2009-03-23,101.103000
2009-03-24,101.031900
2009-03-25,100.967400
2009-03-26,101.097000
2009-03-27,101.838800
2009-03-30,102.749000
2009-03-31,102.376100
2009-04-01,102.125200
2009-04-02,100.873300
2009-04-03,100.642900
2009-04-06,100.942800
2009-04-07,100.980800
2009-04-08,100.894800
2009-04-09,100.798800
2009-04-10,100.759700
2009-04-13,100.136900
2009-04-14,99.909700
2009-04-15,100.149700
2009-04-16,100.051700
2009-04-17,100.571900
2009-04-20,101.448000
2009-04-21,101.179400
2009-04-22,101.114200
2009-04-23,101.006500
2009-04-24,100.024400
2009-04-27,100.725800
2009-04-28,101.314500
2009-04-29,100.000900
2009-04-30,100.104200
2009-05-01,100.005700
2009-05-04,99.134000
2009-05-05,98.852900
2009-05-06,98.904400
2009-05-07,98.552000
2009-05-08,98.126900
2009-05-11,97.747000
2009-05-12,97.826900
2009-05-13,98.027600
2009-05-14,98.127100
2009-05-15,98.106300
2009-05-18,97.941200
2009-05-19,97.282700
2009-05-20,96.570700
2009-05-21,96.603900
2009-05-22,95.878800
2009-05-26,95.988000
2009-05-27,95.962200
2009-05-28,96.131300
2009-05-29,95.268000
2009-06-01,94.810700
2009-06-02,94.655600
2009-06-03,95.075100
2009-06-04,95.292200
2009-06-05,96.041200
2009-06-08,96.654800
2009-06-09,95.953700
2009-06-10,96.127700
2009-06-11,95.499300
2009-06-12,95.836000
2009-06-15,96.751900
2009-06-16,96.261600
2009-06-17,96.640000
2009-06-18,96.148200
2009-06-19,96.032500
2009-06-22,96.881800
2009-06-23,96.519600
2009-06-24,96.236900
2009-06-25,96.707200
2009-06-26,96.193500
2009-06-29,96.242000
2009-06-30,96.376100
2009-07-01,95.658100
2009-07-02,96.321600
2009-07-06,96.617400
2009-07-07,96.632100
2009-07-08,97.020400
2009-07-09,96.621900
2009-07-10,97.081900
2009-07-13,96.999500
2009-07-14,96.659900
2009-07-15,95.800400
2009-07-16,95.724100
2009-07-17,95.603600
2009-07-20,95.090300
2009-07-21,95.056400
2009-07-22,94.865900
2009-07-23,94.532000
2009-07-24,94.704600
2009-07-27,94.665900
2009-07-28,94.559200
2009-07-29,95.167800
2009-07-30,94.896700
2009-07-31,94.252600
2009-08-03,93.633100
2009-08-04,93.728100
2009-08-05,93.784800
2009-08-06,93.935800
2009-08-07,94.469200
2009-08-10,94.608700
2009-08-11,94.867800
2009-08-12,94.539400
2009-08-13,94.239200
2009-08-14,94.475000
2009-08-17,95.102400
2009-08-18,95.111800
2009-08-19,94.408400
2009-08-20,94.349200
2009-08-21,94.010300
2009-08-24,93.934500
2009-08-25,93.906600
2009-08-26,94.866200
2009-08-27,94.794300
2009-08-28,94.448900
2009-08-31,94.620200
2009-09-01,95.220100
2009-09-02,95.157500
2009-09-03,94.959000
2009-09-04,94.581100
2009-09-08,93.732300
2009-09-09,93.691500
2009-09-10,93.694700
2009-09-11,93.322500
2009-09-14,93.619600
2009-09-15,93.442700
2009-09-16,92.907200
2009-09-17,92.828700
2009-09-18,93.123300
2009-09-21,93.354700
2009-09-22,92.866400
2009-09-23,92.979000
2009-09-24,93.470800
2009-09-25,93.553500
2009-09-28,93.466900
2009-09-29,93.777600
2009-09-30,93.190700
2009-10-01,93.599500
2009-10-02,93.675600
2009-10-05,93.335600
2009-10-06,92.619000
2009-10-07,92.794000
2009-10-08,92.207400
2009-10-09,92.298400
2009-10-13,91.827300
2009-10-14,91.504700
2009-10-15,91.436700
2009-10-16,91.654100
2009-10-19,91.440600
2009-10-20,91.801000
2009-10-21,91.380500
2009-10-22,91.607500
2009-10-23,91.733100
2009-10-26,92.099800
2009-10-27,92.533500
2009-10-28,92.815200
2009-10-29,92.470800
2009-10-30,92.620700
2009-11-02,92.450100
2009-11-03,92.903700
2009-11-04,92.372500
2009-11-05,92.343700
2009-11-06,92.384800
2009-11-09,91.686100
2009-11-10,91.665900
2009-11-12,91.946100
2009-11-13,91.575400
2009-11-16,91.194000
2009-11-17,91.741900
2009-11-18,91.249000
2009-11-19,91.782700
2009-11-20,91.990600
2009-11-23,91.486400
2009-11-24,91.553900
2009-11-25,90.966900
2009-11-27,91.527200
2009-11-30,91.371700
2009-12-01,90.832300
2009-12-02,90.890600
2009-12-03,90.915200
2009-12-04,91.380600
2009-12-07,91.541400
2009-12-08,91.951300
2009-12-09,92.014000
2009-12-10,92.007300
2009-12-11,92.294600
2009-12-14,92.030500
2009-12-15,92.363500
2009-12-16,92.149600
2009-12-17,93.225000
2009-12-18,93.163200
2009-12-22,93.290300
2009-12-23,92.929500
2009-12-24,92.869400
2009-12-28,92.699300
2009-12-29,92.883800
2009-12-30,93.087200
2009-12-31,92.912400
2010-01-04,92.356600
2010-01-05,92.223600
2010-01-06,92.094100
2010-01-07,92.368400
2010-01-08,92.148500
2010-01-11,91.599700
2010-01-12,91.700500
2010-01-13,91.727200
2010-01-14,91.586400
2010-01-15,91.766800
2010-01-19,91.961100
2010-01-20,92.676600
2010-01-21,92.662700
2010-01-22,92.943000
2010-01-25,92.909900
2010-01-26,93.329800
2010-01-27,93.283500
2010-01-28,93.263500
2010-01-29,93.763800
2010-02-01,93.732100
2010-02-02,93.413600
2010-02-03,93.626800
2010-02-04,94.140100
2010-02-05,94.621800
2010-02-12,93.997600
2010-02-16,93.482000
2010-02-17,93.717100
2010-02-18,93.875200
2010-02-19,93.956900
2010-02-22,93.740200
2010-02-23,93.979400
2010-02-24,93.977500
2010-02-25,94.379700
2010-02-26,93.660200
2010-03-01,93.797900
2010-03-02,93.488000
2010-03-03,92.986100
2010-03-04,93.407900
2010-03-05,93.262300
2010-03-08,93.244600
2010-03-09,93.194100
2010-03-10,93.042600
2010-03-11,93.053300
2010-03-12,92.661600
2010-03-15,92.964200
2010-03-16,92.595000
2010-03-17,92.444600
2010-03-18,92.745100
2010-03-19,93.040700
2010-03-22,93.133300
2010-03-23,93.006000
2010-03-24,93.646800
2010-03-25,93.588500
2010-03-26,93.687300
2010-03-29,93.295900
2010-03-30,93.262700
2010-03-31,92.898700
2010-04-01,92.666100
2010-04-02,92.905700
2010-04-05,92.664400
2010-04-06,92.737300
2010-04-07,92.745200
2010-04-08,92.721100
2010-04-09,92.477200
2010-04-12,92.243000
2010-04-13,92.268900
2010-04-14,91.929700
2010-04-15,92.202900
2010-04-16,92.525300
2010-04-19,92.857700
2010-04-20,92.433800
2010-04-21,92.448200
2010-04-22,92.727700
2010-04-23,92.662200
2010-04-26,92.518700
2010-04-27,93.095600
2010-04-28,93.485600
2010-04-29,92.901300
2010-04-30,92.842300
2010-05-03,93.235000
2010-05-04,93.813700
2010-05-05,94.396800
2010-05-06,95.303200
2010-05-07,95.295200
2010-05-10,94.309600
2010-05-11,94.430500
2010-05-12,94.551500
2010-05-13,94.507100
2010-05-14,95.374600
2010-05-17,95.979500
2010-05-18,95.621200
2010-05-19,96.508300
2010-05-20,96.948300
2010-05-21,96.291100
2010-05-24,96.643300
2010-05-25,97.548700
2010-05-26,97.187900
2010-05-27,96.361100
2010-05-28,96.306200
2010-06-01,96.612300
2010-06-02,96.615000
2010-06-03,96.461000
2010-06-04,97.168800
2010-06-07,97.503000
2010-06-08,97.342500
2010-06-09,96.893800
2010-06-10,96.487700
2010-06-11,96.561600
2010-06-14,95.808200
2010-06-15,95.704900
2010-06-16,95.566800
2010-06-17,95.497300
2010-06-18,95.298100
2010-06-21,94.850500
2010-06-22,95.116500
2010-06-23,95.485300
2010-06-24,95.619400
2010-06-25,95.458200
2010-06-28,95.269600
2010-06-29,96.019900
2010-06-30,95.993400
2010-07-01,95.801800
2010-07-02,95.634500
2010-07-06,95.106900
2010-07-07,95.179500
2010-07-08,94.773400
2010-07-09,94.683000
2010-07-12,94.959800
2010-07-13,94.385600
2010-07-14,94.324700
2010-07-15,94.198800
2010-07-16,94.506100
2010-07-19,94.602000
2010-07-20,94.542000
2010-07-21,94.449600
2010-07-22,94.113500
2010-07-23,94.143100
2010-07-26,93.755600
2010-07-27,93.758300
2010-07-28,93.750600
2010-07-29,93.600400
2010-07-30,93.279300
2010-08-02,92.791600
2010-08-03,92.625800
2010-08-04,92.731000
2010-08-05,92.640100
2010-08-06,92.591500
2010-08-09,92.672600
2010-08-10,93.219700
2010-08-11,93.777800
2010-08-12,93.890500
2010-08-13,94.045700
2010-08-16,93.790200
2010-08-17,93.423900
2010-08-18,93.371900
2010-08-19,93.714100
2010-08-20,94.208700
2010-08-23,94.329500
2010-08-24,94.436200
2010-08-25,94.737200
2010-08-26,94.352300
2010-08-27,94.346200
2010-08-30,94.592200
2010-08-31,94.720400
2010-09-01,94.114800
2010-09-02,94.085200
2010-09-03,93.695200
2010-09-07,94.042000
2010-09-08,93.778500
2010-09-09,93.703300
2010-09-10,93.676800
2010-09-13,93.076700
2010-09-14,92.618200
2010-09-15,92.931300
2010-09-16,92.910800
2010-09-17,92.941800
2010-09-20,92.749600
2010-09-21,92.668400
2010-09-22,92.064700
2010-09-23,92.023300
2010-09-24,91.599600
2010-09-27,91.480300
2010-09-28,91.349300
2010-09-29,91.163200
2010-09-30,91.341500
2010-10-01,90.836000
2010-10-04,91.001500
2010-10-05,90.562200
2010-10-06,90.141100
2010-10-07,90.286000
2010-10-08,90.113300
2010-10-12,90.220300
2010-10-13,89.777900
2010-10-14,89.522800
2010-10-15,89.681500
2010-10-18,89.848400
2010-10-19,90.549900
2010-10-20,90.144600
2010-10-21,90.138000
2010-10-22,90.406300
2010-10-25,89.932800
2010-10-26,90.281800
2010-10-27,90.803800
2010-10-28,90.240700
2010-10-29,90.093500
2010-11-01,90.030700
2010-11-02,89.684700
2010-11-03,89.707900
2010-11-04,88.983100
2010-11-05,89.244100
2010-11-08,89.571100
2010-11-09,89.558000
2010-11-10,89.905600
2010-11-12,90.170100
2010-11-15,90.433100
2010-11-16,91.110200
2010-11-17,90.928200
2010-11-18,90.649000
2010-11-19,90.698600
2010-11-22,90.702300
2010-11-23,91.431800
2010-11-24,91.217900
2010-11-26,91.815200
2010-11-29,92.199700
2010-11-30,92.149400
2010-12-01,91.679900
2010-12-02,91.265100
2010-12-03,90.878800
2010-12-06,91.016700
2010-12-07,90.973200
2010-12-08,91.337600
2010-12-09,91.392300
2010-12-10,91.283100
2010-12-13,90.883700
2010-12-14,90.764000
2010-12-15,91.094000
2010-12-16,91.377300
2010-12-17,91.555500
2010-12-20,91.639800
2010-12-21,91.519000
2010-12-22,91.429000
2010-12-23,91.301300
2010-12-27,91.196300
2010-12-28,90.984800
2010-12-29,90.766900
2010-12-30,90.514600
2011-01-03,89.952400
2011-01-04,90.327700
2011-01-05,90.571500
2011-01-06,90.912500
2011-01-07,91.000100
2011-01-10,91.030000
2011-01-11,90.843100
2011-01-12,90.411100
2011-01-13,89.901900
2011-01-14,90.046100
2011-01-18,89.821000
2011-01-19,89.694800
2011-01-20,90.131600
2011-01-21,89.720400
2011-01-24,89.537500
2011-01-25,89.727900
2011-01-26,89.509100
2011-01-27,89.572800
2011-01-28,89.818900
2011-01-31,89.694000
2011-02-01,89.143600
2011-02-02,89.073700
2011-02-03,89.252200
2011-02-04,89.391000
2011-02-07,89.355600
2011-02-08,89.124100
2011-02-09,89.416600
2011-02-10,89.626600
2011-02-11,89.878400
2011-02-14,89.854300
2011-02-15,89.887100
2011-02-16,89.705900
2011-02-17,89.410200
2011-02-18,89.197400
2011-02-22,89.461700
2011-02-23,89.418600
2011-02-24,89.234600
2011-02-25,89.166400
2011-02-28,88.939100
2011-03-01,88.831000
2011-03-02,88.731700
2011-03-03,88.637000
2011-03-04,88.489800
2011-03-07,88.520700
2011-03-08,88.645400
2011-03-09,88.532800
2011-03-10,88.869800
2011-03-11,88.691000
2011-03-14,88.519100
2011-03-15,88.784500
2011-03-16,88.978500
2011-03-17,88.654900
2011-03-18,88.522100
2011-03-21,88.203200
2011-03-22,88.066500
2011-03-23,88.332800
2011-03-24,88.059200
2011-03-25,88.171600
2011-03-28,88.305800
2011-03-29,88.399100
2011-03-30,88.229800
2011-03-31,88.029900
2011-04-01,87.799300
2011-04-04,87.840600
2011-04-05,87.748300
2011-04-06,87.491300
2011-04-07,87.532000
2011-04-08,87.149300
2011-04-11,87.094000
2011-04-12,87.294300
2011-04-13,87.209300
2011-04-14,87.080200
2011-04-15,87.005000
2011-04-18,87.508100
2011-04-19,87.079100
2011-04-20,86.564200
2011-04-21,86.225600
2011-04-22,86.374200
2011-04-25,86.402600
2011-04-26,86.257600
2011-04-27,86.251900
2011-04-28,85.841900
2011-04-29,85.599900
2011-05-02,85.519900
2011-05-03,85.635200
2011-05-04,85.891700
2011-05-05,86.508000
2011-05-06,86.457500
2011-05-09,86.834600
2011-05-10,86.651800
2011-05-11,86.719500
2011-05-12,87.076700
2011-05-13,87.417600
2011-05-16,87.331100
2011-05-17,87.630700
2011-05-18,87.295000
2011-05-19,87.263800
2011-05-20,87.304400
2011-05-23,87.894100
2011-05-24,87.662000
2011-05-25,87.613600
2011-05-26,87.558800
2011-05-27,86.952500
2011-05-31,86.656000
2011-06-01,86.596400
2011-06-02,86.843500
2011-06-03,86.423400
2011-06-06,86.466900
2011-06-07,86.362700
2011-06-08,86.571400
2011-06-09,86.591300
2011-06-10,87.042000
2011-06-13,87.057900
2011-06-14,86.677100
2011-06-15,87.334200
2011-06-16,87.691700
2011-06-17,87.217900
2011-06-20,87.190800
2011-06-21,86.857000
2011-06-22,86.806700
2011-06-23,87.455000
2011-06-24,87.501400
2011-06-27,87.522500
2011-06-28,87.217800
2011-06-29,86.801400
2011-06-30,86.478600
2011-07-01,86.361300
2011-07-05,86.425300
2011-07-06,86.682500
2011-07-07,86.482500
2011-07-08,86.615000
2011-07-11,87.101300
2011-07-12,87.170100
2011-07-13,86.569700
2011-07-14,86.523400
2011-07-15,86.516900
2011-07-18,86.954900
2011-07-19,86.438600
2011-07-20,86.279400
2011-07-21,85.837800
2011-07-22,85.862300
2011-07-25,85.800600
2011-07-26,85.469200
2011-07-27,85.712600
2011-07-28,85.824500
2011-07-29,85.728200
2011-08-01,86.039100
2011-08-02,86.053300
2011-08-03,86.070600
2011-08-04,86.929900
2011-08-05,87.108400
2011-08-08,87.187300
2011-08-09,87.391900
2011-08-10,87.379200
2011-08-11,87.321500
2011-08-12,87.177000
2011-08-15,86.751500
2011-08-16,86.711500
2011-08-17,86.551800
2011-08-18,87.127100
2011-08-19,86.828600
2011-08-22,87.075300
2011-08-23,86.900100
2011-08-24,87.131600
2011-08-25,87.230600
2011-08-26,87.075100
2011-08-29,86.843300
2011-08-30,87.001000
2011-08-31,86.773900
2011-09-01,86.851200
2011-09-02,87.179700
2011-09-06,88.164500
2011-09-07,87.969900
2011-09-08,88.116200
2011-09-09,88.951400
2011-09-12,89.219200
2011-09-13,89.265300
2011-09-14,89.419000
2011-09-15,89.064700
2011-09-16,89.110800
2011-09-19,89.933600
2011-09-20,89.877700
2011-09-21,90.345300
2011-09-22,92.075000
2011-09-23,91.690400
2011-09-26,91.772400
2011-09-27,90.898500
2011-09-28,91.022700
2011-09-29,91.303300
2011-09-30,91.999800
2011-10-03,92.512800
2011-10-04,92.950800
2011-10-05,92.300800
2011-10-06,91.966100
2011-10-07,91.246900
2011-10-11,90.916200
2011-10-12,90.337800
2011-10-13,90.660300
2011-10-14,90.211600
2011-10-17,90.266000
2011-10-18,90.590700
2011-10-19,90.331700
2011-10-20,91.102600
2011-10-21,90.279000
2011-10-24,89.855800
2011-10-25,89.952500
2011-10-26,90.083600
2011-10-27,88.788200
2011-10-28,88.638200
2011-10-31,89.205300
2011-11-01,90.729600
2011-11-02,90.244000
2011-11-03,90.296100
2011-11-04,90.315400
2011-11-07,90.383200
2011-11-08,90.172000
2011-11-09,90.699100
2011-11-10,90.858800
2011-11-14,90.721500
2011-11-15,91.108100
2011-11-16,91.123700
2011-11-17,91.182200
2011-11-18,91.367600
2011-11-21,91.997800
2011-11-22,92.019300
2011-11-23,92.746300
2011-11-25,93.145500
2011-11-28,92.498300
2011-11-29,92.216300
2011-11-30,91.472800
2011-12-01,91.227000
2011-12-02,91.353200
2011-12-05,91.108700
2011-12-06,91.281700
2011-12-07,91.233100
2011-12-08,91.668000
2011-12-09,91.612200
2011-12-12,92.337500
2011-12-13,92.545600
2011-12-14,93.217600
2011-12-15,92.885800
2011-12-16,92.825200
2011-12-19,92.868500
2011-12-20,92.432000
2011-12-21,92.526200
2011-12-22,92.388300
2011-12-23,92.389700
2011-12-27,92.413700
2011-12-28,92.837400
2011-12-29,92.739800
2011-12-30,92.426200
2012-01-03,91.755100
2012-01-04,92.034500
2012-01-05,92.577300
2012-01-06,92.718300
2012-01-09,92.741800
2012-01-10,92.246100
2012-01-11,92.554000
2012-01-12,92.227400
2012-01-13,92.538500
2012-01-17,92.014200
2012-01-18,91.694300
2012-01-19,91.331600
2012-01-20,91.366100
2012-01-23,90.986000
2012-01-24,91.181000
2012-01-25,91.277000
2012-01-26,90.396200
2012-01-27,90.255900
2012-01-30,90.476200
2012-01-31,90.553800
2012-02-01,90.096300
2012-02-02,89.876500
2012-02-03,89.849100
2012-02-06,89.790700
2012-02-07,89.596800
2012-02-08,89.655500
2012-02-09,89.624600
2012-02-10,90.102400
2012-02-13,89.889500
2012-02-14,90.191900
2012-02-15,90.193200
2012-02-16,90.310900
2012-02-17,90.230000
2012-02-21,90.011700
2012-02-22,90.247200
2012-02-23,90.110800
2012-02-24,89.910400
2012-02-27,89.963500
2012-02-28,89.810300
2012-02-29,89.748700
2012-03-01,89.781700
2012-03-02,90.135000
2012-03-05,90.274800
2012-03-06,90.823700
2012-03-07,90.683700
2012-03-08,90.259800
2012-03-09,90.434100
2012-03-12,90.664300
2012-03-13,90.536300
2012-03-14,90.932500
2012-03-15,90.786600
2012-03-16,90.524500
2012-03-19,90.292000
2012-03-20,90.606500
2012-03-21,90.676100
2012-03-22,90.822500
2012-03-23,90.615600
2012-03-26,90.326600
2012-03-27,90.279600
2012-03-28,90.603000
2012-03-29,90.728500
2012-03-30,90.459300
2012-04-02,90.247000
2012-04-03,90.192100
2012-04-04,90.828400
2012-04-05,90.878100
2012-04-06,90.937500
2012-04-09,90.962400
2012-04-10,91.272800
2012-04-11,91.176800
2012-04-12,90.769400
2012-04-13,91.055800
2012-04-16,91.235500
2012-04-17,90.766100
2012-04-18,90.932600
2012-04-19,91.083300
2012-04-20,90.806600
2012-04-23,91.079000
2012-04-24,90.815300
2012-04-25,90.756000
2012-04-26,90.642800
2012-04-27,90.326900
2012-04-30,90.363400
2012-05-01,90.322700
2012-05-02,90.614400
2012-05-03,90.683900
2012-05-04,91.049700
2012-05-07,91.074700
2012-05-08,91.410700
2012-05-09,91.763200
2012-05-10,91.707700
2012-05-11,91.730600
2012-05-14,92.249100
2012-05-15,92.523500
2012-05-16,92.903000
2012-05-17,92.963200
2012-05-18,93.139500
2012-05-21,93.094500
2012-05-22,93.111300
2012-05-23,93.885500
2012-05-24,93.802700
2012-05-25,93.948800
2012-05-29,93.875000
2012-05-30,94.302000
2012-05-31,94.685600
2012-06-01,94.697900
2012-06-04,94.518400
2012-06-05,94.618400
2012-06-06,94.036200
2012-06-07,93.774000
2012-06-08,94.202400
2012-06-11,94.036900
2012-06-12,94.069300
2012-06-13,93.830900
2012-06-14,93.815200
2012-06-15,93.520300
2012-06-18,93.643100
2012-06-19,93.052400
2012-06-20,93.160200
2012-06-21,93.637800
2012-06-22,93.920500
2012-06-25,94.175700
2012-06-26,93.985900
2012-06-27,93.872800
2012-06-28,94.020300
2012-06-29,92.909600
2012-07-02,92.951000
2012-07-03,92.650800
2012-07-05,93.221100
2012-07-06,93.708700
2012-07-09,93.697400
2012-07-10,93.555200
2012-07-11,93.598100
2012-07-12,93.929800
2012-07-13,93.551500
2012-07-16,93.374600
2012-07-17,93.347900
2012-07-18,93.097300
2012-07-19,93.043800
2012-07-20,93.365300
2012-07-23,93.929700
2012-07-24,94.263500
2012-07-25,94.056400
2012-07-26,93.359500
2012-07-27,92.933300
2012-07-30,93.052400
2012-07-31,92.842200
2012-08-01,92.890500
2012-08-02,93.426900
2012-08-03,92.604800
2012-08-06,92.433900
2012-08-07,92.512800
2012-08-08,92.540700
2012-08-09,92.605700
2012-08-10,92.512900
2012-08-13,92.595500
2012-08-14,92.615200
2012-08-15,92.683800
2012-08-16,92.573700
2012-08-17,92.711000
2012-08-20,92.626300
2012-08-21,92.305300
2012-08-22,92.436200
2012-08-23,92.105700
2012-08-24,92.278500
2012-08-27,92.313500
2012-08-28,92.203300
2012-08-29,92.382300
2012-08-30,92.623900
2012-08-31,92.167700
2012-09-04,92.158200
2012-09-05,92.126200
2012-09-06,91.897300
2012-09-07,91.346900
2012-09-10,91.310200
2012-09-11,91.057500
2012-09-12,91.047700
2012-09-13,90.963200
2012-09-14,90.143600
2012-09-17,90.283700
2012-09-18,90.502900
2012-09-19,90.464600
2012-09-20,90.763100
2012-09-21,90.534200
2012-09-24,90.826300
2012-09-25,90.607400
2012-09-26,91.002800
2012-09-27,90.753800
2012-09-28,90.834200
2012-10-01,90.701100
2012-10-02,90.644000
2012-10-03,90.872600
2012-10-04,90.493200
2012-10-05,90.285100
2012-10-09,90.870300
2012-10-10,90.883000
2012-10-11,90.743700
2012-10-12,90.683300
2012-10-15,90.640900
2012-10-16,90.558300
2012-10-17,90.230900
2012-10-18,90.380400
2012-10-19,90.810700
2012-10-22,90.791100
2012-10-23,91.094500
2012-10-24,91.127500
2012-10-25,91.020000
2012-10-26,91.141100
2012-10-31,91.160900
2012-11-01,91.121700
2012-11-02,91.281000
2012-11-05,91.477800
2012-11-06,91.290800
2012-11-07,91.451400
2012-11-08,91.537500
2012-11-09,91.687100
2012-11-13,91.735600
2012-11-14,91.794200
2012-11-15,91.883700
2012-11-16,92.009500
2012-11-19,91.565300
2012-11-20,91.556000
2012-11-21,91.664500
2012-11-23,91.261600
2012-11-26,91.278900
2012-11-27,91.260800
2012-11-28,91.330000
2012-11-29,91.210400
2012-11-30,91.103800
2012-12-03,91.008400
2012-12-04,90.974800
2012-12-05,90.942300
2012-12-06,91.062900
2012-12-07,91.043700
2012-12-10,90.963100
2012-12-11,90.840300
2012-12-12,90.770800
2012-12-13,90.776000
2012-12-14,90.715600
2012-12-17,90.619300
2012-12-18,90.516100
2012-12-19,90.489600
2012-12-20,90.600200
2012-12-21,90.959700
2012-12-24,91.035400
2012-12-26,91.060600
2012-12-27,91.103700
2012-12-28,91.041900
2012-12-31,91.083400
2013-01-02,90.694100
2013-01-03,90.809700
2013-01-04,91.102500
2013-01-07,90.985200
2013-01-08,91.057000
2013-01-09,91.008800
2013-01-10,90.642500
2013-01-11,90.535200
2013-01-14,90.493500
2013-01-15,90.519100
2013-01-16,90.596000
2013-01-17,90.540100
2013-01-18,90.869700
2013-01-22,90.789200
2013-01-23,90.837600
2013-01-24,90.911200
2013-01-25,91.086800
2013-01-28,91.235400
2013-01-29,90.940600
2013-01-30,90.883600
2013-01-31,90.798000
2013-02-01,90.692300
2013-02-04,90.977400
2013-02-05,90.881000
2013-02-06,91.017600
2013-02-07,91.291200
2013-02-08,91.305600
2013-02-11,91.445100
2013-02-12,91.277900
2013-02-13,91.270900
2013-02-14,91.366000
2013-02-15,91.455100
2013-02-19,91.507300
2013-02-20,91.668900
2013-02-21,92.039400
2013-02-22,92.119700
2013-02-25,92.197500
2013-02-26,92.424700
2013-02-27,92.234000
2013-02-28,92.295000
2013-03-01,92.617700
2013-03-04,92.631600
2013-03-05,92.496500
2013-03-07,92.546200
2013-03-08,92.625200
2013-03-11,92.535100
2013-03-12,92.385300
2013-03-13,92.470900
2013-03-14,92.469500
2013-03-15,92.128000
2013-03-18,92.337700
2013-03-19,92.526000
2013-03-20,92.414100
2013-03-21,92.332200
2013-03-22,92.205100
2013-03-25,92.308100
2013-03-26,92.232000
2013-03-27,92.446000
2013-03-28,92.254400
2013-03-29,92.302000
2013-04-01,92.168700
2013-04-02,92.143200
2013-04-03,92.104000
2013-04-04,92.389600
2013-04-05,92.104300
2013-04-08,92.231700
2013-04-09,91.966900
2013-04-10,91.959800
2013-04-11,91.697200
2013-04-12,91.796700
2013-04-15,91.945700
2013-04-16,91.845100
2013-04-17,92.137200
2013-04-18,92.176000
2013-04-19,92.216600
2013-04-22,92.359100
2013-04-23,92.383600
2013-04-24,92.458100
2013-04-25,92.039400
2013-04-26,91.901200
2013-04-29,91.653900
2013-04-30,91.374100
2013-05-01,91.433100
2013-05-02,91.617400
2013-05-03,91.508700
2013-05-06,91.638700
2013-05-07,91.520100
2013-05-08,91.184800
2013-05-09,91.303600
2013-05-10,92.252700
2013-05-13,92.271100
2013-05-14,92.369700
2013-05-15,92.769100
2013-05-16,92.660200
2013-05-17,93.161700
2013-05-20,93.035900
2013-05-21,92.966200
2013-05-22,93.310400
2013-05-23,93.211300
2013-05-24,93.276800
2013-05-28,93.585300
2013-05-29,93.531000
2013-05-30,93.421900
2013-05-31,93.607600
2013-06-03,93.163000
2013-06-04,93.306700
2013-06-05,93.275000
2013-06-06,92.809000
2013-06-07,92.605600
2013-06-10,92.973000
2013-06-11,92.799600
2013-06-12,92.477500
2013-06-13,92.344900
2013-06-14,92.188600
2013-06-17,92.333200
2013-06-18,92.543200
2013-06-19,92.475500
2013-06-20,94.125000
2013-06-21,94.424300
2013-06-24,94.571400
2013-06-25,94.328500
2013-06-26,94.380700
2013-06-27,94.242900
2013-06-28,94.304700
2013-07-01,94.099800
2013-07-02,94.405100
2013-07-03,94.476700
2013-07-05,95.063900
2013-07-08,94.995400
2013-07-09,94.946700
2013-07-10,94.759500
2013-07-11,93.949000
2013-07-12,94.002900
2013-07-15,93.972900
2013-07-16,93.523200
2013-07-17,93.549800
2013-07-18,93.681000
2013-07-19,93.475900
2013-07-22,93.225300
2013-07-23,93.163100
2013-07-24,93.312400
2013-07-25,93.286200
2013-07-26,93.169500
2013-07-29,93.166300
2013-07-30,93.397600
2013-07-31,93.570300
2013-08-01,93.797200
2013-08-02,93.578900
2013-08-05,93.507000
2013-08-06,93.319900
2013-08-07,93.265200
2013-08-08,92.848300
2013-08-09,92.839400
2013-08-12,92.917800
2013-08-13,93.476000
2013-08-14,93.382000
2013-08-15,93.505900
2013-08-16,93.425500
2013-08-19,93.662300
2013-08-20,93.553600
2013-08-21,94.036200
2013-08-22,94.280400
2013-08-23,93.946600
2013-08-26,94.185300
2013-08-27,94.393400
2013-08-28,94.412700
2013-08-29,94.639800
2013-08-30,94.754100
2013-09-03,94.957400
2013-09-04,94.573900
2013-09-05,94.889100
2013-09-06,94.248700
2013-09-09,94.000900
2013-09-10,93.938000
2013-09-11,93.711200
2013-09-12,93.590300
2013-09-13,93.666600
2013-09-16,93.287500
2013-09-17,93.223100
2013-09-18,93.256900
2013-09-19,92.408200
2013-09-20,92.604900
2013-09-23,92.613000
2013-09-24,92.769100
2013-09-25,92.767500
2013-09-26,93.009600
2013-09-27,92.974700
2013-09-30,92.920700
2013-10-01,92.951500
2013-10-02,92.772000
2013-10-03,92.746100
2013-10-04,92.646900
2013-10-07,92.672500
2013-10-08,92.755800
2013-10-09,93.082900
2013-10-10,92.857900
2013-10-11,92.854000
2013-10-15,92.764200
2013-10-16,92.681900
2013-10-17,92.024600
2013-10-18,91.998900
2013-10-21,92.249800
2013-10-22,91.956300
2013-10-23,92.094700
2013-10-24,92.186700
2013-10-25,92.162300
2013-10-28,92.187200
2013-10-29,92.301000
2013-10-30,92.305700
2013-10-31,92.731000
2013-11-01,93.155000
2013-11-04,92.935900
2013-11-05,93.211200
2013-11-06,93.094300
2013-11-07,93.400300
2013-11-08,93.661900
2013-11-12,93.765100
2013-11-13,93.484800
2013-11-14,93.432800
2013-11-15,93.285400
2013-11-18,92.982400
2013-11-19,93.064900
2013-11-20,93.250100
2013-11-21,93.563800
2013-11-22,93.419800
2013-11-25,93.553900
2013-11-26,93.522600
2013-11-27,93.686400
2013-11-29,93.629100
2013-12-02,93.885600
2013-12-03,93.825100
2013-12-04,93.899700
2013-12-05,93.495400
2013-12-06,93.404500
2013-12-09,93.144400
2013-12-11,93.084200
2013-12-12,93.429200
2013-12-13,93.356800
2013-12-16,93.217500
2013-12-17,93.302000
2013-12-18,93.420700
2013-12-19,93.736800
2013-12-20,93.721100
2013-12-23,93.572000
2013-12-24,93.673400
2013-12-26,93.766000
2013-12-27,93.701800
2013-12-30,93.486600
2013-12-31,93.557600
2014-01-02,93.819200
2014-01-03,93.853000
2014-01-06,93.910900
2014-01-07,94.039800
2014-01-08,94.218100
2014-01-09,94.329900
2014-01-10,94.004500
2014-01-13,93.899000
2014-01-14,94.030300
2014-01-15,94.341000
2014-01-16,94.550700
2014-01-17,94.584600
2014-01-21,94.679000
2014-01-22,94.847900
2014-01-23,94.841500
2014-01-24,94.855500
2014-01-27,94.905900
2014-01-28,94.880000
2014-01-29,94.862100
2014-01-30,95.129400
2014-01-31,95.177400
2014-02-03,95.246900
2014-02-04,95.043800
2014-02-05,95.028500
2014-02-06,94.717700
2014-02-07,94.745700
2014-02-10,94.718900
2014-02-11,94.637700
2014-02-12,94.620900
2014-02-14,94.271100
2014-02-18,94.193400
2014-02-19,94.380000
2014-02-20,94.657100
2014-02-24,94.404200
2014-02-25,94.473500
2014-02-26,94.775400
2014-02-27,94.672200
2014-02-28,94.387900
2014-03-04,94.656800
2014-03-05,94.467900
2014-03-06,93.985800
2014-03-07,94.253200
2014-03-10,94.373100
2014-03-11,94.387000
2014-03-12,94.462000
2014-03-13,94.187200
2014-03-14,94.243000
2014-03-18,94.263100
2014-03-19,94.375200
2014-03-20,94.998600
2014-03-21,94.854700
2014-03-24,94.759000
2014-03-25,94.637900
2014-03-26,94.528100
2014-03-27,94.331500
2014-03-28,94.368300
2014-03-31,94.243200
2014-04-01,94.124400
2014-04-02,94.310300
2014-04-03,94.512000
2014-04-04,94.219100
2014-04-07,94.088100
2014-04-08,93.657900
2014-04-09,93.671600
2014-04-10,93.512300
2014-04-11,93.639500
2014-04-14,93.804600
2014-04-15,93.948600
2014-04-16,93.946100
2014-04-17,93.893600
2014-04-18,93.962900
2014-04-21,94.033700
2014-04-22,94.080200
2014-04-23,94.149000
2014-04-24,94.129400
2014-04-25,94.162300
2014-04-28,94.137400
2014-04-29,94.029500
2014-04-30,93.889600
2014-05-01,93.870700
2014-05-02,93.818200
2014-05-05,93.733400
2014-05-06,93.432400
2014-05-07,93.433700
2014-05-08,93.368600
2014-05-09,93.661400
2014-05-12,93.653700
2014-05-13,93.675500
2014-05-14,93.596800
2014-05-15,93.706500
2014-05-16,93.607300
2014-05-19,93.502000
2014-05-20,93.669900
2014-05-21,93.762900
2014-05-22,93.694400
2014-05-23,93.704200
2014-05-27,93.841800
2014-05-28,93.879300
2014-05-29,93.697300
2014-05-30,93.760600
2014-06-02,94.000600
2014-06-03,94.053600
2014-06-04,94.123900
2014-06-05,93.973200
2014-06-06,93.906900
2014-06-09,93.962800
2014-06-10,94.063800
2014-06-11,93.974400
2014-06-12,93.815500
2014-06-13,93.916800
2014-06-16,93.863900
2014-06-17,94.082900
2014-06-18,94.052500
2014-06-19,93.752000
2014-06-20,93.759100
2014-06-23,93.628000
2014-06-24,93.709300
2014-06-25,93.585100
2014-06-26,93.547100
2014-06-27,93.398300
2014-06-30,93.205800
2014-07-01,93.136500
2014-07-02,93.247800
2014-07-03,93.314900
2014-07-07,93.380300
2014-07-08,93.323000
2014-07-09,93.228000
2014-07-10,93.315200
2014-07-11,93.417100
2014-07-14,93.410100
2014-07-15,93.579600
2014-07-16,93.599100
2014-07-17,93.658600
2014-07-18,93.660800
2014-07-21,93.606900
2014-07-22,93.630600
2014-07-23,93.595100
2014-07-24,93.683600
2014-07-25,93.829400
2014-07-28,93.830000
2014-07-29,94.044300
2014-07-30,94.347300
2014-07-31,94.446700
2014-08-01,94.475400
2014-08-04,94.448000
2014-08-05,94.675400
2014-08-06,94.609200
2014-08-07,94.636400
2014-08-08,94.602700
2014-08-11,94.476700
2014-08-12,94.521100
2014-08-13,94.468100
2014-08-14,94.350800
2014-08-15,94.294100
2014-08-18,94.251900
2014-08-19,94.435600
2014-08-20,94.593700
2014-08-21,94.673000
2014-08-22,94.801200
2014-08-25,94.915900
2014-08-26,94.861700
2014-08-27,94.686300
2014-08-28,94.694700
2014-08-29,94.725100
2014-09-02,95.063000
2014-09-03,94.870900
2014-09-04,95.264100
2014-09-05,95.220300
2014-09-08,95.416700
2014-09-09,95.881100
2014-09-10,95.864100
2014-09-11,95.918400
2014-09-12,96.074800
2014-09-15,96.119500
2014-09-16,95.848300
2014-09-17,95.910600
2014-09-18,96.128400
2014-09-19,96.341700
2014-09-22,96.462500
2014-09-23,96.511200
2014-09-24,96.657400
2014-09-25,96.898800
2014-09-26,97.208000
2014-09-29,97.352300
2014-09-30,97.526100
2014-10-01,97.538700
2014-10-02,97.306200
2014-10-03,97.984600
2014-10-06,97.551300
2014-10-07,97.445900
2014-10-08,97.494500
2014-10-09,97.171100
2014-10-10,97.414400
2014-10-14,97.394300
2014-10-15,97.353200
2014-10-16,97.286900
2014-10-17,97.306700
2014-10-20,97.287400
2014-10-21,97.248800
2014-10-22,97.459000
2014-10-23,97.604700
2014-10-24,97.477200
2014-10-27,97.542300
2014-10-28,97.217300
2014-10-29,97.014500
2014-10-30,97.456000
2014-10-31,98.116300
2014-11-03,98.533600
2014-11-04,98.557600
2014-11-05,98.808600
2014-11-06,99.132500
2014-11-07,99.023600
2014-11-10,98.930500
2014-11-12,98.889700
2014-11-13,99.104500
2014-11-14,99.091700
2014-11-17,99.218800
2014-11-18,99.018500
2014-11-19,99.242400
2014-11-20,99.255400
2014-11-21,99.289400
2014-11-24,99.422700
2014-11-25,99.283700
2014-11-26,99.189300
2014-11-28,100.071900
2014-12-01,99.896400
2014-12-02,100.447800
2014-12-03,100.569600
2014-12-04,100.393100
2014-12-05,101.098900
2014-12-08,101.310000
2014-12-09,100.809500
2014-12-10,101.021200
2014-12-11,101.444800
2014-12-12,101.373500
2014-12-15,101.674000
2014-12-16,101.526000
2014-12-17,101.552700
2014-12-18,101.753100
2014-12-19,102.048300
2014-12-22,101.994200
2014-12-23,102.348000
2014-12-24,102.302800
2014-12-29,102.376700
2014-12-30,102.101900
2014-12-31,102.284300
2015-01-02,102.902700
2015-01-05,103.497600
2015-01-06,103.293800
2015-01-07,103.631600
2015-01-08,103.279900
2015-01-09,103.121300
2015-01-12,103.237200
2015-01-13,103.270000
2015-01-14,103.090300
2015-01-15,103.082900
2015-01-16,103.218900
2015-01-20,103.523300
2015-01-21,103.785800
2015-01-22,103.927100
2015-01-23,104.367600
2015-01-26,104.481800
2015-01-27,104.164600
2015-01-28,104.473700
2015-01-29,105.276300
2015-01-30,105.588400
2015-02-02,105.205800
2015-02-03,104.606300
2015-02-04,104.785000
2015-02-05,104.491500
2015-02-06,105.128300
2015-02-09,104.988900
2015-02-10,105.289700
2015-02-11,105.790100
2015-02-12,104.938500
2015-02-13,104.845200
2015-02-18,105.251400
2015-02-19,105.140700
2015-02-20,105.338700
2015-02-23,105.535900
2015-02-24,105.547200
2015-02-25,105.050300
2015-02-26,105.502100
2015-02-27,105.598100
2015-03-02,105.815100
2015-03-03,105.556200
2015-03-04,106.133300
2015-03-06,107.433700
2015-03-09,107.519900
2015-03-10,108.116500
2015-03-11,108.523500
2015-03-12,108.174100
2015-03-13,108.917400
2015-03-16,108.642200
2015-03-17,108.580500
2015-03-18,108.408000
2015-03-19,108.182600
2015-03-20,107.167100
2015-03-23,106.502200
2015-03-24,106.440100
2015-03-25,106.263600
2015-03-26,106.558200
2015-03-27,106.891600
2015-03-30,107.394100
2015-03-31,107.439600
2015-04-01,107.060000
2015-04-02,106.673800
2015-04-03,105.886100
2015-04-06,105.787600
2015-04-07,106.448800
2015-04-08,106.423100
2015-04-09,107.033500
2015-04-10,107.452600
2015-04-13,107.750800
2015-04-14,107.054700
2015-04-15,107.185500
2015-04-16,106.276100
2015-04-17,106.329000
2015-04-20,106.490200
2015-04-21,106.558200
2015-04-22,106.581500
2015-04-23,106.165800
2015-04-24,105.905000
2015-04-27,105.689100
2015-04-28,105.123400
2015-04-29,104.563400
2015-04-30,105.312000
2015-05-01,105.638200
2015-05-04,105.667900
2015-05-05,105.239600
2015-05-06,104.693500
2015-05-07,105.194100
2015-05-08,104.842400
2015-05-11,105.307500
2015-05-12,104.892400
2015-05-13,104.360800
2015-05-14,104.235900
2015-05-15,104.020200
2015-05-18,104.606800
2015-05-19,105.344800
2015-05-20,105.560500
2015-05-21,105.380800
2015-05-22,105.848700
2015-05-26,106.729400
2015-05-27,106.908000
2015-05-28,106.920000
2015-05-29,106.738800
2015-06-01,107.223800
2015-06-02,106.450700
2015-06-03,106.144300
2015-06-04,106.472500
2015-06-05,107.133600
2015-06-08,106.769300
2015-06-09,106.223800
2015-06-10,105.803700
2015-06-11,106.093400
2015-06-12,105.901500
2015-06-15,105.998900
2015-06-16,106.047300
2015-06-17,106.058000
2015-06-18,105.102000
2015-06-19,105.449600
2015-06-22,105.384600
2015-06-23,105.967800
2015-06-24,106.252200
2015-06-25,106.151500
2015-06-26,106.411600
2015-06-29,106.378500
2015-06-30,106.519100
2015-07-01,107.010100
2015-07-02,106.910600
2015-07-06,107.134300
2015-07-07,107.785000
2015-07-08,107.473400
2015-07-09,107.559500
2015-07-10,107.213000
2015-07-13,107.584900
2015-07-14,107.484300
2015-07-15,108.014900
2015-07-16,108.172600
2015-07-17,108.537400
2015-07-20,108.694400
2015-07-21,108.389300
2015-07-22,108.781700
2015-07-23,108.756500
2015-07-24,109.017400
2015-07-27,108.692400
2015-07-28,108.688100
2015-07-29,108.604000
2015-07-30,109.432800
2015-07-31,108.781900
2015-08-03,109.214000
2015-08-04,109.224400
2015-08-05,109.842000
2015-08-06,109.722000
2015-08-07,109.437600
2015-08-10,109.193100
2015-08-11,109.946400
2015-08-12,109.465500
2015-08-13,109.902500
2015-08-14,109.917400
2015-08-17,110.143500
2015-08-18,110.250400
2015-08-19,110.433300
2015-08-20,110.107700
2015-08-21,110.144300
2015-08-24,109.930600
2015-08-25,110.339400
2015-08-26,110.580700
2015-08-27,110.483400
2015-08-28,110.671400
2015-08-31,110.562100
2015-09-01,110.450600
2015-09-02,110.797900
2015-09-03,110.856600
2015-09-04,111.101800
2015-09-08,110.794200
2015-09-09,110.922500
2015-09-10,110.633100
2015-09-11,110.610900
2015-09-14,110.500500
2015-09-15,110.639400
2015-09-16,110.102100
2015-09-17,110.121200
2015-09-18,109.816500
2015-09-21,110.641400
2015-09-22,111.196700
2015-09-23,111.628700
2015-09-24,111.445400
2015-09-25,111.372500
2015-09-28,111.391400
2015-09-29,111.521900
2015-09-30,111.331100
2015-10-01,111.043900
2015-10-02,110.700600
2015-10-05,110.444500
2015-10-06,110.137100
2015-10-07,109.816200
2015-10-08,109.645200
2015-10-09,109.078200
2015-10-13,109.411900
2015-10-14,109.124400
2015-10-15,108.667100
2015-10-16,108.995600
2015-10-19,109.385800
2015-10-20,109.336800
2015-10-21,109.774600
2015-10-22,110.034200
2015-10-23,110.432900
2015-10-26,110.208900
2015-10-27,110.487500
2015-10-28,110.233400
2015-10-29,110.808300
2015-10-30,110.207900
2015-11-02,110.218800
2015-11-03,110.244000
2015-11-04,110.713900
2015-11-05,110.830200
2015-11-06,111.760300
2015-11-09,111.911200
2015-11-10,111.991900
2015-11-12,111.796500
2015-11-13,112.026400
2015-11-16,112.219900
2015-11-17,112.314100
2015-11-18,112.366300
2015-11-19,111.574900
2015-11-20,111.779900
2015-11-23,112.112500
2015-11-24,111.763800
2015-11-25,111.893600
2015-11-27,112.282400
2015-11-30,112.340000
2015-12-01,112.113400
2015-12-02,112.371500
2015-12-03,111.640700
2015-12-04,111.546300
2015-12-07,112.305600
2015-12-08,112.548500
2015-12-09,112.191800
2015-12-10,112.267200
2015-12-11,112.714700
2015-12-14,112.752100
2015-12-15,112.860900
2015-12-16,112.986400
2015-12-17,113.817700
2015-12-18,113.283700
2015-12-21,113.414400
2015-12-22,113.211000
2015-12-23,113.184700
2015-12-24,113.049600
2015-12-28,113.046100
2015-12-29,113.166400
2015-12-30,113.470700
2015-12-31,113.342900
2016-01-04,114.159500
2016-01-05,114.264900
2016-01-06,114.617700
2016-01-07,114.651600
2016-01-08,115.009500
2016-01-11,115.013900
2016-01-12,115.312800
2016-01-13,115.142500
2016-01-14,115.384600
2016-01-15,115.740400
2016-01-19,115.815500
2016-01-20,116.349800
2016-01-21,115.983300
2016-01-27,115.508700
2016-01-28,115.222400
2016-01-29,115.573100
2016-02-01,115.333100
2016-02-02,115.553000
2016-02-03,114.614400
2016-02-04,113.601200
2016-02-05,114.293500
2016-02-08,114.435100
2016-02-09,114.127000
2016-02-10,114.287700
2016-02-11,114.184500
2016-02-12,114.299200
2016-02-16,114.490500
2016-02-17,113.863400
2016-02-18,113.889700
2016-02-19,113.955800
2016-02-22,113.823200
2016-02-23,114.177000
2016-02-24,114.171600
2016-02-25,113.922200
2016-02-26,114.370800
2016-02-29,114.241800
2016-03-01,113.926500
2016-03-02,113.796500
2016-03-03,113.248200
2016-03-04,112.638700
2016-03-07,112.621900
2016-03-08,112.846500
2016-03-09,112.426800
2016-03-10,112.419100
2016-03-11,111.741000
2016-03-14,112.168800
2016-03-15,112.554500
2016-03-16,112.775900
2016-03-17,110.445000
2016-03-18,110.400200
2016-03-21,110.737000
2016-03-22,110.787700
2016-03-23,111.547300
2016-03-24,111.816000
2016-03-25,111.769800
2016-03-28,111.357800
2016-03-29,111.373600
2016-03-30,110.230100
2016-03-31,109.919100
2016-04-01,110.297700
2016-04-04,110.398700
2016-04-05,110.947800
2016-04-06,110.534700
2016-04-07,110.887600
2016-04-08,110.421300
2016-04-11,109.975800
2016-04-12,109.816000
2016-04-13,110.143600
2016-04-14,110.169100
2016-04-15,110.193300
2016-04-18,109.989200
2016-04-19,109.278200
2016-04-20,109.392600
2016-04-21,109.853300
2016-04-22,110.233100
2016-04-25,110.186500
2016-04-26,109.749600
2016-04-27,109.848300
2016-04-28,109.214800
2016-04-29,108.827400
2016-05-02,108.671000
2016-05-03,109.361300
2016-05-04,109.995200
2016-05-05,110.241700
2016-05-06,110.380100
2016-05-09,110.946600
2016-05-10,110.822500
2016-05-11,110.280600
2016-05-12,110.693500
2016-05-13,111.252100
2016-05-16,111.121700
2016-05-17,111.086700
2016-05-18,111.499500
2016-05-19,112.233100
2016-05-20,112.182200
2016-05-23,112.284000
2016-05-24,112.291200
2016-05-25,112.200100
2016-05-26,111.897900
2016-05-27,112.082200
2016-05-31,112.427600
2016-06-01,112.462000
2016-06-02,112.456400
2016-06-03,111.445100
2016-06-06,111.229500
2016-06-07,110.837800
2016-06-08,110.191600
2016-06-09,110.616800
2016-06-10,111.102700
2016-06-13,111.503600
2016-06-14,111.982600
2016-06-15,111.767100
2016-06-16,112.234700
2016-06-17,111.533200
2016-06-20,110.869300
2016-06-21,111.007700
2016-06-22,110.768100
2016-06-23,110.262000
2016-06-24,112.135500
2016-06-27,113.130100
2016-06-28,112.754500
2016-06-29,111.859700
2016-06-30,112.161800
2016-07-01,111.650900
2016-07-05,112.423100
2016-07-06,112.543800
2016-07-07,112.577500
2016-07-08,112.396300
2016-07-11,112.525400
2016-07-12,112.110200
2016-07-13,112.026600
2016-07-14,111.769200
2016-07-15,112.283300
2016-07-18,112.246300
2016-07-19,112.638000
2016-07-20,112.674300
2016-07-21,112.623900
2016-07-22,112.989000
2016-07-25,113.178400
2016-07-26,113.059300
2016-07-27,113.217000
2016-07-28,112.739300
2016-07-29,111.874000
2016-08-01,111.975700
2016-08-02,111.712400
2016-08-03,111.941900
2016-08-04,111.914900
2016-08-05,112.358900
2016-08-08,112.145600
2016-08-09,111.722000
2016-08-10,111.323800
2016-08-11,111.195400
2016-08-12,111.178700
2016-08-15,110.921200
2016-08-16,110.429500
2016-08-17,110.945900
2016-08-18,110.313400
2016-08-19,110.816300
2016-08-22,110.999700
2016-08-23,110.941400
2016-08-24,111.295800
2016-08-25,111.172600
2016-08-26,111.203500
2016-08-29,111.877500
2016-08-30,112.292800
2016-08-31,112.403600
2016-09-01,112.173300
2016-09-02,112.000900
2016-09-06,110.961300
2016-09-07,110.971700
2016-09-08,111.260900
2016-09-09,111.987900
2016-09-12,112.151600
2016-09-13,112.520700
2016-09-14,112.467800
2016-09-15,112.475300
2016-09-16,113.176500
2016-09-19,112.903000
2016-09-20,113.184800
2016-09-21,112.984200
2016-09-22,112.259200
2016-09-23,112.716600
2016-09-26,112.711200
2016-09-27,112.551500
2016-09-28,112.628300
2016-09-29,112.287900
2016-09-30,112.279500
2016-10-03,112.507700
2016-10-04,112.657900
2016-10-05,112.794600
2016-10-06,113.006600
2016-10-07,113.291500
2016-10-11,113.446100
2016-10-12,113.744200
2016-10-13,113.623800
2016-10-14,113.711900
2016-10-17,113.548800
2016-10-18,113.139300
2016-10-19,113.054700
2016-10-20,113.403300
2016-10-21,113.901500
2016-10-24,113.857100
2016-10-25,113.680100
2016-10-26,113.813100
2016-10-27,114.199800
2016-10-28,114.093100
2016-10-31,114.018800
2016-11-01,113.991500
2016-11-02,113.920600
2016-11-03,113.766400
2016-11-04,113.582800
2016-11-07,113.544300
2016-11-08,113.301700
2016-11-09,114.695600
2016-11-10,115.937500
2016-11-14,117.224500
2016-11-15,116.772400
2016-11-16,116.806200
2016-11-17,116.895200
2016-11-18,117.593600
2016-11-21,117.476200
2016-11-22,117.450800
2016-11-23,118.035600
2016-11-25,118.020000
2016-11-28,117.727800
2016-11-29,117.644000
2016-11-30,117.763600
2016-12-01,117.664200
2016-12-02,117.311600
2016-12-05,117.100800
2016-12-06,116.922500
2016-12-07,116.672000
2016-12-08,117.032700
2016-12-09,117.283400
2016-12-12,116.916100
2016-12-13,116.802900
2016-12-14,116.733200
2016-12-15,118.807200
2016-12-16,118.358400
2016-12-19,118.387500
2016-12-20,118.630000
2016-12-21,118.581000
2016-12-22,118.820900
2016-12-23,118.785600
2016-12-27,118.950600
2016-12-28,119.230500
2016-12-29,118.663700
2016-12-30,118.346600
2017-01-03,119.090300
2017-01-04,118.880300
2017-01-05,117.999900
2017-01-06,118.349500
2017-01-09,118.411100
2017-01-10,118.538600
2017-01-11,119.021900
2017-01-12,117.800100
2017-01-13,117.988400
2017-01-17,117.265600
2017-01-18,117.724200
2017-01-19,118.318200
2017-01-23,117.247900
2017-01-24,117.051600
2017-01-25,116.935500
2017-01-26,117.276600
2017-01-27,117.073500
2017-01-30,116.732500
2017-01-31,116.224100
2017-02-01,116.391400
2017-02-02,115.903000
2017-02-03,115.625900
2017-02-06,116.050400
2017-02-07,116.408200
2017-02-08,116.138200
2017-02-09,116.306000
2017-02-10,116.148000
2017-02-13,116.342700
2017-02-14,116.394900
2017-02-15,116.216200
2017-02-16,116.006700
2017-02-17,116.403500
2017-02-21,116.592100
2017-02-22,116.213600
2017-02-23,115.652700
2017-02-24,115.814300
2017-02-27,115.676400
2017-02-28,116.003200
2017-03-01,116.438000
2017-03-02,116.842900
2017-03-03,116.643800
2017-03-06,116.431300
2017-03-07,116.430300
2017-03-08,116.875000
2017-03-09,116.995900
2017-03-10,116.616000
2017-03-13,116.400400
2017-03-14,116.564600
2017-03-15,116.358400
2017-03-16,115.445600
2017-03-17,115.278300
2017-03-20,115.042600
2017-03-21,114.811900
2017-03-22,114.793700
2017-03-23,114.789900
2017-03-24,114.637200
2017-03-27,114.234700
2017-03-28,114.419000
2017-03-29,114.716700
2017-03-30,114.524500
2017-03-31,114.793800
2017-04-03,114.873400
2017-04-04,115.003800
2017-04-05,114.949400
2017-04-06,115.018100
2017-04-07,115.054700
2017-04-10,115.110000
2017-04-11,115.009000
2017-04-12,114.916200
2017-04-13,114.505900
2017-04-14,114.536800
2017-04-17,114.328300
2017-04-18,114.257500
2017-04-19,114.792300
2017-04-20,114.620500
2017-04-21,114.812800
2017-04-24,114.365900
2017-04-25,114.511100
2017-04-26,114.947900
2017-04-27,114.994600
2017-04-28,114.787700
2017-05-01,114.592100
2017-05-02,114.679200
2017-05-03,114.663700
2017-05-04,114.907600
2017-05-05,114.772500
2017-05-08,115.089500
2017-05-09,115.393300
2017-05-10,115.114500
2017-05-11,115.066900
2017-05-12,114.747900
2017-05-15,114.350400
2017-05-16,113.992300
2017-05-17,113.750600
2017-05-18,114.268300
2017-05-19,113.700100
2017-05-22,113.544200
2017-05-23,113.686200
2017-05-24,113.675000
2017-05-25,113.371900
2017-05-26,113.483900
2017-05-30,113.555200
2017-05-31,113.295600
2017-06-01,113.301700
2017-06-02,113.190800
2017-06-05,112.975500
2017-06-06,112.709500
2017-06-07,112.819100
2017-06-08,112.835100
2017-06-09,112.956200
2017-06-12,112.983700
2017-06-13,112.627100
2017-06-14,112.073400
2017-06-15,112.870800
2017-06-16,112.615500
2017-06-19,112.757600
2017-06-20,113.269800
2017-06-21,113.332700
2017-06-22,113.165400
2017-06-23,112.866500
2017-06-26,112.763300
2017-06-27,112.550000
2017-06-28,112.074700
2017-06-29,111.998000
2017-06-30,111.989600
2017-07-03,112.426800
2017-07-05,112.653400
2017-07-06,112.419900
2017-07-07,112.313700
2017-07-10,112.158700
2017-07-11,112.143400
2017-07-12,111.590400
2017-07-13,111.536500
2017-07-14,110.907500
2017-07-17,110.930400
2017-07-18,110.435600
2017-07-19,110.433900
2017-07-20,110.251200
2017-07-21,110.191000
2017-07-24,110.200400
2017-07-25,110.283500
2017-07-26,110.381100
2017-07-27,110.216000
2017-07-28,109.920000
2017-07-31,109.817700
2017-08-01,109.849500
2017-08-02,109.750300
2017-08-03,109.833200
2017-08-04,110.280800
2017-08-07,110.373000
2017-08-08,110.396000
2017-08-09,110.367100
2017-08-10,110.188600
2017-08-11,110.042200
2017-08-14,110.095000
2017-08-15,110.484600
2017-08-16,110.439400
2017-08-17,110.167300
2017-08-18,110.041000
2017-08-21,109.734900
2017-08-22,109.838600
2017-08-23,109.809500
2017-08-24,109.752400
2017-08-25,109.341500
2017-08-28,109.181500
2017-08-29,109.094600
2017-08-30,109.405200
2017-08-31,109.368600
2017-09-01,109.050400
2017-09-05,108.866400
2017-09-06,108.489700
2017-09-07,107.922400
2017-09-08,107.808000
2017-09-11,108.153000
2017-09-12,108.323900
2017-09-13,108.662800
2017-09-14,108.618000
2017-09-15,108.314700
2017-09-18,108.640100
2017-09-19,108.614200
2017-09-20,108.432900
2017-09-21,108.926700
2017-09-22,108.754200
2017-09-25,109.330200
2017-09-26,109.776900
2017-09-27,110.072200
2017-09-28,110.241500
2017-09-29,110.086700
2017-10-02,110.368600
2017-10-03,110.328100
2017-10-04,110.242500
2017-10-05,110.582300
2017-10-06,110.784100
2017-10-10,110.303400
2017-10-11,110.303700
2017-10-12,110.315200
2017-10-13,110.266900
2017-10-16,110.543200
2017-10-17,110.914100
2017-10-18,110.721400
2017-10-19,110.457700
2017-10-20,111.037500
2017-10-23,111.213400
2017-10-24,111.402700
2017-10-25,111.390400
2017-10-26,111.641800
2017-10-27,112.149500
2017-10-30,111.901000
2017-10-31,111.805200
2017-11-01,111.794200
2017-11-02,111.547400
2017-11-03,111.938300
2017-11-06,111.719700
2017-11-07,111.944600
2017-11-08,111.693500
2017-11-09,111.562600
2017-11-13,111.783300
2017-11-14,111.509700
2017-11-15,111.480900
2017-11-16,111.256800
2017-11-17,111.001600
2017-11-20,111.259900
2017-11-21,110.982800
2017-11-22,110.563200
2017-11-24,110.025300
2017-11-27,110.113600
2017-11-28,110.301800
2017-11-29,110.326500
2017-11-30,110.464800
2017-12-01,110.141300
2017-12-04,110.397000
2017-12-05,110.490500
2017-12-06,110.871100
2017-12-07,111.017800
2017-12-08,111.227300
2017-12-11,111.082700
2017-12-12,111.521400
2017-12-13,111.275900
2017-12-14,111.089300
2017-12-15,111.128600
2017-12-18,110.908600
2017-12-19,111.125500
2017-12-20,110.836100
2017-12-21,110.878600
2017-12-22,111.099700
2017-12-26,110.975800
2017-12-27,110.855300
2017-12-28,110.515400
2017-12-29,110.078300
2018-01-02,109.644500
2018-01-03,109.675100
2018-01-04,109.477700
2018-01-05,109.349600
2018-01-08,109.568100
2018-01-09,109.902500
2018-01-10,109.628000
2018-01-11,109.488800
2018-01-12,108.901000
2018-01-16,108.321800
2018-01-17,108.152600
2018-01-18,108.065500
2018-01-19,107.945500
2018-01-22,108.107000
2018-01-23,107.997900
2018-01-24,107.080200
2018-01-25,106.505200
2018-01-26,106.691100
2018-01-29,107.114200
2018-01-30,107.106400
2018-01-31,106.769600
2018-02-01,106.487700
2018-02-02,107.115100
2018-02-05,107.330000
2018-02-06,107.520400
2018-02-07,107.717500
2018-02-08,108.302500
2018-02-09,108.258200
2018-02-12,108.033200
2018-02-13,107.757400
2018-02-14,107.469100
2018-02-15,106.986700
2018-02-16,107.035900
2018-02-20,107.624900
2018-02-21,107.867900
2018-02-22,107.866800
2018-02-23,107.680400
2018-02-26,107.734700
2018-02-27,108.173100
2018-02-28,108.390300
2018-03-01,108.535800
2018-03-05,108.361400
2018-03-06,107.796900
2018-03-07,108.091100
2018-03-08,108.267100
2018-03-09,107.923000
2018-03-12,107.943800
2018-03-13,107.738400
2018-03-14,107.862300
2018-03-15,108.203200
2018-03-16,108.433200
2018-03-19,108.314500
2018-03-20,108.495300
2018-03-22,107.993500
2018-03-23,107.749500
2018-03-26,107.181900
2018-03-27,107.335900
2018-03-28,107.573300
2018-03-29,107.665000
2018-03-30,107.478400
2018-04-02,107.703300
2018-04-03,107.562400
2018-04-04,107.636100
2018-04-05,107.728100
2018-04-06,107.788600
2018-04-09,107.531600
2018-04-10,107.365900
2018-04-11,107.122400
2018-04-12,107.290500
2018-04-13,107.236800
2018-04-16,107.059500
2018-04-17,107.034400
2018-04-18,107.109600
2018-04-19,107.519700
2018-04-20,108.178700
2018-04-23,108.933200
2018-04-24,108.790600
2018-04-25,109.344700
2018-04-26,109.364600
2018-04-27,109.173500
2018-04-30,109.336300
2018-05-01,109.744500
2018-05-02,110.162500
2018-05-03,110.180300
2018-05-04,110.250000
2018-05-07,110.572100
2018-05-08,111.063000
2018-05-09,110.881800
2018-05-10,110.405000
2018-05-11,110.284700
2018-05-14,110.408000
2018-05-15,111.229200
2018-05-16,111.306800
2018-05-17,111.354700
2018-05-18,111.717100
2018-05-21,111.639400
2018-05-22,111.194500
2018-05-23,111.693300
2018-05-24,111.488500
2018-05-25,111.584300
2018-05-29,112.212700
2018-05-30,111.673100
2018-05-31,111.989400
2018-06-01,111.826500
2018-06-04,111.824700
2018-06-05,112.264000
2018-06-06,111.752500
2018-06-07,112.072500
2018-06-08,112.106600
2018-06-11,112.110600
2018-06-12,112.213800
2018-06-13,112.257700
2018-06-14,112.859300
2018-06-15,113.337900
2018-06-18,113.489900
2018-06-19,113.639000
2018-06-20,113.478400
2018-06-21,113.610900
2018-06-22,113.304700
2018-06-25,113.286000
2018-06-26,113.301600
2018-06-27,113.897100
2018-06-28,113.840500
2018-06-29,113.258600
2018-07-02,114.167300
2018-07-03,113.322200
2018-07-05,112.975900
2018-07-06,112.642800
2018-07-09,112.642500
2018-07-10,112.579400
2018-07-11,112.858200
2018-07-12,112.779000
2018-07-13,113.070500
2018-07-16,112.843700
2018-07-17,113.150400
2018-07-18,113.334800
2018-07-19,113.946300
2018-07-20,113.321300
2018-07-23,113.424600
2018-07-24,113.204500
2018-07-25,112.922100
2018-07-26,112.917900
2018-07-27,112.812500
2018-07-30,112.604400
2018-07-31,112.729900
2018-08-01,112.889900
2018-08-02,113.167900
2018-08-03,113.012000
2018-08-06,113.229000
2018-08-07,112.975900
2018-08-08,113.141100
2018-08-09,113.380600
2018-08-10,114.300500
2018-08-13,114.851000
2018-08-14,114.658000
2018-08-15,115.152600
2018-08-16,114.641600
2018-08-17,114.533900
2018-08-20,114.350400
2018-08-21,113.860400
2018-08-22,113.663000
2018-08-23,114.093200
2018-08-24,113.598500
2018-08-27,113.272100
2018-08-28,113.344400
2018-08-29,113.646100
2018-08-30,114.089900
2018-08-31,114.275500
2018-09-04,114.858400
2018-09-05,114.747700
2018-09-06,114.647900
2018-09-07,114.581600
2018-09-10,114.680200
2018-09-11,114.705100
2018-09-12,114.219200
2018-09-13,113.926800
2018-09-14,114.065700
2018-09-17,113.915800
2018-09-18,113.773900
2018-09-19,113.653200
2018-09-20,113.498900
2018-09-21,113.509900
2018-09-24,113.530100
2018-09-25,113.720200
2018-09-26,113.673900
2018-09-27,113.978400
2018-09-28,113.807700
2018-10-01,113.823500
2018-10-02,113.895400
2018-10-03,114.156900
2018-10-04,114.686700
2018-10-05,114.561000
2018-10-09,114.658300
2018-10-10,114.607200
2018-10-11,114.407400
2018-10-12,114.369100
2018-10-15,114.045000
2018-10-16,113.896300
2018-10-17,114.175500
2018-10-18,114.816400
2018-10-19,114.856700
2018-10-22,115.178200
2018-10-23,115.165100
2018-10-24,115.375500
2018-10-25,115.483100
2018-10-26,115.473000
2018-10-29,115.893600
2018-10-30,116.235700
2018-10-31,116.528100
2018-11-01,115.865700
2018-11-02,115.643000
2018-11-05,115.703000
2018-11-06,115.562200
2018-11-07,115.251900
2018-11-08,115.647800
2018-11-09,116.477800
2018-11-13,116.669400
2018-11-14,116.498000
2018-11-15,116.386100
2018-11-16,115.925800
2018-11-19,115.985900
2018-11-20,116.236700
2018-11-21,116.092000
2018-11-23,116.471300
2018-11-26,116.620800
2018-11-27,116.900100
2018-11-28,116.834300
2018-11-29,116.196100
2018-11-30,116.413000
2018-12-03,115.905700
2018-12-04,116.002800
2018-12-06,116.399100
2018-12-07,116.084700
2018-12-10,116.674600
2018-12-11,116.756400
2018-12-12,116.221400
2018-12-13,116.397400
2018-12-14,116.790000
2018-12-17,116.453200
2018-12-18,116.412700
2018-12-19,116.067600
2018-12-20,116.018300
2018-12-21,116.222700
2018-12-24,116.218200
2018-12-26,116.116200
2018-12-27,115.992700
2018-12-28,115.723200
2018-12-31,115.567400
2019-01-02,115.768900
2019-01-03,115.462200
2019-01-04,114.982100
2019-01-07,114.562800
2019-01-08,114.728100
2019-01-09,114.140600
2019-01-10,114.049600
2019-01-11,114.040400
2019-01-15,114.340200
2019-01-16,114.137000
2019-01-17,114.411500
2019-01-18,114.558000
2019-01-22,114.754100
2019-01-23,114.575900
2019-01-24,114.617000
2019-01-25,114.019700
2019-01-28,114.052200
2019-01-29,114.026000
2019-01-30,114.073100
2019-01-31,113.550400
2019-02-01,113.754800
2019-02-04,113.876600
2019-02-05,114.043100
2019-02-06,114.230500
2019-02-07,114.433900
2019-02-08,114.500300
2019-02-11,115.031000
2019-02-12,114.729700
2019-02-13,114.940700
2019-02-14,115.100700
2019-02-15,114.992300
2019-02-19,114.570000
2019-02-21,114.509100
2019-02-22,114.271600
2019-02-25,114.145700
2019-02-26,114.068700
2019-02-27,114.036300
2019-02-28,114.199100
2019-03-01,114.537000
2019-03-04,114.692500
2019-03-05,114.804000
2019-03-06,114.971400
2019-03-07,115.491900
2019-03-08,115.359900
2019-03-11,115.296700
2019-03-12,114.939000
2019-03-13,114.737200
2019-03-14,114.790000
2019-03-15,114.581500
2019-03-18,114.437500
2019-03-19,114.232400
2019-03-20,114.150900
2019-03-21,114.168400
2019-03-22,114.685600
2019-03-25,114.417100
2019-03-26,114.641400
2019-03-27,115.124300
2019-03-28,115.258100
2019-03-29,115.137100
2019-04-01,114.936200
2019-04-02,115.117300
2019-04-03,114.721100
2019-04-04,114.969700
2019-04-05,114.972600
2019-04-08,114.689300
2019-04-09,114.532100
2019-04-10,114.426900
2019-04-11,114.630300
2019-04-12,114.353100
2019-04-15,114.495000
2019-04-16,114.675600
2019-04-17,114.514100
2019-04-18,114.707300
2019-04-19,114.697700
2019-04-22,114.769400
2019-04-23,115.157800
2019-04-24,115.418700
2019-04-25,115.770900
2019-04-26,115.476700
2019-04-29,115.522700
2019-04-30,115.328100
2019-05-01,115.002200
2019-05-02,115.561700
2019-05-03,115.264600
2019-05-06,115.381100
2019-05-07,115.611600
2019-05-08,115.517100
2019-05-09,115.842100
2019-05-10,115.533400
2019-05-13,115.915000
2019-05-14,115.942500
2019-05-15,115.856500
2019-05-16,116.034600
2019-05-17,116.448000
2019-05-20,116.311900
2019-05-21,116.284400
2019-05-22,116.241200
2019-05-23,116.236800
2019-05-24,116.080600
2019-05-28,116.317400
2019-05-29,116.553500
2019-05-30,116.398900
2019-05-31,116.727300
2019-06-03,116.476400
2019-06-04,116.091000
2019-06-05,116.030000
2019-06-06,115.977100
2019-06-07,115.736800
2019-06-10,115.500100
2019-06-11,115.379400
2019-06-12,115.438000
2019-06-13,115.627500
2019-06-14,115.905700
2019-06-17,115.968400
2019-06-18,115.879700
2019-06-19,115.788900
2019-06-20,114.804600
2019-06-21,114.837700
2019-06-24,114.655900
2019-06-25,114.636300
2019-06-26,114.560800
2019-06-27,114.665000
2019-06-28,114.582100
2019-07-01,114.723900
2019-07-02,114.825800
2019-07-03,114.813500
2019-07-05,115.113200
2019-07-08,115.025400
2019-07-09,115.101700
2019-07-10,115.087900
2019-07-11,114.836100
2019-07-12,114.768500
2019-07-15,114.681900
2019-07-16,115.011100
2019-07-17,114.881900
2019-07-18,114.874400
2019-07-19,114.869500
2019-07-22,115.001800
2019-07-23,115.299500
2019-07-24,115.243600
2019-07-25,115.298200
2019-07-26,115.544900
2019-07-29,115.588500
2019-07-30,115.621100
2019-07-31,115.494600
2019-08-01,116.049900
2019-08-02,116.186400
2019-08-05,116.585100
2019-08-06,116.690400
2019-08-07,116.798700
2019-08-08,116.474000
2019-08-09,116.441900
2019-08-12,116.754800
2019-08-13,116.726700
2019-08-14,117.091300
2019-08-15,117.223900
2019-08-16,117.078600
2019-08-19,117.388600
2019-08-20,117.372600
2019-08-21,117.176400
2019-08-22,117.355800
2019-08-23,117.300900
2019-08-26,117.665800
2019-08-27,117.750000
2019-08-28,117.876700
2019-08-29,118.062500
2019-08-30,118.157500
2019-09-03,118.311300
2019-09-04,117.672900
2019-09-05,117.477600
2019-09-06,117.129200
2019-09-09,117.060100
2019-09-10,117.088700
2019-09-11,117.312500
2019-09-12,116.837500
2019-09-13,116.767700
2019-09-16,117.025100
2019-09-17,116.982600
2019-09-18,116.976600
2019-09-19,117.086100
2019-09-20,117.181900
2019-09-23,117.298600
2019-09-24,117.222700
2019-09-25,117.652700
2019-09-26,117.726700
2019-09-27,117.721800
2019-09-30,117.946100
2019-10-01,117.959500
2019-10-02,117.967100
2019-10-03,117.660800
2019-10-04,117.528800
2019-10-07,117.553300
2019-10-08,117.740700
2019-10-09,117.683500
2019-10-10,117.280100
2019-10-11,116.823900
2019-10-15,116.811100
2019-10-16,116.642500
2019-10-17,116.261500
2019-10-18,116.134400
2019-10-21,116.043600
2019-10-22,115.985100
2019-10-23,116.058600
2019-10-24,116.127800
2019-10-25,116.077400
2019-10-28,116.022200
2019-10-29,115.979700
2019-10-30,116.163600
2019-10-31,115.912500
2019-11-01,115.731200
2019-11-04,115.862400
2019-11-05,116.113800
2019-11-06,116.100400
2019-11-07,116.117200
2019-11-08,116.343600
2019-11-12,116.583700
2019-11-13,116.839700
2019-11-14,116.802200
2019-11-15,116.440100
2019-11-18,116.362500
2019-11-19,116.539100
2019-11-20,116.828000
2019-11-21,116.743500
2019-11-22,116.913700
2019-11-25,117.009800
2019-11-26,117.051300
2019-11-27,117.127300
2019-11-29,117.120400
2019-12-02,116.964700
2019-12-03,116.889800
2019-12-04,116.692000
2019-12-05,116.383800
2019-12-06,116.538100
2019-12-09,116.328300
2019-12-10,116.254200
2019-12-11,116.147800
2019-12-12,115.874100
2019-12-13,115.696700
2019-12-16,115.555000
2019-12-17,115.555300
2019-12-18,115.661800
2019-12-19,115.598800
2019-12-20,115.759800
2019-12-23,115.805900
2019-12-26,115.634000
2019-12-27,115.220000
2019-12-30,114.963100
2019-12-31,114.669000
2020-01-02,114.974500
2020-01-03,114.986700
2020-01-06,114.955700
2020-01-07,115.147700
2020-01-08,115.132800
2020-01-09,115.233100
2020-01-10,115.067700
2020-01-13,115.034200
2020-01-14,115.023900
2020-01-15,114.952800
2020-01-16,115.000600
2020-01-17,115.065600
2020-01-21,115.187600
2020-01-22,115.227300
2020-01-23,115.554500
2020-01-24,115.555600
2020-01-27,115.800400
2020-01-28,115.723900
2020-01-29,115.700300
2020-01-30,115.807700
2020-01-31,115.734500
2020-02-03,116.117200
2020-02-04,115.929100
2020-02-05,116.009000
2020-02-06,116.151800
2020-02-07,116.508600
2020-02-10,116.571100
2020-02-11,116.358500
2020-02-12,116.279400
2020-02-13,116.399900
2020-02-14,116.422300
2020-02-18,116.603900
2020-02-19,116.782900
2020-02-20,117.245400
2020-02-21,117.047300
2020-02-24,117.401800
2020-02-25,117.242500
2020-02-26,117.405000
2020-02-27,117.367800
2020-02-28,117.656800
2020-03-02,116.814400
2020-03-03,116.495800
2020-03-04,116.780200
2020-03-05,116.790100
2020-03-06,116.710600
2020-03-09,117.187100
2020-03-10,117.902700
2020-03-11,118.250500
2020-03-12,120.488300
2020-03-13,120.438800
2020-03-16,120.935200
2020-03-17,122.481600
2020-03-18,124.162300
2020-03-19,125.058700
2020-03-20,124.936200
2020-03-23,126.126200
2020-03-24,125.500100
2020-03-25,124.791600
2020-03-26,122.430800
2020-03-27,122.400700
2020-03-30,123.288300
2020-03-31,122.530100
2020-04-01,123.793300
2020-04-02,123.591600
2020-04-03,124.415200
2020-04-06,124.160000
2020-04-07,123.095600
2020-04-08,123.221600
2020-04-09,122.476000
2020-04-10,122.159200
2020-04-13,122.520300
2020-04-14,122.112100
2020-04-15,123.075200
2020-04-16,123.461500
2020-04-17,122.871000
2020-04-20,123.103300
2020-04-21,123.911600
2020-04-22,123.925600
2020-04-23,123.754200
2020-04-24,124.161500
2020-04-27,123.884300
2020-04-28,123.369300
2020-04-29,122.778200
2020-04-30,122.327000
2020-05-01,123.149200
2020-05-04,123.211700
2020-05-05,122.803000
2020-05-06,123.609000
2020-05-07,123.124900
2020-05-08,122.537900
2020-05-11,123.233300
2020-05-12,123.059200
2020-05-13,123.540800
2020-05-14,123.642900
2020-05-15,123.599100
2020-05-18,122.796800
2020-05-19,122.565500
2020-05-20,122.100700
2020-05-21,122.091400
2020-05-22,122.321100
2020-05-26,121.386400
2020-05-27,121.567700
2020-05-28,121.013800
2020-05-29,120.945800
2020-06-01,120.268600
2020-06-02,119.685400
2020-06-03,119.255600
2020-06-04,119.301400
2020-06-05,118.813800
2020-06-08,118.662100
2020-06-09,118.589300
2020-06-10,118.523100
2020-06-11,119.234700
2020-06-12,119.664500
2020-06-15,119.953900
2020-06-16,119.567000
2020-06-17,119.910500
2020-06-18,120.217300
2020-06-19,120.218600
2020-06-22,119.753200
2020-06-23,119.328500
2020-06-24,119.974400
2020-06-25,120.299700
2020-06-26,120.533000
2020-06-29,120.665800
2020-06-30,120.464900
2020-07-01,120.080800
2020-07-02,119.855500
2020-07-06,119.285200
2020-07-07,119.571700
2020-07-08,119.552500
2020-07-09,119.512900
2020-07-10,119.350900
2020-07-13,119.189100
2020-07-14,119.390100
2020-07-15,119.033100
2020-07-16,118.927500
2020-07-17,119.124000
2020-07-20,119.048300
2020-07-21,118.404200
2020-07-22,118.133700
2020-07-23,118.061300
2020-07-24,118.132900
2020-07-27,117.386900
2020-07-28,117.318900
2020-07-29,117.212600
2020-07-30,117.400800
2020-07-31,117.208200
2020-08-03,117.807400
2020-08-04,117.783300
2020-08-05,116.873600
2020-08-06,117.042200
2020-08-07,117.623900
2020-08-10,117.582100
2020-08-11,117.378100
2020-08-12,117.255900
2020-08-13,117.119300
2020-08-14,116.939500
2020-08-17,116.749000
2020-08-18,116.559300
2020-08-19,116.567000
2020-08-20,116.812600
2020-08-21,117.057200
2020-08-24,116.912000
2020-08-25,116.820600
2020-08-26,116.624300
2020-08-27,116.649000
2020-08-28,115.937400
2020-08-31,115.758600
2020-09-01,115.568700
2020-09-02,116.030400
2020-09-03,116.068500
2020-09-04,116.034700
2020-09-08,116.461800
2020-09-09,116.129100
2020-09-10,115.880600
2020-09-11,116.086600
2020-09-14,115.642800
2020-09-15,115.590800
2020-09-16,115.353700
2020-09-17,115.439200
2020-09-18,115.239500
2020-09-21,116.378000
2020-09-22,116.543800
2020-09-23,117.252600
2020-09-24,117.547300
2020-09-25,117.867900
2020-09-28,117.617800
2020-09-29,117.526000
2020-09-30,116.946000
2020-10-01,116.722700
2020-10-02,116.732100
2020-10-05,116.176700
2020-10-06,116.268100
2020-10-07,116.344700
2020-10-08,116.165700
2020-10-09,115.275700
2020-10-13,115.910700
2020-10-14,115.687200
2020-10-15,116.096400
2020-10-16,115.767900
2020-10-19,115.403100
2020-10-20,115.248500
2020-10-21,114.910800
2020-10-22,115.115800
2020-10-23,115.012600
2020-10-26,115.279700
2020-10-27,115.013100
2020-10-28,115.802300
2020-10-29,116.306900
2020-10-30,116.135400
2020-11-02,116.236100
2020-11-03,115.480200
2020-11-04,115.167700
2020-11-05,114.455600
2020-11-06,113.991900
2020-11-09,114.089500
2020-11-10,114.075700
2020-11-12,114.284300
2020-11-13,114.239700
2020-11-16,113.831200
2020-11-17,113.682000
2020-11-18,113.460000
2020-11-19,113.694000
2020-11-20,113.489000
2020-11-23,113.754800
2020-11-24,113.431600
2020-11-25,113.182300
2020-11-30,113.225600
2020-12-01,112.806300
2020-12-02,112.611500
2020-12-03,112.023600
2020-12-04,111.777800
2020-12-07,111.838500
2020-12-08,111.863900
2020-12-09,112.030500
2020-12-10,111.978800
2020-12-11,112.141700
2020-12-14,112.170800
2020-12-15,111.860100
2020-12-16,111.715700
2020-12-17,111.222600
2020-12-18,111.607100
2020-12-21,111.941500
2020-12-22,112.194700
2020-12-23,111.980700
2020-12-28,111.975200
2020-12-29,111.517200
2020-12-30,111.308400
2020-12-31,111.316900
2021-01-04,111.207500
2021-01-05,110.957400
2021-01-06,110.850200
2021-01-07,111.304200
2021-01-08,111.284700
2021-01-11,111.825700
2021-01-12,111.550100
2021-01-13,111.362200
2021-01-14,111.156700
2021-01-15,111.510600
2021-01-19,111.452700
2021-01-21,111.197300
2021-01-22,111.551600
2021-01-25,111.867600
2021-01-26,111.657200
2021-01-27,112.078200
2021-01-28,112.005900
2021-01-29,111.951100
2021-02-01,112.418900
2021-02-02,112.286200
2021-02-03,112.256700
2021-02-04,112.746900
2021-02-05,112.237900
2021-02-08,112.042800
2021-02-09,111.767500
2021-02-10,111.583400
2021-02-11,111.527200
2021-02-12,111.488900
2021-02-16,111.787900
2021-02-17,112.020400
2021-02-18,112.160300
2021-02-19,111.705800
2021-02-22,111.918000
2021-02-23,111.898100
2021-02-24,111.721200
2021-02-25,111.925300
2021-02-26,112.830600
2021-03-01,112.526300
2021-03-02,112.534200
2021-03-03,112.761700
2021-03-04,112.703700
2021-03-05,113.748700
2021-03-08,114.267800
2021-03-09,113.928000
2021-03-10,113.588100
2021-03-11,112.921400
2021-03-12,113.026900
2021-03-15,113.192800
2021-03-16,112.983900
2021-03-17,113.158900
2021-03-18,112.774400
2021-03-19,112.975600
2021-03-22,113.002300
2021-03-23,113.291600
2021-03-24,113.656500
2021-03-25,114.001600
2021-03-26,113.740600
2021-03-29,113.931400
2021-03-30,114.203000
2021-03-31,113.823400
2021-04-01,113.738900
2021-04-02,113.731500
2021-04-05,113.394000
2021-04-06,113.146400
2021-04-07,113.243600
2021-04-08,113.091700
2021-04-09,113.202800
2021-04-12,113.181500
2021-04-13,113.039100
2021-04-14,112.784900
2021-04-15,112.618100
2021-04-16,112.481400
2021-04-19,112.183500
2021-04-20,112.235400
2021-04-21,112.177100
2021-04-22,112.229700
2021-04-23,112.088900
2021-04-26,111.810900
2021-04-27,111.909700
2021-04-28,111.790900
2021-04-29,111.746400
2021-04-30,112.083900
2021-05-03,112.005000
2021-05-04,112.289600
2021-05-05,112.151400
2021-05-06,111.840100
2021-05-07,111.024900
2021-05-10,110.790500
2021-05-11,110.892100
2021-05-12,111.563600
2021-05-13,111.595500
2021-05-14,111.135300
2021-05-17,111.079000
2021-05-18,110.831700
2021-05-19,110.880700
2021-05-20,110.860500
2021-05-21,111.057600
2021-05-24,110.911800
2021-05-25,110.842000
2021-05-26,110.867700
2021-05-27,110.868800
2021-05-28,110.757600
2021-06-01,110.504600
2021-06-02,110.579900
2021-06-03,111.178200
2021-06-04,110.752100
2021-06-07,110.515500
2021-06-08,110.649000
2021-06-09,110.570700
2021-06-10,110.545600
2021-06-11,111.093300
2021-06-14,110.965900
2021-06-15,111.350700
2021-06-16,111.116500
2021-06-17,112.577200
2021-06-18,113.040800
2021-06-21,112.839100
2021-06-22,112.917400
2021-06-23,112.381900
2021-06-24,112.326000
2021-06-25,111.965500
2021-06-28,112.024800
2021-06-29,112.261300
2021-06-30,112.553300
2021-07-01,112.740000
2021-07-02,112.542500
2021-07-06,112.951600
2021-07-07,113.104800
2021-07-08,113.077600
2021-07-09,112.837500
2021-07-12,112.761100
2021-07-13,113.006300
2021-07-14,112.880100
2021-07-15,113.004100
2021-07-16,113.042800
2021-07-19,113.547200
2021-07-20,113.750200
2021-07-21,113.392600
2021-07-22,113.469500
2021-07-23,113.439800
2021-07-26,113.223800
2021-07-27,113.222700
2021-07-28,113.180700
2021-07-29,112.483400
2021-07-30,112.671400
2021-08-02,112.669100
2021-08-03,112.822800
2021-08-04,112.895300
2021-08-05,112.767400
2021-08-06,113.308800
2021-08-09,113.452100
2021-08-10,113.497300
2021-08-11,113.282000
2021-08-12,113.269100
2021-08-13,113.061500
2021-08-16,113.169800
2021-08-17,113.617400
2021-08-18,113.695900
2021-08-19,114.110600
2021-08-20,114.500900
2021-08-23,113.941800
2021-08-24,113.679500
2021-08-25,113.632200
2021-08-26,113.788300
2021-08-27,113.340400
2021-08-30,113.246000
2021-08-31,113.107600
2021-09-01,112.873200
2021-09-02,112.786300
2021-09-03,112.547600
2021-09-07,112.979500
2021-09-08,113.231900
2021-09-09,113.043000
2021-09-10,112.942500
2021-09-13,113.034100
2021-09-14,113.006100
2021-09-15,112.977300
2021-09-16,113.303600
2021-09-17,113.598900
2021-09-20,113.942200
2021-09-21,113.817900
2021-09-22,113.622300
2021-09-23,113.513000
2021-09-24,113.759700
2021-09-27,113.743200
2021-09-28,114.246900
2021-09-29,114.709200
2021-09-30,114.640300
2021-10-01,114.379800
2021-10-04,114.273900
2021-10-05,114.365400
2021-10-06,114.718500
2021-10-07,114.504400
2021-10-08,114.598600
2021-10-12,114.754200
2021-10-13,114.470500
2021-10-14,114.205300
2021-10-15,114.090500
2021-10-18,113.989900
2021-10-19,113.647000
2021-10-20,113.508300
2021-10-21,113.618800
2021-10-22,113.670000
2021-10-25,113.605000
2021-10-26,113.674000
2021-10-27,113.621800
2021-10-28,113.438900
2021-10-29,114.134900
2021-11-01,114.206700
2021-11-02,114.284700
2021-11-03,114.359300
2021-11-04,114.355800
2021-11-05,114.073200
2021-11-08,113.825600
2021-11-09,113.762000
2021-11-10,114.148400
2021-11-12,114.514400
2021-11-15,114.587600
2021-11-16,115.136000
2021-11-17,115.026300
2021-11-18,115.067800
2021-11-19,115.218700
2021-11-22,115.648100
2021-11-23,116.011800
2021-11-24,116.271100
2021-11-26,116.510300
2021-11-29,116.581000
2021-11-30,116.207100
2021-12-01,115.889000
2021-12-02,116.018000
2021-12-03,116.237700
2021-12-06,116.153800
2021-12-07,115.855500
2021-12-08,115.441800
2021-12-09,115.778400
2021-12-10,115.573200
2021-12-13,115.842000
2021-12-14,116.239700
2021-12-15,116.421900
2021-12-16,115.714600
2021-12-17,115.791000
2021-12-20,116.009200
2021-12-21,116.108900
2021-12-22,115.748500
2021-12-23,115.533700
2021-12-27,115.468400
2021-12-28,115.419200
2021-12-29,115.367800
2021-12-30,115.283000
2022-01-03,115.410100
2022-01-04,115.310300
2022-01-05,115.137000
2022-01-06,115.404600
2022-01-07,115.045100
2022-01-10,115.221600
2022-01-11,114.833200
2022-01-12,114.355000
2022-01-13,114.177000
2022-01-14,114.382500
2022-01-18,114.737300
2022-01-19,114.610900
2022-01-20,114.464200
2022-01-21,114.612500
2022-01-24,115.203400
2022-01-25,115.165400
2022-01-26,115.092200
2022-01-27,115.978000
2022-01-28,116.039300
2022-01-31,115.566000
2022-02-01,115.368500
2022-02-02,115.153800
2022-02-03,114.906500
2022-02-04,115.136200
2022-02-07,115.009800
2022-02-08,115.089200
2022-02-09,114.823200
2022-02-10,114.552700
2022-02-11,114.841300
2022-02-14,115.194600
2022-02-15,114.930000
2022-02-16,114.688600
2022-02-17,114.675500
2022-02-18,114.798200
2022-02-22,114.700200
2022-02-23,114.666800
2022-02-24,115.941900
2022-02-25,115.257700
2022-02-28,115.222400
2022-03-01,115.796200
2022-03-02,115.762300
2022-03-03,115.949500
2022-03-04,116.650300
2022-03-07,117.327800
2022-03-08,117.617600
2022-03-09,116.596100
2022-03-10,116.740100
2022-03-11,117.019200
2022-03-14,117.150600
2022-03-15,117.246000
2022-03-16,116.807300
2022-03-17,116.046700
2022-03-18,116.137800
2022-03-21,115.939800
2022-03-22,116.082400
2022-03-23,116.005000
2022-03-24,115.959900
2022-03-25,115.792100
2022-03-28,116.191100
2022-03-29,115.567900
2022-03-30,115.081800
2022-03-31,115.221800
2022-04-01,115.481400
2022-04-04,115.411200
2022-04-05,115.730000
2022-04-06,115.999500
2022-04-07,116.351200
2022-04-08,116.417600
2022-04-11,116.540100
2022-04-12,116.386600
2022-04-13,116.279600
2022-04-14,116.755800
2022-04-15,116.701700
2022-04-18,116.844100
2022-04-19,117.132400
2022-04-20,116.730600
2022-04-21,117.143200
2022-04-22,118.018600
2022-04-25,118.627100
2022-04-26,118.962400
2022-04-27,119.470800
2022-04-28,120.067500
2022-04-29,119.493300
2022-05-02,119.882500
2022-05-03,119.704300
2022-05-04,119.559200
2022-05-05,120.006800
2022-05-06,119.857700
2022-05-09,120.497200
2022-05-10,120.774200
2022-05-11,120.392500
2022-05-12,121.279600
2022-05-13,120.844200
2022-05-16,120.688100
2022-05-17,119.887100
2022-05-18,120.027400
2022-05-19,119.427800
2022-05-20,119.367700
2022-05-23,118.716900
2022-05-24,118.624500
2022-05-25,118.959800
2022-05-26,118.768700
2022-05-27,118.283400
2022-05-31,118.070400
2022-06-01,118.695400
2022-06-02,118.065800
2022-06-03,118.215300
2022-06-06,118.308100
2022-06-07,118.441400
2022-06-08,118.395100
2022-06-09,118.922600
2022-06-10,119.998100
2022-06-13,121.152300
2022-06-14,121.666900
2022-06-15,121.640300
2022-06-16,120.671400
2022-06-17,121.236900
2022-06-21,120.642700
2022-06-22,120.519700
2022-06-23,120.762200
2022-06-24,120.485300
2022-06-27,120.173600
2022-06-28,120.620000
2022-06-29,120.961600
2022-06-30,120.965200
2022-07-01,121.505800
2022-07-05,122.620300
2022-07-06,123.007300
2022-07-07,122.725700
2022-07-08,122.466200
2022-07-11,123.297400
2022-07-12,123.452400
2022-07-13,123.283400
2022-07-14,124.062200
2022-07-15,123.476500
2022-07-18,122.772700
2022-07-19,122.481900
2022-07-20,122.599700
2022-07-21,122.903200
2022-07-22,122.451000
2022-07-25,122.459400
2022-07-26,122.758100
2022-07-27,122.816900
2022-07-28,122.116100
2022-07-29,121.767800
2022-08-01,121.410900
2022-08-02,121.948600
2022-08-03,122.388800
2022-08-04,121.833300
2022-08-05,122.321000
2022-08-08,121.878300
2022-08-09,121.861400
2022-08-10,120.754300
2022-08-11,120.716300
2022-08-12,121.018000
2022-08-15,121.431500
2022-08-16,121.680700
2022-08-17,122.071100
2022-08-18,122.362700
2022-08-19,123.050100
2022-08-22,123.605000
2022-08-23,123.054700
2022-08-24,123.109000
2022-08-25,123.058600
2022-08-26,123.065600
2022-08-29,123.468600
2022-08-30,123.684800
2022-08-31,123.535000
2022-09-01,124.400600
2022-09-02,123.774300
2022-09-06,124.767000
2022-09-07,124.840800
2022-09-08,124.578000
2022-09-09,123.787400
2022-09-12,123.333200
2022-09-13,124.424200
2022-09-14,124.450900
2022-09-15,124.884300
2022-09-16,124.879400
2022-09-19,125.010400
2022-09-20,125.124800
2022-09-21,125.739900
2022-09-22,126.166700
2022-09-23,127.285300
2022-09-26,128.453900
2022-09-27,128.438600
2022-09-28,128.088400
2022-09-29,127.543700
2022-09-30,127.514800
2022-10-03,127.081300
2022-10-04,126.181900
2022-10-05,126.861600
2022-10-06,127.249300
2022-10-07,127.311100
2022-10-11,127.664100
2022-10-12,128.148100
2022-10-13,127.728600
2022-10-14,128.332500
2022-10-17,127.644800
2022-10-18,127.915300
2022-10-19,128.396800
2022-10-20,128.005200
2022-10-21,127.673500
2022-10-24,128.030400
2022-10-25,127.377100
2022-10-26,126.472300
2022-10-27,126.702800
2022-10-28,127.213500
2022-10-31,127.621900
2022-11-01,127.398700
2022-11-02,127.311500
2022-11-03,128.174300
2022-11-04,127.146800
2022-11-07,126.306200
2022-11-08,125.633000
2022-11-09,125.986100
2022-11-10,124.704400
2022-11-14,123.427700
2022-11-15,123.039000
2022-11-16,123.281700
2022-11-17,123.977000
2022-11-18,123.852400
2022-11-21,124.700900
2022-11-22,124.236500
2022-11-23,123.757400
2022-11-25,123.338600
2022-11-28,123.603200
2022-11-29,123.661500
2022-11-30,123.517500
2022-12-01,122.004500
2022-12-02,122.010200
2022-12-05,122.638400
2022-12-06,123.019100
2022-12-07,122.760800
2022-12-08,122.415200
2022-12-09,122.420100
2022-12-12,122.771400
2022-12-13,121.849300
2022-12-14,121.822600
2022-12-15,122.551900
2022-12-16,122.650500
2022-12-19,122.527500
2022-12-20,122.135700
2022-12-21,122.282800
2022-12-22,122.241900
2022-12-23,121.974300
2022-12-27,121.753900
2022-12-28,122.007500
2022-12-29,121.657700
2022-12-30,121.425600
2023-01-03,122.090500
2023-01-04,121.500800
2023-01-05,122.101700
2023-01-06,121.085200
2023-01-09,120.150800
2023-01-10,120.248300
2023-01-11,120.161400
2023-01-12,119.421800
2023-01-13,119.167300
2023-01-17,119.212100
2023-01-18,119.075500
2023-01-19,119.610700
2023-01-20,119.348600
2023-01-23,119.143400
2023-01-24,119.095800
2023-01-25,118.968600
2023-01-26,119.021000
2023-01-27,118.922300
2023-01-30,118.895300
2023-01-31,118.980200
2023-02-01,118.625900
2023-02-02,118.342100
2023-02-03,119.509500
2023-02-06,120.541000
2023-02-07,120.347500
2023-02-08,120.143600
2023-02-09,119.978100
2023-02-10,120.141900
2023-02-13,119.982800
2023-02-14,119.922900
2023-02-15,120.455700
2023-02-16,120.465100
2023-02-17,120.552600
2023-02-21,120.625600
2023-02-22,120.838900
2023-02-23,121.089600
2023-02-24,121.568100
2023-02-27,121.394100
2023-02-28,121.334100
2023-03-01,120.634700
2023-03-02,121.130200
2023-03-03,120.774200
2023-03-06,120.485000
2023-03-07,121.462300
2023-03-08,121.451100
2023-03-09,121.445800
2023-03-10,121.242100
2023-03-13,120.889700
2023-03-14,121.014100
2023-03-15,122.107900
2023-03-16,121.722100
2023-03-17,121.564300
2023-03-20,121.014100
2023-03-21,120.895800
2023-03-22,120.621700
2023-03-23,119.758700
2023-03-24,120.459800
2023-03-27,120.254100
2023-03-28,119.713800
2023-03-29,119.725800
2023-03-30,119.407800
2023-03-31,119.360200
2023-04-03,119.320400
2023-04-04,119.142000
2023-04-05,119.295300
2023-04-06,119.307200
2023-04-07,119.354700
2023-04-10,119.794800
2023-04-11,119.524800
2023-04-12,119.003000
2023-04-13,118.391500
2023-04-14,118.856700
2023-04-17,119.278700
2023-04-18,119.104900
2023-04-19,119.303000
2023-04-20,119.119900
2023-04-21,119.311700
2023-04-24,119.203900
2023-04-25,119.613000
2023-04-26,119.322800
2023-04-27,119.429800
2023-04-28,119.224800
2023-05-01,119.443500
2023-05-02,119.610500
2023-05-03,119.123300
2023-05-04,119.046500
2023-05-05,118.554800
2023-05-08,118.575900
2023-05-09,118.823900
2023-05-10,118.586400
2023-05-11,119.030300
2023-05-12,119.367100
2023-05-15,119.160800
2023-05-16,119.174300
2023-05-17,119.607000
2023-05-18,120.088600
2023-05-19,119.775100
2023-05-22,120.087500
2023-05-23,120.320400
2023-05-24,120.475200
2023-05-25,120.841300
2023-05-26,120.630400
2023-05-30,120.554600
2023-05-31,120.966200
2023-06-01,120.049100
2023-06-02,120.004900
2023-06-05,120.004800
2023-06-06,119.971800
2023-06-07,119.859000
2023-06-08,119.571200
2023-06-09,119.432200
2023-06-12,119.637600
2023-06-13,119.189900
2023-06-14,118.776000
2023-06-15,118.552100
2023-06-16,118.418400
2023-06-20,118.938000
2023-06-21,118.727000
2023-06-22,118.755200
2023-06-23,119.152000
2023-06-26,119.076100
2023-06-27,118.894900
2023-06-28,119.338200
2023-06-29,119.527000
2023-06-30,119.360600
2023-07-03,119.211900
2023-07-05,119.348300
2023-07-06,119.819300
2023-07-07,119.076100
2023-07-10,118.954800
2023-07-11,118.734400
2023-07-12,117.638500
2023-07-13,117.183100
2023-07-14,117.046300
2023-07-17,117.126700
2023-07-18,117.026400
2023-07-19,117.346200
2023-07-20,117.594700
2023-07-21,117.941800
2023-07-24,117.812400
2023-07-25,117.856500
2023-07-26,117.760000
2023-07-27,117.893800
2023-07-28,117.788000
2023-07-31,117.824100
2023-08-01,118.573800
2023-08-02,119.126800
2023-08-03,119.396300
2023-08-04,118.821000
2023-08-07,119.080900
2023-08-08,119.640700
2023-08-09,119.476000
2023-08-10,119.158100
2023-08-11,119.626800
2023-08-14,120.072500
2023-08-15,120.212700
2023-08-16,120.355100
2023-08-17,120.524200
2023-08-18,120.432100
2023-08-21,120.462700
2023-08-22,120.355400
2023-08-23,120.030700
2023-08-24,120.235400
2023-08-25,120.513700
2023-08-28,120.315500
2023-08-29,120.266900
2023-08-30,119.793700
2023-08-31,120.225000
2023-09-01,120.759000
2023-09-05,121.434500
2023-09-06,121.867100
2023-09-07,121.952800
2023-09-08,121.947500
2023-09-11,121.338600
2023-09-12,121.291300
2023-09-13,121.054900
2023-09-14,121.239500
2023-09-15,121.199000
2023-09-18,121.193800
2023-09-19,121.164500
2023-09-20,120.964800
2023-09-21,121.552800
2023-09-22,121.530600
2023-09-25,122.114300
2023-09-26,122.474200
2023-09-27,122.989500
2023-09-28,122.534200
2023-09-29,122.307700
2023-10-02,123.054500
2023-10-03,123.784800
2023-10-04,123.594600
2023-10-05,123.899300
2023-10-06,123.356300
2023-10-10,122.928200
2023-10-11,122.769700
2023-10-12,123.210100
2023-10-13,123.595400
2023-10-16,123.318500
2023-10-17,123.120200
2023-10-18,123.814800
2023-10-19,123.798000
2023-10-20,123.612000
2023-10-23,123.284600
2023-10-24,123.641600
2023-10-25,123.787100
2023-10-26,124.006400
2023-10-27,123.620000
2023-10-30,123.407600
2023-10-31,123.836400
2023-11-01,123.792200
2023-11-02,122.881800
2023-11-03,121.756400
2023-11-06,121.648400
2023-11-07,122.077700
2023-11-08,122.092600
2023-11-09,122.128100
2023-11-13,122.426400
2023-11-14,121.350000
2023-11-15,121.074900
2023-11-16,121.175400
2023-11-17,120.847700
2023-11-20,120.253300
2023-11-21,120.224100
2023-11-22,120.680200
2023-11-24,120.210500
2023-11-27,120.173000
2023-11-28,119.590400
2023-11-29,119.815900
2023-11-30,120.243400
2023-12-01,119.942400
2023-12-04,120.472700
2023-12-05,120.791300
2023-12-06,120.533400
2023-12-07,120.601300
2023-12-08,120.760700
2023-12-11,120.927900
2023-12-12,120.681700
2023-12-13,121.157100
2023-12-14,119.568300
2023-12-15,119.738200
2023-12-18,119.910200
2023-12-19,119.463200
2023-12-20,119.543500
2023-12-21,119.316800
2023-12-22,119.062500
2023-12-26,118.887500
2023-12-27,118.472900
2023-12-28,118.410400
2023-12-29,118.420800
2024-01-02,119.268600
2024-01-03,119.695800
2024-01-04,119.620800
2024-01-05,119.388000
2024-01-08,119.250600
2024-01-09,119.666600
2024-01-10,119.761400
2024-01-11,119.891600
2024-01-12,119.534000
2024-01-16,120.575900
2024-01-17,121.040200
2024-01-18,120.889500
2024-01-19,120.644200
2024-01-22,120.617800
2024-01-23,121.100100
2024-01-24,120.491600
2024-01-25,120.831100
2024-01-26,120.617300
2024-01-29,120.853800
2024-01-30,120.602500
2024-01-31,120.433100
2024-02-01,120.333500
2024-02-02,120.902000
2024-02-05,121.349000
2024-02-06,120.958800
2024-02-07,120.904900
2024-02-08,121.079800
2024-02-09,121.039000
2024-02-12,120.937800
2024-02-13,121.520200
2024-02-14,121.400200
2024-02-15,121.212100
2024-02-16,121.150500
2024-02-20,121.019900
2024-02-21,121.037900
2024-02-22,121.102000
2024-02-23,121.036900
2024-02-26,121.059200
2024-02-27,120.964700
2024-02-28,121.128000
2024-02-29,121.182400
2024-03-01,121.011100
2024-03-04,120.872000
2024-03-05,120.884600
2024-03-06,120.464900
2024-03-07,120.190900
2024-03-08,119.975000
2024-03-11,120.039400
2024-03-12,120.166800
2024-03-13,119.964200
2024-03-14,120.241000
2024-03-15,120.400300
2024-03-18,120.575200
2024-03-19,120.933200
2024-03-20,120.928900
2024-03-21,120.808600
2024-03-22,121.184200
2024-03-25,121.029500
2024-03-26,121.074200
2024-03-27,121.008900
2024-03-28,121.063500
2024-03-29,121.019100
2024-04-01,121.515100
2024-04-02,121.303500
2024-04-03,121.019800
2024-04-04,120.761300
2024-04-05,120.964600
2024-04-08,120.735900
2024-04-09,120.704800
2024-04-10,121.572700
2024-04-11,121.608100
2024-04-12,122.288500
2024-04-15,122.425000
2024-04-16,123.123400
2024-04-17,123.020700
2024-04-18,123.001700
2024-04-19,123.107500
2024-04-22,123.060900
2024-04-23,122.722700
2024-04-24,122.890000
2024-04-25,122.838400
2024-04-26,122.947100
2024-04-29,122.544900
2024-04-30,122.985300
2024-05-01,123.016800
2024-05-02,122.438400
2024-05-03,122.137500
2024-05-06,121.891300
2024-05-07,122.093000
2024-05-08,122.192600
2024-05-09,122.163400
2024-05-10,122.014000
2024-05-13,122.026100
2024-05-14,121.925600
2024-05-15,121.354300
2024-05-16,121.223600
2024-05-17,121.235400
2024-05-20,121.228900
2024-05-21,121.379300
2024-05-22,121.546200
2024-05-23,121.747700
2024-05-24,121.617200
2024-05-28,121.430000
2024-05-29,122.164100
2024-05-30,121.960100
2024-05-31,122.098000
2024-06-03,122.350900
2024-06-04,122.725600
2024-06-05,122.533900
2024-06-06,122.371300
2024-06-07,123.549000
2024-06-10,123.912500
2024-06-11,124.034900
2024-06-12,123.829500
2024-06-13,124.023500
2024-06-14,124.169400
2024-06-17,124.239000
2024-06-18,123.977600
2024-06-20,124.192000
2024-06-21,124.108600
2024-06-24,123.712500
2024-06-25,123.941700
2024-06-26,124.260000
2024-06-27,124.337900
2024-06-28,124.210300
2024-07-01,124.466700
2024-07-02,124.291700
2024-07-03,123.776800
2024-07-05,123.476200
2024-07-08,123.357600
2024-07-09,123.407100
2024-07-10,123.189500
2024-07-11,122.769000
2024-07-12,122.440400
2024-07-15,122.634700
2024-07-16,122.726400
2024-07-17,122.518000
2024-07-18,122.790900
2024-07-19,123.147000
2024-07-22,123.217200
2024-07-23,123.384300
2024-07-24,123.557500
2024-07-25,123.528600
2024-07-26,123.672000
2024-07-29,124.139200
2024-07-30,124.285500
2024-07-31,123.637300
2024-08-01,123.869300
2024-08-02,123.468100
2024-08-05,123.578700
2024-08-06,123.653200
2024-08-07,123.569800
2024-08-08,123.446600
2024-08-09,122.927600
2024-08-12,123.220400
2024-08-13,123.014600
2024-08-14,122.429700
2024-08-15,122.584400
2024-08-16,122.397200
2024-08-19,121.878800
2024-08-20,121.772800
2024-08-21,121.853500
2024-08-22,122.362600
2024-08-23,121.459700
2024-08-26,121.694300
2024-08-27,121.867200
2024-08-28,121.894300
2024-08-29,122.233300
2024-08-30,122.326200
2024-09-03,122.781100
2024-09-04,122.514400
2024-09-05,122.453300
2024-09-06,122.499100
2024-09-09,122.715600
2024-09-10,123.007100
2024-09-11,122.775400
2024-09-12,122.442300
2024-09-13,121.655100
2024-09-16,121.497600
2024-09-17,121.603100
2024-09-18,121.561800
2024-09-19,121.305900
2024-09-20,121.405200
2024-09-23,121.430300
2024-09-24,121.129100
2024-09-25,121.444700
2024-09-26,121.078500
2024-09-27,121.111100
2024-09-30,121.286400
2024-10-01,121.688100
2024-10-02,121.572400
2024-10-03,122.119700
2024-10-04,122.219700
2024-10-07,122.424100
2024-10-08,122.662500
2024-10-09,122.882100
2024-10-10,123.095100
2024-10-11,122.980500
2024-10-15,123.512400
2024-10-16,123.923500
2024-10-17,124.112200
2024-10-18,123.918500
2024-10-21,124.475700
2024-10-22,124.410700
2024-10-23,124.693100
2024-10-24,124.512700
2024-10-25,124.610500
2024-10-28,124.807600
2024-10-29,124.861200
2024-10-30,124.815300
2024-10-31,124.798800
2024-11-01,124.807600
2024-11-04,124.590300
2024-11-05,124.553200
2024-11-06,125.703500
2024-11-07,124.775000
2024-11-08,125.581100
2024-11-12,126.776200
2024-11-13,126.957200
2024-11-14,127.001500
2024-11-15,126.884800
2024-11-18,126.604500
2024-11-19,126.399400
2024-11-20,126.880000
2024-11-21,127.104700
2024-11-22,127.471200
2024-11-25,126.994800
2024-11-26,127.430100
2024-11-27,126.820500
2024-11-29,126.579800
2024-12-02,127.127200
2024-12-03,126.956500
2024-12-04,126.757400
2024-12-05,126.428600
2024-12-06,126.688000
2024-12-09,126.598100
2024-12-10,126.957000
2024-12-11,126.848300
2024-12-12,126.955600
2024-12-13,127.309600
2024-12-16,127.268700
2024-12-17,127.504300
2024-12-18,127.641800
2024-12-19,128.636600
2024-12-20,127.893000
2024-12-23,128.302100
2024-12-24,128.337700
2024-12-26,128.332900
2024-12-27,128.450000
2024-12-30,128.820500
2024-12-31,129.277500
2025-01-02,129.459800
2025-01-03,129.453500
2025-01-06,128.538000
2025-01-07,128.613000
2025-01-08,129.078500
2025-01-09,129.282700
2025-01-10,129.866400
2025-01-13,130.041300
2025-01-14,129.381200
2025-01-15,129.209200
2025-01-16,129.436000
2025-01-17,129.485900
2025-01-21,128.415100
2025-01-22,128.340200
2025-01-23,128.216200
2025-01-24,127.461100
2025-01-27,128.091200
2025-01-28,128.281700
2025-01-29,128.341800
2025-01-30,128.100400
2025-01-31,128.482800
2025-02-03,129.109000
2025-02-04,128.108300
2025-02-05,127.975100
2025-02-06,128.201700
2025-02-07,128.429200
2025-02-10,128.638200
2025-02-11,128.432200
2025-02-12,128.328800
2025-02-13,127.893100
2025-02-14,127.149100
2025-02-18,127.290600
2025-02-19,127.731700
2025-02-20,127.112600
2025-02-21,127.140800
2025-02-24,127.192100
2025-02-25,127.375200
2025-02-26,127.282200
2025-02-27,127.970400
2025-02-28,128.280500
2025-03-03,127.750000
2025-03-04,127.996600
2025-03-05,126.504000
2025-03-06,126.109900
2025-03-07,125.981400
2025-03-10,126.268000
2025-03-11,126.045700
2025-03-12,125.866400
2025-03-13,126.003100
2025-03-14,125.694200
2025-03-17,125.368800
2025-03-18,125.488000
2025-03-19,125.800600
2025-03-20,125.985000
2025-03-21,126.267900
2025-03-24,126.195600
2025-03-25,126.053500
2025-03-26,126.236400
2025-03-27,126.362600
2025-03-28,126.418700
2025-03-31,126.707500
2025-04-01,126.433800
2025-04-02,126.381100
2025-04-03,124.731600
2025-04-04,125.812900
2025-04-07,126.828200
2025-04-08,126.866800
2025-04-09,126.628000
2025-04-10,125.089000
2025-04-11,124.016300
2025-04-14,123.659800
2025-04-15,123.776000
2025-04-16,123.272400
2025-04-17,123.129800
2025-04-18,122.986500
2025-04-21,122.314500
2025-04-22,122.417500
2025-04-23,123.025200
2025-04-24,122.925100
2025-04-25,122.885800
2025-04-28,122.717600
2025-04-29,122.594400
2025-04-30,122.592100
2025-05-01,123.140500
2025-05-02,122.496200
2025-05-05,122.261300
2025-05-06,122.041700
2025-05-07,122.117000
2025-05-08,122.756800
2025-05-09,122.519100
2025-05-12,123.486300
2025-05-13,122.958300
2025-05-14,122.674600
2025-05-15,122.817400
2025-05-16,123.073700
2025-05-19,122.418600
2025-05-20,122.319900
2025-05-21,121.749600
2025-05-22,122.042900
2025-05-23,121.383700
2025-05-27,121.609900
2025-05-28,121.988800
2025-05-29,121.561700
2025-05-30,121.767400
2025-06-02,121.188100
2025-06-03,121.459200
2025-06-04,121.053900
2025-06-05,120.959600
2025-06-06,121.161000
2025-06-09,120.910300
2025-06-10,121.048500
2025-06-11,120.587000
2025-06-12,120.172300
2025-06-13,120.324500
2025-06-16,120.156500
2025-06-17,120.504800
2025-06-18,120.730500
2025-06-20,121.040800
2025-06-23,121.169400
2025-06-24,120.364500
2025-06-25,120.333600
2025-06-26,119.645100
2025-06-27,119.659000
2025-06-30,119.408800
2025-07-01,119.343600
2025-07-02,119.303700
2025-07-03,119.238200
2025-07-07,119.620100
2025-07-08,119.837100
2025-07-09,119.731100
2025-07-10,119.834300
2025-07-11,119.921400
2025-07-14,120.220900
2025-07-15,120.510500
2025-07-16,120.417500
2025-07-17,120.638400
2025-07-18,120.356000
2025-07-21,119.996100
2025-07-22,119.681000
2025-07-23,119.569700
2025-07-24,119.566400
2025-07-25,119.985700
2025-07-28,120.614900
2025-07-29,120.967400
2025-07-30,121.404200
2025-07-31,121.721000
2025-08-01,121.212200
2025-08-04,120.985900
2025-08-05,120.908200
2025-08-06,120.508200
2025-08-07,120.504300
2025-08-08,120.332900
2025-08-11,120.689200
2025-08-12,120.273600
2025-08-13,120.130000
2025-08-14,120.644600
2025-08-15,120.337700
2025-08-18,120.562200
2025-08-19,120.722400
2025-08-20,120.775700
2025-08-21,121.084300
2025-08-22,120.277400
2025-08-25,120.421400
2025-08-26,120.527400
2025-08-27,120.727400
2025-08-28,120.259500
2025-08-29,120.208200
2025-09-02,120.683700
2025-09-03,120.505200
2025-09-04,120.762900
2025-09-05,120.128200
2025-09-08,120.097100
2025-09-09,120.156900
2025-09-10,120.122300
2025-09-11,119.953400
2025-09-12,120.061100
2025-09-15,119.564400
2025-09-16,119.134800
2025-09-17,119.158200
2025-09-18,119.661600
2025-09-19,119.785800
2025-09-22,119.815200
2025-09-23,119.620200
2025-09-24,120.170700
2025-09-25,120.541900
2025-09-26,120.434900
2025-09-29,120.115000
2025-09-30,120.136800
2025-10-01,120.150200
2025-10-02,120.429600
2025-10-03,120.088100
2025-10-06,120.272200
2025-10-07,120.488400
2025-10-08,120.776600
2025-10-09,121.090200
2025-10-10,121.116300
2025-10-14,121.182200
2025-10-15,120.864200
2025-10-16,120.669800
2025-10-17,120.702800
2025-10-20,120.620900
2025-10-21,120.889500
2025-10-22,120.895800
2025-10-23,120.953100
2025-10-24,120.934500
2025-10-27,120.798800
2025-10-28,120.636100
2025-10-29,120.531200
2025-10-30,121.283200
2025-10-31,121.385900
2025-11-03,121.451200
2025-11-04,121.827100
2025-11-05,121.848200
2025-11-06,121.694800
2025-11-07,121.388000
2025-11-10,121.298400
2025-11-12,121.045800
2025-11-13,120.772500
2025-11-14,120.966600
2025-11-17,121.114600
2025-11-18,121.212700
2025-11-19,121.497800
2025-11-20,121.688900
2025-11-21,121.865300
2025-11-24,121.917100
2025-11-25,121.633500
2025-11-26,121.243700
2025-11-28,121.052700
2025-12-01,120.986200
2025-12-02,121.146700
2025-12-03,120.733600
2025-12-04,120.676600
2025-12-05,120.686300
2025-12-08,120.776000
2025-12-09,120.683200
2025-12-10,120.675200
2025-12-11,119.980000
2025-12-12,120.144200
2025-12-15,119.956100
2025-12-16,119.890200
2025-12-17,120.155000
2025-12-18,120.052800
2025-12-19,120.165200
2025-12-22,119.991200
2025-12-23,119.705700
2025-12-24,119.437200
2025-12-26,119.472300
2025-12-29,119.589900
2025-12-30,119.493900
2025-12-31,119.745600
2026-01-02,119.605900
2026-01-05,119.619200
2026-01-06,119.780700
2026-01-07,119.871900
2026-01-08,120.090400
2026-01-09,120.221500
2026-01-12,119.995800
2026-01-13,120.140100
2026-01-14,119.953700
2026-01-15,119.995100
2026-01-16,120.083800
2026-01-20,119.445500
2026-01-21,119.343100
2026-01-22,119.196200
2026-01-23,118.897600
2026-01-26,118.052500
2026-01-27,117.452300
2026-01-28,117.511700
2026-01-29,117.439600
2026-01-30,117.899600
2026-02-02,118.360900
2026-02-03,117.976400
2026-02-04,118.260200
2026-02-05,118.503400
2026-02-06,118.240700
2026-02-09,117.639200
2026-02-10,117.521600
2026-02-11,117.460100
2026-02-12,117.537600
2026-02-13,117.525800
2026-02-17,117.737500
2026-02-18,117.842600
2026-02-19,118.235400
2026-02-20,117.991700
2026-02-23,117.939500
2026-02-24,117.946300
2026-02-25,117.769000
2026-02-26,117.904200
2026-02-27,117.822300
2026-03-02,118.667000
2026-03-03,119.434100
2026-03-04,119.070500
2026-03-05,119.568300
2026-03-06,119.491000
2026-03-09,119.515100
2026-03-10,118.725500
2026-03-11,119.288500
2026-03-12,119.822700
2026-03-13,120.551800
2026-03-16,120.097000
2026-03-17,119.832800
2026-03-18,119.927600
2026-03-19,120.180200
2026-03-20,120.275700
2026-03-23,119.937100
2026-03-24,120.129500
2026-03-25,120.128200
2026-03-26,120.389000
2026-03-27,120.885100
2026-03-30,121.285100
2026-03-31,121.035000
2026-04-01,120.119800
2026-04-02,120.503000
2026-04-03,120.656500
2026-04-06,120.430200
2026-04-07,120.320000
2026-04-08,119.059600
2026-04-09,118.899800
2026-04-10,118.855200
2026-04-13,118.991600
2026-04-14,118.358100
2026-04-15,118.362300
2026-04-16,118.361600
2026-04-17,118.079500
2026-04-20,118.237400
2026-04-21,118.433100
2026-04-22,118.600400
2026-04-23,118.715500
2026-04-24,118.729400
2026-04-27,118.545800
2026-04-28,118.771700
2026-04-29,119.097500
2026-04-30,118.671000
2026-05-01,118.392600
2026-05-04,118.826400
2026-05-05,118.620700
2026-05-06,118.098200
2026-05-07,118.011600
2026-05-08,118.039200
2026-05-11,118.056200
2026-05-12,118.523800
2026-05-13,118.473700
2026-05-14,118.669600
2026-05-15,119.282500
2026-05-18,119.057400
2026-05-19,119.451000
2026-05-20,119.162400
2026-05-21,119.369000
2026-05-22,119.286800
2026-05-26,119.169600
2026-05-27,119.182900
2026-05-28,119.031800
2026-05-29,118.878300
2026-06-01,119.165300
2026-06-02,119.035900
2026-06-03,119.384800
2026-06-04,119.361500
2026-06-05,120.083100
2026-06-08,120.034000
2026-06-09,119.961700
2026-06-10,119.913400
2026-06-11,120.117400
2026-06-12,119.507300
2026-06-15,119.315800
2026-06-16,119.256000
2026-06-17,119.387100
2026-06-18,120.395800
2026-06-22,120.546300
2026-06-23,121.055200
2026-06-24,121.412000
2026-06-25,121.055900
2026-06-26,120.886600
2026-06-29,120.952500
2026-06-30,120.924800
2026-07-01,121.145500
2026-07-02,120.690200
2026-07-06,120.835000
2026-07-07,120.814500
2026-07-08,121.130700
2026-07-09,120.753000
2026-07-10,120.504600
2026-07-13,120.741300
2026-07-14,120.472800
2026-07-15,120.308800
2026-07-16,120.331000
2026-07-17,120.531500
2026-07-20,120.540100
2026-07-21,120.577900
2026-07-22,120.573600
2026-07-23,120.907500
2026-07-24,120.710500
2026-07-27,120.773900
2026-07-28,120.624700
2026-07-29,120.789200
2026-07-30,119.675300
2026-07-31,119.703400
2026-08-03,119.695100
2026-08-04,119.597700
2026-08-05,119.388100
2026-08-06,119.511300
2026-08-07,119.064900
2026-08-10,119.118700
2026-08-11,119.179000
2026-08-12,119.117900
2026-08-13,119.184800
2026-08-14,118.902800
2026-08-17,118.814000
2026-08-18,118.983100
2026-08-19,118.332800
2026-08-20,118.254800
2026-08-21,118.062800
