date,value
1990-01-02,17.240000
1990-01-03,18.190000
1990-01-04,19.220000
1990-01-05,20.110000
1990-01-08,20.260000
1990-01-09,22.200000
1990-01-10,22.440000
1990-01-11,20.050000
1990-01-12,24.640000
1990-01-15,26.340000
1990-01-16,24.180000
1990-01-17,24.160000
1990-01-18,24.340000
1990-01-19,22.500000
1990-01-22,26.700000
1990-01-23,24.720000
1990-01-24,25.390000
1990-01-25,25.630000
1990-01-26,26.280000
1990-01-29,26.440000
1990-01-30,27.250000
1990-01-31,25.360000
1990-02-01,24.870000
1990-02-02,24.320000
1990-02-05,24.540000
1990-02-06,24.690000
1990-02-07,24.290000
1990-02-08,23.770000
1990-02-09,23.690000
1990-02-12,24.380000
1990-02-13,23.760000
1990-02-14,22.050000
1990-02-15,19.710000
1990-02-16,20.780000
1990-02-20,22.780000
1990-02-21,23.890000
1990-02-22,22.540000
1990-02-23,23.690000
1990-02-26,23.560000
1990-02-27,22.690000
1990-02-28,21.990000
1990-03-01,21.900000
1990-03-02,21.340000
1990-03-05,22.030000
1990-03-06,20.550000
1990-03-07,19.100000
1990-03-08,19.740000
1990-03-09,20.300000
1990-03-12,20.070000
1990-03-13,21.050000
1990-03-14,19.650000
1990-03-15,18.810000
1990-03-16,17.620000
1990-03-19,18.290000
1990-03-20,19.060000
1990-03-21,20.100000
1990-03-22,22.740000
1990-03-23,20.460000
1990-03-26,19.590000
1990-03-27,21.010000
1990-03-28,19.770000
1990-03-29,18.460000
1990-03-30,19.730000
1990-04-02,22.840000
1990-04-03,20.440000
1990-04-04,22.030000
1990-04-05,21.210000
1990-04-06,21.760000
1990-04-09,22.300000
1990-04-10,21.690000
1990-04-11,17.730000
1990-04-12,19.800000
1990-04-16,20.750000
1990-04-17,20.380000
1990-04-18,22.670000
1990-04-19,22.460000
1990-04-20,23.330000
1990-04-23,24.160000
1990-04-24,21.700000
1990-04-25,20.860000
1990-04-26,20.250000
1990-04-27,22.190000
1990-04-30,19.520000
1990-05-01,18.430000
1990-05-02,19.320000
1990-05-03,17.810000
1990-05-04,17.280000
1990-05-07,17.650000
1990-05-08,18.490000
1990-05-09,18.640000
1990-05-10,18.590000
1990-05-11,19.810000
1990-05-14,20.140000
1990-05-15,19.490000
1990-05-16,17.710000
1990-05-17,17.270000
1990-05-18,17.200000
1990-05-21,16.720000
1990-05-22,17.840000
1990-05-23,17.180000
1990-05-24,17.700000
1990-05-25,17.320000
1990-05-29,18.750000
1990-05-30,17.440000
1990-05-31,17.370000
1990-06-01,17.090000
1990-06-04,18.390000
1990-06-05,18.970000
1990-06-06,17.420000
1990-06-07,16.880000
1990-06-08,17.580000
1990-06-11,16.340000
1990-06-12,16.600000
1990-06-13,17.380000
1990-06-14,17.400000
1990-06-15,15.900000
1990-06-18,17.710000
1990-06-19,15.230000
1990-06-20,15.270000
1990-06-21,14.720000
1990-06-22,19.360000
1990-06-25,17.060000
1990-06-26,16.290000
1990-06-27,16.000000
1990-06-28,16.180000
1990-06-29,15.500000
1990-07-02,16.260000
1990-07-03,16.110000
1990-07-05,17.250000
1990-07-06,16.410000
1990-07-09,16.660000
1990-07-10,16.920000
1990-07-11,16.680000
1990-07-12,17.060000
1990-07-13,17.090000
1990-07-16,16.750000
1990-07-17,16.660000
1990-07-18,18.900000
1990-07-19,18.560000
1990-07-20,15.630000
1990-07-23,23.680000
1990-07-24,21.790000
1990-07-25,20.190000
1990-07-26,20.260000
1990-07-27,21.120000
1990-07-30,21.160000
1990-07-31,21.110000
1990-08-01,21.640000
1990-08-02,20.430000
1990-08-03,28.740000
1990-08-06,35.910000
1990-08-07,32.750000
1990-08-08,28.270000
1990-08-09,24.390000
1990-08-10,25.750000
1990-08-13,25.740000
1990-08-14,24.180000
1990-08-15,23.310000
1990-08-16,27.160000
1990-08-17,27.530000
1990-08-20,26.460000
1990-08-21,28.900000
1990-08-22,30.550000
1990-08-23,36.470000
1990-08-24,33.930000
1990-08-27,29.630000
1990-08-28,29.120000
1990-08-29,27.380000
1990-08-30,29.890000
1990-08-31,29.900000
1990-09-04,29.580000
1990-09-05,28.520000
1990-09-06,30.190000
1990-09-07,28.730000
1990-09-10,29.340000
1990-09-11,28.380000
1990-09-12,28.120000
1990-09-13,29.330000
1990-09-14,30.560000
1990-09-17,29.550000
1990-09-18,28.820000
1990-09-19,27.880000
1990-09-20,28.660000
1990-09-21,30.040000
1990-09-24,30.560000
1990-09-25,28.810000
1990-09-26,28.190000
1990-09-27,28.670000
1990-09-28,29.110000
1990-10-01,28.060000
1990-10-02,27.280000
1990-10-03,27.900000
1990-10-04,27.510000
1990-10-05,27.850000
1990-10-08,28.040000
1990-10-09,30.710000
1990-10-10,31.190000
1990-10-11,33.980000
1990-10-12,31.940000
1990-10-15,31.640000
1990-10-16,31.450000
1990-10-17,31.370000
1990-10-18,29.600000
1990-10-19,27.860000
1990-10-22,27.270000
1990-10-23,27.570000
1990-10-24,28.280000
1990-10-25,29.040000
1990-10-26,30.750000
1990-10-29,31.540000
1990-10-30,30.520000
1990-10-31,30.040000
1990-11-01,30.250000
1990-11-02,30.030000
1990-11-05,29.850000
1990-11-06,29.110000
1990-11-07,30.870000
1990-11-08,30.790000
1990-11-09,26.960000
1990-11-12,25.600000
1990-11-13,24.580000
1990-11-14,22.890000
1990-11-15,22.570000
1990-11-16,21.340000
1990-11-19,20.950000
1990-11-20,20.090000
1990-11-21,21.090000
1990-11-23,20.980000
1990-11-26,22.760000
1990-11-27,22.860000
1990-11-28,22.960000
1990-11-29,23.910000
1990-11-30,22.160000
1990-12-03,22.290000
1990-12-04,22.030000
1990-12-05,20.940000
1990-12-06,22.620000
1990-12-07,22.590000
1990-12-10,23.580000
1990-12-11,23.750000
1990-12-12,21.280000
1990-12-13,23.050000
1990-12-14,23.850000
1990-12-17,24.850000
1990-12-18,23.110000
1990-12-19,23.080000
1990-12-20,23.130000
1990-12-21,22.660000
1990-12-24,24.030000
1990-12-26,24.180000
1990-12-27,24.810000
1990-12-28,25.050000
1990-12-31,26.380000
1991-01-02,26.620000
1991-01-03,27.930000
1991-01-04,27.190000
1991-01-07,28.950000
1991-01-08,30.380000
1991-01-09,33.300000
1991-01-10,31.330000
1991-01-11,32.630000
1991-01-14,36.200000
1991-01-15,36.160000
1991-01-16,33.200000
1991-01-17,27.450000
1991-01-18,25.390000
1991-01-21,24.330000
1991-01-22,24.900000
1991-01-23,23.920000
1991-01-24,22.860000
1991-01-25,22.200000
1991-01-28,23.050000
1991-01-29,23.170000
1991-01-30,21.370000
1991-01-31,20.910000
1991-02-01,21.040000
1991-02-04,21.860000
1991-02-05,21.460000
1991-02-06,22.680000
1991-02-07,23.600000
1991-02-08,23.380000
1991-02-11,22.560000
1991-02-12,22.260000
1991-02-13,20.860000
1991-02-14,21.480000
1991-02-15,19.570000
1991-02-19,19.840000
1991-02-20,22.260000
1991-02-21,20.780000
1991-02-22,21.010000
1991-02-25,22.860000
1991-02-26,20.380000
1991-02-27,21.260000
1991-02-28,21.230000
1991-03-04,20.860000
1991-03-05,20.450000
1991-03-06,20.550000
1991-03-07,21.050000
1991-03-08,20.810000
1991-03-11,20.880000
1991-03-12,18.820000
1991-03-13,16.090000
1991-03-14,14.940000
1991-03-15,14.900000
1991-03-18,15.790000
1991-03-19,16.110000
1991-03-20,16.040000
1991-03-21,16.860000
1991-03-22,16.490000
1991-03-25,16.760000
1991-03-26,16.310000
1991-03-27,16.550000
1991-03-28,16.880000
1991-04-01,17.420000
1991-04-02,17.400000
1991-04-03,17.610000
1991-04-04,18.010000
1991-04-05,17.630000
1991-04-08,17.410000
1991-04-09,20.120000
1991-04-10,19.730000
1991-04-11,17.240000
1991-04-12,18.450000
1991-04-15,16.500000
1991-04-16,15.820000
1991-04-17,15.470000
1991-04-18,16.260000
1991-04-19,15.680000
1991-04-22,16.780000
1991-04-23,17.020000
1991-04-24,16.720000
1991-04-25,17.150000
1991-04-26,17.270000
1991-04-29,18.270000
1991-04-30,18.240000
1991-05-01,17.770000
1991-05-02,17.520000
1991-05-03,17.240000
1991-05-06,17.920000
1991-05-07,17.460000
1991-05-08,17.780000
1991-05-09,17.170000
1991-05-10,17.540000
1991-05-13,17.660000
1991-05-14,18.000000
1991-05-15,18.380000
1991-05-16,17.240000
1991-05-17,16.640000
1991-05-20,17.100000
1991-05-21,16.070000
1991-05-22,16.160000
1991-05-23,16.110000
1991-05-24,15.230000
1991-05-28,15.670000
1991-05-29,15.900000
1991-05-30,16.020000
1991-05-31,15.930000
1991-06-03,16.870000
1991-06-04,16.170000
1991-06-05,16.400000
1991-06-06,16.930000
1991-06-07,16.980000
1991-06-10,17.470000
1991-06-11,17.320000
1991-06-12,17.720000
1991-06-13,16.990000
1991-06-14,15.980000
1991-06-17,15.500000
1991-06-18,16.140000
1991-06-19,17.440000
1991-06-20,16.750000
1991-06-21,16.510000
1991-06-24,18.280000
1991-06-25,17.850000
1991-06-26,17.980000
1991-06-27,17.870000
1991-06-28,19.550000
1991-07-01,18.640000
1991-07-02,17.630000
1991-07-03,19.470000
1991-07-05,18.350000
1991-07-08,20.290000
1991-07-09,19.760000
1991-07-10,19.190000
1991-07-11,17.390000
1991-07-12,18.290000
1991-07-15,17.780000
1991-07-16,17.490000
1991-07-17,17.520000
1991-07-18,15.770000
1991-07-19,15.500000
1991-07-22,16.900000
1991-07-23,16.580000
1991-07-24,16.410000
1991-07-25,15.740000
1991-07-26,15.450000
1991-07-29,15.670000
1991-07-30,15.470000
1991-07-31,15.180000
1991-08-01,15.470000
1991-08-02,15.260000
1991-08-05,15.920000
1991-08-06,15.540000
1991-08-07,15.560000
1991-08-08,15.980000
1991-08-09,15.450000
1991-08-12,15.260000
1991-08-13,14.730000
1991-08-14,15.090000
1991-08-15,15.190000
1991-08-16,16.010000
1991-08-19,21.190000
1991-08-20,18.860000
1991-08-21,15.620000
1991-08-22,14.590000
1991-08-23,14.410000
1991-08-26,14.810000
1991-08-27,15.460000
1991-08-28,15.310000
1991-08-29,14.820000
1991-08-30,14.460000
1991-09-03,16.570000
1991-09-04,17.180000
1991-09-05,17.310000
1991-09-06,16.760000
1991-09-09,17.730000
1991-09-10,18.220000
1991-09-11,17.960000
1991-09-12,16.210000
1991-09-13,17.880000
1991-09-16,17.820000
1991-09-17,17.680000
1991-09-18,17.560000
1991-09-19,17.560000
1991-09-20,17.080000
1991-09-23,16.380000
1991-09-24,16.040000
1991-09-25,15.680000
1991-09-26,15.350000
1991-09-27,16.310000
1991-09-30,15.850000
1991-10-01,14.810000
1991-10-02,15.810000
1991-10-03,17.040000
1991-10-04,15.630000
1991-10-07,18.580000
1991-10-08,17.810000
1991-10-09,18.540000
1991-10-10,17.800000
1991-10-11,17.600000
1991-10-14,16.710000
1991-10-15,16.220000
1991-10-16,14.850000
1991-10-17,16.320000
1991-10-18,15.870000
1991-10-21,16.660000
1991-10-22,16.550000
1991-10-23,16.260000
1991-10-24,15.620000
1991-10-25,15.750000
1991-10-28,15.450000
1991-10-29,15.550000
1991-10-30,15.460000
1991-10-31,15.480000
1991-11-01,15.600000
1991-11-04,16.350000
1991-11-05,16.480000
1991-11-06,16.470000
1991-11-07,15.970000
1991-11-08,15.430000
1991-11-11,14.890000
1991-11-12,14.040000
1991-11-13,13.950000
1991-11-14,13.960000
1991-11-15,21.180000
1991-11-18,18.280000
1991-11-19,20.340000
1991-11-20,20.400000
1991-11-21,19.110000
1991-11-22,21.200000
1991-11-25,21.920000
1991-11-26,19.800000
1991-11-27,19.840000
1991-11-29,20.260000
1991-12-02,20.180000
1991-12-03,19.700000
1991-12-04,19.540000
1991-12-05,20.190000
1991-12-06,19.040000
1991-12-09,19.740000
1991-12-10,19.890000
1991-12-11,20.570000
1991-12-12,19.080000
1991-12-13,17.880000
1991-12-16,17.620000
1991-12-17,18.120000
1991-12-18,17.780000
1991-12-19,17.960000
1991-12-20,17.650000
1991-12-23,16.610000
1991-12-24,15.670000
1991-12-26,15.440000
1991-12-27,15.700000
1991-12-30,17.630000
1991-12-31,19.310000
1992-01-02,18.950000
1992-01-03,18.750000
1992-01-06,18.960000
1992-01-07,19.230000
1992-01-08,18.720000
1992-01-09,18.960000
1992-01-10,18.450000
1992-01-13,18.010000
1992-01-14,17.010000
1992-01-15,17.390000
1992-01-16,17.640000
1992-01-17,16.320000
1992-01-20,16.420000
1992-01-21,17.920000
1992-01-22,16.750000
1992-01-23,16.460000
1992-01-24,16.240000
1992-01-27,16.670000
1992-01-28,17.670000
1992-01-29,17.620000
1992-01-30,17.490000
1992-01-31,17.400000
1992-02-03,18.200000
1992-02-04,17.960000
1992-02-05,18.220000
1992-02-06,18.790000
1992-02-07,18.510000
1992-02-10,18.560000
1992-02-11,17.700000
1992-02-12,17.370000
1992-02-13,17.450000
1992-02-14,17.030000
1992-02-18,18.220000
1992-02-19,17.160000
1992-02-20,16.720000
1992-02-21,16.870000
1992-02-24,17.130000
1992-02-25,16.350000
1992-02-26,16.640000
1992-02-27,16.510000
1992-02-28,16.680000
1992-03-02,16.880000
1992-03-03,17.260000
1992-03-04,17.890000
1992-03-05,18.470000
1992-03-06,19.750000
1992-03-09,19.680000
1992-03-10,18.680000
1992-03-11,19.790000
1992-03-12,19.720000
1992-03-13,18.350000
1992-03-16,18.460000
1992-03-17,16.790000
1992-03-18,16.690000
1992-03-19,16.520000
1992-03-20,16.820000
1992-03-23,16.730000
1992-03-24,16.320000
1992-03-25,16.190000
1992-03-26,16.290000
1992-03-27,16.020000
1992-03-30,15.970000
1992-03-31,16.180000
1992-04-01,16.480000
1992-04-02,17.060000
1992-04-03,16.720000
1992-04-06,16.720000
1992-04-07,18.810000
1992-04-08,20.150000
1992-04-09,17.890000
1992-04-10,16.850000
1992-04-13,16.990000
1992-04-14,15.980000
1992-04-15,15.150000
1992-04-16,14.850000
1992-04-20,15.930000
1992-04-21,16.530000
1992-04-22,15.960000
1992-04-23,15.830000
1992-04-24,15.710000
1992-04-27,16.490000
1992-04-28,16.240000
1992-04-29,15.950000
1992-04-30,15.530000
1992-05-01,16.610000
1992-05-04,16.920000
1992-05-05,16.660000
1992-05-06,16.810000
1992-05-07,16.540000
1992-05-08,15.650000
1992-05-11,15.170000
1992-05-12,15.680000
1992-05-13,15.190000
1992-05-14,15.490000
1992-05-15,14.820000
1992-05-18,14.620000
1992-05-19,13.570000
1992-05-20,13.620000
1992-05-21,13.920000
1992-05-22,13.730000
1992-05-26,14.920000
1992-05-27,13.990000
1992-05-28,13.770000
1992-05-29,13.860000
1992-06-01,14.430000
1992-06-02,14.570000
1992-06-03,14.350000
1992-06-04,13.660000
1992-06-05,14.650000
1992-06-08,15.190000
1992-06-09,15.970000
1992-06-10,16.620000
1992-06-11,16.290000
1992-06-12,14.950000
1992-06-15,14.760000
1992-06-16,15.220000
1992-06-17,18.080000
1992-06-18,18.200000
1992-06-19,16.310000
1992-06-22,16.660000
1992-06-23,14.530000
1992-06-24,14.400000
1992-06-25,14.400000
1992-06-26,14.670000
1992-06-29,13.210000
1992-06-30,13.350000
1992-07-01,13.340000
1992-07-02,13.880000
1992-07-06,14.870000
1992-07-07,15.830000
1992-07-08,15.530000
1992-07-09,14.600000
1992-07-10,13.700000
1992-07-13,14.010000
1992-07-14,13.500000
1992-07-15,12.520000
1992-07-16,12.270000
1992-07-17,12.600000
1992-07-20,12.660000
1992-07-21,12.600000
1992-07-22,13.570000
1992-07-23,13.330000
1992-07-24,13.370000
1992-07-27,13.900000
1992-07-28,13.050000
1992-07-29,13.440000
1992-07-30,13.500000
1992-07-31,13.170000
1992-08-03,13.830000
1992-08-04,13.580000
1992-08-05,13.820000
1992-08-06,14.230000
1992-08-07,13.940000
1992-08-10,14.510000
1992-08-11,15.090000
1992-08-12,14.880000
1992-08-13,15.340000
1992-08-14,14.660000
1992-08-17,14.610000
1992-08-18,13.840000
1992-08-19,14.350000
1992-08-20,14.480000
1992-08-21,15.010000
1992-08-24,16.190000
1992-08-25,15.620000
1992-08-26,14.500000
1992-08-27,13.660000
1992-08-28,13.140000
1992-08-31,13.580000
1992-09-01,13.400000
1992-09-02,12.730000
1992-09-03,12.880000
1992-09-04,12.980000
1992-09-08,13.650000
1992-09-09,13.360000
1992-09-10,12.920000
1992-09-11,12.470000
1992-09-14,13.000000
1992-09-15,13.630000
1992-09-16,14.720000
1992-09-17,14.310000
1992-09-18,13.740000
1992-09-21,13.450000
1992-09-22,13.880000
1992-09-23,13.830000
1992-09-24,13.440000
1992-09-25,14.800000
1992-09-28,15.190000
1992-09-29,14.970000
1992-09-30,14.280000
1992-10-01,16.310000
1992-10-02,17.790000
1992-10-05,20.010000
1992-10-06,19.950000
1992-10-07,21.020000
1992-10-08,19.260000
1992-10-09,20.510000
1992-10-12,19.490000
1992-10-13,17.900000
1992-10-14,18.420000
1992-10-15,17.110000
1992-10-16,17.010000
1992-10-19,17.310000
1992-10-20,16.870000
1992-10-21,16.620000
1992-10-22,15.840000
1992-10-23,16.460000
1992-10-26,16.320000
1992-10-27,16.240000
1992-10-28,15.950000
1992-10-29,15.470000
1992-10-30,16.150000
1992-11-02,16.670000
1992-11-03,17.330000
1992-11-04,16.280000
1992-11-05,15.380000
1992-11-06,14.690000
1992-11-09,14.230000
1992-11-10,14.370000
1992-11-11,13.990000
1992-11-12,14.370000
1992-11-13,14.610000
1992-11-16,14.860000
1992-11-17,15.010000
1992-11-18,14.550000
1992-11-19,14.330000
1992-11-20,13.670000
1992-11-23,13.400000
1992-11-24,12.660000
1992-11-25,12.500000
1992-11-27,12.580000
1992-11-30,13.010000
1992-12-01,12.800000
1992-12-02,12.560000
1992-12-03,12.030000
1992-12-04,11.810000
1992-12-07,12.000000
1992-12-08,11.730000
1992-12-09,12.580000
1992-12-10,12.750000
1992-12-11,12.340000
1992-12-14,12.660000
1992-12-15,12.410000
1992-12-16,12.580000
1992-12-17,12.140000
1992-12-18,11.660000
1992-12-21,11.650000
1992-12-22,11.750000
1992-12-23,11.510000
1992-12-24,11.570000
1992-12-28,12.220000
1992-12-29,12.290000
1992-12-30,12.600000
1992-12-31,12.570000
1993-01-04,13.360000
1993-01-05,13.350000
1993-01-06,13.370000
1993-01-07,14.720000
1993-01-08,13.770000
1993-01-11,12.860000
1993-01-12,12.780000
1993-01-13,12.420000
1993-01-14,11.990000
1993-01-15,11.570000
1993-01-18,11.490000
1993-01-19,12.060000
1993-01-20,12.150000
1993-01-21,11.690000
1993-01-22,11.300000
1993-01-25,11.380000
1993-01-26,11.450000
1993-01-27,12.010000
1993-01-28,12.040000
1993-01-29,12.420000
1993-02-01,12.330000
1993-02-02,12.250000
1993-02-03,12.120000
1993-02-04,12.290000
1993-02-05,12.900000
1993-02-08,13.220000
1993-02-09,13.480000
1993-02-10,13.430000
1993-02-11,12.690000
1993-02-12,12.380000
1993-02-16,15.760000
1993-02-17,15.900000
1993-02-18,15.560000
1993-02-19,15.020000
1993-02-22,14.700000
1993-02-23,15.040000
1993-02-24,14.720000
1993-02-25,13.760000
1993-02-26,13.160000
1993-03-01,13.600000
1993-03-02,12.490000
1993-03-03,13.130000
1993-03-04,13.440000
1993-03-05,14.080000
1993-03-08,16.220000
1993-03-09,14.170000
1993-03-10,13.910000
1993-03-11,14.260000
1993-03-12,15.660000
1993-03-15,14.740000
1993-03-16,14.510000
1993-03-17,14.530000
1993-03-18,14.170000
1993-03-19,13.230000
1993-03-22,13.660000
1993-03-23,13.020000
1993-03-24,12.440000
1993-03-25,12.080000
1993-03-26,12.210000
1993-03-29,12.630000
1993-03-30,12.230000
1993-03-31,12.530000
1993-04-01,13.020000
1993-04-02,14.500000
1993-04-05,14.120000
1993-04-06,14.240000
1993-04-07,13.640000
1993-04-08,12.830000
1993-04-12,11.930000
1993-04-13,11.700000
1993-04-14,11.760000
1993-04-15,10.960000
1993-04-16,11.290000
1993-04-19,12.060000
1993-04-20,11.940000
1993-04-21,12.110000
1993-04-22,12.680000
1993-04-23,13.360000
1993-04-26,15.250000
1993-04-27,13.930000
1993-04-28,13.120000
1993-04-29,12.800000
1993-04-30,12.420000
1993-05-03,12.900000
1993-05-04,12.140000
1993-05-05,12.380000
1993-05-06,13.220000
1993-05-07,13.010000
1993-05-10,13.720000
1993-05-11,13.350000
1993-05-12,13.560000
1993-05-13,14.760000
1993-05-14,14.390000
1993-05-17,14.130000
1993-05-18,14.190000
1993-05-19,14.290000
1993-05-20,13.980000
1993-05-21,14.510000
1993-05-24,14.100000
1993-05-25,14.040000
1993-05-26,12.880000
1993-05-27,13.100000
1993-05-28,13.470000
1993-06-01,13.670000
1993-06-02,13.480000
1993-06-03,13.540000
1993-06-04,12.860000
1993-06-07,14.070000
1993-06-08,14.740000
1993-06-09,13.960000
1993-06-10,13.310000
1993-06-11,12.710000
1993-06-14,12.330000
1993-06-15,11.990000
1993-06-16,11.870000
1993-06-17,11.660000
1993-06-18,12.240000
1993-06-21,12.250000
1993-06-22,11.650000
1993-06-23,12.040000
1993-06-24,12.250000
1993-06-25,11.250000
1993-06-28,11.110000
1993-06-29,11.290000
1993-06-30,11.260000
1993-07-01,11.510000
1993-07-02,11.330000
1993-07-06,13.870000
1993-07-07,13.050000
1993-07-08,12.240000
1993-07-09,10.800000
1993-07-12,10.850000
1993-07-13,11.020000
1993-07-14,10.780000
1993-07-15,10.600000
1993-07-16,10.960000
1993-07-19,11.460000
1993-07-20,11.050000
1993-07-21,11.970000
1993-07-22,11.690000
1993-07-23,11.320000
1993-07-26,11.320000
1993-07-27,11.340000
1993-07-28,11.370000
1993-07-29,11.250000
1993-07-30,11.730000
1993-08-02,11.470000
1993-08-03,11.490000
1993-08-04,11.710000
1993-08-05,12.030000
1993-08-06,12.330000
1993-08-09,12.390000
1993-08-10,12.310000
1993-08-11,12.070000
1993-08-12,12.380000
1993-08-13,12.190000
1993-08-16,12.010000
1993-08-17,11.590000
1993-08-18,11.520000
1993-08-19,11.630000
1993-08-20,11.620000
1993-08-23,12.150000
1993-08-24,11.800000
1993-08-25,12.100000
1993-08-26,12.140000
1993-08-27,11.910000
1993-08-30,11.740000
1993-08-31,11.850000
1993-09-01,11.480000
1993-09-02,11.870000
1993-09-03,11.160000
1993-09-07,12.900000
1993-09-08,13.240000
1993-09-09,12.670000
1993-09-10,11.700000
1993-09-13,12.160000
1993-09-14,13.150000
1993-09-15,12.700000
1993-09-16,13.360000
1993-09-17,13.390000
1993-09-20,14.600000
1993-09-21,17.300000
1993-09-22,13.750000
1993-09-23,13.360000
1993-09-24,12.470000
1993-09-27,12.490000
1993-09-28,12.190000
1993-09-29,12.630000
1993-09-30,12.990000
1993-10-01,11.830000
1993-10-04,12.850000
1993-10-05,12.970000
1993-10-06,12.680000
1993-10-07,13.140000
1993-10-08,12.040000
1993-10-11,12.260000
1993-10-12,12.410000
1993-10-13,11.380000
1993-10-14,11.000000
1993-10-15,10.870000
1993-10-18,11.330000
1993-10-19,11.610000
1993-10-20,11.320000
1993-10-21,11.200000
1993-10-22,11.480000
1993-10-25,11.830000
1993-10-26,11.830000
1993-10-27,12.010000
1993-10-28,11.880000
1993-10-29,11.460000
1993-11-01,11.780000
1993-11-02,11.740000
1993-11-03,13.260000
1993-11-04,14.680000
1993-11-05,14.970000
1993-11-08,14.310000
1993-11-09,13.940000
1993-11-10,13.720000
1993-11-11,13.880000
1993-11-12,13.330000
1993-11-15,14.460000
1993-11-16,15.110000
1993-11-17,15.570000
1993-11-18,14.650000
1993-11-19,15.030000
1993-11-22,15.900000
1993-11-23,14.270000
1993-11-24,13.510000
1993-11-26,13.770000
1993-11-29,14.120000
1993-11-30,13.760000
1993-12-01,13.830000
1993-12-02,13.510000
1993-12-03,12.690000
1993-12-06,12.840000
1993-12-07,12.410000
1993-12-08,12.460000
1993-12-09,12.430000
1993-12-10,12.600000
1993-12-13,10.980000
1993-12-14,11.130000
1993-12-15,11.030000
1993-12-16,10.900000
1993-12-17,11.080000
1993-12-20,10.750000
1993-12-21,10.080000
1993-12-22,9.310000
1993-12-23,9.480000
1993-12-27,9.700000
1993-12-28,9.820000
1993-12-29,10.460000
1993-12-30,10.690000
1993-12-31,11.660000
1994-01-03,12.570000
1994-01-04,11.910000
1994-01-05,10.940000
1994-01-06,11.270000
1994-01-07,10.960000
1994-01-10,10.740000
1994-01-11,11.290000
1994-01-12,11.650000
1994-01-13,12.080000
1994-01-14,11.150000
1994-01-17,11.880000
1994-01-18,11.630000
1994-01-19,11.760000
1994-01-20,11.160000
1994-01-21,11.090000
1994-01-24,11.600000
1994-01-25,11.380000
1994-01-26,11.170000
1994-01-27,10.300000
1994-01-28,9.940000
1994-01-31,10.630000
1994-02-01,10.650000
1994-02-02,10.610000
1994-02-03,10.750000
1994-02-04,15.250000
1994-02-07,13.960000
1994-02-08,13.660000
1994-02-09,13.300000
1994-02-10,14.240000
1994-02-11,14.460000
1994-02-14,14.280000
1994-02-15,13.400000
1994-02-16,13.130000
1994-02-17,13.790000
1994-02-18,14.700000
1994-02-22,13.520000
1994-02-23,13.910000
1994-02-24,15.960000
1994-02-25,14.800000
1994-02-28,14.870000
1994-03-01,15.830000
1994-03-02,16.080000
1994-03-03,16.360000
1994-03-04,16.000000
1994-03-07,14.260000
1994-03-08,16.230000
1994-03-09,14.410000
1994-03-10,16.550000
1994-03-11,14.870000
1994-03-14,16.610000
1994-03-15,14.780000
1994-03-16,14.510000
1994-03-17,12.760000
1994-03-18,13.320000
1994-03-21,14.340000
1994-03-22,13.390000
1994-03-23,12.310000
1994-03-24,13.430000
1994-03-25,13.670000
1994-03-28,14.900000
1994-03-29,16.490000
1994-03-30,18.590000
1994-03-31,20.450000
1994-04-04,23.870000
1994-04-05,18.130000
1994-04-06,17.380000
1994-04-07,16.980000
1994-04-08,16.920000
1994-04-11,16.610000
1994-04-12,16.420000
1994-04-13,17.020000
1994-04-14,16.270000
1994-04-15,15.980000
1994-04-18,17.220000
1994-04-19,16.930000
1994-04-20,17.010000
1994-04-21,14.930000
1994-04-22,14.940000
1994-04-25,14.260000
1994-04-26,13.800000
1994-04-28,14.510000
1994-04-29,13.770000
1994-05-02,14.110000
1994-05-03,13.810000
1994-05-04,14.290000
1994-05-05,14.560000
1994-05-06,15.080000
1994-05-09,16.160000
1994-05-10,15.190000
1994-05-11,15.550000
1994-05-12,15.460000
1994-05-13,14.540000
1994-05-16,14.670000
1994-05-17,14.080000
1994-05-18,12.550000
1994-05-19,12.330000
1994-05-20,12.790000
1994-05-23,13.490000
1994-05-24,12.730000
1994-05-25,12.430000
1994-05-26,12.500000
1994-05-27,12.490000
1994-05-31,13.030000
1994-06-01,12.720000
1994-06-02,12.730000
1994-06-03,12.190000
1994-06-06,13.030000
1994-06-07,13.050000
1994-06-08,13.320000
1994-06-09,13.210000
1994-06-10,12.690000
1994-06-13,11.920000
1994-06-14,11.600000
1994-06-15,11.520000
1994-06-16,11.220000
1994-06-17,12.310000
1994-06-20,13.960000
1994-06-21,14.700000
1994-06-22,14.020000
1994-06-23,14.120000
1994-06-24,16.720000
1994-06-27,15.530000
1994-06-28,15.040000
1994-06-29,14.420000
1994-06-30,14.970000
1994-07-01,14.360000
1994-07-05,14.920000
1994-07-06,14.700000
1994-07-07,14.010000
1994-07-08,13.260000
1994-07-11,13.830000
1994-07-12,13.400000
1994-07-13,12.420000
1994-07-14,11.640000
1994-07-15,11.280000
1994-07-18,11.440000
1994-07-19,11.650000
1994-07-20,11.700000
1994-07-21,11.650000
1994-07-22,11.220000
1994-07-25,11.460000
1994-07-26,11.660000
1994-07-27,11.930000
1994-07-28,12.030000
1994-07-29,11.130000
1994-08-01,11.170000
1994-08-02,11.270000
1994-08-03,11.350000
1994-08-04,12.180000
1994-08-05,12.340000
1994-08-08,12.410000
1994-08-09,12.540000
1994-08-10,11.910000
1994-08-11,12.130000
1994-08-12,11.090000
1994-08-15,12.060000
1994-08-16,11.390000
1994-08-17,11.540000
1994-08-18,12.070000
1994-08-19,12.830000
1994-08-22,12.620000
1994-08-23,11.750000
1994-08-24,11.570000
1994-08-25,12.020000
1994-08-26,12.190000
1994-08-29,11.820000
1994-08-30,11.230000
1994-08-31,11.970000
1994-09-01,11.860000
1994-09-02,11.400000
1994-09-06,11.690000
1994-09-07,11.810000
1994-09-08,11.860000
1994-09-09,13.120000
1994-09-12,14.010000
1994-09-13,13.770000
1994-09-14,13.090000
1994-09-15,11.880000
1994-09-16,12.800000
1994-09-19,13.060000
1994-09-20,14.450000
1994-09-21,14.490000
1994-09-22,13.890000
1994-09-23,14.530000
1994-09-26,14.560000
1994-09-27,14.130000
1994-09-28,13.250000
1994-09-29,13.970000
1994-09-30,14.280000
1994-10-03,15.440000
1994-10-04,16.660000
1994-10-05,15.920000
1994-10-06,16.240000
1994-10-07,14.920000
1994-10-10,14.720000
1994-10-11,13.550000
1994-10-12,14.510000
1994-10-13,14.900000
1994-10-14,13.320000
1994-10-17,14.760000
1994-10-18,14.590000
1994-10-19,15.130000
1994-10-20,15.990000
1994-10-21,15.910000
1994-10-24,16.970000
1994-10-25,16.130000
1994-10-26,15.700000
1994-10-27,15.670000
1994-10-28,14.560000
1994-10-31,14.560000
1994-11-01,14.840000
1994-11-02,15.340000
1994-11-03,15.580000
1994-11-04,16.750000
1994-11-07,17.370000
1994-11-08,16.300000
1994-11-09,16.420000
1994-11-10,16.000000
1994-11-11,16.500000
1994-11-14,16.680000
1994-11-15,16.660000
1994-11-16,15.560000
1994-11-17,15.910000
1994-11-18,16.000000
1994-11-21,16.130000
1994-11-22,17.240000
1994-11-23,18.410000
1994-11-25,17.440000
1994-11-28,16.830000
1994-11-29,16.150000
1994-11-30,15.950000
1994-12-01,16.690000
1994-12-02,16.550000
1994-12-05,16.100000
1994-12-06,16.050000
1994-12-07,16.280000
1994-12-08,18.150000
1994-12-09,16.040000
1994-12-12,15.460000
1994-12-13,14.480000
1994-12-14,13.030000
1994-12-15,12.870000
1994-12-16,12.790000
1994-12-19,13.020000
1994-12-20,12.980000
1994-12-21,12.050000
1994-12-22,12.420000
1994-12-23,11.820000
1994-12-27,12.070000
1994-12-28,12.810000
1994-12-29,12.860000
1994-12-30,13.200000
1995-01-03,14.250000
1995-01-04,13.530000
1995-01-05,13.500000
1995-01-06,13.130000
1995-01-09,13.330000
1995-01-10,12.520000
1995-01-11,12.150000
1995-01-12,12.830000
1995-01-13,11.100000
1995-01-16,11.140000
1995-01-17,11.790000
1995-01-18,11.570000
1995-01-19,11.860000
1995-01-20,12.150000
1995-01-23,12.790000
1995-01-24,11.940000
1995-01-25,11.460000
1995-01-26,11.250000
1995-01-27,11.250000
1995-01-30,12.260000
1995-01-31,11.960000
1995-02-01,11.730000
1995-02-02,11.130000
1995-02-03,10.980000
1995-02-06,11.220000
1995-02-07,11.170000
1995-02-08,11.420000
1995-02-09,11.630000
1995-02-10,11.280000
1995-02-13,11.410000
1995-02-14,11.430000
1995-02-15,11.520000
1995-02-16,11.610000
1995-02-17,11.710000
1995-02-21,12.050000
1995-02-22,11.390000
1995-02-23,11.150000
1995-02-24,10.840000
1995-02-27,12.510000
1995-02-28,11.750000
1995-03-01,11.650000
1995-03-02,12.020000
1995-03-03,11.450000
1995-03-06,12.170000
1995-03-07,14.220000
1995-03-08,13.720000
1995-03-09,13.360000
1995-03-10,12.380000
1995-03-13,12.150000
1995-03-14,12.100000
1995-03-15,12.420000
1995-03-16,11.950000
1995-03-17,11.800000
1995-03-20,11.340000
1995-03-21,11.530000
1995-03-22,11.290000
1995-03-23,11.430000
1995-03-24,11.190000
1995-03-27,11.830000
1995-03-28,11.330000
1995-03-29,12.510000
1995-03-30,12.620000
1995-03-31,13.370000
1995-04-03,13.500000
1995-04-04,12.620000
1995-04-05,12.960000
1995-04-06,12.810000
1995-04-07,12.850000
1995-04-10,12.790000
1995-04-11,12.730000
1995-04-12,12.040000
1995-04-13,11.480000
1995-04-17,12.330000
1995-04-18,12.960000
1995-04-19,13.090000
1995-04-20,12.100000
1995-04-21,11.860000
1995-04-24,11.920000
1995-04-25,12.410000
1995-04-26,12.280000
1995-04-27,11.930000
1995-04-28,11.750000
1995-05-01,12.140000
1995-05-02,11.880000
1995-05-03,11.690000
1995-05-04,12.640000
1995-05-05,12.060000
1995-05-08,12.220000
1995-05-09,12.750000
1995-05-10,13.080000
1995-05-11,12.980000
1995-05-12,11.840000
1995-05-15,12.380000
1995-05-16,12.200000
1995-05-17,12.360000
1995-05-18,13.130000
1995-05-19,12.810000
1995-05-22,11.680000
1995-05-23,11.550000
1995-05-24,11.260000
1995-05-25,11.630000
1995-05-26,12.200000
1995-05-30,12.520000
1995-05-31,12.850000
1995-06-01,12.210000
1995-06-02,12.980000
1995-06-05,13.450000
1995-06-06,13.000000
1995-06-07,12.840000
1995-06-08,12.890000
1995-06-09,12.760000
1995-06-12,11.910000
1995-06-13,11.290000
1995-06-14,11.290000
1995-06-15,11.230000
1995-06-16,10.750000
1995-06-19,11.210000
1995-06-20,11.160000
1995-06-21,11.320000
1995-06-22,11.440000
1995-06-23,11.120000
1995-06-26,11.800000
1995-06-27,12.370000
1995-06-28,11.740000
1995-06-29,11.590000
1995-06-30,11.380000
1995-07-03,11.570000
1995-07-05,12.100000
1995-07-06,11.520000
1995-07-07,11.770000
1995-07-10,12.190000
1995-07-11,12.250000
1995-07-12,12.310000
1995-07-13,12.560000
1995-07-14,12.080000
1995-07-17,12.260000
1995-07-18,12.680000
1995-07-19,13.490000
1995-07-20,12.780000
1995-07-21,12.370000
1995-07-24,12.550000
1995-07-25,12.770000
1995-07-26,13.180000
1995-07-27,13.180000
1995-07-28,13.180000
1995-07-31,13.490000
1995-08-01,13.560000
1995-08-02,13.660000
1995-08-03,13.780000
1995-08-04,13.210000
1995-08-07,13.100000
1995-08-08,13.060000
1995-08-09,12.750000
1995-08-10,13.000000
1995-08-11,12.900000
1995-08-14,13.240000
1995-08-15,12.350000
1995-08-16,12.450000
1995-08-17,12.130000
1995-08-18,12.030000
1995-08-21,13.420000
1995-08-22,12.600000
1995-08-23,13.170000
1995-08-24,12.940000
1995-08-25,12.330000
1995-08-28,12.480000
1995-08-29,12.650000
1995-08-30,12.030000
1995-08-31,11.520000
1995-09-01,11.290000
1995-09-05,11.650000
1995-09-06,11.650000
1995-09-07,11.850000
1995-09-08,11.160000
1995-09-11,11.510000
1995-09-12,11.460000
1995-09-13,11.350000
1995-09-14,11.100000
1995-09-15,11.580000
1995-09-18,12.340000
1995-09-19,12.670000
1995-09-20,12.350000
1995-09-21,12.500000
1995-09-22,12.460000
1995-09-25,13.220000
1995-09-26,12.900000
1995-09-27,12.900000
1995-09-28,12.460000
1995-09-29,12.740000
1995-10-02,13.950000
1995-10-03,14.500000
1995-10-04,14.860000
1995-10-05,15.740000
1995-10-06,13.980000
1995-10-09,14.850000
1995-10-10,14.970000
1995-10-11,14.570000
1995-10-12,14.240000
1995-10-13,13.670000
1995-10-16,14.620000
1995-10-17,14.030000
1995-10-18,14.050000
1995-10-19,13.550000
1995-10-20,13.460000
1995-10-23,14.170000
1995-10-24,13.850000
1995-10-25,14.490000
1995-10-26,15.590000
1995-10-27,14.630000
1995-10-30,14.260000
1995-10-31,13.830000
1995-11-01,13.410000
1995-11-02,13.190000
1995-11-03,12.260000
1995-11-06,12.740000
1995-11-07,13.050000
1995-11-08,12.160000
1995-11-09,12.460000
1995-11-10,12.970000
1995-11-13,13.200000
1995-11-14,13.380000
1995-11-15,12.950000
1995-11-16,12.570000
1995-11-17,12.490000
1995-11-20,12.370000
1995-11-21,11.740000
1995-11-22,11.810000
1995-11-24,11.870000
1995-11-27,12.430000
1995-11-28,11.570000
1995-11-29,11.650000
1995-11-30,11.580000
1995-12-01,11.110000
1995-12-04,10.660000
1995-12-05,11.650000
1995-12-06,12.700000
1995-12-07,12.740000
1995-12-08,11.120000
1995-12-11,11.060000
1995-12-12,10.630000
1995-12-13,10.360000
1995-12-14,11.070000
1995-12-15,11.440000
1995-12-18,14.550000
1995-12-19,13.160000
1995-12-20,12.200000
1995-12-21,10.770000
1995-12-22,11.510000
1995-12-26,11.490000
1995-12-27,11.980000
1995-12-28,12.250000
1995-12-29,12.520000
1996-01-02,12.190000
1996-01-03,12.100000
1996-01-04,13.780000
1996-01-05,13.580000
1996-01-08,13.110000
1996-01-09,15.210000
1996-01-10,16.400000
1996-01-11,14.690000
1996-01-12,14.230000
1996-01-15,14.990000
1996-01-16,14.090000
1996-01-17,14.250000
1996-01-18,13.580000
1996-01-19,12.700000
1996-01-22,13.340000
1996-01-23,13.560000
1996-01-24,12.540000
1996-01-25,12.940000
1996-01-26,12.000000
1996-01-29,12.190000
1996-01-30,12.420000
1996-01-31,12.530000
1996-02-01,12.650000
1996-02-02,13.230000
1996-02-05,13.460000
1996-02-06,14.590000
1996-02-07,14.110000
1996-02-08,13.890000
1996-02-09,14.630000
1996-02-12,14.690000
1996-02-13,14.940000
1996-02-14,15.590000
1996-02-15,16.130000
1996-02-16,15.370000
1996-02-20,16.800000
1996-02-21,14.470000
1996-02-22,14.560000
1996-02-23,14.780000
1996-02-26,16.380000
1996-02-27,16.630000
1996-02-28,16.720000
1996-02-29,17.040000
1996-03-01,16.720000
1996-03-04,16.670000
1996-03-05,16.100000
1996-03-06,16.560000
1996-03-07,16.490000
1996-03-08,20.700000
1996-03-11,19.400000
1996-03-12,19.090000
1996-03-13,18.130000
1996-03-14,16.930000
1996-03-15,16.540000
1996-03-18,17.310000
1996-03-19,18.350000
1996-03-20,18.660000
1996-03-21,17.740000
1996-03-22,17.050000
1996-03-25,17.840000
1996-03-26,17.800000
1996-03-27,17.890000
1996-03-28,18.160000
1996-03-29,18.880000
1996-04-01,17.900000
1996-04-02,16.450000
1996-04-03,16.330000
1996-04-04,16.180000
1996-04-08,18.720000
1996-04-09,17.320000
1996-04-10,20.220000
1996-04-11,19.650000
1996-04-12,17.380000
1996-04-15,16.830000
1996-04-16,16.450000
1996-04-17,17.070000
1996-04-18,16.410000
1996-04-19,15.120000
1996-04-22,15.380000
1996-04-23,15.010000
1996-04-24,14.910000
1996-04-25,14.720000
1996-04-26,14.750000
1996-04-29,15.450000
1996-04-30,15.830000
1996-05-01,16.070000
1996-05-02,18.620000
1996-05-03,16.700000
1996-05-06,16.920000
1996-05-07,16.870000
1996-05-08,15.780000
1996-05-09,16.990000
1996-05-10,15.610000
1996-05-13,15.160000
1996-05-14,14.900000
1996-05-15,15.590000
1996-05-16,15.710000
1996-05-17,15.130000
1996-05-20,15.800000
1996-05-21,16.000000
1996-05-22,15.500000
1996-05-23,16.170000
1996-05-24,15.540000
1996-05-28,16.920000
1996-05-29,17.150000
1996-05-30,16.020000
1996-05-31,16.070000
1996-06-03,16.860000
1996-06-04,16.180000
1996-06-05,16.040000
1996-06-06,16.840000
1996-06-07,16.100000
1996-06-10,16.780000
1996-06-11,16.680000
1996-06-12,17.000000
1996-06-13,17.120000
1996-06-14,18.640000
1996-06-17,17.460000
1996-06-18,17.450000
1996-06-19,17.540000
1996-06-20,16.970000
1996-06-21,15.800000
1996-06-24,15.910000
1996-06-25,15.430000
1996-06-26,15.230000
1996-06-27,14.190000
1996-06-28,13.680000
1996-07-01,13.780000
1996-07-02,14.190000
1996-07-03,14.210000
1996-07-05,16.090000
1996-07-08,16.420000
1996-07-09,15.490000
1996-07-10,15.510000
1996-07-11,17.810000
1996-07-12,17.090000
1996-07-15,20.110000
1996-07-16,20.100000
1996-07-17,19.220000
1996-07-18,17.930000
1996-07-19,17.260000
1996-07-22,20.410000
1996-07-23,21.550000
1996-07-24,21.440000
1996-07-25,19.390000
1996-07-26,17.450000
1996-07-29,20.090000
1996-07-30,20.530000
1996-07-31,19.460000
1996-08-01,18.760000
1996-08-02,16.190000
1996-08-05,17.360000
1996-08-06,16.930000
1996-08-07,16.240000
1996-08-08,16.040000
1996-08-09,15.770000
1996-08-12,15.570000
1996-08-13,16.410000
1996-08-14,15.960000
1996-08-15,15.460000
1996-08-16,14.810000
1996-08-19,15.270000
1996-08-20,14.730000
1996-08-21,14.520000
1996-08-22,13.710000
1996-08-23,14.180000
1996-08-26,15.380000
1996-08-27,15.110000
1996-08-28,15.100000
1996-08-29,16.220000
1996-08-30,17.010000
1996-09-03,18.470000
1996-09-04,18.640000
1996-09-05,20.510000
1996-09-06,17.100000
1996-09-09,16.360000
1996-09-10,16.250000
1996-09-11,16.060000
1996-09-12,15.970000
1996-09-13,15.200000
1996-09-16,15.430000
1996-09-17,15.740000
1996-09-18,15.860000
1996-09-19,16.030000
1996-09-20,15.650000
1996-09-23,16.460000
1996-09-24,16.450000
1996-09-25,16.220000
1996-09-26,16.110000
1996-09-27,16.100000
1996-09-30,16.950000
1996-10-01,17.050000
1996-10-02,16.780000
1996-10-03,16.770000
1996-10-04,14.800000
1996-10-07,15.110000
1996-10-08,15.580000
1996-10-09,16.090000
1996-10-10,16.260000
1996-10-11,15.070000
1996-10-14,15.130000
1996-10-15,15.830000
1996-10-16,15.600000
1996-10-17,15.410000
1996-10-18,15.080000
1996-10-21,15.980000
1996-10-22,16.400000
1996-10-23,16.450000
1996-10-24,16.890000
1996-10-25,17.290000
1996-10-28,18.340000
1996-10-29,18.280000
1996-10-30,18.480000
1996-10-31,18.110000
1996-11-01,17.890000
1996-11-04,18.040000
1996-11-05,17.650000
1996-11-06,16.970000
1996-11-07,17.210000
1996-11-08,15.780000
1996-11-11,14.040000
1996-11-12,15.360000
1996-11-13,14.890000
1996-11-14,13.790000
1996-11-15,14.360000
1996-11-18,15.120000
1996-11-19,15.230000
1996-11-20,15.940000
1996-11-21,15.770000
1996-11-22,14.920000
1996-11-25,15.910000
1996-11-26,16.970000
1996-11-27,16.960000
1996-11-29,17.140000
1996-12-02,17.930000
1996-12-03,18.680000
1996-12-04,17.930000
1996-12-05,18.140000
1996-12-06,18.820000
1996-12-09,17.750000
1996-12-10,17.880000
1996-12-11,19.680000
1996-12-12,20.450000
1996-12-13,21.090000
1996-12-16,21.990000
1996-12-17,20.770000
1996-12-18,19.420000
1996-12-19,18.770000
1996-12-20,18.850000
1996-12-23,19.500000
1996-12-24,18.680000
1996-12-26,18.590000
1996-12-27,19.130000
1996-12-30,19.510000
1996-12-31,20.920000
1997-01-02,21.140000
1997-01-03,19.130000
1997-01-06,19.890000
1997-01-07,19.350000
1997-01-08,20.240000
1997-01-09,20.910000
1997-01-10,19.630000
1997-01-13,19.840000
1997-01-14,19.270000
1997-01-15,19.400000
1997-01-16,19.610000
1997-01-17,18.630000
1997-01-20,18.600000
1997-01-21,17.810000
1997-01-22,17.090000
1997-01-23,18.470000
1997-01-24,19.330000
1997-01-27,20.160000
1997-01-28,20.740000
1997-01-29,20.230000
1997-01-30,19.470000
1997-02-03,19.580000
1997-02-04,19.430000
1997-02-05,21.060000
1997-02-06,20.160000
1997-02-07,18.900000
1997-02-10,20.650000
1997-02-11,19.970000
1997-02-12,19.480000
1997-02-13,19.230000
1997-02-14,19.180000
1997-02-18,19.700000
1997-02-19,20.610000
1997-02-20,21.410000
1997-02-21,20.550000
1997-02-24,19.840000
1997-02-25,19.980000
1997-02-26,20.740000
1997-02-27,21.080000
1997-02-28,21.100000
1997-03-03,20.890000
1997-03-04,20.620000
1997-03-05,19.490000
1997-03-06,20.480000
1997-03-07,19.320000
1997-03-10,19.000000
1997-03-11,19.250000
1997-03-12,19.610000
1997-03-13,19.790000
1997-03-14,19.810000
1997-03-17,20.950000
1997-03-18,21.260000
1997-03-19,21.740000
1997-03-20,21.220000
1997-03-21,19.690000
1997-03-24,20.060000
1997-03-25,19.260000
1997-03-26,18.320000
1997-03-27,20.500000
1997-03-31,22.140000
1997-04-01,20.840000
1997-04-02,21.300000
1997-04-03,21.190000
1997-04-04,19.230000
1997-04-07,18.510000
1997-04-08,18.440000
1997-04-09,18.560000
1997-04-10,19.010000
1997-04-11,19.760000
1997-04-14,19.090000
1997-04-15,18.250000
1997-04-16,17.640000
1997-04-17,18.710000
1997-04-18,18.750000
1997-04-21,20.100000
1997-04-22,19.520000
1997-04-23,20.480000
1997-04-24,20.830000
1997-04-25,21.150000
1997-04-28,21.340000
1997-04-29,19.810000
1997-04-30,20.060000
1997-05-01,19.870000
1997-05-02,17.510000
1997-05-05,20.130000
1997-05-06,20.850000
1997-05-07,21.340000
1997-05-08,21.260000
1997-05-09,20.110000
1997-05-12,20.250000
1997-05-13,20.810000
1997-05-14,21.090000
1997-05-15,19.910000
1997-05-16,21.570000
1997-05-19,21.480000
1997-05-20,19.260000
1997-05-21,19.280000
1997-05-22,18.770000
1997-05-23,18.080000
1997-05-27,19.360000
1997-05-28,19.280000
1997-05-29,19.020000
1997-05-30,19.190000
1997-06-02,20.850000
1997-06-03,20.010000
1997-06-04,20.100000
1997-06-05,20.360000
1997-06-06,18.940000
1997-06-09,19.460000
1997-06-10,19.040000
1997-06-11,18.850000
1997-06-12,18.510000
1997-06-13,19.270000
1997-06-16,19.770000
1997-06-17,20.170000
1997-06-18,20.450000
1997-06-19,20.100000
1997-06-20,20.200000
1997-06-23,21.190000
1997-06-24,20.740000
1997-06-25,21.500000
1997-06-26,21.820000
1997-06-27,21.220000
1997-06-30,21.530000
1997-07-01,21.000000
1997-07-02,19.700000
1997-07-03,17.820000
1997-07-07,19.130000
1997-07-08,18.760000
1997-07-09,20.400000
1997-07-10,19.920000
1997-07-11,19.060000
1997-07-14,19.580000
1997-07-15,19.000000
1997-07-16,19.360000
1997-07-17,20.540000
1997-07-18,22.280000
1997-07-21,23.510000
1997-07-22,21.770000
1997-07-23,21.300000
1997-07-24,20.960000
1997-07-25,20.820000
1997-07-28,21.840000
1997-07-29,22.020000
1997-07-30,21.390000
1997-07-31,21.480000
1997-08-01,22.290000
1997-08-04,21.940000
1997-08-05,20.640000
1997-08-06,20.050000
1997-08-07,19.770000
1997-08-08,22.460000
1997-08-11,22.770000
1997-08-12,23.750000
1997-08-13,24.520000
1997-08-14,23.110000
1997-08-15,24.450000
1997-08-18,24.370000
1997-08-19,22.640000
1997-08-20,21.090000
1997-08-21,23.830000
1997-08-22,24.740000
1997-08-25,24.100000
1997-08-26,24.730000
1997-08-27,24.260000
1997-08-28,24.510000
1997-08-29,24.760000
1997-09-02,24.530000
1997-09-03,24.950000
1997-09-04,25.270000
1997-09-05,24.310000
1997-09-08,24.400000
1997-09-09,23.890000
1997-09-10,24.640000
1997-09-11,25.990000
1997-09-12,25.170000
1997-09-15,25.740000
1997-09-16,23.770000
1997-09-17,24.100000
1997-09-18,23.480000
1997-09-19,22.740000
1997-09-22,22.080000
1997-09-23,22.000000
1997-09-24,22.640000
1997-09-25,22.960000
1997-09-26,22.260000
1997-09-29,22.230000
1997-09-30,22.910000
1997-10-01,22.320000
1997-10-02,22.270000
1997-10-03,21.540000
1997-10-06,21.610000
1997-10-07,20.290000
1997-10-08,20.770000
1997-10-09,22.310000
1997-10-10,19.750000
1997-10-13,20.260000
1997-10-14,19.990000
1997-10-15,20.050000
1997-10-16,20.530000
1997-10-17,21.690000
1997-10-20,20.720000
1997-10-21,19.530000
1997-10-22,19.860000
1997-10-23,22.990000
1997-10-24,23.170000
1997-10-27,31.120000
1997-10-28,31.220000
1997-10-29,33.750000
1997-10-30,38.200000
1997-10-31,35.090000
1997-11-03,32.090000
1997-11-04,32.240000
1997-11-05,32.180000
1997-11-06,32.570000
1997-11-07,36.270000
1997-11-10,36.630000
1997-11-11,36.380000
1997-11-12,37.840000
1997-11-13,36.640000
1997-11-14,33.660000
1997-11-17,31.580000
1997-11-18,31.550000
1997-11-19,29.930000
1997-11-20,27.320000
1997-11-21,26.650000
1997-11-24,29.800000
1997-11-25,28.950000
1997-11-28,27.430000
1997-12-01,26.010000
1997-12-02,25.660000
1997-12-03,23.920000
1997-12-04,23.840000
1997-12-05,22.650000
1997-12-08,23.220000
1997-12-09,23.360000
1997-12-10,24.550000
1997-12-11,27.630000
1997-12-12,27.920000
1997-12-15,27.370000
1997-12-16,26.110000
1997-12-17,26.330000
1997-12-18,27.190000
1997-12-19,29.180000
1997-12-22,28.560000
1997-12-23,29.860000
1997-12-24,30.270000
1997-12-26,29.270000
1997-12-29,26.790000
1997-12-30,24.380000
1997-12-31,24.010000
1998-01-02,23.420000
1998-01-05,24.360000
1998-01-06,25.660000
1998-01-07,25.070000
1998-01-08,26.010000
1998-01-09,28.690000
1998-01-12,28.020000
1998-01-13,25.170000
1998-01-14,23.750000
1998-01-15,23.450000
1998-01-16,21.650000
1998-01-20,21.650000
1998-01-21,22.530000
1998-01-22,23.160000
1998-01-23,23.320000
1998-01-26,23.970000
1998-01-27,22.270000
1998-01-28,22.060000
1998-01-29,21.650000
1998-01-30,21.470000
1998-02-02,21.360000
1998-02-03,20.670000
1998-02-04,20.550000
1998-02-05,21.290000
1998-02-06,20.510000
1998-02-09,21.550000
1998-02-10,20.660000
1998-02-11,20.380000
1998-02-12,19.730000
1998-02-13,19.840000
1998-02-17,20.760000
1998-02-18,19.660000
1998-02-19,19.880000
1998-02-20,19.000000
1998-02-23,18.990000
1998-02-24,19.350000
1998-02-25,18.620000
1998-02-26,18.630000
1998-02-27,18.550000
1998-03-02,19.190000
1998-03-03,19.040000
1998-03-04,19.580000
1998-03-05,20.930000
1998-03-06,19.140000
1998-03-09,20.230000
1998-03-10,19.430000
1998-03-11,18.890000
1998-03-12,18.250000
1998-03-13,18.710000
1998-03-16,18.510000
1998-03-17,18.660000
1998-03-18,18.290000
1998-03-19,17.760000
1998-03-20,18.690000
1998-03-23,19.980000
1998-03-24,20.510000
1998-03-25,22.540000
1998-03-26,22.810000
1998-03-27,23.470000
1998-03-30,24.660000
1998-03-31,24.220000
1998-04-01,23.370000
1998-04-02,21.980000
1998-04-03,21.820000
1998-04-06,22.470000
1998-04-07,23.660000
1998-04-08,23.170000
1998-04-09,21.510000
1998-04-13,22.770000
1998-04-14,21.610000
1998-04-15,20.890000
1998-04-16,22.060000
1998-04-17,20.760000
1998-04-20,20.390000
1998-04-21,19.910000
1998-04-22,19.440000
1998-04-23,20.600000
1998-04-24,21.970000
1998-04-27,26.090000
1998-04-28,24.170000
1998-04-29,22.780000
1998-04-30,21.180000
1998-05-01,19.340000
1998-05-04,20.320000
1998-05-05,21.460000
1998-05-06,22.790000
1998-05-07,23.390000
1998-05-08,20.570000
1998-05-11,21.050000
1998-05-12,20.980000
1998-05-13,20.440000
1998-05-14,19.640000
1998-05-15,20.440000
1998-05-18,21.690000
1998-05-19,20.390000
1998-05-20,19.890000
1998-05-21,19.380000
1998-05-22,18.990000
1998-05-26,22.070000
1998-05-27,22.590000
1998-05-28,20.740000
1998-05-29,21.320000
1998-06-01,22.830000
1998-06-02,22.000000
1998-06-03,22.850000
1998-06-04,21.220000
1998-06-05,19.780000
1998-06-08,20.580000
1998-06-09,20.520000
1998-06-10,21.480000
1998-06-11,23.570000
1998-06-12,22.780000
1998-06-15,25.940000
1998-06-16,24.800000
1998-06-17,22.890000
1998-06-18,22.400000
1998-06-19,21.920000
1998-06-22,21.940000
1998-06-23,20.170000
1998-06-24,20.020000
1998-06-25,20.250000
1998-06-26,19.360000
1998-06-29,19.570000
1998-06-30,19.710000
1998-07-01,18.000000
1998-07-02,17.670000
1998-07-06,18.630000
1998-07-07,18.620000
1998-07-08,17.820000
1998-07-09,18.160000
1998-07-10,17.920000
1998-07-13,18.260000
1998-07-14,17.880000
1998-07-15,17.890000
1998-07-16,16.970000
1998-07-17,16.230000
1998-07-20,17.340000
1998-07-21,20.100000
1998-07-22,20.320000
1998-07-23,23.010000
1998-07-24,23.010000
1998-07-27,23.130000
1998-07-28,25.250000
1998-07-29,24.790000
1998-07-30,22.660000
1998-07-31,24.800000
1998-08-03,25.980000
1998-08-04,31.060000
1998-08-05,29.830000
1998-08-06,28.200000
1998-08-07,27.020000
1998-08-10,28.750000
1998-08-11,31.910000
1998-08-12,28.550000
1998-08-13,29.920000
1998-08-14,34.340000
1998-08-17,31.860000
1998-08-18,28.400000
1998-08-19,28.690000
1998-08-20,30.000000
1998-08-21,33.140000
1998-08-24,31.800000
1998-08-25,30.330000
1998-08-26,31.140000
1998-08-27,38.550000
1998-08-28,39.600000
1998-08-31,44.280000
1998-09-01,36.480000
1998-09-02,36.760000
1998-09-03,41.430000
1998-09-04,43.310000
1998-09-08,37.900000
1998-09-09,39.660000
1998-09-10,45.290000
1998-09-11,43.740000
1998-09-14,38.570000
1998-09-15,36.580000
1998-09-16,35.940000
1998-09-17,39.230000
1998-09-18,38.630000
1998-09-21,38.580000
1998-09-22,36.620000
1998-09-23,32.470000
1998-09-24,34.660000
1998-09-25,34.550000
1998-09-28,34.870000
1998-09-29,36.080000
1998-09-30,40.950000
1998-10-01,43.480000
1998-10-02,40.470000
1998-10-05,42.810000
1998-10-06,41.200000
1998-10-07,43.510000
1998-10-08,45.740000
1998-10-09,42.200000
1998-10-12,40.070000
1998-10-13,40.230000
1998-10-14,38.960000
1998-10-15,33.340000
1998-10-16,34.820000
1998-10-19,33.130000
1998-10-20,33.110000
1998-10-21,33.210000
1998-10-22,31.530000
1998-10-23,32.270000
1998-10-26,32.380000
1998-10-27,32.950000
1998-10-28,32.420000
1998-10-29,29.500000
1998-10-30,28.050000
1998-11-02,27.260000
1998-11-03,27.760000
1998-11-04,27.370000
1998-11-05,26.010000
1998-11-06,25.700000
1998-11-09,28.090000
1998-11-10,28.170000
1998-11-11,28.470000
1998-11-12,29.280000
1998-11-13,29.030000
1998-11-16,28.900000
1998-11-17,27.950000
1998-11-18,27.130000
1998-11-19,25.500000
1998-11-20,22.470000
1998-11-23,21.840000
1998-11-24,23.280000
1998-11-25,22.150000
1998-11-27,22.090000
1998-11-30,26.010000
1998-12-01,24.970000
1998-12-02,25.430000
1998-12-03,28.700000
1998-12-04,25.310000
1998-12-07,24.900000
1998-12-08,25.580000
1998-12-09,25.660000
1998-12-10,26.810000
1998-12-11,27.720000
1998-12-14,31.310000
1998-12-15,29.420000
1998-12-16,29.960000
1998-12-17,27.960000
1998-12-18,25.040000
1998-12-21,23.860000
1998-12-22,22.780000
1998-12-23,20.210000
1998-12-24,21.480000
1998-12-28,23.500000
1998-12-29,22.180000
1998-12-30,23.340000
1998-12-31,24.420000
1999-01-04,26.170000
1999-01-05,24.460000
1999-01-06,23.340000
1999-01-07,24.370000
1999-01-08,23.280000
1999-01-11,25.460000
1999-01-12,28.100000
1999-01-13,30.110000
1999-01-14,32.980000
1999-01-15,29.240000
1999-01-19,29.240000
1999-01-20,28.600000
1999-01-21,30.920000
1999-01-22,31.950000
1999-01-25,31.130000
1999-01-26,29.230000
1999-01-27,29.730000
1999-01-28,28.110000
1999-01-29,26.250000
1999-02-01,27.670000
1999-02-02,28.160000
1999-02-03,27.880000
1999-02-04,29.480000
1999-02-05,29.670000
1999-02-08,30.270000
1999-02-09,31.360000
1999-02-10,30.450000
1999-02-11,27.420000
1999-02-12,29.760000
1999-02-16,29.650000
1999-02-17,30.650000
1999-02-18,30.450000
1999-02-19,29.300000
1999-02-22,25.870000
1999-02-23,26.490000
1999-02-24,27.210000
1999-02-25,28.010000
1999-02-26,27.880000
1999-03-01,28.370000
1999-03-02,29.220000
1999-03-03,29.040000
1999-03-04,26.670000
1999-03-05,24.080000
1999-03-08,24.540000
1999-03-09,25.020000
1999-03-10,24.790000
1999-03-11,24.370000
1999-03-12,24.840000
1999-03-15,25.240000
1999-03-16,25.150000
1999-03-17,25.570000
1999-03-18,24.130000
1999-03-19,24.320000
1999-03-22,25.000000
1999-03-23,27.270000
1999-03-24,26.600000
1999-03-25,24.330000
1999-03-26,24.040000
1999-03-29,23.540000
1999-03-30,22.730000
1999-03-31,23.260000
1999-04-01,22.060000
1999-04-05,22.190000
1999-04-06,22.650000
1999-04-07,22.810000
1999-04-08,22.590000
1999-04-09,21.770000
1999-04-12,21.930000
1999-04-13,22.730000
1999-04-14,24.940000
1999-04-15,23.930000
1999-04-16,23.900000
1999-04-19,26.420000
1999-04-20,25.020000
1999-04-21,23.310000
1999-04-22,22.620000
1999-04-23,22.760000
1999-04-26,23.530000
1999-04-27,23.360000
1999-04-28,24.400000
1999-04-29,25.060000
1999-04-30,25.070000
1999-05-03,24.150000
1999-05-04,25.620000
1999-05-05,25.190000
1999-05-06,27.440000
1999-05-07,25.360000
1999-05-10,26.620000
1999-05-11,25.620000
1999-05-12,26.130000
1999-05-13,25.020000
1999-05-14,26.860000
1999-05-17,27.280000
1999-05-18,27.260000
1999-05-19,25.080000
1999-05-20,24.460000
1999-05-21,24.400000
1999-05-24,27.620000
1999-05-25,28.900000
1999-05-26,27.570000
1999-05-27,28.120000
1999-05-28,25.390000
1999-06-01,26.620000
1999-06-02,26.210000
1999-06-03,26.200000
1999-06-04,23.430000
1999-06-07,23.780000
1999-06-08,24.020000
1999-06-09,23.900000
1999-06-10,25.320000
1999-06-11,25.900000
1999-06-14,26.510000
1999-06-15,25.910000
1999-06-16,22.400000
1999-06-17,21.950000
1999-06-18,21.750000
1999-06-21,21.810000
1999-06-22,21.700000
1999-06-23,21.320000
1999-06-24,23.060000
1999-06-25,21.760000
1999-06-28,22.630000
1999-06-29,22.510000
1999-06-30,21.090000
1999-07-01,19.690000
1999-07-02,18.660000
1999-07-06,20.730000
1999-07-07,20.350000
1999-07-08,20.240000
1999-07-09,17.960000
1999-07-12,19.730000
1999-07-13,19.950000
1999-07-14,19.710000
1999-07-15,18.680000
1999-07-16,17.420000
1999-07-19,19.070000
1999-07-20,21.790000
1999-07-21,21.460000
1999-07-22,23.050000
1999-07-23,23.320000
1999-07-26,24.980000
1999-07-27,23.230000
1999-07-28,22.850000
1999-07-29,24.520000
1999-07-30,24.640000
1999-08-02,25.590000
1999-08-03,26.270000
1999-08-04,27.400000
1999-08-05,27.010000
1999-08-06,26.600000
1999-08-09,27.660000
1999-08-10,28.450000
1999-08-11,25.390000
1999-08-12,25.030000
1999-08-13,22.310000
1999-08-16,23.070000
1999-08-17,21.670000
1999-08-18,23.300000
1999-08-19,24.390000
1999-08-20,22.950000
1999-08-23,22.550000
1999-08-24,22.400000
1999-08-25,20.960000
1999-08-26,21.210000
1999-08-27,21.830000
1999-08-30,24.630000
1999-08-31,24.450000
1999-09-01,22.930000
1999-09-02,24.530000
1999-09-03,20.980000
1999-09-07,23.440000
1999-09-08,23.820000
1999-09-09,23.010000
1999-09-10,22.030000
1999-09-13,22.890000
1999-09-14,23.770000
1999-09-15,24.560000
1999-09-16,25.250000
1999-09-17,23.300000
1999-09-20,24.030000
1999-09-21,25.650000
1999-09-22,25.190000
1999-09-23,27.840000
1999-09-24,27.790000
1999-09-27,26.400000
1999-09-28,26.060000
1999-09-29,26.490000
1999-09-30,25.410000
1999-10-01,24.930000
1999-10-04,24.460000
1999-10-05,24.790000
1999-10-06,22.060000
1999-10-07,23.580000
1999-10-08,20.490000
1999-10-11,20.630000
1999-10-12,22.840000
1999-10-13,25.960000
1999-10-14,26.050000
1999-10-15,28.750000
1999-10-18,28.190000
1999-10-19,26.560000
1999-10-20,23.900000
1999-10-21,24.020000
1999-10-22,21.640000
1999-10-25,23.600000
1999-10-26,24.260000
1999-10-27,24.200000
1999-10-28,21.340000
1999-10-29,22.200000
1999-11-01,22.090000
1999-11-02,23.100000
1999-11-03,23.160000
1999-11-04,23.000000
1999-11-05,21.660000
1999-11-08,21.870000
1999-11-09,22.700000
1999-11-10,22.260000
1999-11-11,22.070000
1999-11-12,21.650000
1999-11-15,22.740000
1999-11-16,20.730000
1999-11-17,20.960000
1999-11-18,19.760000
1999-11-19,19.110000
1999-11-22,19.980000
1999-11-23,21.000000
1999-11-24,20.260000
1999-11-26,22.330000
1999-11-29,23.570000
1999-11-30,24.180000
1999-12-01,22.230000
1999-12-02,21.770000
1999-12-03,19.320000
1999-12-06,20.580000
1999-12-07,21.090000
1999-12-08,21.250000
1999-12-09,21.190000
1999-12-10,21.480000
1999-12-13,21.720000
1999-12-14,23.060000
1999-12-15,22.030000
1999-12-16,21.910000
1999-12-17,21.350000
1999-12-20,23.780000
1999-12-21,22.660000
1999-12-22,22.430000
1999-12-23,21.120000
1999-12-27,23.070000
1999-12-28,22.970000
1999-12-29,23.090000
1999-12-30,24.760000
1999-12-31,24.640000
2000-01-03,24.210000
2000-01-04,27.010000
2000-01-05,26.410000
2000-01-06,25.730000
2000-01-07,21.720000
2000-01-10,21.710000
2000-01-11,22.500000
2000-01-12,22.840000
2000-01-13,21.710000
2000-01-14,19.660000
2000-01-18,21.500000
2000-01-19,21.720000
2000-01-20,21.750000
2000-01-21,20.820000
2000-01-24,24.070000
2000-01-25,23.020000
2000-01-26,23.030000
2000-01-27,23.540000
2000-01-28,26.140000
2000-01-31,24.950000
2000-02-01,23.450000
2000-02-02,23.120000
2000-02-03,22.010000
2000-02-04,21.540000
2000-02-07,22.790000
2000-02-08,21.250000
2000-02-09,22.900000
2000-02-10,23.070000
2000-02-11,24.420000
2000-02-14,24.380000
2000-02-15,22.920000
2000-02-16,23.510000
2000-02-17,23.170000
2000-02-18,26.000000
2000-02-22,25.860000
2000-02-23,23.890000
2000-02-24,24.380000
2000-02-25,25.200000
2000-02-28,24.680000
2000-02-29,23.370000
2000-03-01,21.640000
2000-03-02,21.060000
2000-03-03,19.210000
2000-03-06,21.500000
2000-03-07,24.310000
2000-03-08,23.820000
2000-03-09,22.210000
2000-03-10,21.240000
2000-03-13,22.850000
2000-03-14,24.410000
2000-03-15,22.340000
2000-03-16,20.770000
2000-03-17,22.370000
2000-03-20,22.960000
2000-03-21,21.700000
2000-03-22,21.490000
2000-03-23,22.260000
2000-03-24,23.310000
2000-03-27,24.530000
2000-03-28,24.860000
2000-03-29,24.100000
2000-03-30,25.470000
2000-03-31,24.110000
2000-04-03,24.030000
2000-04-04,27.120000
2000-04-05,28.410000
2000-04-06,27.150000
2000-04-07,24.390000
2000-04-10,25.990000
2000-04-11,27.250000
2000-04-12,28.980000
2000-04-13,29.400000
2000-04-14,33.490000
2000-04-17,28.950000
2000-04-18,26.120000
2000-04-19,27.020000
2000-04-20,25.850000
2000-04-24,27.370000
2000-04-25,25.240000
2000-04-26,26.970000
2000-04-27,26.190000
2000-04-28,26.200000
2000-05-01,25.880000
2000-05-02,28.500000
2000-05-03,31.630000
2000-05-04,30.770000
2000-05-05,27.530000
2000-05-08,28.200000
2000-05-09,28.930000
2000-05-10,29.870000
2000-05-11,27.760000
2000-05-12,26.050000
2000-05-15,24.860000
2000-05-16,24.340000
2000-05-17,23.980000
2000-05-18,23.960000
2000-05-19,25.440000
2000-05-22,26.000000
2000-05-23,25.870000
2000-05-24,24.320000
2000-05-25,24.580000
2000-05-26,24.470000
2000-05-30,23.620000
2000-05-31,23.650000
2000-06-01,22.360000
2000-06-02,21.480000
2000-06-05,22.710000
2000-06-06,23.050000
2000-06-07,22.480000
2000-06-08,22.770000
2000-06-09,22.140000
2000-06-12,22.320000
2000-06-13,21.670000
2000-06-14,21.480000
2000-06-15,20.680000
2000-06-16,20.500000
2000-06-19,20.630000
2000-06-20,20.880000
2000-06-21,20.610000
2000-06-22,22.000000
2000-06-23,22.340000
2000-06-26,22.450000
2000-06-27,21.800000
2000-06-28,20.290000
2000-06-29,19.700000
2000-06-30,19.540000
2000-07-03,19.830000
2000-07-05,21.160000
2000-07-06,20.940000
2000-07-07,19.220000
2000-07-10,20.330000
2000-07-11,20.110000
2000-07-12,20.030000
2000-07-13,20.030000
2000-07-14,19.320000
2000-07-17,19.450000
2000-07-18,19.750000
2000-07-19,19.650000
2000-07-20,18.940000
2000-07-21,18.940000
2000-07-24,19.920000
2000-07-25,19.390000
2000-07-26,19.670000
2000-07-27,19.600000
2000-07-28,20.840000
2000-07-31,20.740000
2000-08-01,20.550000
2000-08-02,20.000000
2000-08-03,19.990000
2000-08-04,18.620000
2000-08-07,19.030000
2000-08-08,18.790000
2000-08-09,19.180000
2000-08-10,19.190000
2000-08-11,18.550000
2000-08-14,17.880000
2000-08-15,17.980000
2000-08-16,18.020000
2000-08-17,17.480000
2000-08-18,17.050000
2000-08-21,17.350000
2000-08-22,17.470000
2000-08-23,17.380000
2000-08-24,17.040000
2000-08-25,16.530000
2000-08-28,16.540000
2000-08-29,16.890000
2000-08-30,17.690000
2000-08-31,16.840000
2000-09-01,17.530000
2000-09-05,19.820000
2000-09-06,20.790000
2000-09-07,19.420000
2000-09-08,18.460000
2000-09-11,18.400000
2000-09-12,18.590000
2000-09-13,18.320000
2000-09-14,18.260000
2000-09-15,18.520000
2000-09-18,20.250000
2000-09-19,19.540000
2000-09-20,19.930000
2000-09-21,20.180000
2000-09-22,20.740000
2000-09-25,21.410000
2000-09-26,21.880000
2000-09-27,21.670000
2000-09-28,19.470000
2000-09-29,20.570000
2000-10-02,21.230000
2000-10-03,21.850000
2000-10-04,21.540000
2000-10-05,21.030000
2000-10-06,22.710000
2000-10-09,24.020000
2000-10-10,24.860000
2000-10-11,26.570000
2000-10-12,30.510000
2000-10-13,27.600000
2000-10-16,26.790000
2000-10-17,27.840000
2000-10-18,28.720000
2000-10-19,25.090000
2000-10-20,24.240000
2000-10-23,24.690000
2000-10-24,24.280000
2000-10-25,26.650000
2000-10-26,28.620000
2000-10-27,26.470000
2000-10-30,25.460000
2000-10-31,23.630000
2000-11-01,24.280000
2000-11-02,23.920000
2000-11-03,23.670000
2000-11-06,24.520000
2000-11-07,24.910000
2000-11-08,25.660000
2000-11-09,27.200000
2000-11-10,28.530000
2000-11-13,29.060000
2000-11-14,26.810000
2000-11-15,26.150000
2000-11-16,25.050000
2000-11-17,24.810000
2000-11-20,27.430000
2000-11-21,26.620000
2000-11-22,27.710000
2000-11-24,26.000000
2000-11-27,26.930000
2000-11-28,27.640000
2000-11-29,27.490000
2000-11-30,29.650000
2000-12-01,27.480000
2000-12-04,27.780000
2000-12-05,24.990000
2000-12-06,25.070000
2000-12-07,25.340000
2000-12-08,22.410000
2000-12-11,23.510000
2000-12-12,24.880000
2000-12-13,23.630000
2000-12-14,24.860000
2000-12-15,26.550000
2000-12-18,27.700000
2000-12-19,27.170000
2000-12-20,31.740000
2000-12-21,29.660000
2000-12-22,27.550000
2000-12-26,28.730000
2000-12-27,28.140000
2000-12-28,26.570000
2000-12-29,26.850000
2001-01-02,29.990000
2001-01-03,26.600000
2001-01-04,26.970000
2001-01-05,28.670000
2001-01-08,29.840000
2001-01-09,27.990000
2001-01-10,26.800000
2001-01-11,25.790000
2001-01-12,24.560000
2001-01-16,25.280000
2001-01-17,24.930000
2001-01-18,23.370000
2001-01-19,23.240000
2001-01-22,23.250000
2001-01-23,21.570000
2001-01-24,22.030000
2001-01-25,22.640000
2001-01-26,22.570000
2001-01-29,22.610000
2001-01-30,22.570000
2001-01-31,22.020000
2001-02-01,21.660000
2001-02-02,21.950000
2001-02-05,22.190000
2001-02-06,21.980000
2001-02-07,21.670000
2001-02-08,21.460000
2001-02-09,22.030000
2001-02-12,21.920000
2001-02-13,21.370000
2001-02-14,21.520000
2001-02-15,20.270000
2001-02-16,22.120000
2001-02-20,24.690000
2001-02-21,25.750000
2001-02-22,26.760000
2001-02-23,27.210000
2001-02-26,25.430000
2001-02-27,26.490000
2001-02-28,28.350000
2001-03-01,28.080000
2001-03-02,27.430000
2001-03-05,27.120000
2001-03-06,25.890000
2001-03-07,24.120000
2001-03-08,24.290000
2001-03-09,25.620000
2001-03-12,30.320000
2001-03-13,27.550000
2001-03-14,29.610000
2001-03-15,28.560000
2001-03-16,29.910000
2001-03-19,29.780000
2001-03-20,30.960000
2001-03-21,31.930000
2001-03-22,32.840000
2001-03-23,30.450000
2001-03-26,29.040000
2001-03-27,27.040000
2001-03-28,28.580000
2001-03-29,29.170000
2001-03-30,28.640000
2001-04-02,31.210000
2001-04-03,34.720000
2001-04-04,34.070000
2001-04-05,29.940000
2001-04-06,31.690000
2001-04-09,31.910000
2001-04-10,29.440000
2001-04-11,28.460000
2001-04-12,26.120000
2001-04-16,26.330000
2001-04-17,25.610000
2001-04-18,24.130000
2001-04-19,24.160000
2001-04-20,25.380000
2001-04-23,28.160000
2001-04-24,28.490000
2001-04-25,27.400000
2001-04-26,25.960000
2001-04-27,24.020000
2001-04-30,25.480000
2001-05-01,24.200000
2001-05-02,24.230000
2001-05-03,25.780000
2001-05-04,23.910000
2001-05-07,24.860000
2001-05-08,24.440000
2001-05-09,24.350000
2001-05-10,24.000000
2001-05-11,23.540000
2001-05-14,24.260000
2001-05-15,23.710000
2001-05-16,21.890000
2001-05-17,21.470000
2001-05-18,21.230000
2001-05-21,20.760000
2001-05-22,21.350000
2001-05-23,22.080000
2001-05-24,20.570000
2001-05-25,20.600000
2001-05-29,22.140000
2001-05-30,22.760000
2001-05-31,22.640000
2001-06-01,21.590000
2001-06-04,21.380000
2001-06-05,19.580000
2001-06-06,20.390000
2001-06-07,19.670000
2001-06-08,19.920000
2001-06-11,20.700000
2001-06-12,20.700000
2001-06-13,21.450000
2001-06-14,23.120000
2001-06-15,22.810000
2001-06-18,23.170000
2001-06-19,22.340000
2001-06-20,21.710000
2001-06-21,19.380000
2001-06-22,20.020000
2001-06-25,20.670000
2001-06-26,21.200000
2001-06-27,20.880000
2001-06-28,20.010000
2001-06-29,19.060000
2001-07-02,18.760000
2001-07-03,18.920000
2001-07-05,20.090000
2001-07-06,21.630000
2001-07-09,22.480000
2001-07-10,23.250000
2001-07-11,24.010000
2001-07-12,22.090000
2001-07-13,21.140000
2001-07-16,22.910000
2001-07-17,22.610000
2001-07-18,23.600000
2001-07-19,22.510000
2001-07-20,22.340000
2001-07-23,23.740000
2001-07-24,25.240000
2001-07-25,24.000000
2001-07-26,23.010000
2001-07-27,22.000000
2001-07-30,22.690000
2001-07-31,21.620000
2001-08-01,20.560000
2001-08-02,20.090000
2001-08-03,19.890000
2001-08-06,21.890000
2001-08-07,21.010000
2001-08-08,22.320000
2001-08-09,21.750000
2001-08-10,20.550000
2001-08-13,20.420000
2001-08-14,20.480000
2001-08-15,20.910000
2001-08-16,21.540000
2001-08-17,23.840000
2001-08-20,22.870000
2001-08-21,24.400000
2001-08-22,22.440000
2001-08-23,22.230000
2001-08-24,19.710000
2001-08-27,20.560000
2001-08-28,22.000000
2001-08-29,23.030000
2001-08-30,25.410000
2001-08-31,24.920000
2001-09-04,25.850000
2001-09-05,26.350000
2001-09-06,28.610000
2001-09-07,30.990000
2001-09-10,31.840000
2001-09-17,41.760000
2001-09-18,38.870000
2001-09-19,40.560000
2001-09-20,43.740000
2001-09-21,42.660000
2001-09-24,37.750000
2001-09-25,35.810000
2001-09-26,35.260000
2001-09-27,34.000000
2001-09-28,31.930000
2001-10-01,32.320000
2001-10-02,31.180000
2001-10-03,31.340000
2001-10-04,31.970000
2001-10-05,33.390000
2001-10-08,35.120000
2001-10-09,34.830000
2001-10-10,31.600000
2001-10-11,31.500000
2001-10-12,35.270000
2001-10-15,35.310000
2001-10-16,32.880000
2001-10-17,35.080000
2001-10-18,34.950000
2001-10-19,34.110000
2001-10-22,32.250000
2001-10-23,32.000000
2001-10-24,30.950000
2001-10-25,29.460000
2001-10-26,28.420000
2001-10-29,31.640000
2001-10-30,33.460000
2001-10-31,33.560000
2001-11-01,32.310000
2001-11-02,30.710000
2001-11-05,30.500000
2001-11-06,28.800000
2001-11-07,29.130000
2001-11-08,28.620000
2001-11-09,27.440000
2001-11-12,29.350000
2001-11-13,26.470000
2001-11-14,26.560000
2001-11-15,25.560000
2001-11-16,25.070000
2001-11-19,24.460000
2001-11-20,24.120000
2001-11-21,24.190000
2001-11-23,23.250000
2001-11-26,23.790000
2001-11-27,24.000000
2001-11-28,25.900000
2001-11-29,25.180000
2001-11-30,23.840000
2001-12-03,25.770000
2001-12-04,24.080000
2001-12-05,23.020000
2001-12-06,23.710000
2001-12-07,23.490000
2001-12-10,25.620000
2001-12-11,25.300000
2001-12-12,24.870000
2001-12-13,25.910000
2001-12-14,24.630000
2001-12-17,24.260000
2001-12-18,23.290000
2001-12-19,22.580000
2001-12-20,23.670000
2001-12-21,22.500000
2001-12-24,22.620000
2001-12-26,22.290000
2001-12-27,21.590000
2001-12-28,21.400000
2001-12-31,23.800000
2002-01-02,22.710000
2002-01-03,21.340000
2002-01-04,20.450000
2002-01-07,21.940000
2002-01-08,21.830000
2002-01-09,22.130000
2002-01-10,22.360000
2002-01-11,22.600000
2002-01-14,23.580000
2002-01-15,22.700000
2002-01-16,23.450000
2002-01-17,22.250000
2002-01-18,22.520000
2002-01-22,23.610000
2002-01-23,21.880000
2002-01-24,21.150000
2002-01-25,21.010000
2002-01-28,21.140000
2002-01-29,24.350000
2002-01-30,23.220000
2002-01-31,21.090000
2002-02-01,21.120000
2002-02-04,24.870000
2002-02-05,25.450000
2002-02-06,26.090000
2002-02-07,25.110000
2002-02-08,23.260000
2002-02-11,21.780000
2002-02-12,21.620000
2002-02-13,20.850000
2002-02-14,21.770000
2002-02-15,22.370000
2002-02-19,24.430000
2002-02-20,22.660000
2002-02-21,23.800000
2002-02-22,22.860000
2002-02-25,21.840000
2002-02-26,21.680000
2002-02-27,21.490000
2002-02-28,21.590000
2002-03-01,19.960000
2002-03-04,20.500000
2002-03-05,20.300000
2002-03-06,19.940000
2002-03-07,20.040000
2002-03-08,19.270000
2002-03-11,19.840000
2002-03-12,19.590000
2002-03-13,19.460000
2002-03-14,19.200000
2002-03-15,18.420000
2002-03-18,18.930000
2002-03-19,18.160000
2002-03-20,18.460000
2002-03-21,18.150000
2002-03-22,17.770000
2002-03-25,18.480000
2002-03-26,18.130000
2002-03-27,17.700000
2002-03-28,17.400000
2002-04-01,18.730000
2002-04-02,19.160000
2002-04-03,20.200000
2002-04-04,19.780000
2002-04-05,19.130000
2002-04-08,19.610000
2002-04-09,19.470000
2002-04-10,18.190000
2002-04-11,20.300000
2002-04-12,19.420000
2002-04-15,19.820000
2002-04-16,18.110000
2002-04-17,18.430000
2002-04-18,19.290000
2002-04-19,18.300000
2002-04-22,19.770000
2002-04-23,20.280000
2002-04-24,20.770000
2002-04-25,20.950000
2002-04-26,22.140000
2002-04-29,24.050000
2002-04-30,21.910000
2002-05-01,20.060000
2002-05-02,20.070000
2002-05-03,20.190000
2002-05-06,22.560000
2002-05-07,21.940000
2002-05-08,20.390000
2002-05-09,21.560000
2002-05-10,22.410000
2002-05-13,20.720000
2002-05-14,19.350000
2002-05-15,19.190000
2002-05-16,18.500000
2002-05-17,17.700000
2002-05-20,19.240000
2002-05-21,20.050000
2002-05-22,19.580000
2002-05-23,18.230000
2002-05-24,18.900000
2002-05-28,20.310000
2002-05-29,20.390000
2002-05-30,20.610000
2002-05-31,19.980000
2002-06-03,23.370000
2002-06-04,23.890000
2002-06-05,22.610000
2002-06-06,24.160000
2002-06-07,23.510000
2002-06-10,23.720000
2002-06-11,24.450000
2002-06-12,24.150000
2002-06-13,25.020000
2002-06-14,25.960000
2002-06-17,24.640000
2002-06-18,24.240000
2002-06-19,26.060000
2002-06-20,27.480000
2002-06-21,27.230000
2002-06-24,26.980000
2002-06-25,27.840000
2002-06-26,28.420000
2002-06-27,26.290000
2002-06-28,25.400000
2002-07-01,27.110000
2002-07-02,28.960000
2002-07-03,29.420000
2002-07-05,27.110000
2002-07-08,28.250000
2002-07-09,30.220000
2002-07-10,34.100000
2002-07-11,33.850000
2002-07-12,32.940000
2002-07-15,35.030000
2002-07-16,36.650000
2002-07-17,35.450000
2002-07-18,35.120000
2002-07-19,38.170000
2002-07-22,41.870000
2002-07-23,44.920000
2002-07-24,39.860000
2002-07-25,39.270000
2002-07-26,35.510000
2002-07-29,31.330000
2002-07-30,31.920000
2002-07-31,32.030000
2002-08-01,36.950000
2002-08-02,41.290000
2002-08-05,45.080000
2002-08-06,42.030000
2002-08-07,38.730000
2002-08-08,36.330000
2002-08-09,35.330000
2002-08-12,37.050000
2002-08-13,35.820000
2002-08-14,32.360000
2002-08-15,29.430000
2002-08-16,28.810000
2002-08-19,28.610000
2002-08-20,29.590000
2002-08-21,28.230000
2002-08-22,27.750000
2002-08-23,29.320000
2002-08-26,29.890000
2002-08-27,30.110000
2002-08-28,33.320000
2002-08-29,33.670000
2002-08-30,32.640000
2002-09-03,39.970000
2002-09-04,37.440000
2002-09-05,38.860000
2002-09-06,36.330000
2002-09-09,36.450000
2002-09-10,35.080000
2002-09-11,34.810000
2002-09-12,37.500000
2002-09-13,35.820000
2002-09-16,36.740000
2002-09-17,38.010000
2002-09-18,37.520000
2002-09-19,40.650000
2002-09-20,38.980000
2002-09-23,39.680000
2002-09-24,40.520000
2002-09-25,37.330000
2002-09-26,34.600000
2002-09-27,36.970000
2002-09-30,39.690000
2002-10-01,34.120000
2002-10-02,36.830000
2002-10-03,37.310000
2002-10-04,39.460000
2002-10-07,42.640000
2002-10-08,41.020000
2002-10-09,42.130000
2002-10-10,37.550000
2002-10-11,35.700000
2002-10-14,36.040000
2002-10-15,34.020000
2002-10-16,36.000000
2002-10-17,34.100000
2002-10-18,33.530000
2002-10-21,33.110000
2002-10-22,34.090000
2002-10-23,33.200000
2002-10-24,34.030000
2002-10-25,30.000000
2002-10-28,31.070000
2002-10-29,32.270000
2002-10-30,31.230000
2002-10-31,31.140000
2002-11-01,29.300000
2002-11-04,30.820000
2002-11-05,31.230000
2002-11-06,30.730000
2002-11-07,31.420000
2002-11-08,29.410000
2002-11-11,31.300000
2002-11-12,30.580000
2002-11-13,31.240000
2002-11-14,28.670000
2002-11-15,26.650000
2002-11-18,27.660000
2002-11-19,27.410000
2002-11-20,25.320000
2002-11-21,23.810000
2002-11-22,23.160000
2002-11-25,24.070000
2002-11-26,25.970000
2002-11-27,27.250000
2002-11-29,27.500000
2002-12-02,27.460000
2002-12-03,28.330000
2002-12-04,28.920000
2002-12-05,30.100000
2002-12-06,28.880000
2002-12-09,30.780000
2002-12-10,28.760000
2002-12-11,27.760000
2002-12-12,27.290000
2002-12-13,28.180000
2002-12-16,26.240000
2002-12-17,26.660000
2002-12-18,28.290000
2002-12-19,30.210000
2002-12-20,26.710000
2002-12-23,26.200000
2002-12-24,26.490000
2002-12-26,27.370000
2002-12-27,29.550000
2002-12-30,29.620000
2002-12-31,28.620000
2003-01-02,25.390000
2003-01-03,24.680000
2003-01-06,24.910000
2003-01-07,25.130000
2003-01-08,25.530000
2003-01-09,24.250000
2003-01-10,24.320000
2003-01-13,24.900000
2003-01-14,24.570000
2003-01-15,25.510000
2003-01-16,25.010000
2003-01-17,25.700000
2003-01-21,27.590000
2003-01-22,29.010000
2003-01-23,27.530000
2003-01-24,31.510000
2003-01-27,34.690000
2003-01-28,31.930000
2003-01-29,31.260000
2003-01-30,31.320000
2003-01-31,31.170000
2003-02-03,31.020000
2003-02-04,32.760000
2003-02-05,33.040000
2003-02-06,33.350000
2003-02-07,34.010000
2003-02-10,33.990000
2003-02-11,33.680000
2003-02-12,34.330000
2003-02-13,33.700000
2003-02-14,32.620000
2003-02-18,31.110000
2003-02-19,31.310000
2003-02-20,31.160000
2003-02-21,30.250000
2003-02-24,31.980000
2003-02-25,31.740000
2003-02-26,31.940000
2003-02-27,30.530000
2003-02-28,29.630000
2003-03-03,30.430000
2003-03-04,31.830000
2003-03-05,30.380000
2003-03-06,31.370000
2003-03-07,31.080000
2003-03-10,33.310000
2003-03-11,33.610000
2003-03-12,33.510000
2003-03-13,31.760000
2003-03-14,30.980000
2003-03-17,31.750000
2003-03-18,30.430000
2003-03-19,31.540000
2003-03-20,30.440000
2003-03-21,28.670000
2003-03-24,30.390000
2003-03-25,28.750000
2003-03-26,28.230000
2003-03-27,27.960000
2003-03-28,27.750000
2003-03-31,29.150000
2003-04-01,28.360000
2003-04-02,28.020000
2003-04-03,28.210000
2003-04-04,29.130000
2003-04-07,28.450000
2003-04-08,27.130000
2003-04-09,27.110000
2003-04-10,25.600000
2003-04-11,24.440000
2003-04-14,23.410000
2003-04-15,22.560000
2003-04-16,22.520000
2003-04-17,21.500000
2003-04-21,21.950000
2003-04-22,20.700000
2003-04-23,20.800000
2003-04-24,20.330000
2003-04-25,20.800000
2003-04-28,20.840000
2003-04-29,20.760000
2003-04-30,21.210000
2003-05-01,21.590000
2003-05-02,20.630000
2003-05-05,21.130000
2003-05-06,20.800000
2003-05-07,21.000000
2003-05-08,21.240000
2003-05-09,19.690000
2003-05-12,19.520000
2003-05-13,19.910000
2003-05-14,20.000000
2003-05-15,19.240000
2003-05-16,18.400000
2003-05-19,20.510000
2003-05-20,21.290000
2003-05-21,21.210000
2003-05-22,19.780000
2003-05-23,19.170000
2003-05-27,19.990000
2003-05-28,20.030000
2003-05-29,20.430000
2003-05-30,19.470000
2003-06-02,20.850000
2003-06-03,20.840000
2003-06-04,20.620000
2003-06-05,20.830000
2003-06-06,21.250000
2003-06-09,22.150000
2003-06-10,20.640000
2003-06-11,20.210000
2003-06-12,20.410000
2003-06-13,20.660000
2003-06-16,20.220000
2003-06-17,20.010000
2003-06-18,19.760000
2003-06-19,19.800000
2003-06-20,19.140000
2003-06-23,20.580000
2003-06-24,20.750000
2003-06-25,20.810000
2003-06-26,19.400000
2003-06-27,19.160000
2003-06-30,19.520000
2003-07-01,19.460000
2003-07-02,19.030000
2003-07-03,19.390000
2003-07-07,20.060000
2003-07-08,19.480000
2003-07-09,18.930000
2003-07-10,19.190000
2003-07-11,18.470000
2003-07-14,19.590000
2003-07-15,19.550000
2003-07-16,19.760000
2003-07-17,20.220000
2003-07-18,19.110000
2003-07-21,19.780000
2003-07-22,19.170000
2003-07-23,18.640000
2003-07-24,18.600000
2003-07-25,17.750000
2003-07-28,18.360000
2003-07-29,18.670000
2003-07-30,18.850000
2003-07-31,19.490000
2003-08-01,20.750000
2003-08-04,21.270000
2003-08-05,22.680000
2003-08-06,21.500000
2003-08-07,20.260000
2003-08-08,19.590000
2003-08-11,19.750000
2003-08-12,17.940000
2003-08-13,18.770000
2003-08-14,18.470000
2003-08-15,18.270000
2003-08-18,18.180000
2003-08-19,17.860000
2003-08-20,17.820000
2003-08-21,17.840000
2003-08-22,18.550000
2003-08-25,19.530000
2003-08-26,19.490000
2003-08-27,19.130000
2003-08-28,18.480000
2003-08-29,18.630000
2003-09-02,19.020000
2003-09-03,19.440000
2003-09-04,18.710000
2003-09-05,18.170000
2003-09-08,18.260000
2003-09-09,18.850000
2003-09-10,20.010000
2003-09-11,19.250000
2003-09-12,18.680000
2003-09-15,19.280000
2003-09-16,18.030000
2003-09-17,18.150000
2003-09-18,17.570000
2003-09-19,17.540000
2003-09-22,19.650000
2003-09-23,19.470000
2003-09-24,21.220000
2003-09-25,22.260000
2003-09-26,22.230000
2003-09-29,21.670000
2003-09-30,22.720000
2003-10-01,21.070000
2003-10-02,20.800000
2003-10-03,19.500000
2003-10-06,19.510000
2003-10-07,19.410000
2003-10-08,19.180000
2003-10-09,18.820000
2003-10-10,18.450000
2003-10-13,17.550000
2003-10-14,17.370000
2003-10-15,17.690000
2003-10-16,17.190000
2003-10-17,17.620000
2003-10-20,17.040000
2003-10-21,16.550000
2003-10-22,17.670000
2003-10-23,17.680000
2003-10-24,17.710000
2003-10-27,18.050000
2003-10-28,16.820000
2003-10-29,16.430000
2003-10-30,16.330000
2003-10-31,16.100000
2003-11-03,16.550000
2003-11-04,16.550000
2003-11-05,16.860000
2003-11-06,16.740000
2003-11-07,16.930000
2003-11-10,17.620000
2003-11-11,17.540000
2003-11-12,16.750000
2003-11-13,16.470000
2003-11-14,16.940000
2003-11-17,18.600000
2003-11-18,19.110000
2003-11-19,18.800000
2003-11-20,19.480000
2003-11-21,18.980000
2003-11-24,17.440000
2003-11-25,16.710000
2003-11-26,16.230000
2003-11-28,16.320000
2003-12-01,16.770000
2003-12-02,16.270000
2003-12-03,16.630000
2003-12-04,16.300000
2003-12-05,17.090000
2003-12-08,16.540000
2003-12-09,17.630000
2003-12-10,17.870000
2003-12-11,16.730000
2003-12-12,16.410000
2003-12-15,17.230000
2003-12-16,15.930000
2003-12-17,15.580000
2003-12-18,16.160000
2003-12-19,16.420000
2003-12-22,16.940000
2003-12-23,16.490000
2003-12-24,16.660000
2003-12-26,17.450000
2003-12-29,17.090000
2003-12-30,17.680000
2003-12-31,18.310000
2004-01-02,18.220000
2004-01-05,17.490000
2004-01-06,16.730000
2004-01-07,15.500000
2004-01-08,15.610000
2004-01-09,16.750000
2004-01-12,16.820000
2004-01-13,18.040000
2004-01-14,16.750000
2004-01-15,15.560000
2004-01-16,15.000000
2004-01-20,15.210000
2004-01-21,14.340000
2004-01-22,14.710000
2004-01-23,14.840000
2004-01-26,14.550000
2004-01-27,15.350000
2004-01-28,16.780000
2004-01-29,17.140000
2004-01-30,16.630000
2004-02-02,17.110000
2004-02-03,17.340000
2004-02-04,17.870000
2004-02-05,17.710000
2004-02-06,16.000000
2004-02-09,16.390000
2004-02-10,15.940000
2004-02-11,15.390000
2004-02-12,15.310000
2004-02-13,15.580000
2004-02-17,15.400000
2004-02-18,15.590000
2004-02-19,15.800000
2004-02-20,16.040000
2004-02-23,16.290000
2004-02-24,15.900000
2004-02-25,14.930000
2004-02-26,14.830000
2004-02-27,14.550000
2004-03-01,14.440000
2004-03-02,14.860000
2004-03-03,14.550000
2004-03-04,14.400000
2004-03-05,14.480000
2004-03-08,15.790000
2004-03-09,16.600000
2004-03-10,18.670000
2004-03-11,20.670000
2004-03-12,18.300000
2004-03-15,21.130000
2004-03-16,20.340000
2004-03-17,18.110000
2004-03-18,18.530000
2004-03-19,19.150000
2004-03-22,21.580000
2004-03-23,20.670000
2004-03-24,19.810000
2004-03-25,17.880000
2004-03-26,17.330000
2004-03-29,16.500000
2004-03-30,16.280000
2004-03-31,16.740000
2004-04-01,16.650000
2004-04-02,15.640000
2004-04-05,14.970000
2004-04-06,15.320000
2004-04-07,15.760000
2004-04-08,16.260000
2004-04-12,15.280000
2004-04-13,17.260000
2004-04-14,15.620000
2004-04-15,15.740000
2004-04-16,14.940000
2004-04-19,15.420000
2004-04-20,16.670000
2004-04-21,15.600000
2004-04-22,14.610000
2004-04-23,14.010000
2004-04-26,14.770000
2004-04-27,15.070000
2004-04-28,16.290000
2004-04-29,16.600000
2004-04-30,17.190000
2004-05-03,16.620000
2004-05-04,16.550000
2004-05-05,15.770000
2004-05-06,17.050000
2004-05-07,18.130000
2004-05-10,19.770000
2004-05-11,18.570000
2004-05-12,18.140000
2004-05-13,18.860000
2004-05-14,18.470000
2004-05-17,19.960000
2004-05-18,19.330000
2004-05-19,18.930000
2004-05-20,18.670000
2004-05-21,18.490000
2004-05-24,18.080000
2004-05-25,15.960000
2004-05-26,15.970000
2004-05-27,15.280000
2004-05-28,15.500000
2004-06-01,16.300000
2004-06-02,16.080000
2004-06-03,17.030000
2004-06-04,16.780000
2004-06-07,15.390000
2004-06-08,15.010000
2004-06-09,15.390000
2004-06-10,15.040000
2004-06-11,15.040000
2004-06-14,16.070000
2004-06-15,15.050000
2004-06-16,14.790000
2004-06-17,15.150000
2004-06-18,14.990000
2004-06-21,15.260000
2004-06-22,14.310000
2004-06-23,13.980000
2004-06-24,14.810000
2004-06-25,15.190000
2004-06-28,16.070000
2004-06-29,15.470000
2004-06-30,14.340000
2004-07-01,15.200000
2004-07-02,15.080000
2004-07-06,16.250000
2004-07-07,15.810000
2004-07-08,16.200000
2004-07-09,15.780000
2004-07-12,14.960000
2004-07-13,14.460000
2004-07-14,13.760000
2004-07-15,14.710000
2004-07-16,14.340000
2004-07-19,15.170000
2004-07-20,14.170000
2004-07-21,16.410000
2004-07-22,15.750000
2004-07-23,16.500000
2004-07-26,17.300000
2004-07-27,16.550000
2004-07-28,16.150000
2004-07-29,15.680000
2004-07-30,15.320000
2004-08-02,15.370000
2004-08-03,16.030000
2004-08-04,16.210000
2004-08-05,18.320000
2004-08-06,19.340000
2004-08-09,18.890000
2004-08-10,17.470000
2004-08-11,18.040000
2004-08-12,19.080000
2004-08-13,17.980000
2004-08-16,17.570000
2004-08-17,17.020000
2004-08-18,16.230000
2004-08-19,16.960000
2004-08-20,16.000000
2004-08-23,15.880000
2004-08-24,15.330000
2004-08-25,14.980000
2004-08-26,14.910000
2004-08-27,14.710000
2004-08-30,15.440000
2004-08-31,15.290000
2004-09-01,14.910000
2004-09-02,14.280000
2004-09-03,13.910000
2004-09-07,14.070000
2004-09-08,14.060000
2004-09-09,14.010000
2004-09-10,13.760000
2004-09-13,13.170000
2004-09-14,13.560000
2004-09-15,14.640000
2004-09-16,14.390000
2004-09-17,14.030000
2004-09-20,14.430000
2004-09-21,13.660000
2004-09-22,14.740000
2004-09-23,14.800000
2004-09-24,14.280000
2004-09-27,14.620000
2004-09-28,13.830000
2004-09-29,13.210000
2004-09-30,13.340000
2004-10-01,12.750000
2004-10-04,13.410000
2004-10-05,13.950000
2004-10-06,13.280000
2004-10-07,14.500000
2004-10-08,15.050000
2004-10-11,14.710000
2004-10-12,15.050000
2004-10-13,15.420000
2004-10-14,16.430000
2004-10-15,15.040000
2004-10-18,14.710000
2004-10-19,15.130000
2004-10-20,14.850000
2004-10-21,14.540000
2004-10-22,15.280000
2004-10-25,16.580000
2004-10-26,16.390000
2004-10-27,15.720000
2004-10-28,15.390000
2004-10-29,16.270000
2004-11-01,16.270000
2004-11-02,16.180000
2004-11-03,14.040000
2004-11-04,13.970000
2004-11-05,13.840000
2004-11-08,13.800000
2004-11-09,13.610000
2004-11-10,13.080000
2004-11-11,13.040000
2004-11-12,13.330000
2004-11-15,13.380000
2004-11-16,13.210000
2004-11-17,13.210000
2004-11-18,12.980000
2004-11-19,13.500000
2004-11-22,12.970000
2004-11-23,12.670000
2004-11-24,12.720000
2004-11-26,12.790000
2004-11-29,13.300000
2004-11-30,13.240000
2004-12-01,12.970000
2004-12-02,12.980000
2004-12-03,12.960000
2004-12-06,13.190000
2004-12-07,13.670000
2004-12-08,13.190000
2004-12-09,12.880000
2004-12-10,12.760000
2004-12-13,12.540000
2004-12-14,12.730000
2004-12-15,12.350000
2004-12-16,12.270000
2004-12-17,11.950000
2004-12-20,11.830000
2004-12-21,11.550000
2004-12-22,11.450000
2004-12-23,11.230000
2004-12-27,12.140000
2004-12-28,12.000000
2004-12-29,11.620000
2004-12-30,12.560000
2004-12-31,13.290000
2005-01-03,14.080000
2005-01-04,13.980000
2005-01-05,14.090000
2005-01-06,13.580000
2005-01-07,13.490000
2005-01-10,13.230000
2005-01-11,13.190000
2005-01-12,12.560000
2005-01-13,12.840000
2005-01-14,12.430000
2005-01-18,12.470000
2005-01-19,13.180000
2005-01-20,13.830000
2005-01-21,14.360000
2005-01-24,14.650000
2005-01-25,14.060000
2005-01-26,13.440000
2005-01-27,13.240000
2005-01-28,13.240000
2005-01-31,12.820000
2005-02-01,12.030000
2005-02-02,11.660000
2005-02-03,11.790000
2005-02-04,11.210000
2005-02-07,11.730000
2005-02-08,11.600000
2005-02-09,12.000000
2005-02-10,11.510000
2005-02-11,11.430000
2005-02-14,11.520000
2005-02-15,11.270000
2005-02-16,11.100000
2005-02-17,11.770000
2005-02-18,11.180000
2005-02-22,13.140000
2005-02-23,12.390000
2005-02-24,11.570000
2005-02-25,11.490000
2005-02-28,12.080000
2005-03-01,12.040000
2005-03-02,12.500000
2005-03-03,12.930000
2005-03-04,11.940000
2005-03-07,12.260000
2005-03-08,12.400000
2005-03-09,12.700000
2005-03-10,12.490000
2005-03-11,12.800000
2005-03-14,12.390000
2005-03-15,13.150000
2005-03-16,13.490000
2005-03-17,13.290000
2005-03-18,13.140000
2005-03-21,13.610000
2005-03-22,14.270000
2005-03-23,14.060000
2005-03-24,13.420000
2005-03-28,13.750000
2005-03-29,14.490000
2005-03-30,13.640000
2005-03-31,14.020000
2005-04-01,14.090000
2005-04-04,14.110000
2005-04-05,13.680000
2005-04-06,13.150000
2005-04-07,12.330000
2005-04-08,12.620000
2005-04-11,11.980000
2005-04-12,11.300000
2005-04-13,13.310000
2005-04-14,14.530000
2005-04-15,17.740000
2005-04-18,16.560000
2005-04-19,14.960000
2005-04-20,16.920000
2005-04-21,14.410000
2005-04-22,15.380000
2005-04-25,14.620000
2005-04-26,14.910000
2005-04-27,14.870000
2005-04-28,16.860000
2005-04-29,15.310000
2005-05-02,15.120000
2005-05-03,14.530000
2005-05-04,13.850000
2005-05-05,13.980000
2005-05-06,14.050000
2005-05-09,13.750000
2005-05-10,14.910000
2005-05-11,14.450000
2005-05-12,16.120000
2005-05-13,16.320000
2005-05-16,15.680000
2005-05-17,14.570000
2005-05-18,13.630000
2005-05-19,13.320000
2005-05-20,13.140000
2005-05-23,12.950000
2005-05-24,12.690000
2005-05-25,12.580000
2005-05-26,12.240000
2005-05-27,12.150000
2005-05-31,13.290000
2005-06-01,12.360000
2005-06-02,11.840000
2005-06-03,12.150000
2005-06-06,12.280000
2005-06-07,12.390000
2005-06-08,12.700000
2005-06-09,12.080000
2005-06-10,11.960000
2005-06-13,11.650000
2005-06-14,11.790000
2005-06-15,11.460000
2005-06-16,11.150000
2005-06-17,11.480000
2005-06-20,11.470000
2005-06-21,11.080000
2005-06-22,11.050000
2005-06-23,12.130000
2005-06-24,12.180000
2005-06-27,12.520000
2005-06-28,11.580000
2005-06-29,11.770000
2005-06-30,12.040000
2005-07-01,11.400000
2005-07-05,11.680000
2005-07-06,12.270000
2005-07-07,12.490000
2005-07-08,11.450000
2005-07-11,11.280000
2005-07-12,10.950000
2005-07-13,10.840000
2005-07-14,10.810000
2005-07-15,10.330000
2005-07-18,10.770000
2005-07-19,10.450000
2005-07-20,10.230000
2005-07-21,10.970000
2005-07-22,10.520000
2005-07-25,11.100000
2005-07-26,10.990000
2005-07-27,10.360000
2005-07-28,10.520000
2005-07-29,11.570000
2005-08-01,12.080000
2005-08-02,11.750000
2005-08-03,11.830000
2005-08-04,12.520000
2005-08-05,12.480000
2005-08-08,13.210000
2005-08-09,12.400000
2005-08-10,12.380000
2005-08-11,12.420000
2005-08-12,12.740000
2005-08-15,12.260000
2005-08-16,13.520000
2005-08-17,13.300000
2005-08-18,13.420000
2005-08-19,13.420000
2005-08-22,13.420000
2005-08-23,13.340000
2005-08-24,14.170000
2005-08-25,13.730000
2005-08-26,13.720000
2005-08-29,13.520000
2005-08-30,13.650000
2005-08-31,12.600000
2005-09-01,13.150000
2005-09-02,13.570000
2005-09-06,12.930000
2005-09-07,12.520000
2005-09-08,12.930000
2005-09-09,11.980000
2005-09-12,11.650000
2005-09-13,12.390000
2005-09-14,12.910000
2005-09-15,12.490000
2005-09-16,11.220000
2005-09-19,12.140000
2005-09-20,12.640000
2005-09-21,13.790000
2005-09-22,13.330000
2005-09-23,12.960000
2005-09-26,13.040000
2005-09-27,12.760000
2005-09-28,12.630000
2005-09-29,12.240000
2005-09-30,11.920000
2005-10-03,12.460000
2005-10-04,13.200000
2005-10-05,14.550000
2005-10-06,14.960000
2005-10-07,14.590000
2005-10-10,15.550000
2005-10-11,15.630000
2005-10-12,16.220000
2005-10-13,16.470000
2005-10-14,14.870000
2005-10-17,14.670000
2005-10-18,15.330000
2005-10-19,13.500000
2005-10-20,16.110000
2005-10-21,16.130000
2005-10-24,14.740000
2005-10-25,14.530000
2005-10-26,14.590000
2005-10-27,16.020000
2005-10-28,14.250000
2005-10-31,15.320000
2005-11-01,14.850000
2005-11-02,13.480000
2005-11-03,13.000000
2005-11-04,13.170000
2005-11-07,13.100000
2005-11-08,13.080000
2005-11-09,12.800000
2005-11-10,11.900000
2005-11-11,11.630000
2005-11-14,12.180000
2005-11-15,12.230000
2005-11-16,12.260000
2005-11-17,11.250000
2005-11-18,11.120000
2005-11-21,10.820000
2005-11-22,10.600000
2005-11-23,10.960000
2005-11-25,10.880000
2005-11-28,11.840000
2005-11-29,11.890000
2005-11-30,12.060000
2005-12-01,11.240000
2005-12-02,11.010000
2005-12-05,11.600000
2005-12-06,11.520000
2005-12-07,12.180000
2005-12-08,12.210000
2005-12-09,11.690000
2005-12-12,11.470000
2005-12-13,11.110000
2005-12-14,10.480000
2005-12-15,10.730000
2005-12-16,10.680000
2005-12-19,11.380000
2005-12-20,11.190000
2005-12-21,10.810000
2005-12-22,10.290000
2005-12-23,10.270000
2005-12-27,11.570000
2005-12-28,11.350000
2005-12-29,11.610000
2005-12-30,12.070000
2006-01-03,11.140000
2006-01-04,11.370000
2006-01-05,11.310000
2006-01-06,11.000000
2006-01-09,11.130000
2006-01-10,10.860000
2006-01-11,10.940000
2006-01-12,11.200000
2006-01-13,11.230000
2006-01-17,11.910000
2006-01-18,12.250000
2006-01-19,11.980000
2006-01-20,14.560000
2006-01-23,13.930000
2006-01-24,13.310000
2006-01-25,12.870000
2006-01-26,12.420000
2006-01-27,11.970000
2006-01-30,12.390000
2006-01-31,12.950000
2006-02-01,12.360000
2006-02-02,13.230000
2006-02-03,12.960000
2006-02-06,13.040000
2006-02-07,13.590000
2006-02-08,12.830000
2006-02-09,13.120000
2006-02-10,12.870000
2006-02-13,13.350000
2006-02-14,12.250000
2006-02-15,12.310000
2006-02-16,11.480000
2006-02-17,12.010000
2006-02-21,12.410000
2006-02-22,11.880000
2006-02-23,11.870000
2006-02-24,11.460000
2006-02-27,11.590000
2006-02-28,12.340000
2006-03-01,11.540000
2006-03-02,11.720000
2006-03-03,11.960000
2006-03-06,12.740000
2006-03-07,12.660000
2006-03-08,12.320000
2006-03-09,12.680000
2006-03-10,11.850000
2006-03-13,11.370000
2006-03-14,10.740000
2006-03-15,11.350000
2006-03-16,11.980000
2006-03-17,12.120000
2006-03-20,11.790000
2006-03-21,11.620000
2006-03-22,11.210000
2006-03-23,11.170000
2006-03-24,11.190000
2006-03-27,11.460000
2006-03-28,11.580000
2006-03-29,10.950000
2006-03-30,11.570000
2006-03-31,11.390000
2006-04-03,11.570000
2006-04-04,11.140000
2006-04-05,11.130000
2006-04-06,11.450000
2006-04-07,12.260000
2006-04-10,12.190000
2006-04-11,13.000000
2006-04-12,12.760000
2006-04-13,12.380000
2006-04-17,12.580000
2006-04-18,11.400000
2006-04-19,11.320000
2006-04-20,11.640000
2006-04-21,11.590000
2006-04-24,11.750000
2006-04-25,11.750000
2006-04-26,11.760000
2006-04-27,11.840000
2006-04-28,11.590000
2006-05-01,12.540000
2006-05-02,11.990000
2006-05-03,11.990000
2006-05-04,11.860000
2006-05-05,11.620000
2006-05-08,12.000000
2006-05-09,11.990000
2006-05-10,11.780000
2006-05-11,12.490000
2006-05-12,14.190000
2006-05-15,13.570000
2006-05-16,13.350000
2006-05-17,16.260000
2006-05-18,16.990000
2006-05-19,17.180000
2006-05-22,17.720000
2006-05-23,18.260000
2006-05-24,17.360000
2006-05-25,15.500000
2006-05-26,14.260000
2006-05-30,18.660000
2006-05-31,16.440000
2006-06-01,14.520000
2006-06-02,14.320000
2006-06-05,16.650000
2006-06-06,17.340000
2006-06-07,17.800000
2006-06-08,18.350000
2006-06-09,18.120000
2006-06-12,20.960000
2006-06-13,23.810000
2006-06-14,21.460000
2006-06-15,15.900000
2006-06-16,17.250000
2006-06-19,17.830000
2006-06-20,16.690000
2006-06-21,15.520000
2006-06-22,15.880000
2006-06-23,15.890000
2006-06-26,15.620000
2006-06-27,16.400000
2006-06-28,15.790000
2006-06-29,13.030000
2006-06-30,13.080000
2006-07-03,13.050000
2006-07-05,14.150000
2006-07-06,13.650000
2006-07-07,13.970000
2006-07-10,14.020000
2006-07-11,13.140000
2006-07-12,14.490000
2006-07-13,17.790000
2006-07-14,18.050000
2006-07-17,18.640000
2006-07-18,17.740000
2006-07-19,15.550000
2006-07-20,16.210000
2006-07-21,17.400000
2006-07-24,14.980000
2006-07-25,14.850000
2006-07-26,14.620000
2006-07-27,14.940000
2006-07-28,14.330000
2006-07-31,14.950000
2006-08-01,15.050000
2006-08-02,14.340000
2006-08-03,14.460000
2006-08-04,14.340000
2006-08-07,15.230000
2006-08-08,15.230000
2006-08-09,15.200000
2006-08-10,14.460000
2006-08-11,14.300000
2006-08-14,14.260000
2006-08-15,13.420000
2006-08-16,12.410000
2006-08-17,12.240000
2006-08-18,11.640000
2006-08-21,12.220000
2006-08-22,12.190000
2006-08-23,12.400000
2006-08-24,12.400000
2006-08-25,12.310000
2006-08-28,12.180000
2006-08-29,12.280000
2006-08-30,12.220000
2006-08-31,12.310000
2006-09-01,11.960000
2006-09-05,12.630000
2006-09-06,13.740000
2006-09-07,13.880000
2006-09-08,13.160000
2006-09-11,12.990000
2006-09-12,11.920000
2006-09-13,11.180000
2006-09-14,11.550000
2006-09-15,11.760000
2006-09-18,11.780000
2006-09-19,11.980000
2006-09-20,11.390000
2006-09-21,12.250000
2006-09-22,12.590000
2006-09-25,12.120000
2006-09-26,11.530000
2006-09-27,11.580000
2006-09-28,11.720000
2006-09-29,11.980000
2006-10-02,12.570000
2006-10-03,12.240000
2006-10-04,11.860000
2006-10-05,11.980000
2006-10-06,11.560000
2006-10-09,11.680000
2006-10-10,11.520000
2006-10-11,11.620000
2006-10-12,11.090000
2006-10-13,10.750000
2006-10-16,11.090000
2006-10-17,11.730000
2006-10-18,11.340000
2006-10-19,10.900000
2006-10-20,10.630000
2006-10-23,11.080000
2006-10-24,10.780000
2006-10-25,10.660000
2006-10-26,10.560000
2006-10-27,10.800000
2006-10-30,11.200000
2006-10-31,11.100000
2006-11-01,11.510000
2006-11-02,11.420000
2006-11-03,11.160000
2006-11-06,11.160000
2006-11-07,11.090000
2006-11-08,10.750000
2006-11-09,11.010000
2006-11-10,10.790000
2006-11-13,10.860000
2006-11-14,10.500000
2006-11-15,10.310000
2006-11-16,10.160000
2006-11-17,10.050000
2006-11-20,9.970000
2006-11-21,9.900000
2006-11-22,10.140000
2006-11-24,10.730000
2006-11-27,12.300000
2006-11-28,11.620000
2006-11-29,10.830000
2006-11-30,10.910000
2006-12-01,11.660000
2006-12-04,11.230000
2006-12-05,11.270000
2006-12-06,11.330000
2006-12-07,12.670000
2006-12-08,12.070000
2006-12-11,10.710000
2006-12-12,10.650000
2006-12-13,10.180000
2006-12-14,9.970000
2006-12-15,10.050000
2006-12-18,10.600000
2006-12-19,10.300000
2006-12-20,10.260000
2006-12-21,10.530000
2006-12-22,11.360000
2006-12-26,11.260000
2006-12-27,10.640000
2006-12-28,10.990000
2006-12-29,11.560000
2007-01-03,12.040000
2007-01-04,11.510000
2007-01-05,12.140000
2007-01-08,12.000000
2007-01-09,11.910000
2007-01-10,11.470000
2007-01-11,10.870000
2007-01-12,10.150000
2007-01-16,10.740000
2007-01-17,10.590000
2007-01-18,10.850000
2007-01-19,10.400000
2007-01-22,10.770000
2007-01-23,10.340000
2007-01-24,9.890000
2007-01-25,11.220000
2007-01-26,11.130000
2007-01-29,11.450000
2007-01-30,10.960000
2007-01-31,10.420000
2007-02-01,10.310000
2007-02-02,10.080000
2007-02-05,10.550000
2007-02-06,10.650000
2007-02-07,10.320000
2007-02-08,10.440000
2007-02-09,11.100000
2007-02-12,11.610000
2007-02-13,10.340000
2007-02-14,10.230000
2007-02-15,10.220000
2007-02-16,10.020000
2007-02-20,10.240000
2007-02-21,10.200000
2007-02-22,10.180000
2007-02-23,10.580000
2007-02-26,11.150000
2007-02-27,18.310000
2007-02-28,15.420000
2007-03-01,15.820000
2007-03-02,18.610000
2007-03-05,19.630000
2007-03-06,15.960000
2007-03-07,15.240000
2007-03-08,14.290000
2007-03-09,14.090000
2007-03-12,13.990000
2007-03-13,18.130000
2007-03-14,17.270000
2007-03-15,16.430000
2007-03-16,16.790000
2007-03-19,14.590000
2007-03-20,13.270000
2007-03-21,12.190000
2007-03-22,12.930000
2007-03-23,12.950000
2007-03-26,13.160000
2007-03-27,13.480000
2007-03-28,14.980000
2007-03-29,15.140000
2007-03-30,14.640000
2007-04-02,14.530000
2007-04-03,13.460000
2007-04-04,13.240000
2007-04-05,13.230000
2007-04-09,13.140000
2007-04-10,12.680000
2007-04-11,13.490000
2007-04-12,12.710000
2007-04-13,12.200000
2007-04-16,11.980000
2007-04-17,12.140000
2007-04-18,12.420000
2007-04-19,12.540000
2007-04-20,12.070000
2007-04-23,13.040000
2007-04-24,13.120000
2007-04-25,13.210000
2007-04-26,12.790000
2007-04-27,12.450000
2007-04-30,14.220000
2007-05-01,13.510000
2007-05-02,13.080000
2007-05-03,13.090000
2007-05-04,12.910000
2007-05-07,13.150000
2007-05-08,13.210000
2007-05-09,12.880000
2007-05-10,13.600000
2007-05-11,12.950000
2007-05-14,13.960000
2007-05-15,14.010000
2007-05-16,13.500000
2007-05-17,13.510000
2007-05-18,12.760000
2007-05-21,13.300000
2007-05-22,13.060000
2007-05-23,13.240000
2007-05-24,14.080000
2007-05-25,13.340000
2007-05-29,13.530000
2007-05-30,12.830000
2007-05-31,13.050000
2007-06-01,12.780000
2007-06-04,13.290000
2007-06-05,13.630000
2007-06-06,14.870000
2007-06-07,17.060000
2007-06-08,14.840000
2007-06-11,14.710000
2007-06-12,16.670000
2007-06-13,14.730000
2007-06-14,13.640000
2007-06-15,13.940000
2007-06-18,13.420000
2007-06-19,12.850000
2007-06-20,14.670000
2007-06-21,14.210000
2007-06-22,15.750000
2007-06-25,16.650000
2007-06-26,18.890000
2007-06-27,15.530000
2007-06-28,15.540000
2007-06-29,16.230000
2007-07-02,15.400000
2007-07-03,14.920000
2007-07-05,15.480000
2007-07-06,14.720000
2007-07-09,15.160000
2007-07-10,17.570000
2007-07-11,16.640000
2007-07-12,15.540000
2007-07-13,15.150000
2007-07-16,15.590000
2007-07-17,15.630000
2007-07-18,16.000000
2007-07-19,15.230000
2007-07-20,16.950000
2007-07-23,16.810000
2007-07-24,18.550000
2007-07-25,18.100000
2007-07-26,20.740000
2007-07-27,24.170000
2007-07-30,20.870000
2007-07-31,23.520000
2007-08-01,23.670000
2007-08-02,21.220000
2007-08-03,25.160000
2007-08-06,22.940000
2007-08-07,21.560000
2007-08-08,21.450000
2007-08-09,26.480000
2007-08-10,28.300000
2007-08-13,26.570000
2007-08-14,27.680000
2007-08-15,30.670000
2007-08-16,30.830000
2007-08-17,29.990000
2007-08-20,26.330000
2007-08-21,25.250000
2007-08-22,22.890000
2007-08-23,22.620000
2007-08-24,20.720000
2007-08-27,22.720000
2007-08-28,26.300000
2007-08-29,23.810000
2007-08-30,25.060000
2007-08-31,23.380000
2007-09-04,22.780000
2007-09-05,24.580000
2007-09-06,23.990000
2007-09-07,26.230000
2007-09-10,27.380000
2007-09-11,25.270000
2007-09-12,24.960000
2007-09-13,24.760000
2007-09-14,24.920000
2007-09-17,26.480000
2007-09-18,20.350000
2007-09-19,20.030000
2007-09-20,20.450000
2007-09-21,19.000000
2007-09-24,19.370000
2007-09-25,18.600000
2007-09-26,17.630000
2007-09-27,17.000000
2007-09-28,18.000000
2007-10-01,17.840000
2007-10-02,18.490000
2007-10-03,18.800000
2007-10-04,18.440000
2007-10-05,16.910000
2007-10-08,17.460000
2007-10-09,16.120000
2007-10-10,16.670000
2007-10-11,18.880000
2007-10-12,17.730000
2007-10-15,19.250000
2007-10-16,20.020000
2007-10-17,18.540000
2007-10-18,18.500000
2007-10-19,22.960000
2007-10-22,21.640000
2007-10-23,20.410000
2007-10-24,20.800000
2007-10-25,21.170000
2007-10-26,19.560000
2007-10-29,19.870000
2007-10-30,21.070000
2007-10-31,18.530000
2007-11-01,23.210000
2007-11-02,23.010000
2007-11-05,24.310000
2007-11-06,21.390000
2007-11-07,26.490000
2007-11-08,26.160000
2007-11-09,28.500000
2007-11-12,31.090000
2007-11-13,24.100000
2007-11-14,25.940000
2007-11-15,28.060000
2007-11-16,25.490000
2007-11-19,26.010000
2007-11-20,24.880000
2007-11-21,26.840000
2007-11-23,25.610000
2007-11-26,28.910000
2007-11-27,26.280000
2007-11-28,24.110000
2007-11-29,23.970000
2007-11-30,22.870000
2007-12-03,23.610000
2007-12-04,23.790000
2007-12-05,22.530000
2007-12-06,20.960000
2007-12-07,20.850000
2007-12-10,20.740000
2007-12-11,23.590000
2007-12-12,22.470000
2007-12-13,22.560000
2007-12-14,23.270000
2007-12-17,24.520000
2007-12-18,22.640000
2007-12-19,21.680000
2007-12-20,20.580000
2007-12-21,18.470000
2007-12-24,18.600000
2007-12-26,18.660000
2007-12-27,20.260000
2007-12-28,20.740000
2007-12-31,22.500000
2008-01-02,23.170000
2008-01-03,22.490000
2008-01-04,23.940000
2008-01-07,23.790000
2008-01-08,25.430000
2008-01-09,24.120000
2008-01-10,23.450000
2008-01-11,23.680000
2008-01-14,22.900000
2008-01-15,23.340000
2008-01-16,24.380000
2008-01-17,28.460000
2008-01-18,27.180000
2008-01-22,31.010000
2008-01-23,29.020000
2008-01-24,27.780000
2008-01-25,29.080000
2008-01-28,27.780000
2008-01-29,27.320000
2008-01-30,27.620000
2008-01-31,26.200000
2008-02-01,24.020000
2008-02-04,25.990000
2008-02-05,28.240000
2008-02-06,28.970000
2008-02-07,27.660000
2008-02-08,28.010000
2008-02-11,27.600000
2008-02-12,26.330000
2008-02-13,24.880000
2008-02-14,25.540000
2008-02-15,25.020000
2008-02-19,25.590000
2008-02-20,24.400000
2008-02-21,25.120000
2008-02-22,24.060000
2008-02-25,23.030000
2008-02-26,21.900000
2008-02-27,22.690000
2008-02-28,23.530000
2008-02-29,26.540000
2008-03-03,26.280000
2008-03-04,25.520000
2008-03-05,24.600000
2008-03-06,27.550000
2008-03-07,27.490000
2008-03-10,29.380000
2008-03-11,26.360000
2008-03-12,27.220000
2008-03-13,27.290000
2008-03-14,31.160000
2008-03-17,32.240000
2008-03-18,25.790000
2008-03-19,29.840000
2008-03-20,26.620000
2008-03-24,25.730000
2008-03-25,25.720000
2008-03-26,26.080000
2008-03-27,25.880000
2008-03-28,25.710000
2008-03-31,25.610000
2008-04-01,22.680000
2008-04-02,23.430000
2008-04-03,23.210000
2008-04-04,22.450000
2008-04-07,22.420000
2008-04-08,22.360000
2008-04-09,22.810000
2008-04-10,21.980000
2008-04-11,23.460000
2008-04-14,23.820000
2008-04-15,22.780000
2008-04-16,20.530000
2008-04-17,20.370000
2008-04-18,20.130000
2008-04-21,20.500000
2008-04-22,20.870000
2008-04-23,20.260000
2008-04-24,20.060000
2008-04-25,19.590000
2008-04-28,19.640000
2008-04-29,20.240000
2008-04-30,20.790000
2008-05-01,18.880000
2008-05-02,18.180000
2008-05-05,18.900000
2008-05-06,18.210000
2008-05-07,19.730000
2008-05-08,19.400000
2008-05-09,19.410000
2008-05-12,17.790000
2008-05-13,17.980000
2008-05-14,17.660000
2008-05-15,16.300000
2008-05-16,16.470000
2008-05-19,17.010000
2008-05-20,17.580000
2008-05-21,18.590000
2008-05-22,18.050000
2008-05-23,19.550000
2008-05-27,19.640000
2008-05-28,19.070000
2008-05-29,18.140000
2008-05-30,17.830000
2008-06-02,19.830000
2008-06-03,20.240000
2008-06-04,20.800000
2008-06-05,18.630000
2008-06-06,23.560000
2008-06-09,23.120000
2008-06-10,23.180000
2008-06-11,24.120000
2008-06-12,23.330000
2008-06-13,21.220000
2008-06-16,20.950000
2008-06-17,21.130000
2008-06-18,22.240000
2008-06-19,21.580000
2008-06-20,22.870000
2008-06-23,22.640000
2008-06-24,22.420000
2008-06-25,21.140000
2008-06-26,23.930000
2008-06-27,23.440000
2008-06-30,23.950000
2008-07-01,23.650000
2008-07-02,25.920000
2008-07-03,24.790000
2008-07-07,25.780000
2008-07-08,23.150000
2008-07-09,25.230000
2008-07-10,25.590000
2008-07-11,27.490000
2008-07-14,28.480000
2008-07-15,28.540000
2008-07-16,25.100000
2008-07-17,25.010000
2008-07-18,24.050000
2008-07-21,23.050000
2008-07-22,21.180000
2008-07-23,21.310000
2008-07-24,23.440000
2008-07-25,22.910000
2008-07-28,24.230000
2008-07-29,22.030000
2008-07-30,21.210000
2008-07-31,22.940000
2008-08-01,22.570000
2008-08-04,23.490000
2008-08-05,21.140000
2008-08-06,20.230000
2008-08-07,21.150000
2008-08-08,20.660000
2008-08-11,20.120000
2008-08-12,21.170000
2008-08-13,21.550000
2008-08-14,20.340000
2008-08-15,19.580000
2008-08-18,20.980000
2008-08-19,21.280000
2008-08-20,20.420000
2008-08-21,19.820000
2008-08-22,18.810000
2008-08-25,20.970000
2008-08-26,20.490000
2008-08-27,19.760000
2008-08-28,19.430000
2008-08-29,20.650000
2008-09-02,21.990000
2008-09-03,21.430000
2008-09-04,24.030000
2008-09-05,23.060000
2008-09-08,22.640000
2008-09-09,25.470000
2008-09-10,24.520000
2008-09-11,24.390000
2008-09-12,25.660000
2008-09-15,31.700000
2008-09-16,30.300000
2008-09-17,36.220000
2008-09-18,33.100000
2008-09-19,32.070000
2008-09-22,33.850000
2008-09-23,35.720000
2008-09-24,35.190000
2008-09-25,32.820000
2008-09-26,34.740000
2008-09-29,46.720000
2008-09-30,39.390000
2008-10-01,39.810000
2008-10-02,45.260000
2008-10-03,45.140000
2008-10-06,52.050000
2008-10-07,53.680000
2008-10-08,57.530000
2008-10-09,63.920000
2008-10-10,69.950000
2008-10-13,54.990000
2008-10-14,55.130000
2008-10-15,69.250000
2008-10-16,67.610000
2008-10-17,70.330000
2008-10-20,52.970000
2008-10-21,53.110000
2008-10-22,69.650000
2008-10-23,67.800000
2008-10-24,79.130000
2008-10-27,80.060000
2008-10-28,66.960000
2008-10-29,69.960000
2008-10-30,62.900000
2008-10-31,59.890000
2008-11-03,53.680000
2008-11-04,47.730000
2008-11-05,54.560000
2008-11-06,63.680000
2008-11-07,56.100000
2008-11-10,59.980000
2008-11-11,61.440000
2008-11-12,66.460000
2008-11-13,59.830000
2008-11-14,66.310000
2008-11-17,69.150000
2008-11-18,67.640000
2008-11-19,74.260000
2008-11-20,80.860000
2008-11-21,72.670000
2008-11-24,64.700000
2008-11-25,60.900000
2008-11-26,54.920000
2008-11-28,55.840000
2008-12-01,68.510000
2008-12-02,62.980000
2008-12-03,60.720000
2008-12-04,63.640000
2008-12-05,59.930000
2008-12-08,58.490000
2008-12-09,58.910000
2008-12-10,55.730000
2008-12-11,55.780000
2008-12-12,54.280000
2008-12-15,56.760000
2008-12-16,52.370000
2008-12-17,49.840000
2008-12-18,47.340000
2008-12-19,44.930000
2008-12-22,44.560000
2008-12-23,45.020000
2008-12-24,44.210000
2008-12-26,43.380000
2008-12-29,43.900000
2008-12-30,41.630000
2008-12-31,40.000000
2009-01-02,39.190000
2009-01-05,39.080000
2009-01-06,38.560000
2009-01-07,43.390000
2009-01-08,42.560000
2009-01-09,42.820000
2009-01-12,45.840000
2009-01-13,43.270000
2009-01-14,49.140000
2009-01-15,51.000000
2009-01-16,46.110000
2009-01-20,56.650000
2009-01-21,46.420000
2009-01-22,47.290000
2009-01-23,47.270000
2009-01-26,45.690000
2009-01-27,42.250000
2009-01-28,39.660000
2009-01-29,42.630000
2009-01-30,44.840000
2009-02-02,45.520000
2009-02-03,43.060000
2009-02-04,43.850000
2009-02-05,43.730000
2009-02-06,43.370000
2009-02-09,43.640000
2009-02-10,46.670000
2009-02-11,44.530000
2009-02-12,41.250000
2009-02-13,42.930000
2009-02-17,48.660000
2009-02-18,48.460000
2009-02-19,47.080000
2009-02-20,49.300000
2009-02-23,52.620000
2009-02-24,45.490000
2009-02-25,44.670000
2009-02-26,44.660000
2009-02-27,46.350000
2009-03-02,52.650000
2009-03-03,50.930000
2009-03-04,47.560000
2009-03-05,50.170000
2009-03-06,49.330000
2009-03-09,49.680000
2009-03-10,44.370000
2009-03-11,43.610000
2009-03-12,41.180000
2009-03-13,42.360000
2009-03-16,43.740000
2009-03-17,40.800000
2009-03-18,40.060000
2009-03-19,43.680000
2009-03-20,45.890000
2009-03-23,43.230000
2009-03-24,42.930000
2009-03-25,42.250000
2009-03-26,40.360000
2009-03-27,41.040000
2009-03-30,45.540000
2009-03-31,44.140000
2009-04-01,42.280000
2009-04-02,42.040000
2009-04-03,39.700000
2009-04-06,40.930000
2009-04-07,40.390000
2009-04-08,38.850000
2009-04-09,36.530000
2009-04-13,37.810000
2009-04-14,37.670000
2009-04-15,36.170000
2009-04-16,35.790000
2009-04-17,33.940000
2009-04-20,39.180000
2009-04-21,37.140000
2009-04-22,38.100000
2009-04-23,37.150000
2009-04-24,36.820000
2009-04-27,38.320000
2009-04-28,37.950000
2009-04-29,36.080000
2009-04-30,36.500000
2009-05-01,35.300000
2009-05-04,34.530000
2009-05-05,33.360000
2009-05-06,32.450000
2009-05-07,33.440000
2009-05-08,32.050000
2009-05-11,32.870000
2009-05-12,31.800000
2009-05-13,33.650000
2009-05-14,31.370000
2009-05-15,33.120000
2009-05-18,30.240000
2009-05-19,28.800000
2009-05-20,29.030000
2009-05-21,31.350000
2009-05-22,32.630000
2009-05-26,30.620000
2009-05-27,32.360000
2009-05-28,31.670000
2009-05-29,28.920000
2009-06-01,30.040000
2009-06-02,29.630000
2009-06-03,31.020000
2009-06-04,30.180000
2009-06-05,29.620000
2009-06-08,29.770000
2009-06-09,28.270000
2009-06-10,28.460000
2009-06-11,28.110000
2009-06-12,28.150000
2009-06-15,30.810000
2009-06-16,32.680000
2009-06-17,31.540000
2009-06-18,30.030000
2009-06-19,27.990000
2009-06-22,31.170000
2009-06-23,30.580000
2009-06-24,29.050000
2009-06-25,26.360000
2009-06-26,25.930000
2009-06-29,25.350000
2009-06-30,26.350000
2009-07-01,26.220000
2009-07-02,27.950000
2009-07-06,29.000000
2009-07-07,30.850000
2009-07-08,31.300000
2009-07-09,29.780000
2009-07-10,29.020000
2009-07-13,26.310000
2009-07-14,25.020000
2009-07-15,25.890000
2009-07-16,25.420000
2009-07-17,24.340000
2009-07-20,24.400000
2009-07-21,23.870000
2009-07-22,23.470000
2009-07-23,23.430000
2009-07-24,23.090000
2009-07-27,24.280000
2009-07-28,25.010000
2009-07-29,25.610000
2009-07-30,25.400000
2009-07-31,25.920000
2009-08-03,25.560000
2009-08-04,24.890000
2009-08-05,24.900000
2009-08-06,25.670000
2009-08-07,24.760000
2009-08-10,24.990000
2009-08-11,25.990000
2009-08-12,25.450000
2009-08-13,24.710000
2009-08-14,24.270000
2009-08-17,27.890000
2009-08-18,26.180000
2009-08-19,26.260000
2009-08-20,25.090000
2009-08-21,25.010000
2009-08-24,25.140000
2009-08-25,24.920000
2009-08-26,24.950000
2009-08-27,24.680000
2009-08-28,24.760000
2009-08-31,26.010000
2009-09-01,29.150000
2009-09-02,28.900000
2009-09-03,27.100000
2009-09-04,25.260000
2009-09-08,25.620000
2009-09-09,24.320000
2009-09-10,23.550000
2009-09-11,24.150000
2009-09-14,23.860000
2009-09-15,23.420000
2009-09-16,23.690000
2009-09-17,23.650000
2009-09-18,23.920000
2009-09-21,24.060000
2009-09-22,23.080000
2009-09-23,23.490000
2009-09-24,24.950000
2009-09-25,25.610000
2009-09-28,24.880000
2009-09-29,25.190000
2009-09-30,25.610000
2009-10-01,28.270000
2009-10-02,28.680000
2009-10-05,26.840000
2009-10-06,25.700000
2009-10-07,24.680000
2009-10-08,24.180000
2009-10-09,23.120000
2009-10-12,23.010000
2009-10-13,22.990000
2009-10-14,22.860000
2009-10-15,21.720000
2009-10-16,21.430000
2009-10-19,21.490000
2009-10-20,20.900000
2009-10-21,22.220000
2009-10-22,20.690000
2009-10-23,22.270000
2009-10-26,24.310000
2009-10-27,24.830000
2009-10-28,27.910000
2009-10-29,24.760000
2009-10-30,30.690000
2009-11-02,29.780000
2009-11-03,28.810000
2009-11-04,27.720000
2009-11-05,25.430000
2009-11-06,24.190000
2009-11-09,23.150000
2009-11-10,22.840000
2009-11-11,23.040000
2009-11-12,24.240000
2009-11-13,23.360000
2009-11-16,22.890000
2009-11-17,22.410000
2009-11-18,21.630000
2009-11-19,22.630000
2009-11-20,22.190000
2009-11-23,21.160000
2009-11-24,20.470000
2009-11-25,20.480000
2009-11-27,24.850000
2009-11-30,24.510000
2009-12-01,21.920000
2009-12-02,21.120000
2009-12-03,22.460000
2009-12-04,21.250000
2009-12-07,22.100000
2009-12-08,23.690000
2009-12-09,22.660000
2009-12-10,22.320000
2009-12-11,21.590000
2009-12-14,21.150000
2009-12-15,21.490000
2009-12-16,20.540000
2009-12-17,22.510000
2009-12-18,21.680000
2009-12-21,20.490000
2009-12-22,19.540000
2009-12-23,19.710000
2009-12-24,19.470000
2009-12-28,19.930000
2009-12-29,20.010000
2009-12-30,19.960000
2009-12-31,21.680000
2010-01-04,20.040000
2010-01-05,19.350000
2010-01-06,19.160000
2010-01-07,19.060000
2010-01-08,18.130000
2010-01-11,17.550000
2010-01-12,18.250000
2010-01-13,17.850000
2010-01-14,17.630000
2010-01-15,17.910000
2010-01-19,17.580000
2010-01-20,18.680000
2010-01-21,22.270000
2010-01-22,27.310000
2010-01-25,25.410000
2010-01-26,24.550000
2010-01-27,23.140000
2010-01-28,23.730000
2010-01-29,24.620000
2010-02-01,22.590000
2010-02-02,21.480000
2010-02-03,21.600000
2010-02-04,26.080000
2010-02-05,26.110000
2010-02-08,26.510000
2010-02-09,26.000000
2010-02-10,25.400000
2010-02-11,23.960000
2010-02-12,22.730000
2010-02-16,22.250000
2010-02-17,21.720000
2010-02-18,20.630000
2010-02-19,20.020000
2010-02-22,19.940000
2010-02-23,21.370000
2010-02-24,20.270000
2010-02-25,20.100000
2010-02-26,19.500000
2010-03-01,19.260000
2010-03-02,19.060000
2010-03-03,18.830000
2010-03-04,18.720000
2010-03-05,17.420000
2010-03-08,17.790000
2010-03-09,17.920000
2010-03-10,18.570000
2010-03-11,18.060000
2010-03-12,17.580000
2010-03-15,18.000000
2010-03-16,17.690000
2010-03-17,16.910000
2010-03-18,16.620000
2010-03-19,16.970000
2010-03-22,16.870000
2010-03-23,16.350000
2010-03-24,17.550000
2010-03-25,18.400000
2010-03-26,17.770000
2010-03-29,17.590000
2010-03-30,17.130000
2010-03-31,17.590000
2010-04-01,17.470000
2010-04-05,17.020000
2010-04-06,16.230000
2010-04-07,16.620000
2010-04-08,16.480000
2010-04-09,16.140000
2010-04-12,15.580000
2010-04-13,16.200000
2010-04-14,15.590000
2010-04-15,15.890000
2010-04-16,18.360000
2010-04-19,17.340000
2010-04-20,15.730000
2010-04-21,16.320000
2010-04-22,16.470000
2010-04-23,16.620000
2010-04-26,17.470000
2010-04-27,22.810000
2010-04-28,21.080000
2010-04-29,18.440000
2010-04-30,22.050000
2010-05-03,20.190000
2010-05-04,23.840000
2010-05-05,24.910000
2010-05-06,32.800000
2010-05-07,40.950000
2010-05-10,28.840000
2010-05-11,28.320000
2010-05-12,25.520000
2010-05-13,26.680000
2010-05-14,31.240000
2010-05-17,30.840000
2010-05-18,33.550000
2010-05-19,35.320000
2010-05-20,45.790000
2010-05-21,40.100000
2010-05-24,38.320000
2010-05-25,34.610000
2010-05-26,35.020000
2010-05-27,29.680000
2010-05-28,32.070000
2010-06-01,35.540000
2010-06-02,30.170000
2010-06-03,29.460000
2010-06-04,35.480000
2010-06-07,36.570000
2010-06-08,33.700000
2010-06-09,33.730000
2010-06-10,30.570000
2010-06-11,28.790000
2010-06-14,28.580000
2010-06-15,25.870000
2010-06-16,25.920000
2010-06-17,25.050000
2010-06-18,23.950000
2010-06-21,24.880000
2010-06-22,27.050000
2010-06-23,26.910000
2010-06-24,29.740000
2010-06-25,28.530000
2010-06-28,29.000000
2010-06-29,34.130000
2010-06-30,34.540000
2010-07-01,32.860000
2010-07-02,30.120000
2010-07-06,29.650000
2010-07-07,26.840000
2010-07-08,25.710000
2010-07-09,24.980000
2010-07-12,24.430000
2010-07-13,24.560000
2010-07-14,24.890000
2010-07-15,25.140000
2010-07-16,26.250000
2010-07-19,25.970000
2010-07-20,23.930000
2010-07-21,25.640000
2010-07-22,24.630000
2010-07-23,23.470000
2010-07-26,22.730000
2010-07-27,23.190000
2010-07-28,24.250000
2010-07-29,24.130000
2010-07-30,23.500000
2010-08-02,22.010000
2010-08-03,22.630000
2010-08-04,22.210000
2010-08-05,22.100000
2010-08-06,21.740000
2010-08-09,22.140000
2010-08-10,22.370000
2010-08-11,25.390000
2010-08-12,25.730000
2010-08-13,26.240000
2010-08-16,26.100000
2010-08-17,24.330000
2010-08-18,24.590000
2010-08-19,26.440000
2010-08-20,25.490000
2010-08-23,25.660000
2010-08-24,27.460000
2010-08-25,26.700000
2010-08-26,27.370000
2010-08-27,24.450000
2010-08-30,27.210000
2010-08-31,26.050000
2010-09-01,23.890000
2010-09-02,23.190000
2010-09-03,21.310000
2010-09-07,23.800000
2010-09-08,23.250000
2010-09-09,22.810000
2010-09-10,21.990000
2010-09-13,21.210000
2010-09-14,21.560000
2010-09-15,22.100000
2010-09-16,21.720000
2010-09-17,22.010000
2010-09-20,21.500000
2010-09-21,22.350000
2010-09-22,22.510000
2010-09-23,23.870000
2010-09-24,21.710000
2010-09-27,22.540000
2010-09-28,22.600000
2010-09-29,23.250000
2010-09-30,23.700000
2010-10-01,22.500000
2010-10-04,23.530000
2010-10-05,21.760000
2010-10-06,21.490000
2010-10-07,21.560000
2010-10-08,20.710000
2010-10-11,18.960000
2010-10-12,18.930000
2010-10-13,19.070000
2010-10-14,19.880000
2010-10-15,19.030000
2010-10-18,19.090000
2010-10-19,20.630000
2010-10-20,19.790000
2010-10-21,19.270000
2010-10-22,18.780000
2010-10-25,19.850000
2010-10-26,20.220000
2010-10-27,20.710000
2010-10-28,20.880000
2010-10-29,21.200000
2010-11-01,21.830000
2010-11-02,21.570000
2010-11-03,19.560000
2010-11-04,18.520000
2010-11-05,18.260000
2010-11-08,18.290000
2010-11-09,19.080000
2010-11-10,18.470000
2010-11-11,18.640000
2010-11-12,20.610000
2010-11-15,20.200000
2010-11-16,22.580000
2010-11-17,21.760000
2010-11-18,18.750000
2010-11-19,18.040000
2010-11-22,18.370000
2010-11-23,20.630000
2010-11-24,19.560000
2010-11-26,22.220000
2010-11-29,21.530000
2010-11-30,23.540000
2010-12-01,21.360000
2010-12-02,19.390000
2010-12-03,18.010000
2010-12-06,18.020000
2010-12-07,17.990000
2010-12-08,17.740000
2010-12-09,17.250000
2010-12-10,17.610000
2010-12-13,17.550000
2010-12-14,17.610000
2010-12-15,17.940000
2010-12-16,17.390000
2010-12-17,16.110000
2010-12-20,16.410000
2010-12-21,16.490000
2010-12-22,15.450000
2010-12-23,16.470000
2010-12-27,17.670000
2010-12-28,17.520000
2010-12-29,17.280000
2010-12-30,17.520000
2010-12-31,17.750000
2011-01-03,17.610000
2011-01-04,17.380000
2011-01-05,17.020000
2011-01-06,17.400000
2011-01-07,17.140000
2011-01-10,17.540000
2011-01-11,16.890000
2011-01-12,16.240000
2011-01-13,16.390000
2011-01-14,15.460000
2011-01-18,15.870000
2011-01-19,17.310000
2011-01-20,17.990000
2011-01-21,18.470000
2011-01-24,17.650000
2011-01-25,17.590000
2011-01-26,16.640000
2011-01-27,16.150000
2011-01-28,20.040000
2011-01-31,19.530000
2011-02-01,17.630000
2011-02-02,17.300000
2011-02-03,16.690000
2011-02-04,15.930000
2011-02-07,16.280000
2011-02-08,15.810000
2011-02-09,15.870000
2011-02-10,16.090000
2011-02-11,15.690000
2011-02-14,15.950000
2011-02-15,16.370000
2011-02-16,16.720000
2011-02-17,16.590000
2011-02-18,16.430000
2011-02-22,20.800000
2011-02-23,22.130000
2011-02-24,21.320000
2011-02-25,19.220000
2011-02-28,18.350000
2011-03-01,21.010000
2011-03-02,20.700000
2011-03-03,18.600000
2011-03-04,19.060000
2011-03-07,20.660000
2011-03-08,19.820000
2011-03-09,20.220000
2011-03-10,21.880000
2011-03-11,20.080000
2011-03-14,21.130000
2011-03-15,24.320000
2011-03-16,29.400000
2011-03-17,26.370000
2011-03-18,24.440000
2011-03-21,20.610000
2011-03-22,20.210000
2011-03-23,19.170000
2011-03-24,18.000000
2011-03-25,17.910000
2011-03-28,19.440000
2011-03-29,18.160000
2011-03-30,17.710000
2011-03-31,17.740000
2011-04-01,17.400000
2011-04-04,17.500000
2011-04-05,17.250000
2011-04-06,16.900000
2011-04-07,17.110000
2011-04-08,17.870000
2011-04-11,16.590000
2011-04-12,17.090000
2011-04-13,16.920000
2011-04-14,16.270000
2011-04-15,15.320000
2011-04-18,16.960000
2011-04-19,15.830000
2011-04-20,15.070000
2011-04-21,14.690000
2011-04-25,15.770000
2011-04-26,15.620000
2011-04-27,15.350000
2011-04-28,14.620000
2011-04-29,14.750000
2011-05-02,15.990000
2011-05-03,16.700000
2011-05-04,17.080000
2011-05-05,18.200000
2011-05-06,18.400000
2011-05-09,17.160000
2011-05-10,15.910000
2011-05-11,16.950000
2011-05-12,16.030000
2011-05-13,17.070000
2011-05-16,18.240000
2011-05-17,17.550000
2011-05-18,16.230000
2011-05-19,15.520000
2011-05-20,17.430000
2011-05-23,18.270000
2011-05-24,17.820000
2011-05-25,17.070000
2011-05-26,16.090000
2011-05-27,15.980000
2011-05-31,15.450000
2011-06-01,18.300000
2011-06-02,18.090000
2011-06-03,17.950000
2011-06-06,18.490000
2011-06-07,18.070000
2011-06-08,18.790000
2011-06-09,17.770000
2011-06-10,18.860000
2011-06-13,19.610000
2011-06-14,18.260000
2011-06-15,21.320000
2011-06-16,22.730000
2011-06-17,21.850000
2011-06-20,19.990000
2011-06-21,18.860000
2011-06-22,18.520000
2011-06-23,19.290000
2011-06-24,21.100000
2011-06-27,20.560000
2011-06-28,19.170000
2011-06-29,17.270000
2011-06-30,16.520000
2011-07-01,15.870000
2011-07-05,16.060000
2011-07-06,16.340000
2011-07-07,15.950000
2011-07-08,15.950000
2011-07-11,18.390000
2011-07-12,19.870000
2011-07-13,19.910000
2011-07-14,20.800000
2011-07-15,19.530000
2011-07-18,20.950000
2011-07-19,19.210000
2011-07-20,19.090000
2011-07-21,17.560000
2011-07-22,17.520000
2011-07-25,19.350000
2011-07-26,20.230000
2011-07-27,22.980000
2011-07-28,23.740000
2011-07-29,25.250000
2011-08-01,23.660000
2011-08-02,24.790000
2011-08-03,23.380000
2011-08-04,31.660000
2011-08-05,32.000000
2011-08-08,48.000000
2011-08-09,35.060000
2011-08-10,42.990000
2011-08-11,39.000000
2011-08-12,36.360000
2011-08-15,31.870000
2011-08-16,32.850000
2011-08-17,31.580000
2011-08-18,42.670000
2011-08-19,43.050000
2011-08-22,42.440000
2011-08-23,36.270000
2011-08-24,35.900000
2011-08-25,39.760000
2011-08-26,35.590000
2011-08-29,32.280000
2011-08-30,32.890000
2011-08-31,31.620000
2011-09-01,31.820000
2011-09-02,33.920000
2011-09-06,37.000000
2011-09-07,33.380000
2011-09-08,34.320000
2011-09-09,38.520000
2011-09-12,38.590000
2011-09-13,36.910000
2011-09-14,34.600000
2011-09-15,31.970000
2011-09-16,30.980000
2011-09-19,32.730000
2011-09-20,32.860000
2011-09-21,37.320000
2011-09-22,41.350000
2011-09-23,41.250000
2011-09-26,39.020000
2011-09-27,37.710000
2011-09-28,41.080000
2011-09-29,38.840000
2011-09-30,42.960000
2011-10-03,45.450000
2011-10-04,40.820000
2011-10-05,37.810000
2011-10-06,36.270000
2011-10-07,36.200000
2011-10-10,33.020000
2011-10-11,32.860000
2011-10-12,31.260000
2011-10-13,30.700000
2011-10-14,28.240000
2011-10-17,33.390000
2011-10-18,31.560000
2011-10-19,34.440000
2011-10-20,34.780000
2011-10-21,31.320000
2011-10-24,29.260000
2011-10-25,32.220000
2011-10-26,29.860000
2011-10-27,25.460000
2011-10-28,24.530000
2011-10-31,29.960000
2011-11-01,34.770000
2011-11-02,32.740000
2011-11-03,30.500000
2011-11-04,30.160000
2011-11-07,29.850000
2011-11-08,27.480000
2011-11-09,36.160000
2011-11-10,32.810000
2011-11-11,30.040000
2011-11-14,31.130000
2011-11-15,31.220000
2011-11-16,33.510000
2011-11-17,34.510000
2011-11-18,32.000000
2011-11-21,32.910000
2011-11-22,31.970000
2011-11-23,33.980000
2011-11-25,34.470000
2011-11-28,32.130000
2011-11-29,30.640000
2011-11-30,27.800000
2011-12-01,27.410000
2011-12-02,27.520000
2011-12-05,27.840000
2011-12-06,28.130000
2011-12-07,28.670000
2011-12-08,30.590000
2011-12-09,26.380000
2011-12-12,25.670000
2011-12-13,25.410000
2011-12-14,26.040000
2011-12-15,25.110000
2011-12-16,24.290000
2011-12-19,24.920000
2011-12-20,23.220000
2011-12-21,21.430000
2011-12-22,21.160000
2011-12-23,20.730000
2011-12-27,21.910000
2011-12-28,23.520000
2011-12-29,22.650000
2011-12-30,23.400000
2012-01-03,22.970000
2012-01-04,22.220000
2012-01-05,21.480000
2012-01-06,20.630000
2012-01-09,21.070000
2012-01-10,20.690000
2012-01-11,21.050000
2012-01-12,20.470000
2012-01-13,20.910000
2012-01-17,22.200000
2012-01-18,20.890000
2012-01-19,19.870000
2012-01-20,18.280000
2012-01-23,18.670000
2012-01-24,18.910000
2012-01-25,18.310000
2012-01-26,18.570000
2012-01-27,18.530000
2012-01-30,19.400000
2012-01-31,19.440000
2012-02-01,18.550000
2012-02-02,17.980000
2012-02-03,17.100000
2012-02-06,17.760000
2012-02-07,17.650000
2012-02-08,18.160000
2012-02-09,18.630000
2012-02-10,20.790000
2012-02-13,19.040000
2012-02-14,19.540000
2012-02-15,21.140000
2012-02-16,19.220000
2012-02-17,17.780000
2012-02-21,18.190000
2012-02-22,18.190000
2012-02-23,16.800000
2012-02-24,17.310000
2012-02-27,18.190000
2012-02-28,17.960000
2012-02-29,18.430000
2012-03-01,17.260000
2012-03-02,17.290000
2012-03-05,18.050000
2012-03-06,20.870000
2012-03-07,19.070000
2012-03-08,17.950000
2012-03-09,17.110000
2012-03-12,15.640000
2012-03-13,14.800000
2012-03-14,15.310000
2012-03-15,15.420000
2012-03-16,14.470000
2012-03-19,15.040000
2012-03-20,15.580000
2012-03-21,15.130000
2012-03-22,15.570000
2012-03-23,14.820000
2012-03-26,14.260000
2012-03-27,15.590000
2012-03-28,15.470000
2012-03-29,15.480000
2012-03-30,15.500000
2012-04-02,15.640000
2012-04-03,15.660000
2012-04-04,16.440000
2012-04-05,16.700000
2012-04-09,18.810000
2012-04-10,20.390000
2012-04-11,20.020000
2012-04-12,17.200000
2012-04-13,19.550000
2012-04-16,19.550000
2012-04-17,18.460000
2012-04-18,18.640000
2012-04-19,18.360000
2012-04-20,17.440000
2012-04-23,18.970000
2012-04-24,18.100000
2012-04-25,16.820000
2012-04-26,16.240000
2012-04-27,16.320000
2012-04-30,17.150000
2012-05-01,16.600000
2012-05-02,16.880000
2012-05-03,17.560000
2012-05-04,19.160000
2012-05-07,18.940000
2012-05-08,19.050000
2012-05-09,20.080000
2012-05-10,18.830000
2012-05-11,19.890000
2012-05-14,21.870000
2012-05-15,21.970000
2012-05-16,22.270000
2012-05-17,24.490000
2012-05-18,25.100000
2012-05-21,22.010000
2012-05-22,22.480000
2012-05-23,22.330000
2012-05-24,21.540000
2012-05-25,21.760000
2012-05-29,21.030000
2012-05-30,24.140000
2012-05-31,24.060000
2012-06-01,26.660000
2012-06-04,26.120000
2012-06-05,24.680000
2012-06-06,22.160000
2012-06-07,21.720000
2012-06-08,21.230000
2012-06-11,23.560000
2012-06-12,22.090000
2012-06-13,24.270000
2012-06-14,21.680000
2012-06-15,21.110000
2012-06-18,18.320000
2012-06-19,18.380000
2012-06-20,17.240000
2012-06-21,20.080000
2012-06-22,18.110000
2012-06-25,20.380000
2012-06-26,19.720000
2012-06-27,19.450000
2012-06-28,19.710000
2012-06-29,17.080000
2012-07-02,16.800000
2012-07-03,16.660000
2012-07-05,17.500000
2012-07-06,17.100000
2012-07-09,17.980000
2012-07-10,18.720000
2012-07-11,17.950000
2012-07-12,18.330000
2012-07-13,16.740000
2012-07-16,17.110000
2012-07-17,16.480000
2012-07-18,16.160000
2012-07-19,15.450000
2012-07-20,16.270000
2012-07-23,18.620000
2012-07-24,20.470000
2012-07-25,19.340000
2012-07-26,17.530000
2012-07-27,16.700000
2012-07-30,18.030000
2012-07-31,18.930000
2012-08-01,18.960000
2012-08-02,17.570000
2012-08-03,15.640000
2012-08-06,15.950000
2012-08-07,15.990000
2012-08-08,15.320000
2012-08-09,15.280000
2012-08-10,14.740000
2012-08-13,13.700000
2012-08-14,14.850000
2012-08-15,14.630000
2012-08-16,14.290000
2012-08-17,13.450000
2012-08-20,14.020000
2012-08-21,15.020000
2012-08-22,15.110000
2012-08-23,15.960000
2012-08-24,15.180000
2012-08-27,16.350000
2012-08-28,16.490000
2012-08-29,17.060000
2012-08-30,17.830000
2012-08-31,17.470000
2012-09-04,17.980000
2012-09-05,17.740000
2012-09-06,15.600000
2012-09-07,14.380000
2012-09-10,16.280000
2012-09-11,16.410000
2012-09-12,15.800000
2012-09-13,14.050000
2012-09-14,14.510000
2012-09-17,14.590000
2012-09-18,14.180000
2012-09-19,13.880000
2012-09-20,14.070000
2012-09-21,13.980000
2012-09-24,14.150000
2012-09-25,15.430000
2012-09-26,16.810000
2012-09-27,14.840000
2012-09-28,15.730000
2012-10-01,16.320000
2012-10-02,15.710000
2012-10-03,15.430000
2012-10-04,14.550000
2012-10-05,14.330000
2012-10-08,15.110000
2012-10-09,16.370000
2012-10-10,16.290000
2012-10-11,15.590000
2012-10-12,16.140000
2012-10-15,15.270000
2012-10-16,15.220000
2012-10-17,15.070000
2012-10-18,15.030000
2012-10-19,17.060000
2012-10-22,16.620000
2012-10-23,18.830000
2012-10-24,18.330000
2012-10-25,18.120000
2012-10-26,17.810000
2012-10-31,18.600000
2012-11-01,16.690000
2012-11-02,17.590000
2012-11-05,18.420000
2012-11-06,17.580000
2012-11-07,19.080000
2012-11-08,18.490000
2012-11-09,18.610000
2012-11-12,16.680000
2012-11-13,16.650000
2012-11-14,17.920000
2012-11-15,17.990000
2012-11-16,16.410000
2012-11-19,15.240000
2012-11-20,15.080000
2012-11-21,15.310000
2012-11-23,15.140000
2012-11-26,15.500000
2012-11-27,15.920000
2012-11-28,15.510000
2012-11-29,15.060000
2012-11-30,15.870000
2012-12-03,16.640000
2012-12-04,17.120000
2012-12-05,16.460000
2012-12-06,16.580000
2012-12-07,15.900000
2012-12-10,16.050000
2012-12-11,15.570000
2012-12-12,15.950000
2012-12-13,16.560000
2012-12-14,17.000000
2012-12-17,16.340000
2012-12-18,15.570000
2012-12-19,17.360000
2012-12-20,17.670000
2012-12-21,17.840000
2012-12-24,17.840000
2012-12-26,19.480000
2012-12-27,19.470000
2012-12-28,22.720000
2012-12-31,18.020000
2013-01-02,14.680000
2013-01-03,14.560000
2013-01-04,13.830000
2013-01-07,13.790000
2013-01-08,13.620000
2013-01-09,13.810000
2013-01-10,13.490000
2013-01-11,13.360000
2013-01-14,13.520000
2013-01-15,13.550000
2013-01-16,13.420000
2013-01-17,13.570000
2013-01-18,12.460000
2013-01-22,12.430000
2013-01-23,12.460000
2013-01-24,12.690000
2013-01-25,12.890000
2013-01-28,13.570000
2013-01-29,13.310000
2013-01-30,14.320000
2013-01-31,14.280000
2013-02-01,12.900000
2013-02-04,14.670000
2013-02-05,13.720000
2013-02-06,13.410000
2013-02-07,13.500000
2013-02-08,13.020000
2013-02-11,12.940000
2013-02-12,12.640000
2013-02-13,12.980000
2013-02-14,12.660000
2013-02-15,12.460000
2013-02-19,12.310000
2013-02-20,14.680000
2013-02-21,15.220000
2013-02-22,14.170000
2013-02-25,18.990000
2013-02-26,16.870000
2013-02-27,14.730000
2013-02-28,15.510000
2013-03-01,15.360000
2013-03-04,14.010000
2013-03-05,13.480000
2013-03-06,13.530000
2013-03-07,13.060000
2013-03-08,12.590000
2013-03-11,11.560000
2013-03-12,12.270000
2013-03-13,11.830000
2013-03-14,11.300000
2013-03-15,11.300000
2013-03-18,13.360000
2013-03-19,14.390000
2013-03-20,12.670000
2013-03-21,13.990000
2013-03-22,13.570000
2013-03-25,13.740000
2013-03-26,12.770000
2013-03-27,13.150000
2013-03-28,12.700000
2013-04-01,13.580000
2013-04-02,12.780000
2013-04-03,14.210000
2013-04-04,13.890000
2013-04-05,13.920000
2013-04-08,13.190000
2013-04-09,12.840000
2013-04-10,12.360000
2013-04-11,12.240000
2013-04-12,12.060000
2013-04-15,17.270000
2013-04-16,13.960000
2013-04-17,16.510000
2013-04-18,17.560000
2013-04-19,14.970000
2013-04-22,14.390000
2013-04-23,13.480000
2013-04-24,13.610000
2013-04-25,13.620000
2013-04-26,13.610000
2013-04-29,13.710000
2013-04-30,13.520000
2013-05-01,14.490000
2013-05-02,13.590000
2013-05-03,12.850000
2013-05-06,12.660000
2013-05-07,12.830000
2013-05-08,12.660000
2013-05-09,13.130000
2013-05-10,12.590000
2013-05-13,12.550000
2013-05-14,12.770000
2013-05-15,12.810000
2013-05-16,13.070000
2013-05-17,12.450000
2013-05-20,13.020000
2013-05-21,13.370000
2013-05-22,13.820000
2013-05-23,14.070000
2013-05-24,13.990000
2013-05-28,14.480000
2013-05-29,14.830000
2013-05-30,14.530000
2013-05-31,16.300000
2013-06-03,16.280000
2013-06-04,16.270000
2013-06-05,17.500000
2013-06-06,16.630000
2013-06-07,15.140000
2013-06-10,15.440000
2013-06-11,17.070000
2013-06-12,18.590000
2013-06-13,16.410000
2013-06-14,17.150000
2013-06-17,16.800000
2013-06-18,16.610000
2013-06-19,16.640000
2013-06-20,20.490000
2013-06-21,18.900000
2013-06-24,20.110000
2013-06-25,18.470000
2013-06-26,17.210000
2013-06-27,16.860000
2013-06-28,16.860000
2013-07-01,16.370000
2013-07-02,16.440000
2013-07-03,16.200000
2013-07-05,14.890000
2013-07-08,14.780000
2013-07-09,14.350000
2013-07-10,14.210000
2013-07-11,14.010000
2013-07-12,13.840000
2013-07-15,13.790000
2013-07-16,14.420000
2013-07-17,13.780000
2013-07-18,13.770000
2013-07-19,12.540000
2013-07-22,12.290000
2013-07-23,12.660000
2013-07-24,13.180000
2013-07-25,12.970000
2013-07-26,12.720000
2013-07-29,13.390000
2013-07-30,13.390000
2013-07-31,13.450000
2013-08-01,12.940000
2013-08-02,11.980000
2013-08-05,11.840000
2013-08-06,12.720000
2013-08-07,12.980000
2013-08-08,12.730000
2013-08-09,13.410000
2013-08-12,12.810000
2013-08-13,12.310000
2013-08-14,13.040000
2013-08-15,14.730000
2013-08-16,14.370000
2013-08-19,15.100000
2013-08-20,14.910000
2013-08-21,15.940000
2013-08-22,14.760000
2013-08-23,13.980000
2013-08-26,14.990000
2013-08-27,16.770000
2013-08-28,16.490000
2013-08-29,16.810000
2013-08-30,17.010000
2013-09-03,16.610000
2013-09-04,15.880000
2013-09-05,15.770000
2013-09-06,15.850000
2013-09-09,15.630000
2013-09-10,14.530000
2013-09-11,13.820000
2013-09-12,14.290000
2013-09-13,14.160000
2013-09-16,14.380000
2013-09-17,14.530000
2013-09-18,13.590000
2013-09-19,13.160000
2013-09-20,13.120000
2013-09-23,14.310000
2013-09-24,14.080000
2013-09-25,14.010000
2013-09-26,14.060000
2013-09-27,15.460000
2013-09-30,16.600000
2013-10-01,15.540000
2013-10-02,16.600000
2013-10-03,17.670000
2013-10-04,16.740000
2013-10-07,19.410000
2013-10-08,20.340000
2013-10-09,19.600000
2013-10-10,16.480000
2013-10-11,15.720000
2013-10-14,16.070000
2013-10-15,18.660000
2013-10-16,14.710000
2013-10-17,13.480000
2013-10-18,13.040000
2013-10-21,13.160000
2013-10-22,13.330000
2013-10-23,13.420000
2013-10-24,13.200000
2013-10-25,13.090000
2013-10-28,13.310000
2013-10-29,13.410000
2013-10-30,13.650000
2013-10-31,13.750000
2013-11-01,13.280000
2013-11-04,12.930000
2013-11-05,13.270000
2013-11-06,12.670000
2013-11-07,13.910000
2013-11-08,12.900000
2013-11-11,12.530000
2013-11-12,12.820000
2013-11-13,12.520000
2013-11-14,12.370000
2013-11-15,12.190000
2013-11-18,13.100000
2013-11-19,13.390000
2013-11-20,13.400000
2013-11-21,12.660000
2013-11-22,12.260000
2013-11-25,12.790000
2013-11-26,12.810000
2013-11-27,12.980000
2013-11-29,13.700000
2013-12-02,14.230000
2013-12-03,14.550000
2013-12-04,14.700000
2013-12-05,15.080000
2013-12-06,13.790000
2013-12-09,13.490000
2013-12-10,13.910000
2013-12-11,15.420000
2013-12-12,15.540000
2013-12-13,15.760000
2013-12-16,16.030000
2013-12-17,16.210000
2013-12-18,13.800000
2013-12-19,14.150000
2013-12-20,13.790000
2013-12-23,13.040000
2013-12-24,12.480000
2013-12-26,12.330000
2013-12-27,12.460000
2013-12-30,13.560000
2013-12-31,13.720000
2014-01-02,14.230000
2014-01-03,13.760000
2014-01-06,13.550000
2014-01-07,12.920000
2014-01-08,12.870000
2014-01-09,12.890000
2014-01-10,12.140000
2014-01-13,13.280000
2014-01-14,12.280000
2014-01-15,12.280000
2014-01-16,12.530000
2014-01-17,12.440000
2014-01-21,12.870000
2014-01-22,12.840000
2014-01-23,13.770000
2014-01-24,18.140000
2014-01-27,17.420000
2014-01-28,15.800000
2014-01-29,17.350000
2014-01-30,17.290000
2014-01-31,18.410000
2014-02-03,21.440000
2014-02-04,19.110000
2014-02-05,19.950000
2014-02-06,17.230000
2014-02-07,15.290000
2014-02-10,15.260000
2014-02-11,14.510000
2014-02-12,14.300000
2014-02-13,14.140000
2014-02-14,13.570000
2014-02-18,13.870000
2014-02-19,15.500000
2014-02-20,14.790000
2014-02-21,14.680000
2014-02-24,14.230000
2014-02-25,13.670000
2014-02-26,14.350000
2014-02-27,14.040000
2014-02-28,14.000000
2014-03-03,16.000000
2014-03-04,14.100000
2014-03-05,13.890000
2014-03-06,14.210000
2014-03-07,14.110000
2014-03-10,14.200000
2014-03-11,14.800000
2014-03-12,14.470000
2014-03-13,16.220000
2014-03-14,17.820000
2014-03-17,15.640000
2014-03-18,14.520000
2014-03-19,15.120000
2014-03-20,14.520000
2014-03-21,15.000000
2014-03-24,15.090000
2014-03-25,14.020000
2014-03-26,14.930000
2014-03-27,14.620000
2014-03-28,14.410000
2014-03-31,13.880000
2014-04-01,13.100000
2014-04-02,13.090000
2014-04-03,13.370000
2014-04-04,13.960000
2014-04-07,15.570000
2014-04-08,14.890000
2014-04-09,13.820000
2014-04-10,15.890000
2014-04-11,17.030000
2014-04-14,16.110000
2014-04-15,15.610000
2014-04-16,14.180000
2014-04-17,13.360000
2014-04-21,13.250000
2014-04-22,13.190000
2014-04-23,13.270000
2014-04-24,13.320000
2014-04-25,14.060000
2014-04-28,13.970000
2014-04-29,13.710000
2014-04-30,13.410000
2014-05-01,13.250000
2014-05-02,12.910000
2014-05-05,13.290000
2014-05-06,13.800000
2014-05-07,13.400000
2014-05-08,13.430000
2014-05-09,12.920000
2014-05-12,12.230000
2014-05-13,12.130000
2014-05-14,12.170000
2014-05-15,13.170000
2014-05-16,12.440000
2014-05-19,12.420000
2014-05-20,12.960000
2014-05-21,11.910000
2014-05-22,12.030000
2014-05-23,11.360000
2014-05-27,11.510000
2014-05-28,11.680000
2014-05-29,11.570000
2014-05-30,11.400000
2014-06-02,11.580000
2014-06-03,11.870000
2014-06-04,12.080000
2014-06-05,11.680000
2014-06-06,10.730000
2014-06-09,11.150000
2014-06-10,10.990000
2014-06-11,11.600000
2014-06-12,12.560000
2014-06-13,12.180000
2014-06-16,12.650000
2014-06-17,12.060000
2014-06-18,10.610000
2014-06-19,10.620000
2014-06-20,10.850000
2014-06-23,10.980000
2014-06-24,12.130000
2014-06-25,11.590000
2014-06-26,11.630000
2014-06-27,11.260000
2014-06-30,11.570000
2014-07-01,11.150000
2014-07-02,10.820000
2014-07-03,10.320000
2014-07-07,11.330000
2014-07-08,11.980000
2014-07-09,11.650000
2014-07-10,12.590000
2014-07-11,12.080000
2014-07-14,11.820000
2014-07-15,11.960000
2014-07-16,11.000000
2014-07-17,14.540000
2014-07-18,12.060000
2014-07-21,12.810000
2014-07-22,12.240000
2014-07-23,11.520000
2014-07-24,11.840000
2014-07-25,12.690000
2014-07-28,12.560000
2014-07-29,13.280000
2014-07-30,13.330000
2014-07-31,16.950000
2014-08-01,17.030000
2014-08-04,15.120000
2014-08-05,16.870000
2014-08-06,16.370000
2014-08-07,16.660000
2014-08-08,15.770000
2014-08-11,14.230000
2014-08-12,14.130000
2014-08-13,12.900000
2014-08-14,12.420000
2014-08-15,13.150000
2014-08-18,12.320000
2014-08-19,12.210000
2014-08-20,11.780000
2014-08-21,11.760000
2014-08-22,11.470000
2014-08-25,11.700000
2014-08-26,11.630000
2014-08-27,11.780000
2014-08-28,12.050000
2014-08-29,11.980000
2014-09-02,12.250000
2014-09-03,12.360000
2014-09-04,12.640000
2014-09-05,12.090000
2014-09-08,12.660000
2014-09-09,13.500000
2014-09-10,12.880000
2014-09-11,12.800000
2014-09-12,13.310000
2014-09-15,14.120000
2014-09-16,12.730000
2014-09-17,12.650000
2014-09-18,12.030000
2014-09-19,12.110000
2014-09-22,13.690000
2014-09-23,14.930000
2014-09-24,13.270000
2014-09-25,15.640000
2014-09-26,14.850000
2014-09-29,15.980000
2014-09-30,16.310000
2014-10-01,16.710000
2014-10-02,16.160000
2014-10-03,14.550000
2014-10-06,15.460000
2014-10-07,17.200000
2014-10-08,15.110000
2014-10-09,18.760000
2014-10-10,21.240000
2014-10-13,24.640000
2014-10-14,22.790000
2014-10-15,26.250000
2014-10-16,25.200000
2014-10-17,21.990000
2014-10-20,18.570000
2014-10-21,16.080000
2014-10-22,17.870000
2014-10-23,16.530000
2014-10-24,16.110000
2014-10-27,16.040000
2014-10-28,14.390000
2014-10-29,15.150000
2014-10-30,14.520000
2014-10-31,14.030000
2014-11-03,14.730000
2014-11-04,14.890000
2014-11-05,14.170000
2014-11-06,13.670000
2014-11-07,13.120000
2014-11-10,12.670000
2014-11-11,12.920000
2014-11-12,13.020000
2014-11-13,13.790000
2014-11-14,13.310000
2014-11-17,13.990000
2014-11-18,13.860000
2014-11-19,13.960000
2014-11-20,13.580000
2014-11-21,12.900000
2014-11-24,12.620000
2014-11-25,12.250000
2014-11-26,12.070000
2014-11-28,13.330000
2014-12-01,14.290000
2014-12-02,12.850000
2014-12-03,12.470000
2014-12-04,12.380000
2014-12-05,11.820000
2014-12-08,14.210000
2014-12-09,14.890000
2014-12-10,18.530000
2014-12-11,20.080000
2014-12-12,21.080000
2014-12-15,20.420000
2014-12-16,23.570000
2014-12-17,19.440000
2014-12-18,16.810000
2014-12-19,16.490000
2014-12-22,15.250000
2014-12-23,14.800000
2014-12-24,14.370000
2014-12-26,14.500000
2014-12-29,15.060000
2014-12-30,15.920000
2014-12-31,19.200000
2015-01-02,17.790000
2015-01-05,19.920000
2015-01-06,21.120000
2015-01-07,19.310000
2015-01-08,17.010000
2015-01-09,17.550000
2015-01-12,19.600000
2015-01-13,20.560000
2015-01-14,21.480000
2015-01-15,22.390000
2015-01-16,20.950000
2015-01-20,19.890000
2015-01-21,18.850000
2015-01-22,16.400000
2015-01-23,16.660000
2015-01-26,15.520000
2015-01-27,17.220000
2015-01-28,20.440000
2015-01-29,18.760000
2015-01-30,20.970000
2015-02-02,19.430000
2015-02-03,17.330000
2015-02-04,18.330000
2015-02-05,16.850000
2015-02-06,17.290000
2015-02-09,18.550000
2015-02-10,17.230000
2015-02-11,16.960000
2015-02-12,15.340000
2015-02-13,14.690000
2015-02-17,15.800000
2015-02-18,15.450000
2015-02-19,15.290000
2015-02-20,14.300000
2015-02-23,14.560000
2015-02-24,13.690000
2015-02-25,13.840000
2015-02-26,13.910000
2015-02-27,13.340000
2015-03-02,13.040000
2015-03-03,13.860000
2015-03-04,14.230000
2015-03-05,14.040000
2015-03-06,15.200000
2015-03-09,15.060000
2015-03-10,16.690000
2015-03-11,16.870000
2015-03-12,15.420000
2015-03-13,16.000000
2015-03-16,15.610000
2015-03-17,15.660000
2015-03-18,13.970000
2015-03-19,14.070000
2015-03-20,13.020000
2015-03-23,13.410000
2015-03-24,13.620000
2015-03-25,15.440000
2015-03-26,15.800000
2015-03-27,15.070000
2015-03-30,14.510000
2015-03-31,15.290000
2015-04-01,15.110000
2015-04-02,14.670000
2015-04-06,14.740000
2015-04-07,14.780000
2015-04-08,13.980000
2015-04-09,13.090000
2015-04-10,12.580000
2015-04-13,13.940000
2015-04-14,13.670000
2015-04-15,12.840000
2015-04-16,12.600000
2015-04-17,13.890000
2015-04-20,13.300000
2015-04-21,13.250000
2015-04-22,12.710000
2015-04-23,12.480000
2015-04-24,12.290000
2015-04-27,13.120000
2015-04-28,12.410000
2015-04-29,13.390000
2015-04-30,14.550000
2015-05-01,12.700000
2015-05-04,12.850000
2015-05-05,14.310000
2015-05-06,15.150000
2015-05-07,15.130000
2015-05-08,12.860000
2015-05-11,13.850000
2015-05-12,13.860000
2015-05-13,13.760000
2015-05-14,12.740000
2015-05-15,12.380000
2015-05-18,12.730000
2015-05-19,12.850000
2015-05-20,12.880000
2015-05-21,12.110000
2015-05-22,12.130000
2015-05-26,14.060000
2015-05-27,13.270000
2015-05-28,13.310000
2015-05-29,13.840000
2015-06-01,13.970000
2015-06-02,14.240000
2015-06-03,13.660000
2015-06-04,14.710000
2015-06-05,14.210000
2015-06-08,15.290000
2015-06-09,14.470000
2015-06-10,13.220000
2015-06-11,12.850000
2015-06-12,13.780000
2015-06-15,15.390000
2015-06-16,14.810000
2015-06-17,14.500000
2015-06-18,13.190000
2015-06-19,13.960000
2015-06-22,12.740000
2015-06-23,12.110000
2015-06-24,13.260000
2015-06-25,14.010000
2015-06-26,14.020000
2015-06-29,18.850000
2015-06-30,18.230000
2015-07-01,16.090000
2015-07-02,16.790000
2015-07-06,17.010000
2015-07-07,16.090000
2015-07-08,19.660000
2015-07-09,19.970000
2015-07-10,16.830000
2015-07-13,13.900000
2015-07-14,13.370000
2015-07-15,13.230000
2015-07-16,12.110000
2015-07-17,11.950000
2015-07-20,12.250000
2015-07-21,12.220000
2015-07-22,12.120000
2015-07-23,12.640000
2015-07-24,13.740000
2015-07-27,15.600000
2015-07-28,13.440000
2015-07-29,12.500000
2015-07-30,12.130000
2015-07-31,12.120000
2015-08-03,12.560000
2015-08-04,13.000000
2015-08-05,12.510000
2015-08-06,13.770000
2015-08-07,13.390000
2015-08-10,12.230000
2015-08-11,13.710000
2015-08-12,13.610000
2015-08-13,13.490000
2015-08-14,12.830000
2015-08-17,13.020000
2015-08-18,13.790000
2015-08-19,15.250000
2015-08-20,19.140000
2015-08-21,28.030000
2015-08-24,40.740000
2015-08-25,36.020000
2015-08-26,30.320000
2015-08-27,26.100000
2015-08-28,26.050000
2015-08-31,28.430000
2015-09-01,31.400000
2015-09-02,26.090000
2015-09-03,25.610000
2015-09-04,27.800000
2015-09-08,24.900000
2015-09-09,26.230000
2015-09-10,24.370000
2015-09-11,23.200000
2015-09-14,24.250000
2015-09-15,22.540000
2015-09-16,21.350000
2015-09-17,21.140000
2015-09-18,22.280000
2015-09-21,20.140000
2015-09-22,22.440000
2015-09-23,22.130000
2015-09-24,23.470000
2015-09-25,23.620000
2015-09-28,27.630000
2015-09-29,26.830000
2015-09-30,24.500000
2015-10-01,22.550000
2015-10-02,20.940000
2015-10-05,19.540000
2015-10-06,19.400000
2015-10-07,18.400000
2015-10-08,17.420000
2015-10-09,17.080000
2015-10-12,16.170000
2015-10-13,17.670000
2015-10-14,18.030000
2015-10-15,16.050000
2015-10-16,15.050000
2015-10-19,14.980000
2015-10-20,15.750000
2015-10-21,16.700000
2015-10-22,14.450000
2015-10-23,14.460000
2015-10-26,15.290000
2015-10-27,15.430000
2015-10-28,14.330000
2015-10-29,14.610000
2015-10-30,15.070000
2015-11-02,14.150000
2015-11-03,14.540000
2015-11-04,15.510000
2015-11-05,15.050000
2015-11-06,14.330000
2015-11-09,16.520000
2015-11-10,15.290000
2015-11-11,16.060000
2015-11-12,18.370000
2015-11-13,20.080000
2015-11-16,18.160000
2015-11-17,18.840000
2015-11-18,16.850000
2015-11-19,16.990000
2015-11-20,15.470000
2015-11-23,15.620000
2015-11-24,15.930000
2015-11-25,15.190000
2015-11-27,15.120000
2015-11-30,16.130000
2015-12-01,14.670000
2015-12-02,15.910000
2015-12-03,18.110000
2015-12-04,14.810000
2015-12-07,15.840000
2015-12-08,17.600000
2015-12-09,19.610000
2015-12-10,19.340000
2015-12-11,24.390000
2015-12-14,22.730000
2015-12-15,20.950000
2015-12-16,17.860000
2015-12-17,18.940000
2015-12-18,20.700000
2015-12-21,18.700000
2015-12-22,16.600000
2015-12-23,15.570000
2015-12-24,15.740000
2015-12-28,16.910000
2015-12-29,16.080000
2015-12-30,17.290000
2015-12-31,18.210000
2016-01-04,20.700000
2016-01-05,19.340000
2016-01-06,20.590000
2016-01-07,24.990000
2016-01-08,27.010000
2016-01-11,24.300000
2016-01-12,22.470000
2016-01-13,25.220000
2016-01-14,23.950000
2016-01-15,27.020000
2016-01-19,26.050000
2016-01-20,27.590000
2016-01-21,26.690000
2016-01-22,22.340000
2016-01-25,24.150000
2016-01-26,22.500000
2016-01-27,23.110000
2016-01-28,22.420000
2016-01-29,20.200000
2016-02-01,19.980000
2016-02-02,21.980000
2016-02-03,21.650000
2016-02-04,21.840000
2016-02-05,23.380000
2016-02-08,26.000000
2016-02-09,26.540000
2016-02-10,26.290000
2016-02-11,28.140000
2016-02-12,25.400000
2016-02-16,24.110000
2016-02-17,22.310000
2016-02-18,21.640000
2016-02-19,20.530000
2016-02-22,19.380000
2016-02-23,20.980000
2016-02-24,20.720000
2016-02-25,19.110000
2016-02-26,19.810000
2016-02-29,20.550000
2016-03-01,17.700000
2016-03-02,17.090000
2016-03-03,16.700000
2016-03-04,16.860000
2016-03-07,17.350000
2016-03-08,18.670000
2016-03-09,18.340000
2016-03-10,18.050000
2016-03-11,16.500000
2016-03-14,16.920000
2016-03-15,16.840000
2016-03-16,14.990000
2016-03-17,14.440000
2016-03-18,14.020000
2016-03-21,13.790000
2016-03-22,14.170000
2016-03-23,14.940000
2016-03-24,14.740000
2016-03-28,15.240000
2016-03-29,13.820000
2016-03-30,13.560000
2016-03-31,13.950000
2016-04-01,13.100000
2016-04-04,14.120000
2016-04-05,15.420000
2016-04-06,14.090000
2016-04-07,16.160000
2016-04-08,15.360000
2016-04-11,16.260000
2016-04-12,14.850000
2016-04-13,13.840000
2016-04-14,13.720000
2016-04-15,13.620000
2016-04-18,13.350000
2016-04-19,13.240000
2016-04-20,13.280000
2016-04-21,13.950000
2016-04-22,13.220000
2016-04-25,14.080000
2016-04-26,13.960000
2016-04-27,13.770000
2016-04-28,15.220000
2016-04-29,15.700000
2016-05-02,14.680000
2016-05-03,15.600000
2016-05-04,16.050000
2016-05-05,15.910000
2016-05-06,14.720000
2016-05-09,14.570000
2016-05-10,13.630000
2016-05-11,14.690000
2016-05-12,14.410000
2016-05-13,15.040000
2016-05-16,14.680000
2016-05-17,15.570000
2016-05-18,15.950000
2016-05-19,16.330000
2016-05-20,15.200000
2016-05-23,15.820000
2016-05-24,14.420000
2016-05-25,13.900000
2016-05-26,13.430000
2016-05-27,13.120000
2016-05-31,14.190000
2016-06-01,14.200000
2016-06-02,13.630000
2016-06-03,13.470000
2016-06-06,13.650000
2016-06-07,14.050000
2016-06-08,14.080000
2016-06-09,14.640000
2016-06-10,17.030000
2016-06-13,20.970000
2016-06-14,20.500000
2016-06-15,20.140000
2016-06-16,19.370000
2016-06-17,19.410000
2016-06-20,18.370000
2016-06-21,18.480000
2016-06-22,21.170000
2016-06-23,17.250000
2016-06-24,25.760000
2016-06-27,23.850000
2016-06-28,18.750000
2016-06-29,16.640000
2016-06-30,15.630000
2016-07-01,14.770000
2016-07-05,15.580000
2016-07-06,14.960000
2016-07-07,14.760000
2016-07-08,13.200000
2016-07-11,13.540000
2016-07-12,13.550000
2016-07-13,13.040000
2016-07-14,12.820000
2016-07-15,12.670000
2016-07-18,12.440000
2016-07-19,11.970000
2016-07-20,11.770000
2016-07-21,12.740000
2016-07-22,12.020000
2016-07-25,12.870000
2016-07-26,13.050000
2016-07-27,12.830000
2016-07-28,12.720000
2016-07-29,11.870000
2016-08-01,12.440000
2016-08-02,13.370000
2016-08-03,12.860000
2016-08-04,12.420000
2016-08-05,11.390000
2016-08-08,11.500000
2016-08-09,11.660000
2016-08-10,12.050000
2016-08-11,11.680000
2016-08-12,11.550000
2016-08-15,11.810000
2016-08-16,12.640000
2016-08-17,12.190000
2016-08-18,11.430000
2016-08-19,11.340000
2016-08-22,12.270000
2016-08-23,12.380000
2016-08-24,13.450000
2016-08-25,13.630000
2016-08-26,13.650000
2016-08-29,12.940000
2016-08-30,13.120000
2016-08-31,13.420000
2016-09-01,13.480000
2016-09-02,11.980000
2016-09-06,12.020000
2016-09-07,11.940000
2016-09-08,12.510000
2016-09-09,17.500000
2016-09-12,15.160000
2016-09-13,17.850000
2016-09-14,18.140000
2016-09-15,16.300000
2016-09-16,15.370000
2016-09-19,15.530000
2016-09-20,15.920000
2016-09-21,13.300000
2016-09-22,12.020000
2016-09-23,12.290000
2016-09-26,14.500000
2016-09-27,13.100000
2016-09-28,12.390000
2016-09-29,14.020000
2016-09-30,13.290000
2016-10-03,13.570000
2016-10-04,13.630000
2016-10-05,12.990000
2016-10-06,12.840000
2016-10-07,13.480000
2016-10-10,13.380000
2016-10-11,15.360000
2016-10-12,15.910000
2016-10-13,16.690000
2016-10-14,16.120000
2016-10-17,16.210000
2016-10-18,15.280000
2016-10-19,14.410000
2016-10-20,13.750000
2016-10-21,13.340000
2016-10-24,13.020000
2016-10-25,13.460000
2016-10-26,14.240000
2016-10-27,15.360000
2016-10-28,16.190000
2016-10-31,17.060000
2016-11-01,18.560000
2016-11-02,19.320000
2016-11-03,22.080000
2016-11-04,22.510000
2016-11-07,18.710000
2016-11-08,18.740000
2016-11-09,14.380000
2016-11-10,14.740000
2016-11-11,14.170000
2016-11-14,14.480000
2016-11-15,13.370000
2016-11-16,13.720000
2016-11-17,13.350000
2016-11-18,12.850000
2016-11-21,12.420000
2016-11-22,12.410000
2016-11-23,12.430000
2016-11-25,12.340000
2016-11-28,13.150000
2016-11-29,12.900000
2016-11-30,13.330000
2016-12-01,14.070000
2016-12-02,14.120000
2016-12-05,12.140000
2016-12-06,11.790000
2016-12-07,12.220000
2016-12-08,12.640000
2016-12-09,11.750000
2016-12-12,12.640000
2016-12-13,12.720000
2016-12-14,13.190000
2016-12-15,12.790000
2016-12-16,12.200000
2016-12-19,11.710000
2016-12-20,11.450000
2016-12-21,11.270000
2016-12-22,11.430000
2016-12-23,11.440000
2016-12-27,11.990000
2016-12-28,12.950000
2016-12-29,13.370000
2016-12-30,14.040000
2017-01-03,12.850000
2017-01-04,11.850000
2017-01-05,11.670000
2017-01-06,11.320000
2017-01-09,11.560000
2017-01-10,11.490000
2017-01-11,11.260000
2017-01-12,11.540000
2017-01-13,11.230000
2017-01-17,11.870000
2017-01-18,12.480000
2017-01-19,12.780000
2017-01-20,11.540000
2017-01-23,11.770000
2017-01-24,11.070000
2017-01-25,10.810000
2017-01-26,10.630000
2017-01-27,10.580000
2017-01-30,11.880000
2017-01-31,11.990000
2017-02-01,11.810000
2017-02-02,11.930000
2017-02-03,10.970000
2017-02-06,11.370000
2017-02-07,11.290000
2017-02-08,11.450000
2017-02-09,10.880000
2017-02-10,10.850000
2017-02-13,11.070000
2017-02-14,10.740000
2017-02-15,11.970000
2017-02-16,11.760000
2017-02-17,11.490000
2017-02-21,11.570000
2017-02-22,11.740000
2017-02-23,11.710000
2017-02-24,11.470000
2017-02-27,12.090000
2017-02-28,12.920000
2017-03-01,12.540000
2017-03-02,11.810000
2017-03-03,10.960000
2017-03-06,11.240000
2017-03-07,11.450000
2017-03-08,11.860000
2017-03-09,12.300000
2017-03-10,11.660000
2017-03-13,11.350000
2017-03-14,12.300000
2017-03-15,11.630000
2017-03-16,11.210000
2017-03-17,11.280000
2017-03-20,11.340000
2017-03-21,12.470000
2017-03-22,12.810000
2017-03-23,13.120000
2017-03-24,12.960000
2017-03-27,12.500000
2017-03-28,11.530000
2017-03-29,11.420000
2017-03-30,11.540000
2017-03-31,12.370000
2017-04-03,12.380000
2017-04-04,11.790000
2017-04-05,12.890000
2017-04-06,12.390000
2017-04-07,12.870000
2017-04-10,14.050000
2017-04-11,15.070000
2017-04-12,15.770000
2017-04-13,15.960000
2017-04-17,14.660000
2017-04-18,14.420000
2017-04-19,14.930000
2017-04-20,14.150000
2017-04-21,14.630000
2017-04-24,10.840000
2017-04-25,10.760000
2017-04-26,10.850000
2017-04-27,10.360000
2017-04-28,10.820000
2017-05-01,10.110000
2017-05-02,10.590000
2017-05-03,10.680000
2017-05-04,10.460000
2017-05-05,10.570000
2017-05-08,9.770000
2017-05-09,9.960000
2017-05-10,10.210000
2017-05-11,10.600000
2017-05-12,10.400000
2017-05-15,10.420000
2017-05-16,10.650000
2017-05-17,15.590000
2017-05-18,14.660000
2017-05-19,12.040000
2017-05-22,10.930000
2017-05-23,10.720000
2017-05-24,10.020000
2017-05-25,9.990000
2017-05-26,9.810000
2017-05-30,10.380000
2017-05-31,10.410000
2017-06-01,9.890000
2017-06-02,9.750000
2017-06-05,10.070000
2017-06-06,10.450000
2017-06-07,10.390000
2017-06-08,10.160000
2017-06-09,10.700000
2017-06-12,11.460000
2017-06-13,10.420000
2017-06-14,10.640000
2017-06-15,10.900000
2017-06-16,10.380000
2017-06-19,10.370000
2017-06-20,10.860000
2017-06-21,10.750000
2017-06-22,10.480000
2017-06-23,10.020000
2017-06-26,9.900000
2017-06-27,11.060000
2017-06-28,10.030000
2017-06-29,11.440000
2017-06-30,11.180000
2017-07-03,11.220000
2017-07-05,11.070000
2017-07-06,12.540000
2017-07-07,11.190000
2017-07-10,11.110000
2017-07-11,10.890000
2017-07-12,10.300000
2017-07-13,9.900000
2017-07-14,9.510000
2017-07-17,9.820000
2017-07-18,9.890000
2017-07-19,9.790000
2017-07-20,9.580000
2017-07-21,9.360000
2017-07-24,9.430000
2017-07-25,9.430000
2017-07-26,9.600000
2017-07-27,10.110000
2017-07-28,10.290000
2017-07-31,10.260000
2017-08-01,10.090000
2017-08-02,10.280000
2017-08-03,10.440000
2017-08-04,10.030000
2017-08-07,9.930000
2017-08-08,10.960000
2017-08-09,11.110000
2017-08-10,16.040000
2017-08-11,15.510000
2017-08-14,12.330000
2017-08-15,12.040000
2017-08-16,11.740000
2017-08-17,15.550000
2017-08-18,14.260000
2017-08-21,13.190000
2017-08-22,11.350000
2017-08-23,12.250000
2017-08-24,12.230000
2017-08-25,11.280000
2017-08-28,11.320000
2017-08-29,11.700000
2017-08-30,11.220000
2017-08-31,10.590000
2017-09-01,10.130000
2017-09-05,12.230000
2017-09-06,11.630000
2017-09-07,11.550000
2017-09-08,12.120000
2017-09-11,10.730000
2017-09-12,10.580000
2017-09-13,10.500000
2017-09-14,10.440000
2017-09-15,10.170000
2017-09-18,10.150000
2017-09-19,10.180000
2017-09-20,9.780000
2017-09-21,9.670000
2017-09-22,9.590000
2017-09-25,10.210000
2017-09-26,10.170000
2017-09-27,9.870000
2017-09-28,9.550000
2017-09-29,9.510000
2017-10-02,9.450000
2017-10-03,9.510000
2017-10-04,9.630000
2017-10-05,9.190000
2017-10-06,9.650000
2017-10-09,10.330000
2017-10-10,10.080000
2017-10-11,9.850000
2017-10-12,9.910000
2017-10-13,9.610000
2017-10-16,9.910000
2017-10-17,10.310000
2017-10-18,10.070000
2017-10-19,10.050000
2017-10-20,9.970000
2017-10-23,11.070000
2017-10-24,11.160000
2017-10-25,11.230000
2017-10-26,11.300000
2017-10-27,9.800000
2017-10-30,10.500000
2017-10-31,10.180000
2017-11-01,10.200000
2017-11-02,9.930000
2017-11-03,9.140000
2017-11-06,9.400000
2017-11-07,9.890000
2017-11-08,9.780000
2017-11-09,10.500000
2017-11-10,11.290000
2017-11-13,11.500000
2017-11-14,11.590000
2017-11-15,13.130000
2017-11-16,11.760000
2017-11-17,11.430000
2017-11-20,10.650000
2017-11-21,9.730000
2017-11-22,9.880000
2017-11-24,9.670000
2017-11-27,9.870000
2017-11-28,10.030000
2017-11-29,10.700000
2017-11-30,11.280000
2017-12-01,11.430000
2017-12-04,11.680000
2017-12-05,11.330000
2017-12-06,11.020000
2017-12-07,10.160000
2017-12-08,9.580000
2017-12-11,9.340000
2017-12-12,9.920000
2017-12-13,10.180000
2017-12-14,10.490000
2017-12-15,9.420000
2017-12-18,9.530000
2017-12-19,10.030000
2017-12-20,9.720000
2017-12-21,9.620000
2017-12-22,9.900000
2017-12-26,10.250000
2017-12-27,10.470000
2017-12-28,10.180000
2017-12-29,11.040000
2018-01-02,9.770000
2018-01-03,9.150000
2018-01-04,9.220000
2018-01-05,9.220000
2018-01-08,9.520000
2018-01-09,10.080000
2018-01-10,9.820000
2018-01-11,9.880000
2018-01-12,10.160000
2018-01-16,11.660000
2018-01-17,11.910000
2018-01-18,12.220000
2018-01-19,11.270000
2018-01-22,11.030000
2018-01-23,11.100000
2018-01-24,11.470000
2018-01-25,11.580000
2018-01-26,11.080000
2018-01-29,13.840000
2018-01-30,14.790000
2018-01-31,13.540000
2018-02-01,13.470000
2018-02-02,17.310000
2018-02-05,37.320000
2018-02-06,29.980000
2018-02-07,27.730000
2018-02-08,33.460000
2018-02-09,29.060000
2018-02-12,25.610000
2018-02-13,24.970000
2018-02-14,19.260000
2018-02-15,19.130000
2018-02-16,19.460000
2018-02-20,20.600000
2018-02-21,20.020000
2018-02-22,18.720000
2018-02-23,16.490000
2018-02-26,15.800000
2018-02-27,18.590000
2018-02-28,19.850000
2018-03-01,22.470000
2018-03-02,19.590000
2018-03-05,18.730000
2018-03-06,18.360000
2018-03-07,17.760000
2018-03-08,16.540000
2018-03-09,14.640000
2018-03-12,15.780000
2018-03-13,16.350000
2018-03-14,17.230000
2018-03-15,16.590000
2018-03-16,15.800000
2018-03-19,19.020000
2018-03-20,18.200000
2018-03-21,17.860000
2018-03-22,23.340000
2018-03-23,24.870000
2018-03-26,21.030000
2018-03-27,22.500000
2018-03-28,22.870000
2018-03-29,19.970000
2018-04-02,23.620000
2018-04-03,21.100000
2018-04-04,20.060000
2018-04-05,18.940000
2018-04-06,21.490000
2018-04-09,21.770000
2018-04-10,20.470000
2018-04-11,20.240000
2018-04-12,18.490000
2018-04-13,17.410000
2018-04-16,16.560000
2018-04-17,15.250000
2018-04-18,15.600000
2018-04-19,15.960000
2018-04-20,16.880000
2018-04-23,16.340000
2018-04-24,18.020000
2018-04-25,17.840000
2018-04-26,16.240000
2018-04-27,15.410000
2018-04-30,15.930000
2018-05-01,15.490000
2018-05-02,15.970000
2018-05-03,15.900000
2018-05-04,14.770000
2018-05-07,14.750000
2018-05-08,14.710000
2018-05-09,13.420000
2018-05-10,13.230000
2018-05-11,12.650000
2018-05-14,12.930000
2018-05-15,14.630000
2018-05-16,13.420000
2018-05-17,13.430000
2018-05-18,13.420000
2018-05-21,13.080000
2018-05-22,13.220000
2018-05-23,12.580000
2018-05-24,12.530000
2018-05-25,13.220000
2018-05-29,17.020000
2018-05-30,14.940000
2018-05-31,15.430000
2018-06-01,13.460000
2018-06-04,12.740000
2018-06-05,12.400000
2018-06-06,11.640000
2018-06-07,12.130000
2018-06-08,12.180000
2018-06-11,12.350000
2018-06-12,12.340000
2018-06-13,12.940000
2018-06-14,12.120000
2018-06-15,11.980000
2018-06-18,12.310000
2018-06-19,13.350000
2018-06-20,12.790000
2018-06-21,14.640000
2018-06-22,13.770000
2018-06-25,17.330000
2018-06-26,15.920000
2018-06-27,17.910000
2018-06-28,16.850000
2018-06-29,16.090000
2018-07-02,15.600000
2018-07-03,16.140000
2018-07-05,14.970000
2018-07-06,13.370000
2018-07-09,12.690000
2018-07-10,12.640000
2018-07-11,13.630000
2018-07-12,12.580000
2018-07-13,12.180000
2018-07-16,12.830000
2018-07-17,12.060000
2018-07-18,12.100000
2018-07-19,12.870000
2018-07-20,12.860000
2018-07-23,12.620000
2018-07-24,12.410000
2018-07-25,12.290000
2018-07-26,12.140000
2018-07-27,13.030000
2018-07-30,14.260000
2018-07-31,12.830000
2018-08-01,13.150000
2018-08-02,12.190000
2018-08-03,11.640000
2018-08-06,11.270000
2018-08-07,10.930000
2018-08-08,10.850000
2018-08-09,11.270000
2018-08-10,13.160000
2018-08-13,14.780000
2018-08-14,13.310000
2018-08-15,14.640000
2018-08-16,13.450000
2018-08-17,12.640000
2018-08-20,12.490000
2018-08-21,12.860000
2018-08-22,12.250000
2018-08-23,12.410000
2018-08-24,11.990000
2018-08-27,12.160000
2018-08-28,12.500000
2018-08-29,12.250000
2018-08-30,13.530000
2018-08-31,12.860000
2018-09-04,13.160000
2018-09-05,13.910000
2018-09-06,14.650000
2018-09-07,14.880000
2018-09-10,14.160000
2018-09-11,13.220000
2018-09-12,13.140000
2018-09-13,12.370000
2018-09-14,12.070000
2018-09-17,13.680000
2018-09-18,12.790000
2018-09-19,11.750000
2018-09-20,11.800000
2018-09-21,11.680000
2018-09-24,12.200000
2018-09-25,12.420000
2018-09-26,12.890000
2018-09-27,12.410000
2018-09-28,12.120000
2018-10-01,12.000000
2018-10-02,12.050000
2018-10-03,11.610000
2018-10-04,14.220000
2018-10-05,14.820000
2018-10-08,15.690000
2018-10-09,15.950000
2018-10-10,22.960000
2018-10-11,24.980000
2018-10-12,21.310000
2018-10-15,21.300000
2018-10-16,17.620000
2018-10-17,17.400000
2018-10-18,20.060000
2018-10-19,19.890000
2018-10-22,19.640000
2018-10-23,20.710000
2018-10-24,25.230000
2018-10-25,24.220000
2018-10-26,24.160000
2018-10-29,24.700000
2018-10-30,23.350000
2018-10-31,21.230000
2018-11-01,19.340000
2018-11-02,19.510000
2018-11-05,19.960000
2018-11-06,19.910000
2018-11-07,16.360000
2018-11-08,16.720000
2018-11-09,17.360000
2018-11-12,20.450000
2018-11-13,20.020000
2018-11-14,21.250000
2018-11-15,19.980000
2018-11-16,18.140000
2018-11-19,20.100000
2018-11-20,22.480000
2018-11-21,20.800000
2018-11-23,21.520000
2018-11-26,18.900000
2018-11-27,19.020000
2018-11-28,18.490000
2018-11-29,18.790000
2018-11-30,18.070000
2018-12-03,16.440000
2018-12-04,20.740000
2018-12-06,21.190000
2018-12-07,23.230000
2018-12-10,22.640000
2018-12-11,21.760000
2018-12-12,21.460000
2018-12-13,20.650000
2018-12-14,21.630000
2018-12-17,24.520000
2018-12-18,25.580000
2018-12-19,25.580000
2018-12-20,28.380000
2018-12-21,30.110000
2018-12-24,36.070000
2018-12-26,30.410000
2018-12-27,29.960000
2018-12-28,28.340000
2018-12-31,25.420000
2019-01-02,23.220000
2019-01-03,25.450000
2019-01-04,21.380000
2019-01-07,21.400000
2019-01-08,20.470000
2019-01-09,19.980000
2019-01-10,19.500000
2019-01-11,18.190000
2019-01-14,19.070000
2019-01-15,18.600000
2019-01-16,19.040000
2019-01-17,18.060000
2019-01-18,17.800000
2019-01-22,20.800000
2019-01-23,19.520000
2019-01-24,18.890000
2019-01-25,17.420000
2019-01-28,18.870000
2019-01-29,19.130000
2019-01-30,17.660000
2019-01-31,16.570000
2019-02-01,16.140000
2019-02-04,15.730000
2019-02-05,15.570000
2019-02-06,15.380000
2019-02-07,16.370000
2019-02-08,15.720000
2019-02-11,15.970000
2019-02-12,15.430000
2019-02-13,15.650000
2019-02-14,16.220000
2019-02-15,14.910000
2019-02-19,14.880000
2019-02-20,14.020000
2019-02-21,14.460000
2019-02-22,13.510000
2019-02-25,14.850000
2019-02-26,15.170000
2019-02-27,14.700000
2019-02-28,14.780000
2019-03-01,13.570000
2019-03-04,14.630000
2019-03-05,14.740000
2019-03-06,15.740000
2019-03-07,16.590000
2019-03-08,16.050000
2019-03-11,14.330000
2019-03-12,13.770000
2019-03-13,13.410000
2019-03-14,13.500000
2019-03-15,12.880000
2019-03-18,13.100000
2019-03-19,13.560000
2019-03-20,13.910000
2019-03-21,13.630000
2019-03-22,16.480000
2019-03-25,16.330000
2019-03-26,14.680000
2019-03-27,15.150000
2019-03-28,14.430000
2019-03-29,13.710000
2019-04-01,13.400000
2019-04-02,13.360000
2019-04-03,13.740000
2019-04-04,13.580000
2019-04-05,12.820000
2019-04-08,13.180000
2019-04-09,14.280000
2019-04-10,13.300000
2019-04-11,13.020000
2019-04-12,12.010000
2019-04-15,12.320000
2019-04-16,12.180000
2019-04-17,12.600000
2019-04-18,12.090000
2019-04-22,12.420000
2019-04-23,12.280000
2019-04-24,13.140000
2019-04-25,13.250000
2019-04-26,12.730000
2019-04-29,13.110000
2019-04-30,13.120000
2019-05-01,14.800000
2019-05-02,14.420000
2019-05-03,12.870000
2019-05-06,15.440000
2019-05-07,19.320000
2019-05-08,19.400000
2019-05-09,19.100000
2019-05-10,16.040000
2019-05-13,20.550000
2019-05-14,18.060000
2019-05-15,16.440000
2019-05-16,15.290000
2019-05-17,15.960000
2019-05-20,16.310000
2019-05-21,14.950000
2019-05-22,14.750000
2019-05-23,16.920000
2019-05-24,15.850000
2019-05-28,17.500000
2019-05-29,17.900000
2019-05-30,17.300000
2019-05-31,18.710000
2019-06-03,18.860000
2019-06-04,16.970000
2019-06-05,16.090000
2019-06-06,15.930000
2019-06-07,16.300000
2019-06-10,15.940000
2019-06-11,15.990000
2019-06-12,15.910000
2019-06-13,15.820000
2019-06-14,15.280000
2019-06-17,15.350000
2019-06-18,15.150000
2019-06-19,14.330000
2019-06-20,14.750000
2019-06-21,15.400000
2019-06-24,15.260000
2019-06-25,16.280000
2019-06-26,16.210000
2019-06-27,15.820000
2019-06-28,15.080000
2019-07-01,14.060000
2019-07-02,12.930000
2019-07-03,12.570000
2019-07-05,13.280000
2019-07-08,13.960000
2019-07-09,14.090000
2019-07-10,13.030000
2019-07-11,12.930000
2019-07-12,12.390000
2019-07-15,12.680000
2019-07-16,12.860000
2019-07-17,13.970000
2019-07-18,13.530000
2019-07-19,14.450000
2019-07-22,13.530000
2019-07-23,12.610000
2019-07-24,12.070000
2019-07-25,12.740000
2019-07-26,12.160000
2019-07-29,12.830000
2019-07-30,13.940000
2019-07-31,16.120000
2019-08-01,17.870000
2019-08-02,17.610000
2019-08-05,24.590000
2019-08-06,20.170000
2019-08-07,19.490000
2019-08-08,16.910000
2019-08-09,17.970000
2019-08-12,21.090000
2019-08-13,17.520000
2019-08-14,22.100000
2019-08-15,21.180000
2019-08-16,18.470000
2019-08-19,16.880000
2019-08-20,17.500000
2019-08-21,15.800000
2019-08-22,16.680000
2019-08-23,19.870000
2019-08-26,19.320000
2019-08-27,20.310000
2019-08-28,19.350000
2019-08-29,17.880000
2019-08-30,18.980000
2019-09-03,19.660000
2019-09-04,17.330000
2019-09-05,16.270000
2019-09-06,15.000000
2019-09-09,15.270000
2019-09-10,15.200000
2019-09-11,14.610000
2019-09-12,14.220000
2019-09-13,13.740000
2019-09-16,14.670000
2019-09-17,14.440000
2019-09-18,13.950000
2019-09-19,14.050000
2019-09-20,15.320000
2019-09-23,14.910000
2019-09-24,17.050000
2019-09-25,15.960000
2019-09-26,16.070000
2019-09-27,17.220000
2019-09-30,16.240000
2019-10-01,18.560000
2019-10-02,20.560000
2019-10-03,19.120000
2019-10-04,17.040000
2019-10-07,17.860000
2019-10-08,20.280000
2019-10-09,18.640000
2019-10-10,17.570000
2019-10-11,15.580000
2019-10-14,14.570000
2019-10-15,13.540000
2019-10-16,13.680000
2019-10-17,13.790000
2019-10-18,14.250000
2019-10-21,14.000000
2019-10-22,14.460000
2019-10-23,14.010000
2019-10-24,13.710000
2019-10-25,12.650000
2019-10-28,13.110000
2019-10-29,13.200000
2019-10-30,12.330000
2019-10-31,13.220000
2019-11-01,12.300000
2019-11-04,12.830000
2019-11-05,13.100000
2019-11-06,12.620000
2019-11-07,12.730000
2019-11-08,12.070000
2019-11-11,12.690000
2019-11-12,12.680000
2019-11-13,13.000000
2019-11-14,13.050000
2019-11-15,12.050000
2019-11-18,12.460000
2019-11-19,12.860000
2019-11-20,12.780000
2019-11-21,13.130000
2019-11-22,12.340000
2019-11-25,11.870000
2019-11-26,11.540000
2019-11-27,11.750000
2019-11-29,12.620000
2019-12-02,14.910000
2019-12-03,15.960000
2019-12-04,14.800000
2019-12-05,14.520000
2019-12-06,13.620000
2019-12-09,15.860000
2019-12-10,15.680000
2019-12-11,14.990000
2019-12-12,13.940000
2019-12-13,12.630000
2019-12-16,12.140000
2019-12-17,12.290000
2019-12-18,12.580000
2019-12-19,12.500000
2019-12-20,12.510000
2019-12-23,12.610000
2019-12-24,12.670000
2019-12-26,12.650000
2019-12-27,13.430000
2019-12-30,14.820000
2019-12-31,13.780000
2020-01-02,12.470000
2020-01-03,14.020000
2020-01-06,13.850000
2020-01-07,13.790000
2020-01-08,13.450000
2020-01-09,12.540000
2020-01-10,12.560000
2020-01-13,12.320000
2020-01-14,12.390000
2020-01-15,12.420000
2020-01-16,12.320000
2020-01-17,12.100000
2020-01-21,12.850000
2020-01-22,12.910000
2020-01-23,12.980000
2020-01-24,14.560000
2020-01-27,18.230000
2020-01-28,16.280000
2020-01-29,16.390000
2020-01-30,15.490000
2020-01-31,18.840000
2020-02-03,17.970000
2020-02-04,16.050000
2020-02-05,15.150000
2020-02-06,14.960000
2020-02-07,15.470000
2020-02-10,15.040000
2020-02-11,15.180000
2020-02-12,13.740000
2020-02-13,14.150000
2020-02-14,13.680000
2020-02-18,14.830000
2020-02-19,14.380000
2020-02-20,15.560000
2020-02-21,17.080000
2020-02-24,25.030000
2020-02-25,27.850000
2020-02-26,27.560000
2020-02-27,39.160000
2020-02-28,40.110000
2020-03-02,33.420000
2020-03-03,36.820000
2020-03-04,31.990000
2020-03-05,39.620000
2020-03-06,41.940000
2020-03-09,54.460000
2020-03-10,47.300000
2020-03-11,53.900000
2020-03-12,75.470000
2020-03-13,57.830000
2020-03-16,82.690000
2020-03-17,75.910000
2020-03-18,76.450000
2020-03-19,72.000000
2020-03-20,66.040000
2020-03-23,61.590000
2020-03-24,61.670000
2020-03-25,63.950000
2020-03-26,61.000000
2020-03-27,65.540000
2020-03-30,57.080000
2020-03-31,53.540000
2020-04-01,57.060000
2020-04-02,50.910000
2020-04-03,46.800000
2020-04-06,45.240000
2020-04-07,46.700000
2020-04-08,43.350000
2020-04-09,41.670000
2020-04-13,41.170000
2020-04-14,37.760000
2020-04-15,40.840000
2020-04-16,40.110000
2020-04-17,38.150000
2020-04-20,43.830000
2020-04-21,45.410000
2020-04-22,41.980000
2020-04-23,41.380000
2020-04-24,35.930000
2020-04-27,33.290000
2020-04-28,33.570000
2020-04-29,31.230000
2020-04-30,34.150000
2020-05-01,37.190000
2020-05-04,35.970000
2020-05-05,33.610000
2020-05-06,34.120000
2020-05-07,31.440000
2020-05-08,27.980000
2020-05-11,27.570000
2020-05-12,33.040000
2020-05-13,35.280000
2020-05-14,32.610000
2020-05-15,31.890000
2020-05-18,29.300000
2020-05-19,30.530000
2020-05-20,27.990000
2020-05-21,29.530000
2020-05-22,28.160000
2020-05-26,28.010000
2020-05-27,27.620000
2020-05-28,28.590000
2020-05-29,27.510000
2020-06-01,28.230000
2020-06-02,26.840000
2020-06-03,25.660000
2020-06-04,25.810000
2020-06-05,24.520000
2020-06-08,25.810000
2020-06-09,27.570000
2020-06-10,27.570000
2020-06-11,40.790000
2020-06-12,36.090000
2020-06-15,34.400000
2020-06-16,33.670000
2020-06-17,33.470000
2020-06-18,32.940000
2020-06-19,35.120000
2020-06-22,31.770000
2020-06-23,31.370000
2020-06-24,33.840000
2020-06-25,32.220000
2020-06-26,34.730000
2020-06-29,31.780000
2020-06-30,30.430000
2020-07-01,28.620000
2020-07-02,27.680000
2020-07-06,27.940000
2020-07-07,29.430000
2020-07-08,28.080000
2020-07-09,29.260000
2020-07-10,27.290000
2020-07-13,32.190000
2020-07-14,29.520000
2020-07-15,27.760000
2020-07-16,28.000000
2020-07-17,25.680000
2020-07-20,24.460000
2020-07-21,24.840000
2020-07-22,24.320000
2020-07-23,26.080000
2020-07-24,25.840000
2020-07-27,24.740000
2020-07-28,25.440000
2020-07-29,24.100000
2020-07-30,24.760000
2020-07-31,24.460000
2020-08-03,24.280000
2020-08-04,23.760000
2020-08-05,22.990000
2020-08-06,22.650000
2020-08-07,22.210000
2020-08-10,22.130000
2020-08-11,24.030000
2020-08-12,22.280000
2020-08-13,22.130000
2020-08-14,22.050000
2020-08-17,21.350000
2020-08-18,21.510000
2020-08-19,22.540000
2020-08-20,22.720000
2020-08-21,22.540000
2020-08-24,22.370000
2020-08-25,22.030000
2020-08-26,23.270000
2020-08-27,24.470000
2020-08-28,22.960000
2020-08-31,26.410000
2020-09-01,26.120000
2020-09-02,26.570000
2020-09-03,33.600000
2020-09-04,30.750000
2020-09-08,31.460000
2020-09-09,28.810000
2020-09-10,29.710000
2020-09-11,26.870000
2020-09-14,25.850000
2020-09-15,25.590000
2020-09-16,26.040000
2020-09-17,26.460000
2020-09-18,25.830000
2020-09-21,27.780000
2020-09-22,26.860000
2020-09-23,28.580000
2020-09-24,28.510000
2020-09-25,26.380000
2020-09-28,26.190000
2020-09-29,26.270000
2020-09-30,26.370000
2020-10-01,26.700000
2020-10-02,27.630000
2020-10-05,27.960000
2020-10-06,29.480000
2020-10-07,28.060000
2020-10-08,26.360000
2020-10-09,25.000000
2020-10-12,25.070000
2020-10-13,26.070000
2020-10-14,26.400000
2020-10-15,26.970000
2020-10-16,27.410000
2020-10-19,29.180000
2020-10-20,29.350000
2020-10-21,28.650000
2020-10-22,28.110000
2020-10-23,27.550000
2020-10-26,32.460000
2020-10-27,33.350000
2020-10-28,40.280000
2020-10-29,37.590000
2020-10-30,38.020000
2020-11-02,37.130000
2020-11-03,35.550000
2020-11-04,29.570000
2020-11-05,27.580000
2020-11-06,24.860000
2020-11-09,25.750000
2020-11-10,24.800000
2020-11-11,23.450000
2020-11-12,25.350000
2020-11-13,23.100000
2020-11-16,22.450000
2020-11-17,22.710000
2020-11-18,23.840000
2020-11-19,23.110000
2020-11-20,23.700000
2020-11-23,22.660000
2020-11-24,21.640000
2020-11-25,21.250000
2020-11-27,20.840000
2020-11-30,20.570000
2020-12-01,20.770000
2020-12-02,21.170000
2020-12-03,21.280000
2020-12-04,20.790000
2020-12-07,21.300000
2020-12-08,20.680000
2020-12-09,22.270000
2020-12-10,22.520000
2020-12-11,23.310000
2020-12-14,24.720000
2020-12-15,22.890000
2020-12-16,22.500000
2020-12-17,21.930000
2020-12-18,21.570000
2020-12-21,25.160000
2020-12-22,24.230000
2020-12-23,23.310000
2020-12-24,21.530000
2020-12-28,21.700000
2020-12-29,23.080000
2020-12-30,22.770000
2020-12-31,22.750000
2021-01-04,26.970000
2021-01-05,25.340000
2021-01-06,25.070000
2021-01-07,22.370000
2021-01-08,21.560000
2021-01-11,24.080000
2021-01-12,23.330000
2021-01-13,22.210000
2021-01-14,23.250000
2021-01-15,24.340000
2021-01-19,23.240000
2021-01-20,21.580000
2021-01-21,21.320000
2021-01-22,21.910000
2021-01-25,23.190000
2021-01-26,23.020000
2021-01-27,37.210000
2021-01-28,30.210000
2021-01-29,33.090000
2021-02-01,30.240000
2021-02-02,25.560000
2021-02-03,22.910000
2021-02-04,21.770000
2021-02-05,20.870000
2021-02-08,21.240000
2021-02-09,21.630000
2021-02-10,21.990000
2021-02-11,21.250000
2021-02-12,19.970000
2021-02-16,21.460000
2021-02-17,21.500000
2021-02-18,22.490000
2021-02-19,22.050000
2021-02-22,23.450000
2021-02-23,23.110000
2021-02-24,21.340000
2021-02-25,28.890000
2021-02-26,27.950000
2021-03-01,23.350000
2021-03-02,24.100000
2021-03-03,26.670000
2021-03-04,28.570000
2021-03-05,24.660000
2021-03-08,25.470000
2021-03-09,24.030000
2021-03-10,22.560000
2021-03-11,21.910000
2021-03-12,20.690000
2021-03-15,20.030000
2021-03-16,19.790000
2021-03-17,19.230000
2021-03-18,21.580000
2021-03-19,20.950000
2021-03-22,18.880000
2021-03-23,20.300000
2021-03-24,21.200000
2021-03-25,19.810000
2021-03-26,18.860000
2021-03-29,20.740000
2021-03-30,19.610000
2021-03-31,19.400000
2021-04-01,17.330000
2021-04-05,17.910000
2021-04-06,18.120000
2021-04-07,17.160000
2021-04-08,16.950000
2021-04-09,16.690000
2021-04-12,16.910000
2021-04-13,16.650000
2021-04-14,16.990000
2021-04-15,16.570000
2021-04-16,16.250000
2021-04-19,17.290000
2021-04-20,18.680000
2021-04-21,17.500000
2021-04-22,18.710000
2021-04-23,17.330000
2021-04-26,17.640000
2021-04-27,17.560000
2021-04-28,17.280000
2021-04-29,17.610000
2021-04-30,18.610000
2021-05-03,18.310000
2021-05-04,19.480000
2021-05-05,19.150000
2021-05-06,18.390000
2021-05-07,16.690000
2021-05-10,19.660000
2021-05-11,21.840000
2021-05-12,27.590000
2021-05-13,23.130000
2021-05-14,18.810000
2021-05-17,19.720000
2021-05-18,21.340000
2021-05-19,22.180000
2021-05-20,20.670000
2021-05-21,20.150000
2021-05-24,18.400000
2021-05-25,18.840000
2021-05-26,17.360000
2021-05-27,16.740000
2021-05-28,16.760000
2021-06-01,17.900000
2021-06-02,17.480000
2021-06-03,18.040000
2021-06-04,16.420000
2021-06-07,16.420000
2021-06-08,17.070000
2021-06-09,17.890000
2021-06-10,16.100000
2021-06-11,15.650000
2021-06-14,16.390000
2021-06-15,17.020000
2021-06-16,18.150000
2021-06-17,17.750000
2021-06-18,20.700000
2021-06-21,17.890000
2021-06-22,16.660000
2021-06-23,16.320000
2021-06-24,15.970000
2021-06-25,15.620000
2021-06-28,15.760000
2021-06-29,16.020000
2021-06-30,15.830000
2021-07-01,15.480000
2021-07-02,15.070000
2021-07-06,16.440000
2021-07-07,16.200000
2021-07-08,19.000000
2021-07-09,16.180000
2021-07-12,16.170000
2021-07-13,17.120000
2021-07-14,16.330000
2021-07-15,17.010000
2021-07-16,18.450000
2021-07-19,22.500000
2021-07-20,19.730000
2021-07-21,17.910000
2021-07-22,17.690000
2021-07-23,17.200000
2021-07-26,17.580000
2021-07-27,19.360000
2021-07-28,18.310000
2021-07-29,17.700000
2021-07-30,18.240000
2021-08-02,19.460000
2021-08-03,18.040000
2021-08-04,17.970000
2021-08-05,17.280000
2021-08-06,16.150000
2021-08-09,16.720000
2021-08-10,16.790000
2021-08-11,16.060000
2021-08-12,15.590000
2021-08-13,15.450000
2021-08-16,16.120000
2021-08-17,17.910000
2021-08-18,21.570000
2021-08-19,21.670000
2021-08-20,18.560000
2021-08-23,17.150000
2021-08-24,17.220000
2021-08-25,16.790000
2021-08-26,18.840000
2021-08-27,16.390000
2021-08-30,16.190000
2021-08-31,16.480000
2021-09-01,16.110000
2021-09-02,16.410000
2021-09-03,16.410000
2021-09-07,18.140000
2021-09-08,17.960000
2021-09-09,18.800000
2021-09-10,20.950000
2021-09-13,19.370000
2021-09-14,19.460000
2021-09-15,18.180000
2021-09-16,18.690000
2021-09-17,20.810000
2021-09-20,25.710000
2021-09-21,24.360000
2021-09-22,20.870000
2021-09-23,18.630000
2021-09-24,17.750000
2021-09-27,18.760000
2021-09-28,23.250000
2021-09-29,22.560000
2021-09-30,23.140000
2021-10-01,21.150000
2021-10-04,22.960000
2021-10-05,21.300000
2021-10-06,21.000000
2021-10-07,19.540000
2021-10-08,18.770000
2021-10-11,20.000000
2021-10-12,19.850000
2021-10-13,18.640000
2021-10-14,16.860000
2021-10-15,16.300000
2021-10-18,16.310000
2021-10-19,15.700000
2021-10-20,15.490000
2021-10-21,15.010000
2021-10-22,15.430000
2021-10-25,15.240000
2021-10-26,15.980000
2021-10-27,16.980000
2021-10-28,16.530000
2021-10-29,16.260000
2021-11-01,16.410000
2021-11-02,16.030000
2021-11-03,15.100000
2021-11-04,15.440000
2021-11-05,16.480000
2021-11-08,17.220000
2021-11-09,17.780000
2021-11-10,18.730000
2021-11-11,17.660000
2021-11-12,16.290000
2021-11-15,16.490000
2021-11-16,16.370000
2021-11-17,17.110000
2021-11-18,17.590000
2021-11-19,17.910000
2021-11-22,19.170000
2021-11-23,19.380000
2021-11-24,18.580000
2021-11-26,28.620000
2021-11-29,22.960000
2021-11-30,27.190000
2021-12-01,31.120000
2021-12-02,27.950000
2021-12-03,30.670000
2021-12-06,27.180000
2021-12-07,21.890000
2021-12-08,19.900000
2021-12-09,21.580000
2021-12-10,18.690000
2021-12-13,20.310000
2021-12-14,21.890000
2021-12-15,19.290000
2021-12-16,20.570000
2021-12-17,21.570000
2021-12-20,22.870000
2021-12-21,21.010000
2021-12-22,18.630000
2021-12-23,17.960000
2021-12-27,17.680000
2021-12-28,17.540000
2021-12-29,16.950000
2021-12-30,17.330000
2021-12-31,17.220000
2022-01-03,16.600000
2022-01-04,16.910000
2022-01-05,19.730000
2022-01-06,19.610000
2022-01-07,18.760000
2022-01-10,19.400000
2022-01-11,18.410000
2022-01-12,17.620000
2022-01-13,20.310000
2022-01-14,19.190000
2022-01-18,22.790000
2022-01-19,23.850000
2022-01-20,25.590000
2022-01-21,28.850000
2022-01-24,29.900000
2022-01-25,31.160000
2022-01-26,31.960000
2022-01-27,30.490000
2022-01-28,27.660000
2022-01-31,24.830000
2022-02-01,21.960000
2022-02-02,22.090000
2022-02-03,24.350000
2022-02-04,23.220000
2022-02-07,22.860000
2022-02-08,21.440000
2022-02-09,19.960000
2022-02-10,23.910000
2022-02-11,27.360000
2022-02-14,28.330000
2022-02-15,25.700000
2022-02-16,24.290000
2022-02-17,28.110000
2022-02-18,27.750000
2022-02-22,28.810000
2022-02-23,31.020000
2022-02-24,30.320000
2022-02-25,27.590000
2022-02-28,30.150000
2022-03-01,33.320000
2022-03-02,30.740000
2022-03-03,30.480000
2022-03-04,31.980000
2022-03-07,36.450000
2022-03-08,35.130000
2022-03-09,32.450000
2022-03-10,30.230000
2022-03-11,30.750000
2022-03-14,31.770000
2022-03-15,29.830000
2022-03-16,26.670000
2022-03-17,25.670000
2022-03-18,23.870000
2022-03-21,23.530000
2022-03-22,22.940000
2022-03-23,23.570000
2022-03-24,21.670000
2022-03-25,20.810000
2022-03-28,19.630000
2022-03-29,18.900000
2022-03-30,19.330000
2022-03-31,20.560000
2022-04-01,19.630000
2022-04-04,18.570000
2022-04-05,21.030000
2022-04-06,22.100000
2022-04-07,21.550000
2022-04-08,21.160000
2022-04-11,24.370000
2022-04-12,24.260000
2022-04-13,21.820000
2022-04-14,22.700000
2022-04-18,22.170000
2022-04-19,21.370000
2022-04-20,20.320000
2022-04-21,22.680000
2022-04-22,28.210000
2022-04-25,27.020000
2022-04-26,33.520000
2022-04-27,31.600000
2022-04-28,29.990000
2022-04-29,33.400000
2022-05-02,32.340000
2022-05-03,29.250000
2022-05-04,25.420000
2022-05-05,31.200000
2022-05-06,30.190000
2022-05-09,34.750000
2022-05-10,32.990000
2022-05-11,32.560000
2022-05-12,31.770000
2022-05-13,28.870000
2022-05-16,27.470000
2022-05-17,26.100000
2022-05-18,30.960000
2022-05-19,29.350000
2022-05-20,29.430000
2022-05-23,28.480000
2022-05-24,29.450000
2022-05-25,28.370000
2022-05-26,27.500000
2022-05-27,25.720000
2022-05-30,26.540000
2022-05-31,26.190000
2022-06-01,25.690000
2022-06-02,24.720000
2022-06-03,24.790000
2022-06-06,25.070000
2022-06-07,24.020000
2022-06-08,23.960000
2022-06-09,26.090000
2022-06-10,27.750000
2022-06-13,34.020000
2022-06-14,32.690000
2022-06-15,29.620000
2022-06-16,32.950000
2022-06-17,31.130000
2022-06-20,31.030000
2022-06-21,30.190000
2022-06-22,28.950000
2022-06-23,29.050000
2022-06-24,27.230000
2022-06-27,26.950000
2022-06-28,28.360000
2022-06-29,28.160000
2022-06-30,28.710000
2022-07-01,26.700000
2022-07-04,27.530000
2022-07-05,27.540000
2022-07-06,26.730000
2022-07-07,26.080000
2022-07-08,24.640000
2022-07-11,26.170000
2022-07-12,27.290000
2022-07-13,26.820000
2022-07-14,26.400000
2022-07-15,24.230000
2022-07-18,25.300000
2022-07-19,24.500000
2022-07-20,23.880000
2022-07-21,23.110000
2022-07-22,23.030000
2022-07-25,23.360000
2022-07-26,24.690000
2022-07-27,23.240000
2022-07-28,22.330000
2022-07-29,21.330000
2022-08-01,22.840000
2022-08-02,23.930000
2022-08-03,21.950000
2022-08-04,21.440000
2022-08-05,21.150000
2022-08-08,21.290000
2022-08-09,21.770000
2022-08-10,19.740000
2022-08-11,20.200000
2022-08-12,19.530000
2022-08-15,19.950000
2022-08-16,19.690000
2022-08-17,19.900000
2022-08-18,19.560000
2022-08-19,20.600000
2022-08-22,23.800000
2022-08-23,24.110000
2022-08-24,22.820000
2022-08-25,21.780000
2022-08-26,25.560000
2022-08-29,26.210000
2022-08-30,26.210000
2022-08-31,25.870000
2022-09-01,25.560000
2022-09-02,25.470000
2022-09-05,25.990000
2022-09-06,26.910000
2022-09-07,24.640000
2022-09-08,23.610000
2022-09-09,22.790000
2022-09-12,23.870000
2022-09-13,27.270000
2022-09-14,26.160000
2022-09-15,26.270000
2022-09-16,26.300000
2022-09-19,25.760000
2022-09-20,27.160000
2022-09-21,27.990000
2022-09-22,27.350000
2022-09-23,29.920000
2022-09-26,32.260000
2022-09-27,32.600000
2022-09-28,30.180000
2022-09-29,31.840000
2022-09-30,31.620000
2022-10-03,30.100000
2022-10-04,29.070000
2022-10-05,28.550000
2022-10-06,30.520000
2022-10-07,31.360000
2022-10-10,32.450000
2022-10-11,33.630000
2022-10-12,33.570000
2022-10-13,31.940000
2022-10-14,32.020000
2022-10-17,31.370000
2022-10-18,30.500000
2022-10-19,30.760000
2022-10-20,29.980000
2022-10-21,29.690000
2022-10-24,29.850000
2022-10-25,28.460000
2022-10-26,27.280000
2022-10-27,27.390000
2022-10-28,25.750000
2022-10-31,25.880000
2022-11-01,25.810000
2022-11-02,25.860000
2022-11-03,25.300000
2022-11-04,24.550000
2022-11-07,24.350000
2022-11-08,25.540000
2022-11-09,26.090000
2022-11-10,23.530000
2022-11-11,22.520000
2022-11-14,23.730000
2022-11-15,24.540000
2022-11-16,24.110000
2022-11-17,23.930000
2022-11-18,23.120000
2022-11-21,22.360000
2022-11-22,21.290000
2022-11-23,20.350000
2022-11-24,20.420000
2022-11-25,20.500000
2022-11-28,22.210000
2022-11-29,21.890000
2022-11-30,20.580000
2022-12-01,19.840000
2022-12-02,19.060000
2022-12-05,20.750000
2022-12-06,22.170000
2022-12-07,22.680000
2022-12-08,22.290000
2022-12-09,22.830000
2022-12-12,25.000000
2022-12-13,22.550000
2022-12-14,21.140000
2022-12-15,22.830000
2022-12-16,22.620000
2022-12-19,22.420000
2022-12-20,21.480000
2022-12-21,20.070000
2022-12-22,21.970000
2022-12-23,20.870000
2022-12-27,21.650000
2022-12-28,22.140000
2022-12-29,21.440000
2022-12-30,21.670000
2023-01-03,22.900000
2023-01-04,22.010000
2023-01-05,22.460000
2023-01-06,21.130000
2023-01-09,21.970000
2023-01-10,20.580000
2023-01-11,21.090000
2023-01-12,18.830000
2023-01-13,18.350000
2023-01-16,19.490000
2023-01-17,19.360000
2023-01-18,20.340000
2023-01-19,20.520000
2023-01-20,19.850000
2023-01-23,19.810000
2023-01-24,19.200000
2023-01-25,19.080000
2023-01-26,18.730000
2023-01-27,18.510000
2023-01-30,19.940000
2023-01-31,19.400000
2023-02-01,17.870000
2023-02-02,18.730000
2023-02-03,18.330000
2023-02-06,19.430000
2023-02-07,18.660000
2023-02-08,19.630000
2023-02-09,20.710000
2023-02-10,20.530000
2023-02-13,20.340000
2023-02-14,18.910000
2023-02-15,18.230000
2023-02-16,20.170000
2023-02-17,20.020000
2023-02-20,21.230000
2023-02-21,22.870000
2023-02-22,22.290000
2023-02-23,21.140000
2023-02-24,21.670000
2023-02-27,20.950000
2023-02-28,20.700000
2023-03-01,20.580000
2023-03-02,19.590000
2023-03-03,18.490000
2023-03-06,18.610000
2023-03-07,19.590000
2023-03-08,19.110000
2023-03-09,22.610000
2023-03-10,24.800000
2023-03-13,26.520000
2023-03-14,23.730000
2023-03-15,26.140000
2023-03-16,22.990000
2023-03-17,25.510000
2023-03-20,24.150000
2023-03-21,21.380000
2023-03-22,22.260000
2023-03-23,22.610000
2023-03-24,21.740000
2023-03-27,20.600000
2023-03-28,19.970000
2023-03-29,19.120000
2023-03-30,19.020000
2023-03-31,18.700000
2023-04-03,18.550000
2023-04-04,19.000000
2023-04-05,19.080000
2023-04-06,18.400000
2023-04-10,18.970000
2023-04-11,19.100000
2023-04-12,19.090000
2023-04-13,17.800000
2023-04-14,17.070000
2023-04-17,16.950000
2023-04-18,16.830000
2023-04-19,16.460000
2023-04-20,17.170000
2023-04-21,16.770000
2023-04-24,16.890000
2023-04-25,18.760000
2023-04-26,18.840000
2023-04-27,17.030000
2023-04-28,15.780000
2023-05-01,16.080000
2023-05-02,17.780000
2023-05-03,18.340000
2023-05-04,20.090000
2023-05-05,17.190000
2023-05-08,16.980000
2023-05-09,17.710000
2023-05-10,16.940000
2023-05-11,16.930000
2023-05-12,17.030000
2023-05-15,17.120000
2023-05-16,17.990000
2023-05-17,16.870000
2023-05-18,16.050000
2023-05-19,16.810000
2023-05-22,17.210000
2023-05-23,18.530000
2023-05-24,20.030000
2023-05-25,19.140000
2023-05-26,17.950000
2023-05-29,17.460000
2023-05-30,17.460000
2023-05-31,17.940000
2023-06-01,15.650000
2023-06-02,14.600000
2023-06-05,14.730000
2023-06-06,13.960000
2023-06-07,13.940000
2023-06-08,13.650000
2023-06-09,13.830000
2023-06-12,15.010000
2023-06-13,14.610000
2023-06-14,13.880000
2023-06-15,14.500000
2023-06-16,13.540000
2023-06-19,14.190000
2023-06-20,13.880000
2023-06-21,13.200000
2023-06-22,12.910000
2023-06-23,13.440000
2023-06-26,14.250000
2023-06-27,13.740000
2023-06-28,13.430000
2023-06-29,13.540000
2023-06-30,13.590000
2023-07-03,13.570000
2023-07-04,13.700000
2023-07-05,14.180000
2023-07-06,15.440000
2023-07-07,14.830000
2023-07-10,15.070000
2023-07-11,14.840000
2023-07-12,13.540000
2023-07-13,13.610000
2023-07-14,13.340000
2023-07-17,13.480000
2023-07-18,13.300000
2023-07-19,13.760000
2023-07-20,13.990000
2023-07-21,13.600000
2023-07-24,13.910000
2023-07-25,13.860000
2023-07-26,13.190000
2023-07-27,14.410000
2023-07-28,13.330000
2023-07-31,13.630000
2023-08-01,13.930000
2023-08-02,16.090000
2023-08-03,15.920000
2023-08-04,17.100000
2023-08-07,15.770000
2023-08-08,15.990000
2023-08-09,15.960000
2023-08-10,15.850000
2023-08-11,14.840000
2023-08-14,14.820000
2023-08-15,16.460000
2023-08-16,16.780000
2023-08-17,17.890000
2023-08-18,17.300000
2023-08-21,17.130000
2023-08-22,16.970000
2023-08-23,15.980000
2023-08-24,17.200000
2023-08-25,15.680000
2023-08-28,15.080000
2023-08-29,14.450000
2023-08-30,13.880000
2023-08-31,13.570000
2023-09-01,13.090000
2023-09-04,13.820000
2023-09-05,14.010000
2023-09-06,14.450000
2023-09-07,14.400000
2023-09-08,13.840000
2023-09-11,13.800000
2023-09-12,14.230000
2023-09-13,13.480000
2023-09-14,12.820000
2023-09-15,13.790000
2023-09-18,14.000000
2023-09-19,14.110000
2023-09-20,15.140000
2023-09-21,17.540000
2023-09-22,17.200000
2023-09-25,16.900000
2023-09-26,18.940000
2023-09-27,18.220000
2023-09-28,17.340000
2023-09-29,17.520000
2023-10-02,17.610000
2023-10-03,19.780000
2023-10-04,18.580000
2023-10-05,18.490000
2023-10-06,17.450000
2023-10-09,17.700000
2023-10-10,17.030000
2023-10-11,16.090000
2023-10-12,16.690000
2023-10-13,19.320000
2023-10-16,17.210000
2023-10-17,17.880000
2023-10-18,19.220000
2023-10-19,21.400000
2023-10-20,21.710000
2023-10-23,20.370000
2023-10-24,18.970000
2023-10-25,20.190000
2023-10-26,20.680000
2023-10-27,21.270000
2023-10-30,19.750000
2023-10-31,18.140000
2023-11-01,16.870000
2023-11-02,15.660000
2023-11-03,14.910000
2023-11-06,14.890000
2023-11-07,14.810000
2023-11-08,14.450000
2023-11-09,15.290000
2023-11-10,14.170000
2023-11-13,14.760000
2023-11-14,14.160000
2023-11-15,14.180000
2023-11-16,14.320000
2023-11-17,13.800000
2023-11-20,13.410000
2023-11-21,13.350000
2023-11-22,12.850000
2023-11-23,12.800000
2023-11-24,12.460000
2023-11-27,12.690000
2023-11-28,12.690000
2023-11-29,12.980000
2023-11-30,12.920000
2023-12-01,12.630000
2023-12-04,13.080000
2023-12-05,12.850000
2023-12-06,12.970000
2023-12-07,13.060000
2023-12-08,12.350000
2023-12-11,12.630000
2023-12-12,12.070000
2023-12-13,12.190000
2023-12-14,12.480000
2023-12-15,12.280000
2023-12-18,12.560000
2023-12-19,12.530000
2023-12-20,13.670000
2023-12-21,13.650000
2023-12-22,13.030000
2023-12-26,12.990000
2023-12-27,12.430000
2023-12-28,12.470000
2023-12-29,12.450000
2024-01-02,13.200000
2024-01-03,14.040000
2024-01-04,14.130000
2024-01-05,13.350000
2024-01-08,13.080000
2024-01-09,12.760000
2024-01-10,12.690000
2024-01-11,12.440000
2024-01-12,12.700000
2024-01-15,13.250000
2024-01-16,13.840000
2024-01-17,14.790000
2024-01-18,14.130000
2024-01-19,13.300000
2024-01-22,13.190000
2024-01-23,12.550000
2024-01-24,13.140000
2024-01-25,13.450000
2024-01-26,13.260000
2024-01-29,13.600000
2024-01-30,13.310000
2024-01-31,14.350000
2024-02-01,13.880000
2024-02-02,13.850000
2024-02-05,13.670000
2024-02-06,13.060000
2024-02-07,12.830000
2024-02-08,12.790000
2024-02-09,12.930000
2024-02-12,13.930000
2024-02-13,15.850000
2024-02-14,14.380000
2024-02-15,14.010000
2024-02-16,14.240000
2024-02-19,14.710000
2024-02-20,15.420000
2024-02-21,15.340000
2024-02-22,14.540000
2024-02-23,13.750000
2024-02-26,13.740000
2024-02-27,13.430000
2024-02-28,13.840000
2024-02-29,13.400000
2024-03-01,13.110000
2024-03-04,13.490000
2024-03-05,14.460000
2024-03-06,14.500000
2024-03-07,14.440000
2024-03-08,14.740000
2024-03-11,15.220000
2024-03-12,13.840000
2024-03-13,13.750000
2024-03-14,14.400000
2024-03-15,14.410000
2024-03-18,14.330000
2024-03-19,13.820000
2024-03-20,13.040000
2024-03-21,12.920000
2024-03-22,13.060000
2024-03-25,13.190000
2024-03-26,13.240000
2024-03-27,12.780000
2024-03-28,13.010000
2024-04-01,13.650000
2024-04-02,14.610000
2024-04-03,14.330000
2024-04-04,16.350000
2024-04-05,16.030000
2024-04-08,15.190000
2024-04-09,14.980000
2024-04-10,15.800000
2024-04-11,14.910000
2024-04-12,17.310000
2024-04-15,19.230000
2024-04-16,18.400000
2024-04-17,18.210000
2024-04-18,18.000000
2024-04-19,18.710000
2024-04-22,16.940000
2024-04-23,15.690000
2024-04-24,15.970000
2024-04-25,15.370000
2024-04-26,15.030000
2024-04-29,14.670000
2024-04-30,15.650000
2024-05-01,15.390000
2024-05-02,14.680000
2024-05-03,13.490000
2024-05-06,13.490000
2024-05-07,13.230000
2024-05-08,13.000000
2024-05-09,12.690000
2024-05-10,12.550000
2024-05-13,13.600000
2024-05-14,13.420000
2024-05-15,12.450000
2024-05-16,12.420000
2024-05-17,11.990000
2024-05-20,12.150000
2024-05-21,11.860000
2024-05-22,12.290000
2024-05-23,12.770000
2024-05-24,11.930000
2024-05-27,12.360000
2024-05-28,12.920000
2024-05-29,14.280000
2024-05-30,14.470000
2024-05-31,12.920000
2024-06-03,13.110000
2024-06-04,13.160000
2024-06-05,12.630000
2024-06-06,12.580000
2024-06-07,12.220000
2024-06-10,12.740000
2024-06-11,12.850000
2024-06-12,12.040000
2024-06-13,11.940000
2024-06-14,12.660000
2024-06-17,12.750000
2024-06-18,12.300000
2024-06-19,12.480000
2024-06-20,13.280000
2024-06-21,13.200000
2024-06-24,13.330000
2024-06-25,12.840000
2024-06-26,12.550000
2024-06-27,12.240000
2024-06-28,12.440000
2024-07-01,12.220000
2024-07-02,12.030000
2024-07-03,12.090000
2024-07-04,12.260000
2024-07-05,12.480000
2024-07-08,12.370000
2024-07-09,12.510000
2024-07-10,12.850000
2024-07-11,12.920000
2024-07-12,12.460000
2024-07-15,13.120000
2024-07-16,13.190000
2024-07-17,14.480000
2024-07-18,15.930000
2024-07-19,16.520000
2024-07-22,14.910000
2024-07-23,14.720000
2024-07-24,18.040000
2024-07-25,18.460000
2024-07-26,16.390000
2024-07-29,16.600000
2024-07-30,17.690000
2024-07-31,16.360000
2024-08-01,18.590000
2024-08-02,23.390000
2024-08-05,38.570000
2024-08-06,27.710000
2024-08-07,27.850000
2024-08-08,23.790000
2024-08-09,20.370000
2024-08-12,20.710000
2024-08-13,18.120000
2024-08-14,16.190000
2024-08-15,15.230000
2024-08-16,14.800000
2024-08-19,14.650000
2024-08-20,15.880000
2024-08-21,16.270000
2024-08-22,17.550000
2024-08-23,15.860000
2024-08-26,16.150000
2024-08-27,15.430000
2024-08-28,17.110000
2024-08-29,15.650000
2024-08-30,15.000000
2024-09-02,15.550000
2024-09-03,20.720000
2024-09-04,21.320000
2024-09-05,19.900000
2024-09-06,22.380000
2024-09-09,19.450000
2024-09-10,19.080000
2024-09-11,17.690000
2024-09-12,17.070000
2024-09-13,16.560000
2024-09-16,17.140000
2024-09-17,17.610000
2024-09-18,18.230000
2024-09-19,16.330000
2024-09-20,16.150000
2024-09-23,15.890000
2024-09-24,15.390000
2024-09-25,15.410000
2024-09-26,15.370000
2024-09-27,16.960000
2024-09-30,16.730000
2024-10-01,19.260000
2024-10-02,18.900000
2024-10-03,20.490000
2024-10-04,19.210000
2024-10-07,22.640000
2024-10-08,21.420000
2024-10-09,20.860000
2024-10-10,20.930000
2024-10-11,20.460000
2024-10-14,19.700000
2024-10-15,20.640000
2024-10-16,19.580000
2024-10-17,19.110000
2024-10-18,18.030000
2024-10-21,18.370000
2024-10-22,18.200000
2024-10-23,19.240000
2024-10-24,19.080000
2024-10-25,20.330000
2024-10-28,19.800000
2024-10-29,19.340000
2024-10-30,20.350000
2024-10-31,23.160000
2024-11-01,21.880000
2024-11-04,21.980000
2024-11-05,20.490000
2024-11-06,16.270000
2024-11-07,15.200000
2024-11-08,14.940000
2024-11-11,14.970000
2024-11-12,14.710000
2024-11-13,14.020000
2024-11-14,14.310000
2024-11-15,16.140000
2024-11-18,15.580000
2024-11-19,16.350000
2024-11-20,17.160000
2024-11-21,16.870000
2024-11-22,15.240000
2024-11-25,14.600000
2024-11-26,14.100000
2024-11-27,14.100000
2024-11-28,13.900000
2024-11-29,13.510000
2024-12-02,13.340000
2024-12-03,13.300000
2024-12-04,13.450000
2024-12-05,13.540000
2024-12-06,12.770000
2024-12-09,14.190000
2024-12-10,14.180000
2024-12-11,13.580000
2024-12-12,13.920000
2024-12-13,13.810000
2024-12-16,14.690000
2024-12-17,15.870000
2024-12-18,27.620000
2024-12-19,24.090000
2024-12-20,18.360000
2024-12-23,16.780000
2024-12-24,14.270000
2024-12-26,14.730000
2024-12-27,15.950000
2024-12-30,17.400000
2024-12-31,17.350000
2025-01-02,17.930000
2025-01-03,16.130000
2025-01-06,16.040000
2025-01-07,17.820000
2025-01-08,17.700000
2025-01-09,18.070000
2025-01-10,19.540000
2025-01-13,19.190000
2025-01-14,18.710000
2025-01-15,16.120000
2025-01-16,16.600000
2025-01-17,15.970000
2025-01-20,15.810000
2025-01-21,15.060000
2025-01-22,15.100000
2025-01-23,15.020000
2025-01-24,14.850000
2025-01-27,17.900000
2025-01-28,16.410000
2025-01-29,16.560000
2025-01-30,15.840000
2025-01-31,16.430000
2025-02-03,18.620000
2025-02-04,17.210000
2025-02-05,15.770000
2025-02-06,15.500000
2025-02-07,16.540000
2025-02-10,15.810000
2025-02-11,16.020000
2025-02-12,15.890000
2025-02-13,15.100000
2025-02-14,14.770000
2025-02-17,15.370000
2025-02-18,15.350000
2025-02-19,15.270000
2025-02-20,15.660000
2025-02-21,18.210000
2025-02-24,18.980000
2025-02-25,19.430000
2025-02-26,19.100000
2025-02-27,21.130000
2025-02-28,19.630000
2025-03-03,22.780000
2025-03-04,23.510000
2025-03-05,21.930000
2025-03-06,24.870000
2025-03-07,23.370000
2025-03-10,27.860000
2025-03-11,26.920000
2025-03-12,24.230000
2025-03-13,24.660000
2025-03-14,21.770000
2025-03-17,20.510000
2025-03-18,21.700000
2025-03-19,19.900000
2025-03-20,19.800000
2025-03-21,19.280000
2025-03-24,17.480000
2025-03-25,17.150000
2025-03-26,18.330000
2025-03-27,18.690000
2025-03-28,21.650000
2025-03-31,22.280000
2025-04-01,21.770000
2025-04-02,21.510000
2025-04-03,30.020000
2025-04-04,45.310000
2025-04-07,46.980000
2025-04-08,52.330000
2025-04-09,33.620000
2025-04-10,40.720000
2025-04-11,37.560000
2025-04-14,30.890000
2025-04-15,30.120000
2025-04-16,32.640000
2025-04-17,29.650000
2025-04-21,33.820000
2025-04-22,30.570000
2025-04-23,28.450000
2025-04-24,26.470000
2025-04-25,24.840000
2025-04-28,25.150000
2025-04-29,24.170000
2025-04-30,24.700000
2025-05-01,24.600000
2025-05-02,22.680000
2025-05-05,23.640000
2025-05-06,24.760000
2025-05-07,23.550000
2025-05-08,22.480000
2025-05-09,21.900000
2025-05-12,18.390000
2025-05-13,18.220000
2025-05-14,18.620000
2025-05-15,17.830000
2025-05-16,17.240000
2025-05-19,18.140000
2025-05-20,18.090000
2025-05-21,20.870000
2025-05-22,20.280000
2025-05-23,22.290000
2025-05-26,20.570000
2025-05-27,18.960000
2025-05-28,19.310000
2025-05-29,19.180000
2025-05-30,18.570000
2025-06-02,18.360000
2025-06-03,17.690000
2025-06-04,17.610000
2025-06-05,18.480000
2025-06-06,16.770000
2025-06-09,17.160000
2025-06-10,16.950000
2025-06-11,17.260000
2025-06-12,18.020000
2025-06-13,20.820000
2025-06-16,19.110000
2025-06-17,21.600000
2025-06-18,20.140000
2025-06-19,22.170000
2025-06-20,20.620000
2025-06-23,19.830000
2025-06-24,17.480000
2025-06-25,16.760000
2025-06-26,16.590000
2025-06-27,16.320000
2025-06-30,16.730000
2025-07-01,16.830000
2025-07-02,16.640000
2025-07-03,16.380000
2025-07-04,17.480000
2025-07-07,17.790000
2025-07-08,16.810000
2025-07-09,15.940000
2025-07-10,15.780000
2025-07-11,16.400000
2025-07-14,17.200000
2025-07-15,17.380000
2025-07-16,17.160000
2025-07-17,16.520000
2025-07-18,16.410000
2025-07-21,16.650000
2025-07-22,16.500000
2025-07-23,15.370000
2025-07-24,15.390000
2025-07-25,14.930000
2025-07-28,15.030000
2025-07-29,15.980000
2025-07-30,15.480000
2025-07-31,16.720000
2025-08-01,20.380000
2025-08-04,17.520000
2025-08-05,17.850000
2025-08-06,16.770000
2025-08-07,16.570000
2025-08-08,15.150000
2025-08-11,16.250000
2025-08-12,14.730000
2025-08-13,14.490000
2025-08-14,14.830000
2025-08-15,15.090000
2025-08-18,14.990000
2025-08-19,15.570000
2025-08-20,15.690000
2025-08-21,16.600000
2025-08-22,14.220000
2025-08-25,14.790000
2025-08-26,14.620000
2025-08-27,14.850000
2025-08-28,14.430000
2025-08-29,15.360000
2025-09-01,16.120000
2025-09-02,17.170000
2025-09-03,16.350000
2025-09-04,15.300000
2025-09-05,15.180000
2025-09-08,15.110000
2025-09-09,15.040000
2025-09-10,15.350000
2025-09-11,14.710000
2025-09-12,14.760000
2025-09-15,15.690000
2025-09-16,16.360000
2025-09-17,15.720000
2025-09-18,15.700000
2025-09-19,15.450000
2025-09-22,16.100000
2025-09-23,16.640000
2025-09-24,16.180000
2025-09-25,16.740000
2025-09-26,15.290000
2025-09-29,16.120000
2025-09-30,16.280000
2025-10-01,16.290000
2025-10-02,16.630000
2025-10-03,16.650000
2025-10-06,16.370000
2025-10-07,17.240000
2025-10-08,16.300000
2025-10-09,16.430000
2025-10-10,21.660000
2025-10-13,19.030000
2025-10-14,20.810000
2025-10-15,20.640000
2025-10-16,25.310000
2025-10-17,20.780000
2025-10-20,18.230000
2025-10-21,17.870000
2025-10-22,18.600000
2025-10-23,17.300000
2025-10-24,16.370000
2025-10-27,15.790000
2025-10-28,16.420000
2025-10-29,16.920000
2025-10-30,16.910000
2025-10-31,17.440000
2025-11-03,17.170000
2025-11-04,19.000000
2025-11-05,18.010000
2025-11-06,19.500000
2025-11-07,19.080000
2025-11-10,17.600000
2025-11-11,17.280000
2025-11-12,17.510000
2025-11-13,20.000000
2025-11-14,19.830000
2025-11-17,22.380000
2025-11-18,24.690000
2025-11-19,23.660000
2025-11-20,26.420000
2025-11-21,23.430000
2025-11-24,20.520000
2025-11-25,18.560000
2025-11-26,17.190000
2025-11-27,17.210000
2025-11-28,16.350000
2025-12-01,17.240000
2025-12-02,16.590000
2025-12-03,16.080000
2025-12-04,15.780000
2025-12-05,15.410000
2025-12-08,16.660000
2025-12-09,16.930000
2025-12-10,15.770000
2025-12-11,14.850000
2025-12-12,15.740000
2025-12-15,16.500000
2025-12-16,16.480000
2025-12-17,17.620000
2025-12-18,16.870000
2025-12-19,14.910000
2025-12-22,14.080000
2025-12-23,14.000000
2025-12-24,13.470000
2025-12-26,13.600000
2025-12-29,14.200000
2025-12-30,14.330000
2025-12-31,14.950000
2026-01-02,14.510000
2026-01-05,14.900000
2026-01-06,14.750000
2026-01-07,15.380000
2026-01-08,15.450000
2026-01-09,14.490000
2026-01-12,15.120000
2026-01-13,15.980000
2026-01-14,16.750000
2026-01-15,15.840000
2026-01-16,15.860000
2026-01-19,18.840000
2026-01-20,20.090000
2026-01-21,16.900000
2026-01-22,15.640000
2026-01-23,16.090000
2026-01-26,16.150000
2026-01-27,16.350000
2026-01-28,16.350000
2026-01-29,16.880000
2026-01-30,17.440000
2026-02-02,16.340000
2026-02-03,18.000000
2026-02-04,18.640000
2026-02-05,21.770000
2026-02-06,17.760000
2026-02-09,17.360000
2026-02-10,17.790000
2026-02-11,17.650000
2026-02-12,20.820000
2026-02-13,20.600000
2026-02-16,21.200000
2026-02-17,20.290000
2026-02-18,19.620000
2026-02-19,20.230000
2026-02-20,19.090000
2026-02-23,21.010000
2026-02-24,19.550000
2026-02-25,17.930000
2026-02-26,18.630000
2026-02-27,19.860000
2026-03-02,21.440000
2026-03-03,23.570000
2026-03-04,21.150000
2026-03-05,23.750000
2026-03-06,29.490000
2026-03-09,25.500000
2026-03-10,24.930000
2026-03-11,24.230000
2026-03-12,27.290000
2026-03-13,27.190000
2026-03-16,23.510000
2026-03-17,22.370000
2026-03-18,25.090000
2026-03-19,24.060000
2026-03-20,26.780000
2026-03-23,26.150000
2026-03-24,26.950000
2026-03-25,25.330000
2026-03-26,27.440000
2026-03-27,31.050000
2026-03-30,30.610000
2026-03-31,25.250000
2026-04-01,24.540000
2026-04-02,23.870000
2026-04-06,24.170000
2026-04-07,25.780000
2026-04-08,21.040000
2026-04-09,19.490000
2026-04-10,19.230000
2026-04-13,19.120000
2026-04-14,18.360000
2026-04-15,18.170000
2026-04-16,17.940000
2026-04-17,17.480000
2026-04-20,18.870000
2026-04-21,19.500000
2026-04-22,18.920000
2026-04-23,19.310000
2026-04-24,18.710000
2026-04-27,18.020000
2026-04-28,17.830000
2026-04-29,18.810000
2026-04-30,16.890000
2026-05-01,16.990000
2026-05-04,18.290000
2026-05-05,17.380000
2026-05-06,17.390000
2026-05-07,17.080000
2026-05-08,17.190000
2026-05-11,18.380000
2026-05-12,17.990000
2026-05-13,17.870000
2026-05-14,17.260000
2026-05-15,18.430000
2026-05-18,17.820000
2026-05-19,18.060000
2026-05-20,17.440000
2026-05-21,16.760000
2026-05-22,16.700000
2026-05-25,16.590000
2026-05-26,17.010000
2026-05-27,16.290000
2026-05-28,15.740000
2026-05-29,15.320000
2026-06-01,16.050000
2026-06-02,15.770000
2026-06-03,16.060000
2026-06-04,15.400000
2026-06-05,21.510000
2026-06-08,18.920000
2026-06-09,19.870000
2026-06-10,22.220000
2026-06-11,19.440000
2026-06-12,17.680000
2026-06-15,16.200000
2026-06-16,16.410000
2026-06-17,18.440000
2026-06-18,16.400000
2026-06-19,16.780000
2026-06-22,17.280000
2026-06-23,19.490000
2026-06-24,18.630000
2026-06-25,18.890000
2026-06-26,18.410000
2026-06-29,17.650000
2026-06-30,16.450000
2026-07-01,16.590000
2026-07-02,16.150000
2026-07-03,15.810000
2026-07-06,15.570000
2026-07-07,16.130000
2026-07-08,16.900000
2026-07-09,15.840000
2026-07-10,15.030000
2026-07-13,17.160000
2026-07-14,16.500000
2026-07-15,15.670000
2026-07-16,16.730000
2026-07-17,18.770000
2026-07-20,18.650000
2026-07-21,17.050000
2026-07-22,16.640000
2026-07-23,18.700000
2026-07-24,18.580000
2026-07-27,18.670000
2026-07-28,18.210000
2026-07-29,20.660000
2026-07-30,17.090000
2026-07-31,15.990000
2026-08-03,15.860000
2026-08-04,16.500000
2026-08-05,15.810000
2026-08-06,15.150000
2026-08-07,14.900000
2026-08-10,15.460000
2026-08-11,15.280000
2026-08-12,14.550000
2026-08-13,14.630000
2026-08-14,14.250000
2026-08-17,15.190000
2026-08-18,15.840000
2026-08-19,14.890000
2026-08-20,16.010000
2026-08-21,15.130000
2026-08-24,15.850000
2026-08-25,15.450000
2026-08-26,15.210000
2026-08-27,14.510000
